program_string,nested_shape_type,nested_shape_scale,inner_shape_type,inner_n_shapes,outer_shape_type,outer_ring_variant,render_filepath
(C (C (T (repeat (T l (M 0.43962203244072817 0 -0.21981101622036409 4.19424404596921)) 60 (M 1 0.10471975511965977 0 0)) (M 1 0.05235987755982988 0 0)) (T (repeat (T l (M 0.4762572018107888 0 -0.2381286009053944 4.54376438313331)) 60 (M 1 0.10471975511965977 0 0)) (M 1 0.05235987755982988 0 0))) (C (T (repeat (T l (M 0.10467191248588766 0 -0.05233595624294383 0.9986295347545738)) 60 (M 1 0.10471975511965977 0 0)) (M 1 0.05235987755982988 0 0)) (repeat (T (T (T (repeat (T l (M 0.041868764994355066 0 -0.020934382497177533 0.39945181390182954)) 60 (M 1 0.10471975511965977 0 0)) (M 1 0.05235987755982988 0 0)) (M 1 -1.5707963267948966 0 0)) (M 1 0.0 2.7181342252830656 0)) 4 (M 1 1.5707963267948966 0 0)))),c,1.0,c,4,c,double,balanced_data/dim_balanced/nuts_and_bolts/dim3/var4/images/0.png
(C (T (repeat (T l (M 0.4762572018107888 0 -0.2381286009053944 4.54376438313331)) 60 (M 1 0.10471975511965977 0 0)) (M 1 0.05235987755982988 0 0)) (C (T (repeat (T l (M 0.10467191248588766 0 -0.05233595624294383 0.9986295347545738)) 60 (M 1 0.10471975511965977 0 0)) (M 1 0.05235987755982988 0 0)) (repeat (T (T (T (repeat (T l (M 0.041868764994355066 0 -0.020934382497177533 0.39945181390182954)) 60 (M 1 0.10471975511965977 0 0)) (M 1 0.05235987755982988 0 0)) (M 1 -1.5707963267948966 0 0)) (M 1 0.0 2.7181342252830656 0)) 4 (M 1 1.5707963267948966 0 0)))),c,1.0,c,4,c,outer_only,balanced_data/dim_balanced/nuts_and_bolts/dim3/var4/images/1.png
(C (C (T (repeat (T l (M 5.939696961966999 0 -2.9698484809834995 2.9698484809835)) 4 (M 1 1.5707963267948966 0 0)) (M 1 0.7853981633974483 0 0)) (T (repeat (T l (M 6.434671708797581 0 -3.2173358543987907 3.2173358543987916)) 4 (M 1 1.5707963267948966 0 0)) (M 1 0.7853981633974483 0 0))) (C (T (repeat (T l (M 0.10467191248588766 0 -0.05233595624294383 0.9986295347545738)) 60 (M 1 0.10471975511965977 0 0)) (M 1 0.05235987755982988 0 0)) (repeat (T (T (T (repeat (T l (M 0.041868764994355066 0 -0.020934382497177533 0.39945181390182954)) 60 (M 1 0.10471975511965977 0 0)) (M 1 0.05235987755982988 0 0)) (M 1 -1.5707963267948966 0 0)) (M 1 0.0 2.044716664540925 0)) 4 (M 1 1.5707963267948966 0 0)))),c,1.0,c,4,s,double,balanced_data/dim_balanced/nuts_and_bolts/dim3/var4/images/2.png
(C (T (repeat (T l (M 6.434671708797581 0 -3.2173358543987907 3.2173358543987916)) 4 (M 1 1.5707963267948966 0 0)) (M 1 0.7853981633974483 0 0)) (C (T (repeat (T l (M 0.10467191248588766 0 -0.05233595624294383 0.9986295347545738)) 60 (M 1 0.10471975511965977 0 0)) (M 1 0.05235987755982988 0 0)) (repeat (T (T (T (repeat (T l (M 0.041868764994355066 0 -0.020934382497177533 0.39945181390182954)) 60 (M 1 0.10471975511965977 0 0)) (M 1 0.05235987755982988 0 0)) (M 1 -1.5707963267948966 0 0)) (M 1 0.0 2.044716664540925 0)) 4 (M 1 1.5707963267948966 0 0)))),c,1.0,c,4,s,outer_only,balanced_data/dim_balanced/nuts_and_bolts/dim3/var4/images/3.png
(C (C (T (repeat (T l (M 4.937396119256775 0 -2.4686980596283874 3.3978713763747797)) 5 (M 1 1.2566370614359172 0 0)) (M 1 0.6283185307179586 0 0)) (T (repeat (T l (M 5.348845795861505 0 -2.6744228979307527 3.6810273244060108)) 5 (M 1 1.2566370614359172 0 0)) (M 1 0.6283185307179586 0 0))) (C (T (repeat (T l (M 0.10467191248588766 0 -0.05233595624294383 0.9986295347545738)) 60 (M 1 0.10471975511965977 0 0)) (M 1 0.05235987755982988 0 0)) (repeat (T (T (T (repeat (T l (M 0.041868764994355066 0 -0.020934382497177533 0.39945181390182954)) 60 (M 1 0.10471975511965977 0 0)) (M 1 0.05235987755982988 0 0)) (M 1 -1.5707963267948966 0 0)) (M 1 0.0 2.280129257006129 0)) 4 (M 1 1.5707963267948966 0 0)))),c,1.0,c,4,p,double,balanced_data/dim_balanced/nuts_and_bolts/dim3/var4/images/4.png
(C (T (repeat (T l (M 5.348845795861505 0 -2.6744228979307527 3.6810273244060108)) 5 (M 1 1.2566370614359172 0 0)) (M 1 0.6283185307179586 0 0)) (C (T (repeat (T l (M 0.10467191248588766 0 -0.05233595624294383 0.9986295347545738)) 60 (M 1 0.10471975511965977 0 0)) (M 1 0.05235987755982988 0 0)) (repeat (T (T (T (repeat (T l (M 0.041868764994355066 0 -0.020934382497177533 0.39945181390182954)) 60 (M 1 0.10471975511965977 0 0)) (M 1 0.05235987755982988 0 0)) (M 1 -1.5707963267948966 0 0)) (M 1 0.0 2.280129257006129 0)) 4 (M 1 1.5707963267948966 0 0)))),c,1.0,c,4,p,outer_only,balanced_data/dim_balanced/nuts_and_bolts/dim3/var4/images/5.png
(C (C (T (repeat (T l (M 4.199999999999999 0 -2.0999999999999996 3.6373066958946425)) 6 (M 1 1.0471975511965976 0 0)) (M 1 0.5235987755982988 0 0)) (T (repeat (T l (M 4.549999999999999 0 -2.2749999999999995 3.940415587219196)) 6 (M 1 1.0471975511965976 0 0)) (M 1 0.5235987755982988 0 0))) (C (T (repeat (T l (M 0.10467191248588766 0 -0.05233595624294383 0.9986295347545738)) 60 (M 1 0.10471975511965977 0 0)) (M 1 0.05235987755982988 0 0)) (repeat (T (T (T (repeat (T l (M 0.041868764994355066 0 -0.020934382497177533 0.39945181390182954)) 60 (M 1 0.10471975511965977 0 0)) (M 1 0.05235987755982988 0 0)) (M 1 -1.5707963267948966 0 0)) (M 1 0.0 2.4118186827420534 0)) 4 (M 1 1.5707963267948966 0 0)))),c,1.0,c,4,h,double,balanced_data/dim_balanced/nuts_and_bolts/dim3/var4/images/6.png
(C (T (repeat (T l (M 4.549999999999999 0 -2.2749999999999995 3.940415587219196)) 6 (M 1 1.0471975511965976 0 0)) (M 1 0.5235987755982988 0 0)) (C (T (repeat (T l (M 0.10467191248588766 0 -0.05233595624294383 0.9986295347545738)) 60 (M 1 0.10471975511965977 0 0)) (M 1 0.05235987755982988 0 0)) (repeat (T (T (T (repeat (T l (M 0.041868764994355066 0 -0.020934382497177533 0.39945181390182954)) 60 (M 1 0.10471975511965977 0 0)) (M 1 0.05235987755982988 0 0)) (M 1 -1.5707963267948966 0 0)) (M 1 0.0 2.4118186827420534 0)) 4 (M 1 1.5707963267948966 0 0)))),c,1.0,c,4,h,outer_only,balanced_data/dim_balanced/nuts_and_bolts/dim3/var4/images/7.png
(C (C (T (repeat (T l (M 0.43962203244072817 0 -0.21981101622036409 4.19424404596921)) 60 (M 1 0.10471975511965977 0 0)) (M 1 0.05235987755982988 0 0)) (T (repeat (T l (M 0.4762572018107888 0 -0.2381286009053944 4.54376438313331)) 60 (M 1 0.10471975511965977 0 0)) (M 1 0.05235987755982988 0 0))) (C (T (repeat (T l (M 0.10467191248588766 0 -0.05233595624294383 0.9986295347545738)) 60 (M 1 0.10471975511965977 0 0)) (M 1 0.05235987755982988 0 0)) (repeat (T (T (T (repeat (T l (M 0.041868764994355066 0 -0.020934382497177533 0.39945181390182954)) 60 (M 1 0.10471975511965977 0 0)) (M 1 0.05235987755982988 0 0)) (M 1 -1.5707963267948966 0 0)) (M 1 0.0 2.7181342252830656 0)) 6 (M 1 1.0471975511965976 0 0)))),c,1.0,c,6,c,double,balanced_data/dim_balanced/nuts_and_bolts/dim3/var4/images/8.png
(C (T (repeat (T l (M 0.4762572018107888 0 -0.2381286009053944 4.54376438313331)) 60 (M 1 0.10471975511965977 0 0)) (M 1 0.05235987755982988 0 0)) (C (T (repeat (T l (M 0.10467191248588766 0 -0.05233595624294383 0.9986295347545738)) 60 (M 1 0.10471975511965977 0 0)) (M 1 0.05235987755982988 0 0)) (repeat (T (T (T (repeat (T l (M 0.041868764994355066 0 -0.020934382497177533 0.39945181390182954)) 60 (M 1 0.10471975511965977 0 0)) (M 1 0.05235987755982988 0 0)) (M 1 -1.5707963267948966 0 0)) (M 1 0.0 2.7181342252830656 0)) 6 (M 1 1.0471975511965976 0 0)))),c,1.0,c,6,c,outer_only,balanced_data/dim_balanced/nuts_and_bolts/dim3/var4/images/9.png
(C (C (T (repeat (T l (M 5.939696961966999 0 -2.9698484809834995 2.9698484809835)) 4 (M 1 1.5707963267948966 0 0)) (M 1 0.7853981633974483 0 0)) (T (repeat (T l (M 6.434671708797581 0 -3.2173358543987907 3.2173358543987916)) 4 (M 1 1.5707963267948966 0 0)) (M 1 0.7853981633974483 0 0))) (C (T (repeat (T l (M 0.10467191248588766 0 -0.05233595624294383 0.9986295347545738)) 60 (M 1 0.10471975511965977 0 0)) (M 1 0.05235987755982988 0 0)) (repeat (T (T (T (repeat (T l (M 0.041868764994355066 0 -0.020934382497177533 0.39945181390182954)) 60 (M 1 0.10471975511965977 0 0)) (M 1 0.05235987755982988 0 0)) (M 1 -1.5707963267948966 0 0)) (M 1 0.0 2.044716664540925 0)) 6 (M 1 1.0471975511965976 0 0)))),c,1.0,c,6,s,double,balanced_data/dim_balanced/nuts_and_bolts/dim3/var4/images/10.png
(C (T (repeat (T l (M 6.434671708797581 0 -3.2173358543987907 3.2173358543987916)) 4 (M 1 1.5707963267948966 0 0)) (M 1 0.7853981633974483 0 0)) (C (T (repeat (T l (M 0.10467191248588766 0 -0.05233595624294383 0.9986295347545738)) 60 (M 1 0.10471975511965977 0 0)) (M 1 0.05235987755982988 0 0)) (repeat (T (T (T (repeat (T l (M 0.041868764994355066 0 -0.020934382497177533 0.39945181390182954)) 60 (M 1 0.10471975511965977 0 0)) (M 1 0.05235987755982988 0 0)) (M 1 -1.5707963267948966 0 0)) (M 1 0.0 2.044716664540925 0)) 6 (M 1 1.0471975511965976 0 0)))),c,1.0,c,6,s,outer_only,balanced_data/dim_balanced/nuts_and_bolts/dim3/var4/images/11.png
(C (C (T (repeat (T l (M 4.937396119256775 0 -2.4686980596283874 3.3978713763747797)) 5 (M 1 1.2566370614359172 0 0)) (M 1 0.6283185307179586 0 0)) (T (repeat (T l (M 5.348845795861505 0 -2.6744228979307527 3.6810273244060108)) 5 (M 1 1.2566370614359172 0 0)) (M 1 0.6283185307179586 0 0))) (C (T (repeat (T l (M 0.10467191248588766 0 -0.05233595624294383 0.9986295347545738)) 60 (M 1 0.10471975511965977 0 0)) (M 1 0.05235987755982988 0 0)) (repeat (T (T (T (repeat (T l (M 0.041868764994355066 0 -0.020934382497177533 0.39945181390182954)) 60 (M 1 0.10471975511965977 0 0)) (M 1 0.05235987755982988 0 0)) (M 1 -1.5707963267948966 0 0)) (M 1 0.0 2.280129257006129 0)) 6 (M 1 1.0471975511965976 0 0)))),c,1.0,c,6,p,double,balanced_data/dim_balanced/nuts_and_bolts/dim3/var4/images/12.png
(C (T (repeat (T l (M 5.348845795861505 0 -2.6744228979307527 3.6810273244060108)) 5 (M 1 1.2566370614359172 0 0)) (M 1 0.6283185307179586 0 0)) (C (T (repeat (T l (M 0.10467191248588766 0 -0.05233595624294383 0.9986295347545738)) 60 (M 1 0.10471975511965977 0 0)) (M 1 0.05235987755982988 0 0)) (repeat (T (T (T (repeat (T l (M 0.041868764994355066 0 -0.020934382497177533 0.39945181390182954)) 60 (M 1 0.10471975511965977 0 0)) (M 1 0.05235987755982988 0 0)) (M 1 -1.5707963267948966 0 0)) (M 1 0.0 2.280129257006129 0)) 6 (M 1 1.0471975511965976 0 0)))),c,1.0,c,6,p,outer_only,balanced_data/dim_balanced/nuts_and_bolts/dim3/var4/images/13.png
(C (C (T (repeat (T l (M 4.199999999999999 0 -2.0999999999999996 3.6373066958946425)) 6 (M 1 1.0471975511965976 0 0)) (M 1 0.5235987755982988 0 0)) (T (repeat (T l (M 4.549999999999999 0 -2.2749999999999995 3.940415587219196)) 6 (M 1 1.0471975511965976 0 0)) (M 1 0.5235987755982988 0 0))) (C (T (repeat (T l (M 0.10467191248588766 0 -0.05233595624294383 0.9986295347545738)) 60 (M 1 0.10471975511965977 0 0)) (M 1 0.05235987755982988 0 0)) (repeat (T (T (T (repeat (T l (M 0.041868764994355066 0 -0.020934382497177533 0.39945181390182954)) 60 (M 1 0.10471975511965977 0 0)) (M 1 0.05235987755982988 0 0)) (M 1 -1.5707963267948966 0 0)) (M 1 0.0 2.4118186827420534 0)) 6 (M 1 1.0471975511965976 0 0)))),c,1.0,c,6,h,double,balanced_data/dim_balanced/nuts_and_bolts/dim3/var4/images/14.png
(C (T (repeat (T l (M 4.549999999999999 0 -2.2749999999999995 3.940415587219196)) 6 (M 1 1.0471975511965976 0 0)) (M 1 0.5235987755982988 0 0)) (C (T (repeat (T l (M 0.10467191248588766 0 -0.05233595624294383 0.9986295347545738)) 60 (M 1 0.10471975511965977 0 0)) (M 1 0.05235987755982988 0 0)) (repeat (T (T (T (repeat (T l (M 0.041868764994355066 0 -0.020934382497177533 0.39945181390182954)) 60 (M 1 0.10471975511965977 0 0)) (M 1 0.05235987755982988 0 0)) (M 1 -1.5707963267948966 0 0)) (M 1 0.0 2.4118186827420534 0)) 6 (M 1 1.0471975511965976 0 0)))),c,1.0,c,6,h,outer_only,balanced_data/dim_balanced/nuts_and_bolts/dim3/var4/images/15.png
(C (C (T (repeat (T l (M 0.43962203244072817 0 -0.21981101622036409 4.19424404596921)) 60 (M 1 0.10471975511965977 0 0)) (M 1 0.05235987755982988 0 0)) (T (repeat (T l (M 0.4762572018107888 0 -0.2381286009053944 4.54376438313331)) 60 (M 1 0.10471975511965977 0 0)) (M 1 0.05235987755982988 0 0))) (C (T (repeat (T l (M 0.10467191248588766 0 -0.05233595624294383 0.9986295347545738)) 60 (M 1 0.10471975511965977 0 0)) (M 1 0.05235987755982988 0 0)) (repeat (T (T (T (repeat (T l (M 0.565685424949238 0 -0.282842712474619 0.28284271247461906)) 4 (M 1 1.5707963267948966 0 0)) (M 1 0.7853981633974483 0 0)) (M 1 -1.5707963267948966 0 0)) (M 1 0.0 2.7181342252830656 0)) 4 (M 1 1.5707963267948966 0 0)))),c,1.0,s,4,c,double,balanced_data/dim_balanced/nuts_and_bolts/dim3/var4/images/16.png
(C (T (repeat (T l (M 0.4762572018107888 0 -0.2381286009053944 4.54376438313331)) 60 (M 1 0.10471975511965977 0 0)) (M 1 0.05235987755982988 0 0)) (C (T (repeat (T l (M 0.10467191248588766 0 -0.05233595624294383 0.9986295347545738)) 60 (M 1 0.10471975511965977 0 0)) (M 1 0.05235987755982988 0 0)) (repeat (T (T (T (repeat (T l (M 0.565685424949238 0 -0.282842712474619 0.28284271247461906)) 4 (M 1 1.5707963267948966 0 0)) (M 1 0.7853981633974483 0 0)) (M 1 -1.5707963267948966 0 0)) (M 1 0.0 2.7181342252830656 0)) 4 (M 1 1.5707963267948966 0 0)))),c,1.0,s,4,c,outer_only,balanced_data/dim_balanced/nuts_and_bolts/dim3/var4/images/17.png
(C (C (T (repeat (T l (M 5.939696961966999 0 -2.9698484809834995 2.9698484809835)) 4 (M 1 1.5707963267948966 0 0)) (M 1 0.7853981633974483 0 0)) (T (repeat (T l (M 6.434671708797581 0 -3.2173358543987907 3.2173358543987916)) 4 (M 1 1.5707963267948966 0 0)) (M 1 0.7853981633974483 0 0))) (C (T (repeat (T l (M 0.10467191248588766 0 -0.05233595624294383 0.9986295347545738)) 60 (M 1 0.10471975511965977 0 0)) (M 1 0.05235987755982988 0 0)) (repeat (T (T (T (repeat (T l (M 0.565685424949238 0 -0.282842712474619 0.28284271247461906)) 4 (M 1 1.5707963267948966 0 0)) (M 1 0.7853981633974483 0 0)) (M 1 -1.5707963267948966 0 0)) (M 1 0.0 2.044716664540925 0)) 4 (M 1 1.5707963267948966 0 0)))),c,1.0,s,4,s,double,balanced_data/dim_balanced/nuts_and_bolts/dim3/var4/images/18.png
(C (T (repeat (T l (M 6.434671708797581 0 -3.2173358543987907 3.2173358543987916)) 4 (M 1 1.5707963267948966 0 0)) (M 1 0.7853981633974483 0 0)) (C (T (repeat (T l (M 0.10467191248588766 0 -0.05233595624294383 0.9986295347545738)) 60 (M 1 0.10471975511965977 0 0)) (M 1 0.05235987755982988 0 0)) (repeat (T (T (T (repeat (T l (M 0.565685424949238 0 -0.282842712474619 0.28284271247461906)) 4 (M 1 1.5707963267948966 0 0)) (M 1 0.7853981633974483 0 0)) (M 1 -1.5707963267948966 0 0)) (M 1 0.0 2.044716664540925 0)) 4 (M 1 1.5707963267948966 0 0)))),c,1.0,s,4,s,outer_only,balanced_data/dim_balanced/nuts_and_bolts/dim3/var4/images/19.png
(C (C (T (repeat (T l (M 4.937396119256775 0 -2.4686980596283874 3.3978713763747797)) 5 (M 1 1.2566370614359172 0 0)) (M 1 0.6283185307179586 0 0)) (T (repeat (T l (M 5.348845795861505 0 -2.6744228979307527 3.6810273244060108)) 5 (M 1 1.2566370614359172 0 0)) (M 1 0.6283185307179586 0 0))) (C (T (repeat (T l (M 0.10467191248588766 0 -0.05233595624294383 0.9986295347545738)) 60 (M 1 0.10471975511965977 0 0)) (M 1 0.05235987755982988 0 0)) (repeat (T (T (T (repeat (T l (M 0.565685424949238 0 -0.282842712474619 0.28284271247461906)) 4 (M 1 1.5707963267948966 0 0)) (M 1 0.7853981633974483 0 0)) (M 1 -1.5707963267948966 0 0)) (M 1 0.0 2.280129257006129 0)) 4 (M 1 1.5707963267948966 0 0)))),c,1.0,s,4,p,double,balanced_data/dim_balanced/nuts_and_bolts/dim3/var4/images/20.png
(C (T (repeat (T l (M 5.348845795861505 0 -2.6744228979307527 3.6810273244060108)) 5 (M 1 1.2566370614359172 0 0)) (M 1 0.6283185307179586 0 0)) (C (T (repeat (T l (M 0.10467191248588766 0 -0.05233595624294383 0.9986295347545738)) 60 (M 1 0.10471975511965977 0 0)) (M 1 0.05235987755982988 0 0)) (repeat (T (T (T (repeat (T l (M 0.565685424949238 0 -0.282842712474619 0.28284271247461906)) 4 (M 1 1.5707963267948966 0 0)) (M 1 0.7853981633974483 0 0)) (M 1 -1.5707963267948966 0 0)) (M 1 0.0 2.280129257006129 0)) 4 (M 1 1.5707963267948966 0 0)))),c,1.0,s,4,p,outer_only,balanced_data/dim_balanced/nuts_and_bolts/dim3/var4/images/21.png
(C (C (T (repeat (T l (M 4.199999999999999 0 -2.0999999999999996 3.6373066958946425)) 6 (M 1 1.0471975511965976 0 0)) (M 1 0.5235987755982988 0 0)) (T (repeat (T l (M 4.549999999999999 0 -2.2749999999999995 3.940415587219196)) 6 (M 1 1.0471975511965976 0 0)) (M 1 0.5235987755982988 0 0))) (C (T (repeat (T l (M 0.10467191248588766 0 -0.05233595624294383 0.9986295347545738)) 60 (M 1 0.10471975511965977 0 0)) (M 1 0.05235987755982988 0 0)) (repeat (T (T (T (repeat (T l (M 0.565685424949238 0 -0.282842712474619 0.28284271247461906)) 4 (M 1 1.5707963267948966 0 0)) (M 1 0.7853981633974483 0 0)) (M 1 -1.5707963267948966 0 0)) (M 1 0.0 2.4118186827420534 0)) 4 (M 1 1.5707963267948966 0 0)))),c,1.0,s,4,h,double,balanced_data/dim_balanced/nuts_and_bolts/dim3/var4/images/22.png
(C (T (repeat (T l (M 4.549999999999999 0 -2.2749999999999995 3.940415587219196)) 6 (M 1 1.0471975511965976 0 0)) (M 1 0.5235987755982988 0 0)) (C (T (repeat (T l (M 0.10467191248588766 0 -0.05233595624294383 0.9986295347545738)) 60 (M 1 0.10471975511965977 0 0)) (M 1 0.05235987755982988 0 0)) (repeat (T (T (T (repeat (T l (M 0.565685424949238 0 -0.282842712474619 0.28284271247461906)) 4 (M 1 1.5707963267948966 0 0)) (M 1 0.7853981633974483 0 0)) (M 1 -1.5707963267948966 0 0)) (M 1 0.0 2.4118186827420534 0)) 4 (M 1 1.5707963267948966 0 0)))),c,1.0,s,4,h,outer_only,balanced_data/dim_balanced/nuts_and_bolts/dim3/var4/images/23.png
(C (C (T (repeat (T l (M 0.43962203244072817 0 -0.21981101622036409 4.19424404596921)) 60 (M 1 0.10471975511965977 0 0)) (M 1 0.05235987755982988 0 0)) (T (repeat (T l (M 0.4762572018107888 0 -0.2381286009053944 4.54376438313331)) 60 (M 1 0.10471975511965977 0 0)) (M 1 0.05235987755982988 0 0))) (C (T (repeat (T l (M 0.10467191248588766 0 -0.05233595624294383 0.9986295347545738)) 60 (M 1 0.10471975511965977 0 0)) (M 1 0.05235987755982988 0 0)) (repeat (T (T (T (repeat (T l (M 0.565685424949238 0 -0.282842712474619 0.28284271247461906)) 4 (M 1 1.5707963267948966 0 0)) (M 1 0.7853981633974483 0 0)) (M 1 -1.5707963267948966 0 0)) (M 1 0.0 2.7181342252830656 0)) 6 (M 1 1.0471975511965976 0 0)))),c,1.0,s,6,c,double,balanced_data/dim_balanced/nuts_and_bolts/dim3/var4/images/24.png
(C (T (repeat (T l (M 0.4762572018107888 0 -0.2381286009053944 4.54376438313331)) 60 (M 1 0.10471975511965977 0 0)) (M 1 0.05235987755982988 0 0)) (C (T (repeat (T l (M 0.10467191248588766 0 -0.05233595624294383 0.9986295347545738)) 60 (M 1 0.10471975511965977 0 0)) (M 1 0.05235987755982988 0 0)) (repeat (T (T (T (repeat (T l (M 0.565685424949238 0 -0.282842712474619 0.28284271247461906)) 4 (M 1 1.5707963267948966 0 0)) (M 1 0.7853981633974483 0 0)) (M 1 -1.5707963267948966 0 0)) (M 1 0.0 2.7181342252830656 0)) 6 (M 1 1.0471975511965976 0 0)))),c,1.0,s,6,c,outer_only,balanced_data/dim_balanced/nuts_and_bolts/dim3/var4/images/25.png
(C (C (T (repeat (T l (M 5.939696961966999 0 -2.9698484809834995 2.9698484809835)) 4 (M 1 1.5707963267948966 0 0)) (M 1 0.7853981633974483 0 0)) (T (repeat (T l (M 6.434671708797581 0 -3.2173358543987907 3.2173358543987916)) 4 (M 1 1.5707963267948966 0 0)) (M 1 0.7853981633974483 0 0))) (C (T (repeat (T l (M 0.10467191248588766 0 -0.05233595624294383 0.9986295347545738)) 60 (M 1 0.10471975511965977 0 0)) (M 1 0.05235987755982988 0 0)) (repeat (T (T (T (repeat (T l (M 0.565685424949238 0 -0.282842712474619 0.28284271247461906)) 4 (M 1 1.5707963267948966 0 0)) (M 1 0.7853981633974483 0 0)) (M 1 -1.5707963267948966 0 0)) (M 1 0.0 2.044716664540925 0)) 6 (M 1 1.0471975511965976 0 0)))),c,1.0,s,6,s,double,balanced_data/dim_balanced/nuts_and_bolts/dim3/var4/images/26.png
(C (T (repeat (T l (M 6.434671708797581 0 -3.2173358543987907 3.2173358543987916)) 4 (M 1 1.5707963267948966 0 0)) (M 1 0.7853981633974483 0 0)) (C (T (repeat (T l (M 0.10467191248588766 0 -0.05233595624294383 0.9986295347545738)) 60 (M 1 0.10471975511965977 0 0)) (M 1 0.05235987755982988 0 0)) (repeat (T (T (T (repeat (T l (M 0.565685424949238 0 -0.282842712474619 0.28284271247461906)) 4 (M 1 1.5707963267948966 0 0)) (M 1 0.7853981633974483 0 0)) (M 1 -1.5707963267948966 0 0)) (M 1 0.0 2.044716664540925 0)) 6 (M 1 1.0471975511965976 0 0)))),c,1.0,s,6,s,outer_only,balanced_data/dim_balanced/nuts_and_bolts/dim3/var4/images/27.png
(C (C (T (repeat (T l (M 4.937396119256775 0 -2.4686980596283874 3.3978713763747797)) 5 (M 1 1.2566370614359172 0 0)) (M 1 0.6283185307179586 0 0)) (T (repeat (T l (M 5.348845795861505 0 -2.6744228979307527 3.6810273244060108)) 5 (M 1 1.2566370614359172 0 0)) (M 1 0.6283185307179586 0 0))) (C (T (repeat (T l (M 0.10467191248588766 0 -0.05233595624294383 0.9986295347545738)) 60 (M 1 0.10471975511965977 0 0)) (M 1 0.05235987755982988 0 0)) (repeat (T (T (T (repeat (T l (M 0.565685424949238 0 -0.282842712474619 0.28284271247461906)) 4 (M 1 1.5707963267948966 0 0)) (M 1 0.7853981633974483 0 0)) (M 1 -1.5707963267948966 0 0)) (M 1 0.0 2.280129257006129 0)) 6 (M 1 1.0471975511965976 0 0)))),c,1.0,s,6,p,double,balanced_data/dim_balanced/nuts_and_bolts/dim3/var4/images/28.png
(C (T (repeat (T l (M 5.348845795861505 0 -2.6744228979307527 3.6810273244060108)) 5 (M 1 1.2566370614359172 0 0)) (M 1 0.6283185307179586 0 0)) (C (T (repeat (T l (M 0.10467191248588766 0 -0.05233595624294383 0.9986295347545738)) 60 (M 1 0.10471975511965977 0 0)) (M 1 0.05235987755982988 0 0)) (repeat (T (T (T (repeat (T l (M 0.565685424949238 0 -0.282842712474619 0.28284271247461906)) 4 (M 1 1.5707963267948966 0 0)) (M 1 0.7853981633974483 0 0)) (M 1 -1.5707963267948966 0 0)) (M 1 0.0 2.280129257006129 0)) 6 (M 1 1.0471975511965976 0 0)))),c,1.0,s,6,p,outer_only,balanced_data/dim_balanced/nuts_and_bolts/dim3/var4/images/29.png
(C (C (T (repeat (T l (M 4.199999999999999 0 -2.0999999999999996 3.6373066958946425)) 6 (M 1 1.0471975511965976 0 0)) (M 1 0.5235987755982988 0 0)) (T (repeat (T l (M 4.549999999999999 0 -2.2749999999999995 3.940415587219196)) 6 (M 1 1.0471975511965976 0 0)) (M 1 0.5235987755982988 0 0))) (C (T (repeat (T l (M 0.10467191248588766 0 -0.05233595624294383 0.9986295347545738)) 60 (M 1 0.10471975511965977 0 0)) (M 1 0.05235987755982988 0 0)) (repeat (T (T (T (repeat (T l (M 0.565685424949238 0 -0.282842712474619 0.28284271247461906)) 4 (M 1 1.5707963267948966 0 0)) (M 1 0.7853981633974483 0 0)) (M 1 -1.5707963267948966 0 0)) (M 1 0.0 2.4118186827420534 0)) 6 (M 1 1.0471975511965976 0 0)))),c,1.0,s,6,h,double,balanced_data/dim_balanced/nuts_and_bolts/dim3/var4/images/30.png
(C (T (repeat (T l (M 4.549999999999999 0 -2.2749999999999995 3.940415587219196)) 6 (M 1 1.0471975511965976 0 0)) (M 1 0.5235987755982988 0 0)) (C (T (repeat (T l (M 0.10467191248588766 0 -0.05233595624294383 0.9986295347545738)) 60 (M 1 0.10471975511965977 0 0)) (M 1 0.05235987755982988 0 0)) (repeat (T (T (T (repeat (T l (M 0.565685424949238 0 -0.282842712474619 0.28284271247461906)) 4 (M 1 1.5707963267948966 0 0)) (M 1 0.7853981633974483 0 0)) (M 1 -1.5707963267948966 0 0)) (M 1 0.0 2.4118186827420534 0)) 6 (M 1 1.0471975511965976 0 0)))),c,1.0,s,6,h,outer_only,balanced_data/dim_balanced/nuts_and_bolts/dim3/var4/images/31.png
(C (C (T (repeat (T l (M 0.43962203244072817 0 -0.21981101622036409 4.19424404596921)) 60 (M 1 0.10471975511965977 0 0)) (M 1 0.05235987755982988 0 0)) (T (repeat (T l (M 0.4762572018107888 0 -0.2381286009053944 4.54376438313331)) 60 (M 1 0.10471975511965977 0 0)) (M 1 0.05235987755982988 0 0))) (C (T (repeat (T l (M 0.10467191248588766 0 -0.05233595624294383 0.9986295347545738)) 60 (M 1 0.10471975511965977 0 0)) (M 1 0.05235987755982988 0 0)) (repeat (T (T (T (repeat (T l (M 0.4702282018339785 0 -0.23511410091698925 0.323606797749979)) 5 (M 1 1.2566370614359172 0 0)) (M 1 0.6283185307179586 0 0)) (M 1 -1.5707963267948966 0 0)) (M 1 0.0 2.7181342252830656 0)) 4 (M 1 1.5707963267948966 0 0)))),c,1.0,p,4,c,double,balanced_data/dim_balanced/nuts_and_bolts/dim3/var4/images/32.png
(C (T (repeat (T l (M 0.4762572018107888 0 -0.2381286009053944 4.54376438313331)) 60 (M 1 0.10471975511965977 0 0)) (M 1 0.05235987755982988 0 0)) (C (T (repeat (T l (M 0.10467191248588766 0 -0.05233595624294383 0.9986295347545738)) 60 (M 1 0.10471975511965977 0 0)) (M 1 0.05235987755982988 0 0)) (repeat (T (T (T (repeat (T l (M 0.4702282018339785 0 -0.23511410091698925 0.323606797749979)) 5 (M 1 1.2566370614359172 0 0)) (M 1 0.6283185307179586 0 0)) (M 1 -1.5707963267948966 0 0)) (M 1 0.0 2.7181342252830656 0)) 4 (M 1 1.5707963267948966 0 0)))),c,1.0,p,4,c,outer_only,balanced_data/dim_balanced/nuts_and_bolts/dim3/var4/images/33.png
(C (C (T (repeat (T l (M 5.939696961966999 0 -2.9698484809834995 2.9698484809835)) 4 (M 1 1.5707963267948966 0 0)) (M 1 0.7853981633974483 0 0)) (T (repeat (T l (M 6.434671708797581 0 -3.2173358543987907 3.2173358543987916)) 4 (M 1 1.5707963267948966 0 0)) (M 1 0.7853981633974483 0 0))) (C (T (repeat (T l (M 0.10467191248588766 0 -0.05233595624294383 0.9986295347545738)) 60 (M 1 0.10471975511965977 0 0)) (M 1 0.05235987755982988 0 0)) (repeat (T (T (T (repeat (T l (M 0.4702282018339785 0 -0.23511410091698925 0.323606797749979)) 5 (M 1 1.2566370614359172 0 0)) (M 1 0.6283185307179586 0 0)) (M 1 -1.5707963267948966 0 0)) (M 1 0.0 2.044716664540925 0)) 4 (M 1 1.5707963267948966 0 0)))),c,1.0,p,4,s,double,balanced_data/dim_balanced/nuts_and_bolts/dim3/var4/images/34.png
(C (T (repeat (T l (M 6.434671708797581 0 -3.2173358543987907 3.2173358543987916)) 4 (M 1 1.5707963267948966 0 0)) (M 1 0.7853981633974483 0 0)) (C (T (repeat (T l (M 0.10467191248588766 0 -0.05233595624294383 0.9986295347545738)) 60 (M 1 0.10471975511965977 0 0)) (M 1 0.05235987755982988 0 0)) (repeat (T (T (T (repeat (T l (M 0.4702282018339785 0 -0.23511410091698925 0.323606797749979)) 5 (M 1 1.2566370614359172 0 0)) (M 1 0.6283185307179586 0 0)) (M 1 -1.5707963267948966 0 0)) (M 1 0.0 2.044716664540925 0)) 4 (M 1 1.5707963267948966 0 0)))),c,1.0,p,4,s,outer_only,balanced_data/dim_balanced/nuts_and_bolts/dim3/var4/images/35.png
(C (C (T (repeat (T l (M 4.937396119256775 0 -2.4686980596283874 3.3978713763747797)) 5 (M 1 1.2566370614359172 0 0)) (M 1 0.6283185307179586 0 0)) (T (repeat (T l (M 5.348845795861505 0 -2.6744228979307527 3.6810273244060108)) 5 (M 1 1.2566370614359172 0 0)) (M 1 0.6283185307179586 0 0))) (C (T (repeat (T l (M 0.10467191248588766 0 -0.05233595624294383 0.9986295347545738)) 60 (M 1 0.10471975511965977 0 0)) (M 1 0.05235987755982988 0 0)) (repeat (T (T (T (repeat (T l (M 0.4702282018339785 0 -0.23511410091698925 0.323606797749979)) 5 (M 1 1.2566370614359172 0 0)) (M 1 0.6283185307179586 0 0)) (M 1 -1.5707963267948966 0 0)) (M 1 0.0 2.280129257006129 0)) 4 (M 1 1.5707963267948966 0 0)))),c,1.0,p,4,p,double,balanced_data/dim_balanced/nuts_and_bolts/dim3/var4/images/36.png
(C (T (repeat (T l (M 5.348845795861505 0 -2.6744228979307527 3.6810273244060108)) 5 (M 1 1.2566370614359172 0 0)) (M 1 0.6283185307179586 0 0)) (C (T (repeat (T l (M 0.10467191248588766 0 -0.05233595624294383 0.9986295347545738)) 60 (M 1 0.10471975511965977 0 0)) (M 1 0.05235987755982988 0 0)) (repeat (T (T (T (repeat (T l (M 0.4702282018339785 0 -0.23511410091698925 0.323606797749979)) 5 (M 1 1.2566370614359172 0 0)) (M 1 0.6283185307179586 0 0)) (M 1 -1.5707963267948966 0 0)) (M 1 0.0 2.280129257006129 0)) 4 (M 1 1.5707963267948966 0 0)))),c,1.0,p,4,p,outer_only,balanced_data/dim_balanced/nuts_and_bolts/dim3/var4/images/37.png
(C (C (T (repeat (T l (M 4.199999999999999 0 -2.0999999999999996 3.6373066958946425)) 6 (M 1 1.0471975511965976 0 0)) (M 1 0.5235987755982988 0 0)) (T (repeat (T l (M 4.549999999999999 0 -2.2749999999999995 3.940415587219196)) 6 (M 1 1.0471975511965976 0 0)) (M 1 0.5235987755982988 0 0))) (C (T (repeat (T l (M 0.10467191248588766 0 -0.05233595624294383 0.9986295347545738)) 60 (M 1 0.10471975511965977 0 0)) (M 1 0.05235987755982988 0 0)) (repeat (T (T (T (repeat (T l (M 0.4702282018339785 0 -0.23511410091698925 0.323606797749979)) 5 (M 1 1.2566370614359172 0 0)) (M 1 0.6283185307179586 0 0)) (M 1 -1.5707963267948966 0 0)) (M 1 0.0 2.4118186827420534 0)) 4 (M 1 1.5707963267948966 0 0)))),c,1.0,p,4,h,double,balanced_data/dim_balanced/nuts_and_bolts/dim3/var4/images/38.png
(C (T (repeat (T l (M 4.549999999999999 0 -2.2749999999999995 3.940415587219196)) 6 (M 1 1.0471975511965976 0 0)) (M 1 0.5235987755982988 0 0)) (C (T (repeat (T l (M 0.10467191248588766 0 -0.05233595624294383 0.9986295347545738)) 60 (M 1 0.10471975511965977 0 0)) (M 1 0.05235987755982988 0 0)) (repeat (T (T (T (repeat (T l (M 0.4702282018339785 0 -0.23511410091698925 0.323606797749979)) 5 (M 1 1.2566370614359172 0 0)) (M 1 0.6283185307179586 0 0)) (M 1 -1.5707963267948966 0 0)) (M 1 0.0 2.4118186827420534 0)) 4 (M 1 1.5707963267948966 0 0)))),c,1.0,p,4,h,outer_only,balanced_data/dim_balanced/nuts_and_bolts/dim3/var4/images/39.png
(C (C (T (repeat (T l (M 0.43962203244072817 0 -0.21981101622036409 4.19424404596921)) 60 (M 1 0.10471975511965977 0 0)) (M 1 0.05235987755982988 0 0)) (T (repeat (T l (M 0.4762572018107888 0 -0.2381286009053944 4.54376438313331)) 60 (M 1 0.10471975511965977 0 0)) (M 1 0.05235987755982988 0 0))) (C (T (repeat (T l (M 0.10467191248588766 0 -0.05233595624294383 0.9986295347545738)) 60 (M 1 0.10471975511965977 0 0)) (M 1 0.05235987755982988 0 0)) (repeat (T (T (T (repeat (T l (M 0.4702282018339785 0 -0.23511410091698925 0.323606797749979)) 5 (M 1 1.2566370614359172 0 0)) (M 1 0.6283185307179586 0 0)) (M 1 -1.5707963267948966 0 0)) (M 1 0.0 2.7181342252830656 0)) 6 (M 1 1.0471975511965976 0 0)))),c,1.0,p,6,c,double,balanced_data/dim_balanced/nuts_and_bolts/dim3/var4/images/40.png
(C (T (repeat (T l (M 0.4762572018107888 0 -0.2381286009053944 4.54376438313331)) 60 (M 1 0.10471975511965977 0 0)) (M 1 0.05235987755982988 0 0)) (C (T (repeat (T l (M 0.10467191248588766 0 -0.05233595624294383 0.9986295347545738)) 60 (M 1 0.10471975511965977 0 0)) (M 1 0.05235987755982988 0 0)) (repeat (T (T (T (repeat (T l (M 0.4702282018339785 0 -0.23511410091698925 0.323606797749979)) 5 (M 1 1.2566370614359172 0 0)) (M 1 0.6283185307179586 0 0)) (M 1 -1.5707963267948966 0 0)) (M 1 0.0 2.7181342252830656 0)) 6 (M 1 1.0471975511965976 0 0)))),c,1.0,p,6,c,outer_only,balanced_data/dim_balanced/nuts_and_bolts/dim3/var4/images/41.png
(C (C (T (repeat (T l (M 5.939696961966999 0 -2.9698484809834995 2.9698484809835)) 4 (M 1 1.5707963267948966 0 0)) (M 1 0.7853981633974483 0 0)) (T (repeat (T l (M 6.434671708797581 0 -3.2173358543987907 3.2173358543987916)) 4 (M 1 1.5707963267948966 0 0)) (M 1 0.7853981633974483 0 0))) (C (T (repeat (T l (M 0.10467191248588766 0 -0.05233595624294383 0.9986295347545738)) 60 (M 1 0.10471975511965977 0 0)) (M 1 0.05235987755982988 0 0)) (repeat (T (T (T (repeat (T l (M 0.4702282018339785 0 -0.23511410091698925 0.323606797749979)) 5 (M 1 1.2566370614359172 0 0)) (M 1 0.6283185307179586 0 0)) (M 1 -1.5707963267948966 0 0)) (M 1 0.0 2.044716664540925 0)) 6 (M 1 1.0471975511965976 0 0)))),c,1.0,p,6,s,double,balanced_data/dim_balanced/nuts_and_bolts/dim3/var4/images/42.png
(C (T (repeat (T l (M 6.434671708797581 0 -3.2173358543987907 3.2173358543987916)) 4 (M 1 1.5707963267948966 0 0)) (M 1 0.7853981633974483 0 0)) (C (T (repeat (T l (M 0.10467191248588766 0 -0.05233595624294383 0.9986295347545738)) 60 (M 1 0.10471975511965977 0 0)) (M 1 0.05235987755982988 0 0)) (repeat (T (T (T (repeat (T l (M 0.4702282018339785 0 -0.23511410091698925 0.323606797749979)) 5 (M 1 1.2566370614359172 0 0)) (M 1 0.6283185307179586 0 0)) (M 1 -1.5707963267948966 0 0)) (M 1 0.0 2.044716664540925 0)) 6 (M 1 1.0471975511965976 0 0)))),c,1.0,p,6,s,outer_only,balanced_data/dim_balanced/nuts_and_bolts/dim3/var4/images/43.png
(C (C (T (repeat (T l (M 4.937396119256775 0 -2.4686980596283874 3.3978713763747797)) 5 (M 1 1.2566370614359172 0 0)) (M 1 0.6283185307179586 0 0)) (T (repeat (T l (M 5.348845795861505 0 -2.6744228979307527 3.6810273244060108)) 5 (M 1 1.2566370614359172 0 0)) (M 1 0.6283185307179586 0 0))) (C (T (repeat (T l (M 0.10467191248588766 0 -0.05233595624294383 0.9986295347545738)) 60 (M 1 0.10471975511965977 0 0)) (M 1 0.05235987755982988 0 0)) (repeat (T (T (T (repeat (T l (M 0.4702282018339785 0 -0.23511410091698925 0.323606797749979)) 5 (M 1 1.2566370614359172 0 0)) (M 1 0.6283185307179586 0 0)) (M 1 -1.5707963267948966 0 0)) (M 1 0.0 2.280129257006129 0)) 6 (M 1 1.0471975511965976 0 0)))),c,1.0,p,6,p,double,balanced_data/dim_balanced/nuts_and_bolts/dim3/var4/images/44.png
(C (T (repeat (T l (M 5.348845795861505 0 -2.6744228979307527 3.6810273244060108)) 5 (M 1 1.2566370614359172 0 0)) (M 1 0.6283185307179586 0 0)) (C (T (repeat (T l (M 0.10467191248588766 0 -0.05233595624294383 0.9986295347545738)) 60 (M 1 0.10471975511965977 0 0)) (M 1 0.05235987755982988 0 0)) (repeat (T (T (T (repeat (T l (M 0.4702282018339785 0 -0.23511410091698925 0.323606797749979)) 5 (M 1 1.2566370614359172 0 0)) (M 1 0.6283185307179586 0 0)) (M 1 -1.5707963267948966 0 0)) (M 1 0.0 2.280129257006129 0)) 6 (M 1 1.0471975511965976 0 0)))),c,1.0,p,6,p,outer_only,balanced_data/dim_balanced/nuts_and_bolts/dim3/var4/images/45.png
(C (C (T (repeat (T l (M 4.199999999999999 0 -2.0999999999999996 3.6373066958946425)) 6 (M 1 1.0471975511965976 0 0)) (M 1 0.5235987755982988 0 0)) (T (repeat (T l (M 4.549999999999999 0 -2.2749999999999995 3.940415587219196)) 6 (M 1 1.0471975511965976 0 0)) (M 1 0.5235987755982988 0 0))) (C (T (repeat (T l (M 0.10467191248588766 0 -0.05233595624294383 0.9986295347545738)) 60 (M 1 0.10471975511965977 0 0)) (M 1 0.05235987755982988 0 0)) (repeat (T (T (T (repeat (T l (M 0.4702282018339785 0 -0.23511410091698925 0.323606797749979)) 5 (M 1 1.2566370614359172 0 0)) (M 1 0.6283185307179586 0 0)) (M 1 -1.5707963267948966 0 0)) (M 1 0.0 2.4118186827420534 0)) 6 (M 1 1.0471975511965976 0 0)))),c,1.0,p,6,h,double,balanced_data/dim_balanced/nuts_and_bolts/dim3/var4/images/46.png
(C (T (repeat (T l (M 4.549999999999999 0 -2.2749999999999995 3.940415587219196)) 6 (M 1 1.0471975511965976 0 0)) (M 1 0.5235987755982988 0 0)) (C (T (repeat (T l (M 0.10467191248588766 0 -0.05233595624294383 0.9986295347545738)) 60 (M 1 0.10471975511965977 0 0)) (M 1 0.05235987755982988 0 0)) (repeat (T (T (T (repeat (T l (M 0.4702282018339785 0 -0.23511410091698925 0.323606797749979)) 5 (M 1 1.2566370614359172 0 0)) (M 1 0.6283185307179586 0 0)) (M 1 -1.5707963267948966 0 0)) (M 1 0.0 2.4118186827420534 0)) 6 (M 1 1.0471975511965976 0 0)))),c,1.0,p,6,h,outer_only,balanced_data/dim_balanced/nuts_and_bolts/dim3/var4/images/47.png
(C (C (T (repeat (T l (M 0.43962203244072817 0 -0.21981101622036409 4.19424404596921)) 60 (M 1 0.10471975511965977 0 0)) (M 1 0.05235987755982988 0 0)) (T (repeat (T l (M 0.4762572018107888 0 -0.2381286009053944 4.54376438313331)) 60 (M 1 0.10471975511965977 0 0)) (M 1 0.05235987755982988 0 0))) (C (T (repeat (T l (M 0.10467191248588766 0 -0.05233595624294383 0.9986295347545738)) 60 (M 1 0.10471975511965977 0 0)) (M 1 0.05235987755982988 0 0)) (repeat (T (T (T (repeat (T l (M 0.39999999999999997 0 -0.19999999999999998 0.3464101615137755)) 6 (M 1 1.0471975511965976 0 0)) (M 1 0.5235987755982988 0 0)) (M 1 -1.5707963267948966 0 0)) (M 1 0.0 2.7181342252830656 0)) 4 (M 1 1.5707963267948966 0 0)))),c,1.0,h,4,c,double,balanced_data/dim_balanced/nuts_and_bolts/dim3/var4/images/48.png
(C (T (repeat (T l (M 0.4762572018107888 0 -0.2381286009053944 4.54376438313331)) 60 (M 1 0.10471975511965977 0 0)) (M 1 0.05235987755982988 0 0)) (C (T (repeat (T l (M 0.10467191248588766 0 -0.05233595624294383 0.9986295347545738)) 60 (M 1 0.10471975511965977 0 0)) (M 1 0.05235987755982988 0 0)) (repeat (T (T (T (repeat (T l (M 0.39999999999999997 0 -0.19999999999999998 0.3464101615137755)) 6 (M 1 1.0471975511965976 0 0)) (M 1 0.5235987755982988 0 0)) (M 1 -1.5707963267948966 0 0)) (M 1 0.0 2.7181342252830656 0)) 4 (M 1 1.5707963267948966 0 0)))),c,1.0,h,4,c,outer_only,balanced_data/dim_balanced/nuts_and_bolts/dim3/var4/images/49.png
(C (C (T (repeat (T l (M 5.939696961966999 0 -2.9698484809834995 2.9698484809835)) 4 (M 1 1.5707963267948966 0 0)) (M 1 0.7853981633974483 0 0)) (T (repeat (T l (M 6.434671708797581 0 -3.2173358543987907 3.2173358543987916)) 4 (M 1 1.5707963267948966 0 0)) (M 1 0.7853981633974483 0 0))) (C (T (repeat (T l (M 0.10467191248588766 0 -0.05233595624294383 0.9986295347545738)) 60 (M 1 0.10471975511965977 0 0)) (M 1 0.05235987755982988 0 0)) (repeat (T (T (T (repeat (T l (M 0.39999999999999997 0 -0.19999999999999998 0.3464101615137755)) 6 (M 1 1.0471975511965976 0 0)) (M 1 0.5235987755982988 0 0)) (M 1 -1.5707963267948966 0 0)) (M 1 0.0 2.044716664540925 0)) 4 (M 1 1.5707963267948966 0 0)))),c,1.0,h,4,s,double,balanced_data/dim_balanced/nuts_and_bolts/dim3/var4/images/50.png
(C (T (repeat (T l (M 6.434671708797581 0 -3.2173358543987907 3.2173358543987916)) 4 (M 1 1.5707963267948966 0 0)) (M 1 0.7853981633974483 0 0)) (C (T (repeat (T l (M 0.10467191248588766 0 -0.05233595624294383 0.9986295347545738)) 60 (M 1 0.10471975511965977 0 0)) (M 1 0.05235987755982988 0 0)) (repeat (T (T (T (repeat (T l (M 0.39999999999999997 0 -0.19999999999999998 0.3464101615137755)) 6 (M 1 1.0471975511965976 0 0)) (M 1 0.5235987755982988 0 0)) (M 1 -1.5707963267948966 0 0)) (M 1 0.0 2.044716664540925 0)) 4 (M 1 1.5707963267948966 0 0)))),c,1.0,h,4,s,outer_only,balanced_data/dim_balanced/nuts_and_bolts/dim3/var4/images/51.png
(C (C (T (repeat (T l (M 4.937396119256775 0 -2.4686980596283874 3.3978713763747797)) 5 (M 1 1.2566370614359172 0 0)) (M 1 0.6283185307179586 0 0)) (T (repeat (T l (M 5.348845795861505 0 -2.6744228979307527 3.6810273244060108)) 5 (M 1 1.2566370614359172 0 0)) (M 1 0.6283185307179586 0 0))) (C (T (repeat (T l (M 0.10467191248588766 0 -0.05233595624294383 0.9986295347545738)) 60 (M 1 0.10471975511965977 0 0)) (M 1 0.05235987755982988 0 0)) (repeat (T (T (T (repeat (T l (M 0.39999999999999997 0 -0.19999999999999998 0.3464101615137755)) 6 (M 1 1.0471975511965976 0 0)) (M 1 0.5235987755982988 0 0)) (M 1 -1.5707963267948966 0 0)) (M 1 0.0 2.280129257006129 0)) 4 (M 1 1.5707963267948966 0 0)))),c,1.0,h,4,p,double,balanced_data/dim_balanced/nuts_and_bolts/dim3/var4/images/52.png
(C (T (repeat (T l (M 5.348845795861505 0 -2.6744228979307527 3.6810273244060108)) 5 (M 1 1.2566370614359172 0 0)) (M 1 0.6283185307179586 0 0)) (C (T (repeat (T l (M 0.10467191248588766 0 -0.05233595624294383 0.9986295347545738)) 60 (M 1 0.10471975511965977 0 0)) (M 1 0.05235987755982988 0 0)) (repeat (T (T (T (repeat (T l (M 0.39999999999999997 0 -0.19999999999999998 0.3464101615137755)) 6 (M 1 1.0471975511965976 0 0)) (M 1 0.5235987755982988 0 0)) (M 1 -1.5707963267948966 0 0)) (M 1 0.0 2.280129257006129 0)) 4 (M 1 1.5707963267948966 0 0)))),c,1.0,h,4,p,outer_only,balanced_data/dim_balanced/nuts_and_bolts/dim3/var4/images/53.png
(C (C (T (repeat (T l (M 4.199999999999999 0 -2.0999999999999996 3.6373066958946425)) 6 (M 1 1.0471975511965976 0 0)) (M 1 0.5235987755982988 0 0)) (T (repeat (T l (M 4.549999999999999 0 -2.2749999999999995 3.940415587219196)) 6 (M 1 1.0471975511965976 0 0)) (M 1 0.5235987755982988 0 0))) (C (T (repeat (T l (M 0.10467191248588766 0 -0.05233595624294383 0.9986295347545738)) 60 (M 1 0.10471975511965977 0 0)) (M 1 0.05235987755982988 0 0)) (repeat (T (T (T (repeat (T l (M 0.39999999999999997 0 -0.19999999999999998 0.3464101615137755)) 6 (M 1 1.0471975511965976 0 0)) (M 1 0.5235987755982988 0 0)) (M 1 -1.5707963267948966 0 0)) (M 1 0.0 2.4118186827420534 0)) 4 (M 1 1.5707963267948966 0 0)))),c,1.0,h,4,h,double,balanced_data/dim_balanced/nuts_and_bolts/dim3/var4/images/54.png
(C (T (repeat (T l (M 4.549999999999999 0 -2.2749999999999995 3.940415587219196)) 6 (M 1 1.0471975511965976 0 0)) (M 1 0.5235987755982988 0 0)) (C (T (repeat (T l (M 0.10467191248588766 0 -0.05233595624294383 0.9986295347545738)) 60 (M 1 0.10471975511965977 0 0)) (M 1 0.05235987755982988 0 0)) (repeat (T (T (T (repeat (T l (M 0.39999999999999997 0 -0.19999999999999998 0.3464101615137755)) 6 (M 1 1.0471975511965976 0 0)) (M 1 0.5235987755982988 0 0)) (M 1 -1.5707963267948966 0 0)) (M 1 0.0 2.4118186827420534 0)) 4 (M 1 1.5707963267948966 0 0)))),c,1.0,h,4,h,outer_only,balanced_data/dim_balanced/nuts_and_bolts/dim3/var4/images/55.png
(C (C (T (repeat (T l (M 0.43962203244072817 0 -0.21981101622036409 4.19424404596921)) 60 (M 1 0.10471975511965977 0 0)) (M 1 0.05235987755982988 0 0)) (T (repeat (T l (M 0.4762572018107888 0 -0.2381286009053944 4.54376438313331)) 60 (M 1 0.10471975511965977 0 0)) (M 1 0.05235987755982988 0 0))) (C (T (repeat (T l (M 0.10467191248588766 0 -0.05233595624294383 0.9986295347545738)) 60 (M 1 0.10471975511965977 0 0)) (M 1 0.05235987755982988 0 0)) (repeat (T (T (T (repeat (T l (M 0.39999999999999997 0 -0.19999999999999998 0.3464101615137755)) 6 (M 1 1.0471975511965976 0 0)) (M 1 0.5235987755982988 0 0)) (M 1 -1.5707963267948966 0 0)) (M 1 0.0 2.7181342252830656 0)) 6 (M 1 1.0471975511965976 0 0)))),c,1.0,h,6,c,double,balanced_data/dim_balanced/nuts_and_bolts/dim3/var4/images/56.png
(C (T (repeat (T l (M 0.4762572018107888 0 -0.2381286009053944 4.54376438313331)) 60 (M 1 0.10471975511965977 0 0)) (M 1 0.05235987755982988 0 0)) (C (T (repeat (T l (M 0.10467191248588766 0 -0.05233595624294383 0.9986295347545738)) 60 (M 1 0.10471975511965977 0 0)) (M 1 0.05235987755982988 0 0)) (repeat (T (T (T (repeat (T l (M 0.39999999999999997 0 -0.19999999999999998 0.3464101615137755)) 6 (M 1 1.0471975511965976 0 0)) (M 1 0.5235987755982988 0 0)) (M 1 -1.5707963267948966 0 0)) (M 1 0.0 2.7181342252830656 0)) 6 (M 1 1.0471975511965976 0 0)))),c,1.0,h,6,c,outer_only,balanced_data/dim_balanced/nuts_and_bolts/dim3/var4/images/57.png
(C (C (T (repeat (T l (M 5.939696961966999 0 -2.9698484809834995 2.9698484809835)) 4 (M 1 1.5707963267948966 0 0)) (M 1 0.7853981633974483 0 0)) (T (repeat (T l (M 6.434671708797581 0 -3.2173358543987907 3.2173358543987916)) 4 (M 1 1.5707963267948966 0 0)) (M 1 0.7853981633974483 0 0))) (C (T (repeat (T l (M 0.10467191248588766 0 -0.05233595624294383 0.9986295347545738)) 60 (M 1 0.10471975511965977 0 0)) (M 1 0.05235987755982988 0 0)) (repeat (T (T (T (repeat (T l (M 0.39999999999999997 0 -0.19999999999999998 0.3464101615137755)) 6 (M 1 1.0471975511965976 0 0)) (M 1 0.5235987755982988 0 0)) (M 1 -1.5707963267948966 0 0)) (M 1 0.0 2.044716664540925 0)) 6 (M 1 1.0471975511965976 0 0)))),c,1.0,h,6,s,double,balanced_data/dim_balanced/nuts_and_bolts/dim3/var4/images/58.png
(C (T (repeat (T l (M 6.434671708797581 0 -3.2173358543987907 3.2173358543987916)) 4 (M 1 1.5707963267948966 0 0)) (M 1 0.7853981633974483 0 0)) (C (T (repeat (T l (M 0.10467191248588766 0 -0.05233595624294383 0.9986295347545738)) 60 (M 1 0.10471975511965977 0 0)) (M 1 0.05235987755982988 0 0)) (repeat (T (T (T (repeat (T l (M 0.39999999999999997 0 -0.19999999999999998 0.3464101615137755)) 6 (M 1 1.0471975511965976 0 0)) (M 1 0.5235987755982988 0 0)) (M 1 -1.5707963267948966 0 0)) (M 1 0.0 2.044716664540925 0)) 6 (M 1 1.0471975511965976 0 0)))),c,1.0,h,6,s,outer_only,balanced_data/dim_balanced/nuts_and_bolts/dim3/var4/images/59.png
(C (C (T (repeat (T l (M 4.937396119256775 0 -2.4686980596283874 3.3978713763747797)) 5 (M 1 1.2566370614359172 0 0)) (M 1 0.6283185307179586 0 0)) (T (repeat (T l (M 5.348845795861505 0 -2.6744228979307527 3.6810273244060108)) 5 (M 1 1.2566370614359172 0 0)) (M 1 0.6283185307179586 0 0))) (C (T (repeat (T l (M 0.10467191248588766 0 -0.05233595624294383 0.9986295347545738)) 60 (M 1 0.10471975511965977 0 0)) (M 1 0.05235987755982988 0 0)) (repeat (T (T (T (repeat (T l (M 0.39999999999999997 0 -0.19999999999999998 0.3464101615137755)) 6 (M 1 1.0471975511965976 0 0)) (M 1 0.5235987755982988 0 0)) (M 1 -1.5707963267948966 0 0)) (M 1 0.0 2.280129257006129 0)) 6 (M 1 1.0471975511965976 0 0)))),c,1.0,h,6,p,double,balanced_data/dim_balanced/nuts_and_bolts/dim3/var4/images/60.png
(C (T (repeat (T l (M 5.348845795861505 0 -2.6744228979307527 3.6810273244060108)) 5 (M 1 1.2566370614359172 0 0)) (M 1 0.6283185307179586 0 0)) (C (T (repeat (T l (M 0.10467191248588766 0 -0.05233595624294383 0.9986295347545738)) 60 (M 1 0.10471975511965977 0 0)) (M 1 0.05235987755982988 0 0)) (repeat (T (T (T (repeat (T l (M 0.39999999999999997 0 -0.19999999999999998 0.3464101615137755)) 6 (M 1 1.0471975511965976 0 0)) (M 1 0.5235987755982988 0 0)) (M 1 -1.5707963267948966 0 0)) (M 1 0.0 2.280129257006129 0)) 6 (M 1 1.0471975511965976 0 0)))),c,1.0,h,6,p,outer_only,balanced_data/dim_balanced/nuts_and_bolts/dim3/var4/images/61.png
(C (C (T (repeat (T l (M 4.199999999999999 0 -2.0999999999999996 3.6373066958946425)) 6 (M 1 1.0471975511965976 0 0)) (M 1 0.5235987755982988 0 0)) (T (repeat (T l (M 4.549999999999999 0 -2.2749999999999995 3.940415587219196)) 6 (M 1 1.0471975511965976 0 0)) (M 1 0.5235987755982988 0 0))) (C (T (repeat (T l (M 0.10467191248588766 0 -0.05233595624294383 0.9986295347545738)) 60 (M 1 0.10471975511965977 0 0)) (M 1 0.05235987755982988 0 0)) (repeat (T (T (T (repeat (T l (M 0.39999999999999997 0 -0.19999999999999998 0.3464101615137755)) 6 (M 1 1.0471975511965976 0 0)) (M 1 0.5235987755982988 0 0)) (M 1 -1.5707963267948966 0 0)) (M 1 0.0 2.4118186827420534 0)) 6 (M 1 1.0471975511965976 0 0)))),c,1.0,h,6,h,double,balanced_data/dim_balanced/nuts_and_bolts/dim3/var4/images/62.png
(C (T (repeat (T l (M 4.549999999999999 0 -2.2749999999999995 3.940415587219196)) 6 (M 1 1.0471975511965976 0 0)) (M 1 0.5235987755982988 0 0)) (C (T (repeat (T l (M 0.10467191248588766 0 -0.05233595624294383 0.9986295347545738)) 60 (M 1 0.10471975511965977 0 0)) (M 1 0.05235987755982988 0 0)) (repeat (T (T (T (repeat (T l (M 0.39999999999999997 0 -0.19999999999999998 0.3464101615137755)) 6 (M 1 1.0471975511965976 0 0)) (M 1 0.5235987755982988 0 0)) (M 1 -1.5707963267948966 0 0)) (M 1 0.0 2.4118186827420534 0)) 6 (M 1 1.0471975511965976 0 0)))),c,1.0,h,6,h,outer_only,balanced_data/dim_balanced/nuts_and_bolts/dim3/var4/images/63.png
(C (C (T (repeat (T l (M 0.43962203244072817 0 -0.21981101622036409 4.19424404596921)) 60 (M 1 0.10471975511965977 0 0)) (M 1 0.05235987755982988 0 0)) (T (repeat (T l (M 0.4762572018107888 0 -0.2381286009053944 4.54376438313331)) 60 (M 1 0.10471975511965977 0 0)) (M 1 0.05235987755982988 0 0))) (C (T (repeat (T l (M 0.23027820746895286 0 -0.11513910373447643 2.1969849764600626)) 60 (M 1 0.10471975511965977 0 0)) (M 1 0.05235987755982988 0 0)) (repeat (T (T (T (repeat (T l (M 0.041868764994355066 0 -0.020934382497177533 0.39945181390182954)) 60 (M 1 0.10471975511965977 0 0)) (M 1 0.05235987755982988 0 0)) (M 1 -1.5707963267948966 0 0)) (M 1 0.0 3.2851342252830658 0)) 4 (M 1 1.5707963267948966 0 0)))),c,2.2,c,4,c,double,balanced_data/dim_balanced/nuts_and_bolts/dim3/var4/images/64.png
(C (T (repeat (T l (M 0.4762572018107888 0 -0.2381286009053944 4.54376438313331)) 60 (M 1 0.10471975511965977 0 0)) (M 1 0.05235987755982988 0 0)) (C (T (repeat (T l (M 0.23027820746895286 0 -0.11513910373447643 2.1969849764600626)) 60 (M 1 0.10471975511965977 0 0)) (M 1 0.05235987755982988 0 0)) (repeat (T (T (T (repeat (T l (M 0.041868764994355066 0 -0.020934382497177533 0.39945181390182954)) 60 (M 1 0.10471975511965977 0 0)) (M 1 0.05235987755982988 0 0)) (M 1 -1.5707963267948966 0 0)) (M 1 0.0 3.2851342252830658 0)) 4 (M 1 1.5707963267948966 0 0)))),c,2.2,c,4,c,outer_only,balanced_data/dim_balanced/nuts_and_bolts/dim3/var4/images/65.png
(C (C (T (repeat (T l (M 5.939696961966999 0 -2.9698484809834995 2.9698484809835)) 4 (M 1 1.5707963267948966 0 0)) (M 1 0.7853981633974483 0 0)) (T (repeat (T l (M 6.434671708797581 0 -3.2173358543987907 3.2173358543987916)) 4 (M 1 1.5707963267948966 0 0)) (M 1 0.7853981633974483 0 0))) (C (T (repeat (T l (M 0.23027820746895286 0 -0.11513910373447643 2.1969849764600626)) 60 (M 1 0.10471975511965977 0 0)) (M 1 0.05235987755982988 0 0)) (repeat (T (T (T (repeat (T l (M 0.023027820746895276 0 -0.011513910373447638 0.21969849764600616)) 60 (M 1 0.10471975511965977 0 0)) (M 1 0.05235987755982988 0 0)) (M 1 -1.5707963267948966 0 0)) (M 1 0.0 2.7276000000000007 0)) 4 (M 1 1.5707963267948966 0 0)))),c,2.2,c,4,s,double,balanced_data/dim_balanced/nuts_and_bolts/dim3/var4/images/66.png
(C (T (repeat (T l (M 6.434671708797581 0 -3.2173358543987907 3.2173358543987916)) 4 (M 1 1.5707963267948966 0 0)) (M 1 0.7853981633974483 0 0)) (C (T (repeat (T l (M 0.23027820746895286 0 -0.11513910373447643 2.1969849764600626)) 60 (M 1 0.10471975511965977 0 0)) (M 1 0.05235987755982988 0 0)) (repeat (T (T (T (repeat (T l (M 0.023027820746895276 0 -0.011513910373447638 0.21969849764600616)) 60 (M 1 0.10471975511965977 0 0)) (M 1 0.05235987755982988 0 0)) (M 1 -1.5707963267948966 0 0)) (M 1 0.0 2.7276000000000007 0)) 4 (M 1 1.5707963267948966 0 0)))),c,2.2,c,4,s,outer_only,balanced_data/dim_balanced/nuts_and_bolts/dim3/var4/images/67.png
(C (C (T (repeat (T l (M 4.937396119256775 0 -2.4686980596283874 3.3978713763747797)) 5 (M 1 1.2566370614359172 0 0)) (M 1 0.6283185307179586 0 0)) (T (repeat (T l (M 5.348845795861505 0 -2.6744228979307527 3.6810273244060108)) 5 (M 1 1.2566370614359172 0 0)) (M 1 0.6283185307179586 0 0))) (C (T (repeat (T l (M 0.23027820746895286 0 -0.11513910373447643 2.1969849764600626)) 60 (M 1 0.10471975511965977 0 0)) (M 1 0.05235987755982988 0 0)) (repeat (T (T (T (repeat (T l (M 0.032448292870625166 0 -0.016224146435312583 0.3095751557739178)) 60 (M 1 0.10471975511965977 0 0)) (M 1 0.05235987755982988 0 0)) (M 1 -1.5707963267948966 0 0)) (M 1 0.0 2.856849257006129 0)) 4 (M 1 1.5707963267948966 0 0)))),c,2.2,c,4,p,double,balanced_data/dim_balanced/nuts_and_bolts/dim3/var4/images/68.png
(C (T (repeat (T l (M 5.348845795861505 0 -2.6744228979307527 3.6810273244060108)) 5 (M 1 1.2566370614359172 0 0)) (M 1 0.6283185307179586 0 0)) (C (T (repeat (T l (M 0.23027820746895286 0 -0.11513910373447643 2.1969849764600626)) 60 (M 1 0.10471975511965977 0 0)) (M 1 0.05235987755982988 0 0)) (repeat (T (T (T (repeat (T l (M 0.032448292870625166 0 -0.016224146435312583 0.3095751557739178)) 60 (M 1 0.10471975511965977 0 0)) (M 1 0.05235987755982988 0 0)) (M 1 -1.5707963267948966 0 0)) (M 1 0.0 2.856849257006129 0)) 4 (M 1 1.5707963267948966 0 0)))),c,2.2,c,4,p,outer_only,balanced_data/dim_balanced/nuts_and_bolts/dim3/var4/images/69.png
(C (C (T (repeat (T l (M 4.199999999999999 0 -2.0999999999999996 3.6373066958946425)) 6 (M 1 1.0471975511965976 0 0)) (M 1 0.5235987755982988 0 0)) (T (repeat (T l (M 4.549999999999999 0 -2.2749999999999995 3.940415587219196)) 6 (M 1 1.0471975511965976 0 0)) (M 1 0.5235987755982988 0 0))) (C (T (repeat (T l (M 0.23027820746895286 0 -0.11513910373447643 2.1969849764600626)) 60 (M 1 0.10471975511965977 0 0)) (M 1 0.05235987755982988 0 0)) (repeat (T (T (T (repeat (T l (M 0.041868764994355066 0 -0.020934382497177533 0.39945181390182954)) 60 (M 1 0.10471975511965977 0 0)) (M 1 0.05235987755982988 0 0)) (M 1 -1.5707963267948966 0 0)) (M 1 0.0 2.9788186827420535 0)) 4 (M 1 1.5707963267948966 0 0)))),c,2.2,c,4,h,double,balanced_data/dim_balanced/nuts_and_bolts/dim3/var4/images/70.png
(C (T (repeat (T l (M 4.549999999999999 0 -2.2749999999999995 3.940415587219196)) 6 (M 1 1.0471975511965976 0 0)) (M 1 0.5235987755982988 0 0)) (C (T (repeat (T l (M 0.23027820746895286 0 -0.11513910373447643 2.1969849764600626)) 60 (M 1 0.10471975511965977 0 0)) (M 1 0.05235987755982988 0 0)) (repeat (T (T (T (repeat (T l (M 0.041868764994355066 0 -0.020934382497177533 0.39945181390182954)) 60 (M 1 0.10471975511965977 0 0)) (M 1 0.05235987755982988 0 0)) (M 1 -1.5707963267948966 0 0)) (M 1 0.0 2.9788186827420535 0)) 4 (M 1 1.5707963267948966 0 0)))),c,2.2,c,4,h,outer_only,balanced_data/dim_balanced/nuts_and_bolts/dim3/var4/images/71.png
(C (C (T (repeat (T l (M 0.43962203244072817 0 -0.21981101622036409 4.19424404596921)) 60 (M 1 0.10471975511965977 0 0)) (M 1 0.05235987755982988 0 0)) (T (repeat (T l (M 0.4762572018107888 0 -0.2381286009053944 4.54376438313331)) 60 (M 1 0.10471975511965977 0 0)) (M 1 0.05235987755982988 0 0))) (C (T (repeat (T l (M 0.23027820746895286 0 -0.11513910373447643 2.1969849764600626)) 60 (M 1 0.10471975511965977 0 0)) (M 1 0.05235987755982988 0 0)) (repeat (T (T (T (repeat (T l (M 0.041868764994355066 0 -0.020934382497177533 0.39945181390182954)) 60 (M 1 0.10471975511965977 0 0)) (M 1 0.05235987755982988 0 0)) (M 1 -1.5707963267948966 0 0)) (M 1 0.0 3.2851342252830658 0)) 6 (M 1 1.0471975511965976 0 0)))),c,2.2,c,6,c,double,balanced_data/dim_balanced/nuts_and_bolts/dim3/var4/images/72.png
(C (T (repeat (T l (M 0.4762572018107888 0 -0.2381286009053944 4.54376438313331)) 60 (M 1 0.10471975511965977 0 0)) (M 1 0.05235987755982988 0 0)) (C (T (repeat (T l (M 0.23027820746895286 0 -0.11513910373447643 2.1969849764600626)) 60 (M 1 0.10471975511965977 0 0)) (M 1 0.05235987755982988 0 0)) (repeat (T (T (T (repeat (T l (M 0.041868764994355066 0 -0.020934382497177533 0.39945181390182954)) 60 (M 1 0.10471975511965977 0 0)) (M 1 0.05235987755982988 0 0)) (M 1 -1.5707963267948966 0 0)) (M 1 0.0 3.2851342252830658 0)) 6 (M 1 1.0471975511965976 0 0)))),c,2.2,c,6,c,outer_only,balanced_data/dim_balanced/nuts_and_bolts/dim3/var4/images/73.png
(C (C (T (repeat (T l (M 5.939696961966999 0 -2.9698484809834995 2.9698484809835)) 4 (M 1 1.5707963267948966 0 0)) (M 1 0.7853981633974483 0 0)) (T (repeat (T l (M 6.434671708797581 0 -3.2173358543987907 3.2173358543987916)) 4 (M 1 1.5707963267948966 0 0)) (M 1 0.7853981633974483 0 0))) (C (T (repeat (T l (M 0.23027820746895286 0 -0.11513910373447643 2.1969849764600626)) 60 (M 1 0.10471975511965977 0 0)) (M 1 0.05235987755982988 0 0)) (repeat (T (T (T (repeat (T l (M 0.023027820746895276 0 -0.011513910373447638 0.21969849764600616)) 60 (M 1 0.10471975511965977 0 0)) (M 1 0.05235987755982988 0 0)) (M 1 -1.5707963267948966 0 0)) (M 1 0.0 2.7276000000000007 0)) 6 (M 1 1.0471975511965976 0 0)))),c,2.2,c,6,s,double,balanced_data/dim_balanced/nuts_and_bolts/dim3/var4/images/74.png
(C (T (repeat (T l (M 6.434671708797581 0 -3.2173358543987907 3.2173358543987916)) 4 (M 1 1.5707963267948966 0 0)) (M 1 0.7853981633974483 0 0)) (C (T (repeat (T l (M 0.23027820746895286 0 -0.11513910373447643 2.1969849764600626)) 60 (M 1 0.10471975511965977 0 0)) (M 1 0.05235987755982988 0 0)) (repeat (T (T (T (repeat (T l (M 0.023027820746895276 0 -0.011513910373447638 0.21969849764600616)) 60 (M 1 0.10471975511965977 0 0)) (M 1 0.05235987755982988 0 0)) (M 1 -1.5707963267948966 0 0)) (M 1 0.0 2.7276000000000007 0)) 6 (M 1 1.0471975511965976 0 0)))),c,2.2,c,6,s,outer_only,balanced_data/dim_balanced/nuts_and_bolts/dim3/var4/images/75.png
(C (C (T (repeat (T l (M 4.937396119256775 0 -2.4686980596283874 3.3978713763747797)) 5 (M 1 1.2566370614359172 0 0)) (M 1 0.6283185307179586 0 0)) (T (repeat (T l (M 5.348845795861505 0 -2.6744228979307527 3.6810273244060108)) 5 (M 1 1.2566370614359172 0 0)) (M 1 0.6283185307179586 0 0))) (C (T (repeat (T l (M 0.23027820746895286 0 -0.11513910373447643 2.1969849764600626)) 60 (M 1 0.10471975511965977 0 0)) (M 1 0.05235987755982988 0 0)) (repeat (T (T (T (repeat (T l (M 0.032448292870625166 0 -0.016224146435312583 0.3095751557739178)) 60 (M 1 0.10471975511965977 0 0)) (M 1 0.05235987755982988 0 0)) (M 1 -1.5707963267948966 0 0)) (M 1 0.0 2.856849257006129 0)) 6 (M 1 1.0471975511965976 0 0)))),c,2.2,c,6,p,double,balanced_data/dim_balanced/nuts_and_bolts/dim3/var4/images/76.png
(C (T (repeat (T l (M 5.348845795861505 0 -2.6744228979307527 3.6810273244060108)) 5 (M 1 1.2566370614359172 0 0)) (M 1 0.6283185307179586 0 0)) (C (T (repeat (T l (M 0.23027820746895286 0 -0.11513910373447643 2.1969849764600626)) 60 (M 1 0.10471975511965977 0 0)) (M 1 0.05235987755982988 0 0)) (repeat (T (T (T (repeat (T l (M 0.032448292870625166 0 -0.016224146435312583 0.3095751557739178)) 60 (M 1 0.10471975511965977 0 0)) (M 1 0.05235987755982988 0 0)) (M 1 -1.5707963267948966 0 0)) (M 1 0.0 2.856849257006129 0)) 6 (M 1 1.0471975511965976 0 0)))),c,2.2,c,6,p,outer_only,balanced_data/dim_balanced/nuts_and_bolts/dim3/var4/images/77.png
(C (C (T (repeat (T l (M 4.199999999999999 0 -2.0999999999999996 3.6373066958946425)) 6 (M 1 1.0471975511965976 0 0)) (M 1 0.5235987755982988 0 0)) (T (repeat (T l (M 4.549999999999999 0 -2.2749999999999995 3.940415587219196)) 6 (M 1 1.0471975511965976 0 0)) (M 1 0.5235987755982988 0 0))) (C (T (repeat (T l (M 0.23027820746895286 0 -0.11513910373447643 2.1969849764600626)) 60 (M 1 0.10471975511965977 0 0)) (M 1 0.05235987755982988 0 0)) (repeat (T (T (T (repeat (T l (M 0.041868764994355066 0 -0.020934382497177533 0.39945181390182954)) 60 (M 1 0.10471975511965977 0 0)) (M 1 0.05235987755982988 0 0)) (M 1 -1.5707963267948966 0 0)) (M 1 0.0 2.9788186827420535 0)) 6 (M 1 1.0471975511965976 0 0)))),c,2.2,c,6,h,double,balanced_data/dim_balanced/nuts_and_bolts/dim3/var4/images/78.png
(C (T (repeat (T l (M 4.549999999999999 0 -2.2749999999999995 3.940415587219196)) 6 (M 1 1.0471975511965976 0 0)) (M 1 0.5235987755982988 0 0)) (C (T (repeat (T l (M 0.23027820746895286 0 -0.11513910373447643 2.1969849764600626)) 60 (M 1 0.10471975511965977 0 0)) (M 1 0.05235987755982988 0 0)) (repeat (T (T (T (repeat (T l (M 0.041868764994355066 0 -0.020934382497177533 0.39945181390182954)) 60 (M 1 0.10471975511965977 0 0)) (M 1 0.05235987755982988 0 0)) (M 1 -1.5707963267948966 0 0)) (M 1 0.0 2.9788186827420535 0)) 6 (M 1 1.0471975511965976 0 0)))),c,2.2,c,6,h,outer_only,balanced_data/dim_balanced/nuts_and_bolts/dim3/var4/images/79.png
(C (C (T (repeat (T l (M 0.43962203244072817 0 -0.21981101622036409 4.19424404596921)) 60 (M 1 0.10471975511965977 0 0)) (M 1 0.05235987755982988 0 0)) (T (repeat (T l (M 0.4762572018107888 0 -0.2381286009053944 4.54376438313331)) 60 (M 1 0.10471975511965977 0 0)) (M 1 0.05235987755982988 0 0))) (C (T (repeat (T l (M 0.23027820746895286 0 -0.11513910373447643 2.1969849764600626)) 60 (M 1 0.10471975511965977 0 0)) (M 1 0.05235987755982988 0 0)) (repeat (T (T (T (repeat (T l (M 0.565685424949238 0 -0.282842712474619 0.28284271247461906)) 4 (M 1 1.5707963267948966 0 0)) (M 1 0.7853981633974483 0 0)) (M 1 -1.5707963267948966 0 0)) (M 1 0.0 3.2851342252830658 0)) 4 (M 1 1.5707963267948966 0 0)))),c,2.2,s,4,c,double,balanced_data/dim_balanced/nuts_and_bolts/dim3/var4/images/80.png
(C (T (repeat (T l (M 0.4762572018107888 0 -0.2381286009053944 4.54376438313331)) 60 (M 1 0.10471975511965977 0 0)) (M 1 0.05235987755982988 0 0)) (C (T (repeat (T l (M 0.23027820746895286 0 -0.11513910373447643 2.1969849764600626)) 60 (M 1 0.10471975511965977 0 0)) (M 1 0.05235987755982988 0 0)) (repeat (T (T (T (repeat (T l (M 0.565685424949238 0 -0.282842712474619 0.28284271247461906)) 4 (M 1 1.5707963267948966 0 0)) (M 1 0.7853981633974483 0 0)) (M 1 -1.5707963267948966 0 0)) (M 1 0.0 3.2851342252830658 0)) 4 (M 1 1.5707963267948966 0 0)))),c,2.2,s,4,c,outer_only,balanced_data/dim_balanced/nuts_and_bolts/dim3/var4/images/81.png
(C (C (T (repeat (T l (M 5.939696961966999 0 -2.9698484809834995 2.9698484809835)) 4 (M 1 1.5707963267948966 0 0)) (M 1 0.7853981633974483 0 0)) (T (repeat (T l (M 6.434671708797581 0 -3.2173358543987907 3.2173358543987916)) 4 (M 1 1.5707963267948966 0 0)) (M 1 0.7853981633974483 0 0))) (C (T (repeat (T l (M 0.23027820746895286 0 -0.11513910373447643 2.1969849764600626)) 60 (M 1 0.10471975511965977 0 0)) (M 1 0.05235987755982988 0 0)) (repeat (T (T (T (repeat (T l (M 0.31112698372208075 0 -0.15556349186104038 0.1555634918610404)) 4 (M 1 1.5707963267948966 0 0)) (M 1 0.7853981633974483 0 0)) (M 1 -1.5707963267948966 0 0)) (M 1 0.0 2.7276000000000007 0)) 4 (M 1 1.5707963267948966 0 0)))),c,2.2,s,4,s,double,balanced_data/dim_balanced/nuts_and_bolts/dim3/var4/images/82.png
(C (T (repeat (T l (M 6.434671708797581 0 -3.2173358543987907 3.2173358543987916)) 4 (M 1 1.5707963267948966 0 0)) (M 1 0.7853981633974483 0 0)) (C (T (repeat (T l (M 0.23027820746895286 0 -0.11513910373447643 2.1969849764600626)) 60 (M 1 0.10471975511965977 0 0)) (M 1 0.05235987755982988 0 0)) (repeat (T (T (T (repeat (T l (M 0.31112698372208075 0 -0.15556349186104038 0.1555634918610404)) 4 (M 1 1.5707963267948966 0 0)) (M 1 0.7853981633974483 0 0)) (M 1 -1.5707963267948966 0 0)) (M 1 0.0 2.7276000000000007 0)) 4 (M 1 1.5707963267948966 0 0)))),c,2.2,s,4,s,outer_only,balanced_data/dim_balanced/nuts_and_bolts/dim3/var4/images/83.png
(C (C (T (repeat (T l (M 4.937396119256775 0 -2.4686980596283874 3.3978713763747797)) 5 (M 1 1.2566370614359172 0 0)) (M 1 0.6283185307179586 0 0)) (T (repeat (T l (M 5.348845795861505 0 -2.6744228979307527 3.6810273244060108)) 5 (M 1 1.2566370614359172 0 0)) (M 1 0.6283185307179586 0 0))) (C (T (repeat (T l (M 0.23027820746895286 0 -0.11513910373447643 2.1969849764600626)) 60 (M 1 0.10471975511965977 0 0)) (M 1 0.05235987755982988 0 0)) (repeat (T (T (T (repeat (T l (M 0.43840620433565936 0 -0.21920310216782968 0.2192031021678297)) 4 (M 1 1.5707963267948966 0 0)) (M 1 0.7853981633974483 0 0)) (M 1 -1.5707963267948966 0 0)) (M 1 0.0 2.856849257006129 0)) 4 (M 1 1.5707963267948966 0 0)))),c,2.2,s,4,p,double,balanced_data/dim_balanced/nuts_and_bolts/dim3/var4/images/84.png
(C (T (repeat (T l (M 5.348845795861505 0 -2.6744228979307527 3.6810273244060108)) 5 (M 1 1.2566370614359172 0 0)) (M 1 0.6283185307179586 0 0)) (C (T (repeat (T l (M 0.23027820746895286 0 -0.11513910373447643 2.1969849764600626)) 60 (M 1 0.10471975511965977 0 0)) (M 1 0.05235987755982988 0 0)) (repeat (T (T (T (repeat (T l (M 0.43840620433565936 0 -0.21920310216782968 0.2192031021678297)) 4 (M 1 1.5707963267948966 0 0)) (M 1 0.7853981633974483 0 0)) (M 1 -1.5707963267948966 0 0)) (M 1 0.0 2.856849257006129 0)) 4 (M 1 1.5707963267948966 0 0)))),c,2.2,s,4,p,outer_only,balanced_data/dim_balanced/nuts_and_bolts/dim3/var4/images/85.png
(C (C (T (repeat (T l (M 4.199999999999999 0 -2.0999999999999996 3.6373066958946425)) 6 (M 1 1.0471975511965976 0 0)) (M 1 0.5235987755982988 0 0)) (T (repeat (T l (M 4.549999999999999 0 -2.2749999999999995 3.940415587219196)) 6 (M 1 1.0471975511965976 0 0)) (M 1 0.5235987755982988 0 0))) (C (T (repeat (T l (M 0.23027820746895286 0 -0.11513910373447643 2.1969849764600626)) 60 (M 1 0.10471975511965977 0 0)) (M 1 0.05235987755982988 0 0)) (repeat (T (T (T (repeat (T l (M 0.565685424949238 0 -0.282842712474619 0.28284271247461906)) 4 (M 1 1.5707963267948966 0 0)) (M 1 0.7853981633974483 0 0)) (M 1 -1.5707963267948966 0 0)) (M 1 0.0 2.9788186827420535 0)) 4 (M 1 1.5707963267948966 0 0)))),c,2.2,s,4,h,double,balanced_data/dim_balanced/nuts_and_bolts/dim3/var4/images/86.png
(C (T (repeat (T l (M 4.549999999999999 0 -2.2749999999999995 3.940415587219196)) 6 (M 1 1.0471975511965976 0 0)) (M 1 0.5235987755982988 0 0)) (C (T (repeat (T l (M 0.23027820746895286 0 -0.11513910373447643 2.1969849764600626)) 60 (M 1 0.10471975511965977 0 0)) (M 1 0.05235987755982988 0 0)) (repeat (T (T (T (repeat (T l (M 0.565685424949238 0 -0.282842712474619 0.28284271247461906)) 4 (M 1 1.5707963267948966 0 0)) (M 1 0.7853981633974483 0 0)) (M 1 -1.5707963267948966 0 0)) (M 1 0.0 2.9788186827420535 0)) 4 (M 1 1.5707963267948966 0 0)))),c,2.2,s,4,h,outer_only,balanced_data/dim_balanced/nuts_and_bolts/dim3/var4/images/87.png
(C (C (T (repeat (T l (M 0.43962203244072817 0 -0.21981101622036409 4.19424404596921)) 60 (M 1 0.10471975511965977 0 0)) (M 1 0.05235987755982988 0 0)) (T (repeat (T l (M 0.4762572018107888 0 -0.2381286009053944 4.54376438313331)) 60 (M 1 0.10471975511965977 0 0)) (M 1 0.05235987755982988 0 0))) (C (T (repeat (T l (M 0.23027820746895286 0 -0.11513910373447643 2.1969849764600626)) 60 (M 1 0.10471975511965977 0 0)) (M 1 0.05235987755982988 0 0)) (repeat (T (T (T (repeat (T l (M 0.565685424949238 0 -0.282842712474619 0.28284271247461906)) 4 (M 1 1.5707963267948966 0 0)) (M 1 0.7853981633974483 0 0)) (M 1 -1.5707963267948966 0 0)) (M 1 0.0 3.2851342252830658 0)) 6 (M 1 1.0471975511965976 0 0)))),c,2.2,s,6,c,double,balanced_data/dim_balanced/nuts_and_bolts/dim3/var4/images/88.png
(C (T (repeat (T l (M 0.4762572018107888 0 -0.2381286009053944 4.54376438313331)) 60 (M 1 0.10471975511965977 0 0)) (M 1 0.05235987755982988 0 0)) (C (T (repeat (T l (M 0.23027820746895286 0 -0.11513910373447643 2.1969849764600626)) 60 (M 1 0.10471975511965977 0 0)) (M 1 0.05235987755982988 0 0)) (repeat (T (T (T (repeat (T l (M 0.565685424949238 0 -0.282842712474619 0.28284271247461906)) 4 (M 1 1.5707963267948966 0 0)) (M 1 0.7853981633974483 0 0)) (M 1 -1.5707963267948966 0 0)) (M 1 0.0 3.2851342252830658 0)) 6 (M 1 1.0471975511965976 0 0)))),c,2.2,s,6,c,outer_only,balanced_data/dim_balanced/nuts_and_bolts/dim3/var4/images/89.png
(C (C (T (repeat (T l (M 5.939696961966999 0 -2.9698484809834995 2.9698484809835)) 4 (M 1 1.5707963267948966 0 0)) (M 1 0.7853981633974483 0 0)) (T (repeat (T l (M 6.434671708797581 0 -3.2173358543987907 3.2173358543987916)) 4 (M 1 1.5707963267948966 0 0)) (M 1 0.7853981633974483 0 0))) (C (T (repeat (T l (M 0.23027820746895286 0 -0.11513910373447643 2.1969849764600626)) 60 (M 1 0.10471975511965977 0 0)) (M 1 0.05235987755982988 0 0)) (repeat (T (T (T (repeat (T l (M 0.31112698372208075 0 -0.15556349186104038 0.1555634918610404)) 4 (M 1 1.5707963267948966 0 0)) (M 1 0.7853981633974483 0 0)) (M 1 -1.5707963267948966 0 0)) (M 1 0.0 2.7276000000000007 0)) 6 (M 1 1.0471975511965976 0 0)))),c,2.2,s,6,s,double,balanced_data/dim_balanced/nuts_and_bolts/dim3/var4/images/90.png
(C (T (repeat (T l (M 6.434671708797581 0 -3.2173358543987907 3.2173358543987916)) 4 (M 1 1.5707963267948966 0 0)) (M 1 0.7853981633974483 0 0)) (C (T (repeat (T l (M 0.23027820746895286 0 -0.11513910373447643 2.1969849764600626)) 60 (M 1 0.10471975511965977 0 0)) (M 1 0.05235987755982988 0 0)) (repeat (T (T (T (repeat (T l (M 0.31112698372208075 0 -0.15556349186104038 0.1555634918610404)) 4 (M 1 1.5707963267948966 0 0)) (M 1 0.7853981633974483 0 0)) (M 1 -1.5707963267948966 0 0)) (M 1 0.0 2.7276000000000007 0)) 6 (M 1 1.0471975511965976 0 0)))),c,2.2,s,6,s,outer_only,balanced_data/dim_balanced/nuts_and_bolts/dim3/var4/images/91.png
(C (C (T (repeat (T l (M 4.937396119256775 0 -2.4686980596283874 3.3978713763747797)) 5 (M 1 1.2566370614359172 0 0)) (M 1 0.6283185307179586 0 0)) (T (repeat (T l (M 5.348845795861505 0 -2.6744228979307527 3.6810273244060108)) 5 (M 1 1.2566370614359172 0 0)) (M 1 0.6283185307179586 0 0))) (C (T (repeat (T l (M 0.23027820746895286 0 -0.11513910373447643 2.1969849764600626)) 60 (M 1 0.10471975511965977 0 0)) (M 1 0.05235987755982988 0 0)) (repeat (T (T (T (repeat (T l (M 0.43840620433565936 0 -0.21920310216782968 0.2192031021678297)) 4 (M 1 1.5707963267948966 0 0)) (M 1 0.7853981633974483 0 0)) (M 1 -1.5707963267948966 0 0)) (M 1 0.0 2.856849257006129 0)) 6 (M 1 1.0471975511965976 0 0)))),c,2.2,s,6,p,double,balanced_data/dim_balanced/nuts_and_bolts/dim3/var4/images/92.png
(C (T (repeat (T l (M 5.348845795861505 0 -2.6744228979307527 3.6810273244060108)) 5 (M 1 1.2566370614359172 0 0)) (M 1 0.6283185307179586 0 0)) (C (T (repeat (T l (M 0.23027820746895286 0 -0.11513910373447643 2.1969849764600626)) 60 (M 1 0.10471975511965977 0 0)) (M 1 0.05235987755982988 0 0)) (repeat (T (T (T (repeat (T l (M 0.43840620433565936 0 -0.21920310216782968 0.2192031021678297)) 4 (M 1 1.5707963267948966 0 0)) (M 1 0.7853981633974483 0 0)) (M 1 -1.5707963267948966 0 0)) (M 1 0.0 2.856849257006129 0)) 6 (M 1 1.0471975511965976 0 0)))),c,2.2,s,6,p,outer_only,balanced_data/dim_balanced/nuts_and_bolts/dim3/var4/images/93.png
(C (C (T (repeat (T l (M 4.199999999999999 0 -2.0999999999999996 3.6373066958946425)) 6 (M 1 1.0471975511965976 0 0)) (M 1 0.5235987755982988 0 0)) (T (repeat (T l (M 4.549999999999999 0 -2.2749999999999995 3.940415587219196)) 6 (M 1 1.0471975511965976 0 0)) (M 1 0.5235987755982988 0 0))) (C (T (repeat (T l (M 0.23027820746895286 0 -0.11513910373447643 2.1969849764600626)) 60 (M 1 0.10471975511965977 0 0)) (M 1 0.05235987755982988 0 0)) (repeat (T (T (T (repeat (T l (M 0.565685424949238 0 -0.282842712474619 0.28284271247461906)) 4 (M 1 1.5707963267948966 0 0)) (M 1 0.7853981633974483 0 0)) (M 1 -1.5707963267948966 0 0)) (M 1 0.0 2.9788186827420535 0)) 6 (M 1 1.0471975511965976 0 0)))),c,2.2,s,6,h,double,balanced_data/dim_balanced/nuts_and_bolts/dim3/var4/images/94.png
(C (T (repeat (T l (M 4.549999999999999 0 -2.2749999999999995 3.940415587219196)) 6 (M 1 1.0471975511965976 0 0)) (M 1 0.5235987755982988 0 0)) (C (T (repeat (T l (M 0.23027820746895286 0 -0.11513910373447643 2.1969849764600626)) 60 (M 1 0.10471975511965977 0 0)) (M 1 0.05235987755982988 0 0)) (repeat (T (T (T (repeat (T l (M 0.565685424949238 0 -0.282842712474619 0.28284271247461906)) 4 (M 1 1.5707963267948966 0 0)) (M 1 0.7853981633974483 0 0)) (M 1 -1.5707963267948966 0 0)) (M 1 0.0 2.9788186827420535 0)) 6 (M 1 1.0471975511965976 0 0)))),c,2.2,s,6,h,outer_only,balanced_data/dim_balanced/nuts_and_bolts/dim3/var4/images/95.png
(C (C (T (repeat (T l (M 0.43962203244072817 0 -0.21981101622036409 4.19424404596921)) 60 (M 1 0.10471975511965977 0 0)) (M 1 0.05235987755982988 0 0)) (T (repeat (T l (M 0.4762572018107888 0 -0.2381286009053944 4.54376438313331)) 60 (M 1 0.10471975511965977 0 0)) (M 1 0.05235987755982988 0 0))) (C (T (repeat (T l (M 0.23027820746895286 0 -0.11513910373447643 2.1969849764600626)) 60 (M 1 0.10471975511965977 0 0)) (M 1 0.05235987755982988 0 0)) (repeat (T (T (T (repeat (T l (M 0.4702282018339785 0 -0.23511410091698925 0.323606797749979)) 5 (M 1 1.2566370614359172 0 0)) (M 1 0.6283185307179586 0 0)) (M 1 -1.5707963267948966 0 0)) (M 1 0.0 3.2851342252830658 0)) 4 (M 1 1.5707963267948966 0 0)))),c,2.2,p,4,c,double,balanced_data/dim_balanced/nuts_and_bolts/dim3/var4/images/96.png
(C (T (repeat (T l (M 0.4762572018107888 0 -0.2381286009053944 4.54376438313331)) 60 (M 1 0.10471975511965977 0 0)) (M 1 0.05235987755982988 0 0)) (C (T (repeat (T l (M 0.23027820746895286 0 -0.11513910373447643 2.1969849764600626)) 60 (M 1 0.10471975511965977 0 0)) (M 1 0.05235987755982988 0 0)) (repeat (T (T (T (repeat (T l (M 0.4702282018339785 0 -0.23511410091698925 0.323606797749979)) 5 (M 1 1.2566370614359172 0 0)) (M 1 0.6283185307179586 0 0)) (M 1 -1.5707963267948966 0 0)) (M 1 0.0 3.2851342252830658 0)) 4 (M 1 1.5707963267948966 0 0)))),c,2.2,p,4,c,outer_only,balanced_data/dim_balanced/nuts_and_bolts/dim3/var4/images/97.png
(C (C (T (repeat (T l (M 5.939696961966999 0 -2.9698484809834995 2.9698484809835)) 4 (M 1 1.5707963267948966 0 0)) (M 1 0.7853981633974483 0 0)) (T (repeat (T l (M 6.434671708797581 0 -3.2173358543987907 3.2173358543987916)) 4 (M 1 1.5707963267948966 0 0)) (M 1 0.7853981633974483 0 0))) (C (T (repeat (T l (M 0.23027820746895286 0 -0.11513910373447643 2.1969849764600626)) 60 (M 1 0.10471975511965977 0 0)) (M 1 0.05235987755982988 0 0)) (repeat (T (T (T (repeat (T l (M 0.2586255110086881 0 -0.12931275550434404 0.17798373876248838)) 5 (M 1 1.2566370614359172 0 0)) (M 1 0.6283185307179586 0 0)) (M 1 -1.5707963267948966 0 0)) (M 1 0.0 2.7276000000000007 0)) 4 (M 1 1.5707963267948966 0 0)))),c,2.2,p,4,s,double,balanced_data/dim_balanced/nuts_and_bolts/dim3/var4/images/98.png
(C (T (repeat (T l (M 6.434671708797581 0 -3.2173358543987907 3.2173358543987916)) 4 (M 1 1.5707963267948966 0 0)) (M 1 0.7853981633974483 0 0)) (C (T (repeat (T l (M 0.23027820746895286 0 -0.11513910373447643 2.1969849764600626)) 60 (M 1 0.10471975511965977 0 0)) (M 1 0.05235987755982988 0 0)) (repeat (T (T (T (repeat (T l (M 0.2586255110086881 0 -0.12931275550434404 0.17798373876248838)) 5 (M 1 1.2566370614359172 0 0)) (M 1 0.6283185307179586 0 0)) (M 1 -1.5707963267948966 0 0)) (M 1 0.0 2.7276000000000007 0)) 4 (M 1 1.5707963267948966 0 0)))),c,2.2,p,4,s,outer_only,balanced_data/dim_balanced/nuts_and_bolts/dim3/var4/images/99.png
(C (C (T (repeat (T l (M 4.937396119256775 0 -2.4686980596283874 3.3978713763747797)) 5 (M 1 1.2566370614359172 0 0)) (M 1 0.6283185307179586 0 0)) (T (repeat (T l (M 5.348845795861505 0 -2.6744228979307527 3.6810273244060108)) 5 (M 1 1.2566370614359172 0 0)) (M 1 0.6283185307179586 0 0))) (C (T (repeat (T l (M 0.23027820746895286 0 -0.11513910373447643 2.1969849764600626)) 60 (M 1 0.10471975511965977 0 0)) (M 1 0.05235987755982988 0 0)) (repeat (T (T (T (repeat (T l (M 0.36442685642133327 0 -0.18221342821066663 0.25079526825623366)) 5 (M 1 1.2566370614359172 0 0)) (M 1 0.6283185307179586 0 0)) (M 1 -1.5707963267948966 0 0)) (M 1 0.0 2.856849257006129 0)) 4 (M 1 1.5707963267948966 0 0)))),c,2.2,p,4,p,double,balanced_data/dim_balanced/nuts_and_bolts/dim3/var4/images/100.png
(C (T (repeat (T l (M 5.348845795861505 0 -2.6744228979307527 3.6810273244060108)) 5 (M 1 1.2566370614359172 0 0)) (M 1 0.6283185307179586 0 0)) (C (T (repeat (T l (M 0.23027820746895286 0 -0.11513910373447643 2.1969849764600626)) 60 (M 1 0.10471975511965977 0 0)) (M 1 0.05235987755982988 0 0)) (repeat (T (T (T (repeat (T l (M 0.36442685642133327 0 -0.18221342821066663 0.25079526825623366)) 5 (M 1 1.2566370614359172 0 0)) (M 1 0.6283185307179586 0 0)) (M 1 -1.5707963267948966 0 0)) (M 1 0.0 2.856849257006129 0)) 4 (M 1 1.5707963267948966 0 0)))),c,2.2,p,4,p,outer_only,balanced_data/dim_balanced/nuts_and_bolts/dim3/var4/images/101.png
(C (C (T (repeat (T l (M 4.199999999999999 0 -2.0999999999999996 3.6373066958946425)) 6 (M 1 1.0471975511965976 0 0)) (M 1 0.5235987755982988 0 0)) (T (repeat (T l (M 4.549999999999999 0 -2.2749999999999995 3.940415587219196)) 6 (M 1 1.0471975511965976 0 0)) (M 1 0.5235987755982988 0 0))) (C (T (repeat (T l (M 0.23027820746895286 0 -0.11513910373447643 2.1969849764600626)) 60 (M 1 0.10471975511965977 0 0)) (M 1 0.05235987755982988 0 0)) (repeat (T (T (T (repeat (T l (M 0.4702282018339785 0 -0.23511410091698925 0.323606797749979)) 5 (M 1 1.2566370614359172 0 0)) (M 1 0.6283185307179586 0 0)) (M 1 -1.5707963267948966 0 0)) (M 1 0.0 2.9788186827420535 0)) 4 (M 1 1.5707963267948966 0 0)))),c,2.2,p,4,h,double,balanced_data/dim_balanced/nuts_and_bolts/dim3/var4/images/102.png
(C (T (repeat (T l (M 4.549999999999999 0 -2.2749999999999995 3.940415587219196)) 6 (M 1 1.0471975511965976 0 0)) (M 1 0.5235987755982988 0 0)) (C (T (repeat (T l (M 0.23027820746895286 0 -0.11513910373447643 2.1969849764600626)) 60 (M 1 0.10471975511965977 0 0)) (M 1 0.05235987755982988 0 0)) (repeat (T (T (T (repeat (T l (M 0.4702282018339785 0 -0.23511410091698925 0.323606797749979)) 5 (M 1 1.2566370614359172 0 0)) (M 1 0.6283185307179586 0 0)) (M 1 -1.5707963267948966 0 0)) (M 1 0.0 2.9788186827420535 0)) 4 (M 1 1.5707963267948966 0 0)))),c,2.2,p,4,h,outer_only,balanced_data/dim_balanced/nuts_and_bolts/dim3/var4/images/103.png
(C (C (T (repeat (T l (M 0.43962203244072817 0 -0.21981101622036409 4.19424404596921)) 60 (M 1 0.10471975511965977 0 0)) (M 1 0.05235987755982988 0 0)) (T (repeat (T l (M 0.4762572018107888 0 -0.2381286009053944 4.54376438313331)) 60 (M 1 0.10471975511965977 0 0)) (M 1 0.05235987755982988 0 0))) (C (T (repeat (T l (M 0.23027820746895286 0 -0.11513910373447643 2.1969849764600626)) 60 (M 1 0.10471975511965977 0 0)) (M 1 0.05235987755982988 0 0)) (repeat (T (T (T (repeat (T l (M 0.4702282018339785 0 -0.23511410091698925 0.323606797749979)) 5 (M 1 1.2566370614359172 0 0)) (M 1 0.6283185307179586 0 0)) (M 1 -1.5707963267948966 0 0)) (M 1 0.0 3.2851342252830658 0)) 6 (M 1 1.0471975511965976 0 0)))),c,2.2,p,6,c,double,balanced_data/dim_balanced/nuts_and_bolts/dim3/var4/images/104.png
(C (T (repeat (T l (M 0.4762572018107888 0 -0.2381286009053944 4.54376438313331)) 60 (M 1 0.10471975511965977 0 0)) (M 1 0.05235987755982988 0 0)) (C (T (repeat (T l (M 0.23027820746895286 0 -0.11513910373447643 2.1969849764600626)) 60 (M 1 0.10471975511965977 0 0)) (M 1 0.05235987755982988 0 0)) (repeat (T (T (T (repeat (T l (M 0.4702282018339785 0 -0.23511410091698925 0.323606797749979)) 5 (M 1 1.2566370614359172 0 0)) (M 1 0.6283185307179586 0 0)) (M 1 -1.5707963267948966 0 0)) (M 1 0.0 3.2851342252830658 0)) 6 (M 1 1.0471975511965976 0 0)))),c,2.2,p,6,c,outer_only,balanced_data/dim_balanced/nuts_and_bolts/dim3/var4/images/105.png
(C (C (T (repeat (T l (M 5.939696961966999 0 -2.9698484809834995 2.9698484809835)) 4 (M 1 1.5707963267948966 0 0)) (M 1 0.7853981633974483 0 0)) (T (repeat (T l (M 6.434671708797581 0 -3.2173358543987907 3.2173358543987916)) 4 (M 1 1.5707963267948966 0 0)) (M 1 0.7853981633974483 0 0))) (C (T (repeat (T l (M 0.23027820746895286 0 -0.11513910373447643 2.1969849764600626)) 60 (M 1 0.10471975511965977 0 0)) (M 1 0.05235987755982988 0 0)) (repeat (T (T (T (repeat (T l (M 0.2586255110086881 0 -0.12931275550434404 0.17798373876248838)) 5 (M 1 1.2566370614359172 0 0)) (M 1 0.6283185307179586 0 0)) (M 1 -1.5707963267948966 0 0)) (M 1 0.0 2.7276000000000007 0)) 6 (M 1 1.0471975511965976 0 0)))),c,2.2,p,6,s,double,balanced_data/dim_balanced/nuts_and_bolts/dim3/var4/images/106.png
(C (T (repeat (T l (M 6.434671708797581 0 -3.2173358543987907 3.2173358543987916)) 4 (M 1 1.5707963267948966 0 0)) (M 1 0.7853981633974483 0 0)) (C (T (repeat (T l (M 0.23027820746895286 0 -0.11513910373447643 2.1969849764600626)) 60 (M 1 0.10471975511965977 0 0)) (M 1 0.05235987755982988 0 0)) (repeat (T (T (T (repeat (T l (M 0.2586255110086881 0 -0.12931275550434404 0.17798373876248838)) 5 (M 1 1.2566370614359172 0 0)) (M 1 0.6283185307179586 0 0)) (M 1 -1.5707963267948966 0 0)) (M 1 0.0 2.7276000000000007 0)) 6 (M 1 1.0471975511965976 0 0)))),c,2.2,p,6,s,outer_only,balanced_data/dim_balanced/nuts_and_bolts/dim3/var4/images/107.png
(C (C (T (repeat (T l (M 4.937396119256775 0 -2.4686980596283874 3.3978713763747797)) 5 (M 1 1.2566370614359172 0 0)) (M 1 0.6283185307179586 0 0)) (T (repeat (T l (M 5.348845795861505 0 -2.6744228979307527 3.6810273244060108)) 5 (M 1 1.2566370614359172 0 0)) (M 1 0.6283185307179586 0 0))) (C (T (repeat (T l (M 0.23027820746895286 0 -0.11513910373447643 2.1969849764600626)) 60 (M 1 0.10471975511965977 0 0)) (M 1 0.05235987755982988 0 0)) (repeat (T (T (T (repeat (T l (M 0.36442685642133327 0 -0.18221342821066663 0.25079526825623366)) 5 (M 1 1.2566370614359172 0 0)) (M 1 0.6283185307179586 0 0)) (M 1 -1.5707963267948966 0 0)) (M 1 0.0 2.856849257006129 0)) 6 (M 1 1.0471975511965976 0 0)))),c,2.2,p,6,p,double,balanced_data/dim_balanced/nuts_and_bolts/dim3/var4/images/108.png
(C (T (repeat (T l (M 5.348845795861505 0 -2.6744228979307527 3.6810273244060108)) 5 (M 1 1.2566370614359172 0 0)) (M 1 0.6283185307179586 0 0)) (C (T (repeat (T l (M 0.23027820746895286 0 -0.11513910373447643 2.1969849764600626)) 60 (M 1 0.10471975511965977 0 0)) (M 1 0.05235987755982988 0 0)) (repeat (T (T (T (repeat (T l (M 0.36442685642133327 0 -0.18221342821066663 0.25079526825623366)) 5 (M 1 1.2566370614359172 0 0)) (M 1 0.6283185307179586 0 0)) (M 1 -1.5707963267948966 0 0)) (M 1 0.0 2.856849257006129 0)) 6 (M 1 1.0471975511965976 0 0)))),c,2.2,p,6,p,outer_only,balanced_data/dim_balanced/nuts_and_bolts/dim3/var4/images/109.png
(C (C (T (repeat (T l (M 4.199999999999999 0 -2.0999999999999996 3.6373066958946425)) 6 (M 1 1.0471975511965976 0 0)) (M 1 0.5235987755982988 0 0)) (T (repeat (T l (M 4.549999999999999 0 -2.2749999999999995 3.940415587219196)) 6 (M 1 1.0471975511965976 0 0)) (M 1 0.5235987755982988 0 0))) (C (T (repeat (T l (M 0.23027820746895286 0 -0.11513910373447643 2.1969849764600626)) 60 (M 1 0.10471975511965977 0 0)) (M 1 0.05235987755982988 0 0)) (repeat (T (T (T (repeat (T l (M 0.4702282018339785 0 -0.23511410091698925 0.323606797749979)) 5 (M 1 1.2566370614359172 0 0)) (M 1 0.6283185307179586 0 0)) (M 1 -1.5707963267948966 0 0)) (M 1 0.0 2.9788186827420535 0)) 6 (M 1 1.0471975511965976 0 0)))),c,2.2,p,6,h,double,balanced_data/dim_balanced/nuts_and_bolts/dim3/var4/images/110.png
(C (T (repeat (T l (M 4.549999999999999 0 -2.2749999999999995 3.940415587219196)) 6 (M 1 1.0471975511965976 0 0)) (M 1 0.5235987755982988 0 0)) (C (T (repeat (T l (M 0.23027820746895286 0 -0.11513910373447643 2.1969849764600626)) 60 (M 1 0.10471975511965977 0 0)) (M 1 0.05235987755982988 0 0)) (repeat (T (T (T (repeat (T l (M 0.4702282018339785 0 -0.23511410091698925 0.323606797749979)) 5 (M 1 1.2566370614359172 0 0)) (M 1 0.6283185307179586 0 0)) (M 1 -1.5707963267948966 0 0)) (M 1 0.0 2.9788186827420535 0)) 6 (M 1 1.0471975511965976 0 0)))),c,2.2,p,6,h,outer_only,balanced_data/dim_balanced/nuts_and_bolts/dim3/var4/images/111.png
(C (C (T (repeat (T l (M 0.43962203244072817 0 -0.21981101622036409 4.19424404596921)) 60 (M 1 0.10471975511965977 0 0)) (M 1 0.05235987755982988 0 0)) (T (repeat (T l (M 0.4762572018107888 0 -0.2381286009053944 4.54376438313331)) 60 (M 1 0.10471975511965977 0 0)) (M 1 0.05235987755982988 0 0))) (C (T (repeat (T l (M 0.23027820746895286 0 -0.11513910373447643 2.1969849764600626)) 60 (M 1 0.10471975511965977 0 0)) (M 1 0.05235987755982988 0 0)) (repeat (T (T (T (repeat (T l (M 0.39999999999999997 0 -0.19999999999999998 0.3464101615137755)) 6 (M 1 1.0471975511965976 0 0)) (M 1 0.5235987755982988 0 0)) (M 1 -1.5707963267948966 0 0)) (M 1 0.0 3.2851342252830658 0)) 4 (M 1 1.5707963267948966 0 0)))),c,2.2,h,4,c,double,balanced_data/dim_balanced/nuts_and_bolts/dim3/var4/images/112.png
(C (T (repeat (T l (M 0.4762572018107888 0 -0.2381286009053944 4.54376438313331)) 60 (M 1 0.10471975511965977 0 0)) (M 1 0.05235987755982988 0 0)) (C (T (repeat (T l (M 0.23027820746895286 0 -0.11513910373447643 2.1969849764600626)) 60 (M 1 0.10471975511965977 0 0)) (M 1 0.05235987755982988 0 0)) (repeat (T (T (T (repeat (T l (M 0.39999999999999997 0 -0.19999999999999998 0.3464101615137755)) 6 (M 1 1.0471975511965976 0 0)) (M 1 0.5235987755982988 0 0)) (M 1 -1.5707963267948966 0 0)) (M 1 0.0 3.2851342252830658 0)) 4 (M 1 1.5707963267948966 0 0)))),c,2.2,h,4,c,outer_only,balanced_data/dim_balanced/nuts_and_bolts/dim3/var4/images/113.png
(C (C (T (repeat (T l (M 5.939696961966999 0 -2.9698484809834995 2.9698484809835)) 4 (M 1 1.5707963267948966 0 0)) (M 1 0.7853981633974483 0 0)) (T (repeat (T l (M 6.434671708797581 0 -3.2173358543987907 3.2173358543987916)) 4 (M 1 1.5707963267948966 0 0)) (M 1 0.7853981633974483 0 0))) (C (T (repeat (T l (M 0.23027820746895286 0 -0.11513910373447643 2.1969849764600626)) 60 (M 1 0.10471975511965977 0 0)) (M 1 0.05235987755982988 0 0)) (repeat (T (T (T (repeat (T l (M 0.2199999999999999 0 -0.10999999999999995 0.19052558883257645)) 6 (M 1 1.0471975511965976 0 0)) (M 1 0.5235987755982988 0 0)) (M 1 -1.5707963267948966 0 0)) (M 1 0.0 2.7276000000000007 0)) 4 (M 1 1.5707963267948966 0 0)))),c,2.2,h,4,s,double,balanced_data/dim_balanced/nuts_and_bolts/dim3/var4/images/114.png
(C (T (repeat (T l (M 6.434671708797581 0 -3.2173358543987907 3.2173358543987916)) 4 (M 1 1.5707963267948966 0 0)) (M 1 0.7853981633974483 0 0)) (C (T (repeat (T l (M 0.23027820746895286 0 -0.11513910373447643 2.1969849764600626)) 60 (M 1 0.10471975511965977 0 0)) (M 1 0.05235987755982988 0 0)) (repeat (T (T (T (repeat (T l (M 0.2199999999999999 0 -0.10999999999999995 0.19052558883257645)) 6 (M 1 1.0471975511965976 0 0)) (M 1 0.5235987755982988 0 0)) (M 1 -1.5707963267948966 0 0)) (M 1 0.0 2.7276000000000007 0)) 4 (M 1 1.5707963267948966 0 0)))),c,2.2,h,4,s,outer_only,balanced_data/dim_balanced/nuts_and_bolts/dim3/var4/images/115.png
(C (C (T (repeat (T l (M 4.937396119256775 0 -2.4686980596283874 3.3978713763747797)) 5 (M 1 1.2566370614359172 0 0)) (M 1 0.6283185307179586 0 0)) (T (repeat (T l (M 5.348845795861505 0 -2.6744228979307527 3.6810273244060108)) 5 (M 1 1.2566370614359172 0 0)) (M 1 0.6283185307179586 0 0))) (C (T (repeat (T l (M 0.23027820746895286 0 -0.11513910373447643 2.1969849764600626)) 60 (M 1 0.10471975511965977 0 0)) (M 1 0.05235987755982988 0 0)) (repeat (T (T (T (repeat (T l (M 0.3099999999999999 0 -0.15499999999999994 0.26846787517317594)) 6 (M 1 1.0471975511965976 0 0)) (M 1 0.5235987755982988 0 0)) (M 1 -1.5707963267948966 0 0)) (M 1 0.0 2.856849257006129 0)) 4 (M 1 1.5707963267948966 0 0)))),c,2.2,h,4,p,double,balanced_data/dim_balanced/nuts_and_bolts/dim3/var4/images/116.png
(C (T (repeat (T l (M 5.348845795861505 0 -2.6744228979307527 3.6810273244060108)) 5 (M 1 1.2566370614359172 0 0)) (M 1 0.6283185307179586 0 0)) (C (T (repeat (T l (M 0.23027820746895286 0 -0.11513910373447643 2.1969849764600626)) 60 (M 1 0.10471975511965977 0 0)) (M 1 0.05235987755982988 0 0)) (repeat (T (T (T (repeat (T l (M 0.3099999999999999 0 -0.15499999999999994 0.26846787517317594)) 6 (M 1 1.0471975511965976 0 0)) (M 1 0.5235987755982988 0 0)) (M 1 -1.5707963267948966 0 0)) (M 1 0.0 2.856849257006129 0)) 4 (M 1 1.5707963267948966 0 0)))),c,2.2,h,4,p,outer_only,balanced_data/dim_balanced/nuts_and_bolts/dim3/var4/images/117.png
(C (C (T (repeat (T l (M 4.199999999999999 0 -2.0999999999999996 3.6373066958946425)) 6 (M 1 1.0471975511965976 0 0)) (M 1 0.5235987755982988 0 0)) (T (repeat (T l (M 4.549999999999999 0 -2.2749999999999995 3.940415587219196)) 6 (M 1 1.0471975511965976 0 0)) (M 1 0.5235987755982988 0 0))) (C (T (repeat (T l (M 0.23027820746895286 0 -0.11513910373447643 2.1969849764600626)) 60 (M 1 0.10471975511965977 0 0)) (M 1 0.05235987755982988 0 0)) (repeat (T (T (T (repeat (T l (M 0.39999999999999997 0 -0.19999999999999998 0.3464101615137755)) 6 (M 1 1.0471975511965976 0 0)) (M 1 0.5235987755982988 0 0)) (M 1 -1.5707963267948966 0 0)) (M 1 0.0 2.9788186827420535 0)) 4 (M 1 1.5707963267948966 0 0)))),c,2.2,h,4,h,double,balanced_data/dim_balanced/nuts_and_bolts/dim3/var4/images/118.png
(C (T (repeat (T l (M 4.549999999999999 0 -2.2749999999999995 3.940415587219196)) 6 (M 1 1.0471975511965976 0 0)) (M 1 0.5235987755982988 0 0)) (C (T (repeat (T l (M 0.23027820746895286 0 -0.11513910373447643 2.1969849764600626)) 60 (M 1 0.10471975511965977 0 0)) (M 1 0.05235987755982988 0 0)) (repeat (T (T (T (repeat (T l (M 0.39999999999999997 0 -0.19999999999999998 0.3464101615137755)) 6 (M 1 1.0471975511965976 0 0)) (M 1 0.5235987755982988 0 0)) (M 1 -1.5707963267948966 0 0)) (M 1 0.0 2.9788186827420535 0)) 4 (M 1 1.5707963267948966 0 0)))),c,2.2,h,4,h,outer_only,balanced_data/dim_balanced/nuts_and_bolts/dim3/var4/images/119.png
(C (C (T (repeat (T l (M 0.43962203244072817 0 -0.21981101622036409 4.19424404596921)) 60 (M 1 0.10471975511965977 0 0)) (M 1 0.05235987755982988 0 0)) (T (repeat (T l (M 0.4762572018107888 0 -0.2381286009053944 4.54376438313331)) 60 (M 1 0.10471975511965977 0 0)) (M 1 0.05235987755982988 0 0))) (C (T (repeat (T l (M 0.23027820746895286 0 -0.11513910373447643 2.1969849764600626)) 60 (M 1 0.10471975511965977 0 0)) (M 1 0.05235987755982988 0 0)) (repeat (T (T (T (repeat (T l (M 0.39999999999999997 0 -0.19999999999999998 0.3464101615137755)) 6 (M 1 1.0471975511965976 0 0)) (M 1 0.5235987755982988 0 0)) (M 1 -1.5707963267948966 0 0)) (M 1 0.0 3.2851342252830658 0)) 6 (M 1 1.0471975511965976 0 0)))),c,2.2,h,6,c,double,balanced_data/dim_balanced/nuts_and_bolts/dim3/var4/images/120.png
(C (T (repeat (T l (M 0.4762572018107888 0 -0.2381286009053944 4.54376438313331)) 60 (M 1 0.10471975511965977 0 0)) (M 1 0.05235987755982988 0 0)) (C (T (repeat (T l (M 0.23027820746895286 0 -0.11513910373447643 2.1969849764600626)) 60 (M 1 0.10471975511965977 0 0)) (M 1 0.05235987755982988 0 0)) (repeat (T (T (T (repeat (T l (M 0.39999999999999997 0 -0.19999999999999998 0.3464101615137755)) 6 (M 1 1.0471975511965976 0 0)) (M 1 0.5235987755982988 0 0)) (M 1 -1.5707963267948966 0 0)) (M 1 0.0 3.2851342252830658 0)) 6 (M 1 1.0471975511965976 0 0)))),c,2.2,h,6,c,outer_only,balanced_data/dim_balanced/nuts_and_bolts/dim3/var4/images/121.png
(C (C (T (repeat (T l (M 5.939696961966999 0 -2.9698484809834995 2.9698484809835)) 4 (M 1 1.5707963267948966 0 0)) (M 1 0.7853981633974483 0 0)) (T (repeat (T l (M 6.434671708797581 0 -3.2173358543987907 3.2173358543987916)) 4 (M 1 1.5707963267948966 0 0)) (M 1 0.7853981633974483 0 0))) (C (T (repeat (T l (M 0.23027820746895286 0 -0.11513910373447643 2.1969849764600626)) 60 (M 1 0.10471975511965977 0 0)) (M 1 0.05235987755982988 0 0)) (repeat (T (T (T (repeat (T l (M 0.2199999999999999 0 -0.10999999999999995 0.19052558883257645)) 6 (M 1 1.0471975511965976 0 0)) (M 1 0.5235987755982988 0 0)) (M 1 -1.5707963267948966 0 0)) (M 1 0.0 2.7276000000000007 0)) 6 (M 1 1.0471975511965976 0 0)))),c,2.2,h,6,s,double,balanced_data/dim_balanced/nuts_and_bolts/dim3/var4/images/122.png
(C (T (repeat (T l (M 6.434671708797581 0 -3.2173358543987907 3.2173358543987916)) 4 (M 1 1.5707963267948966 0 0)) (M 1 0.7853981633974483 0 0)) (C (T (repeat (T l (M 0.23027820746895286 0 -0.11513910373447643 2.1969849764600626)) 60 (M 1 0.10471975511965977 0 0)) (M 1 0.05235987755982988 0 0)) (repeat (T (T (T (repeat (T l (M 0.2199999999999999 0 -0.10999999999999995 0.19052558883257645)) 6 (M 1 1.0471975511965976 0 0)) (M 1 0.5235987755982988 0 0)) (M 1 -1.5707963267948966 0 0)) (M 1 0.0 2.7276000000000007 0)) 6 (M 1 1.0471975511965976 0 0)))),c,2.2,h,6,s,outer_only,balanced_data/dim_balanced/nuts_and_bolts/dim3/var4/images/123.png
(C (C (T (repeat (T l (M 4.937396119256775 0 -2.4686980596283874 3.3978713763747797)) 5 (M 1 1.2566370614359172 0 0)) (M 1 0.6283185307179586 0 0)) (T (repeat (T l (M 5.348845795861505 0 -2.6744228979307527 3.6810273244060108)) 5 (M 1 1.2566370614359172 0 0)) (M 1 0.6283185307179586 0 0))) (C (T (repeat (T l (M 0.23027820746895286 0 -0.11513910373447643 2.1969849764600626)) 60 (M 1 0.10471975511965977 0 0)) (M 1 0.05235987755982988 0 0)) (repeat (T (T (T (repeat (T l (M 0.3099999999999999 0 -0.15499999999999994 0.26846787517317594)) 6 (M 1 1.0471975511965976 0 0)) (M 1 0.5235987755982988 0 0)) (M 1 -1.5707963267948966 0 0)) (M 1 0.0 2.856849257006129 0)) 6 (M 1 1.0471975511965976 0 0)))),c,2.2,h,6,p,double,balanced_data/dim_balanced/nuts_and_bolts/dim3/var4/images/124.png
(C (T (repeat (T l (M 5.348845795861505 0 -2.6744228979307527 3.6810273244060108)) 5 (M 1 1.2566370614359172 0 0)) (M 1 0.6283185307179586 0 0)) (C (T (repeat (T l (M 0.23027820746895286 0 -0.11513910373447643 2.1969849764600626)) 60 (M 1 0.10471975511965977 0 0)) (M 1 0.05235987755982988 0 0)) (repeat (T (T (T (repeat (T l (M 0.3099999999999999 0 -0.15499999999999994 0.26846787517317594)) 6 (M 1 1.0471975511965976 0 0)) (M 1 0.5235987755982988 0 0)) (M 1 -1.5707963267948966 0 0)) (M 1 0.0 2.856849257006129 0)) 6 (M 1 1.0471975511965976 0 0)))),c,2.2,h,6,p,outer_only,balanced_data/dim_balanced/nuts_and_bolts/dim3/var4/images/125.png
(C (C (T (repeat (T l (M 4.199999999999999 0 -2.0999999999999996 3.6373066958946425)) 6 (M 1 1.0471975511965976 0 0)) (M 1 0.5235987755982988 0 0)) (T (repeat (T l (M 4.549999999999999 0 -2.2749999999999995 3.940415587219196)) 6 (M 1 1.0471975511965976 0 0)) (M 1 0.5235987755982988 0 0))) (C (T (repeat (T l (M 0.23027820746895286 0 -0.11513910373447643 2.1969849764600626)) 60 (M 1 0.10471975511965977 0 0)) (M 1 0.05235987755982988 0 0)) (repeat (T (T (T (repeat (T l (M 0.39999999999999997 0 -0.19999999999999998 0.3464101615137755)) 6 (M 1 1.0471975511965976 0 0)) (M 1 0.5235987755982988 0 0)) (M 1 -1.5707963267948966 0 0)) (M 1 0.0 2.9788186827420535 0)) 6 (M 1 1.0471975511965976 0 0)))),c,2.2,h,6,h,double,balanced_data/dim_balanced/nuts_and_bolts/dim3/var4/images/126.png
(C (T (repeat (T l (M 4.549999999999999 0 -2.2749999999999995 3.940415587219196)) 6 (M 1 1.0471975511965976 0 0)) (M 1 0.5235987755982988 0 0)) (C (T (repeat (T l (M 0.23027820746895286 0 -0.11513910373447643 2.1969849764600626)) 60 (M 1 0.10471975511965977 0 0)) (M 1 0.05235987755982988 0 0)) (repeat (T (T (T (repeat (T l (M 0.39999999999999997 0 -0.19999999999999998 0.3464101615137755)) 6 (M 1 1.0471975511965976 0 0)) (M 1 0.5235987755982988 0 0)) (M 1 -1.5707963267948966 0 0)) (M 1 0.0 2.9788186827420535 0)) 6 (M 1 1.0471975511965976 0 0)))),c,2.2,h,6,h,outer_only,balanced_data/dim_balanced/nuts_and_bolts/dim3/var4/images/127.png
(C (C (T (repeat (T l (M 0.43962203244072817 0 -0.21981101622036409 4.19424404596921)) 60 (M 1 0.10471975511965977 0 0)) (M 1 0.05235987755982988 0 0)) (T (repeat (T l (M 0.4762572018107888 0 -0.2381286009053944 4.54376438313331)) 60 (M 1 0.10471975511965977 0 0)) (M 1 0.05235987755982988 0 0))) (C (T (repeat (T l (M 1.414213562373095 0 -0.7071067811865475 0.7071067811865476)) 4 (M 1 1.5707963267948966 0 0)) (M 1 0.7853981633974483 0 0)) (repeat (T (T (T (repeat (T l (M 0.041868764994355066 0 -0.020934382497177533 0.39945181390182954)) 60 (M 1 0.10471975511965977 0 0)) (M 1 0.05235987755982988 0 0)) (M 1 -1.5707963267948966 0 0)) (M 1 0.0 2.7181342252830656 0)) 4 (M 1 1.5707963267948966 0 0)))),s,1.0,c,4,c,double,balanced_data/dim_balanced/nuts_and_bolts/dim3/var4/images/128.png
(C (T (repeat (T l (M 0.4762572018107888 0 -0.2381286009053944 4.54376438313331)) 60 (M 1 0.10471975511965977 0 0)) (M 1 0.05235987755982988 0 0)) (C (T (repeat (T l (M 1.414213562373095 0 -0.7071067811865475 0.7071067811865476)) 4 (M 1 1.5707963267948966 0 0)) (M 1 0.7853981633974483 0 0)) (repeat (T (T (T (repeat (T l (M 0.041868764994355066 0 -0.020934382497177533 0.39945181390182954)) 60 (M 1 0.10471975511965977 0 0)) (M 1 0.05235987755982988 0 0)) (M 1 -1.5707963267948966 0 0)) (M 1 0.0 2.7181342252830656 0)) 4 (M 1 1.5707963267948966 0 0)))),s,1.0,c,4,c,outer_only,balanced_data/dim_balanced/nuts_and_bolts/dim3/var4/images/129.png
(C (C (T (repeat (T l (M 5.939696961966999 0 -2.9698484809834995 2.9698484809835)) 4 (M 1 1.5707963267948966 0 0)) (M 1 0.7853981633974483 0 0)) (T (repeat (T l (M 6.434671708797581 0 -3.2173358543987907 3.2173358543987916)) 4 (M 1 1.5707963267948966 0 0)) (M 1 0.7853981633974483 0 0))) (C (T (repeat (T l (M 1.414213562373095 0 -0.7071067811865475 0.7071067811865476)) 4 (M 1 1.5707963267948966 0 0)) (M 1 0.7853981633974483 0 0)) (repeat (T (T (T (repeat (T l (M 0.041868764994355066 0 -0.020934382497177533 0.39945181390182954)) 60 (M 1 0.10471975511965977 0 0)) (M 1 0.05235987755982988 0 0)) (M 1 -1.5707963267948966 0 0)) (M 1 0.0 2.044716664540925 0)) 4 (M 1 1.5707963267948966 0 0)))),s,1.0,c,4,s,double,balanced_data/dim_balanced/nuts_and_bolts/dim3/var4/images/130.png
(C (T (repeat (T l (M 6.434671708797581 0 -3.2173358543987907 3.2173358543987916)) 4 (M 1 1.5707963267948966 0 0)) (M 1 0.7853981633974483 0 0)) (C (T (repeat (T l (M 1.414213562373095 0 -0.7071067811865475 0.7071067811865476)) 4 (M 1 1.5707963267948966 0 0)) (M 1 0.7853981633974483 0 0)) (repeat (T (T (T (repeat (T l (M 0.041868764994355066 0 -0.020934382497177533 0.39945181390182954)) 60 (M 1 0.10471975511965977 0 0)) (M 1 0.05235987755982988 0 0)) (M 1 -1.5707963267948966 0 0)) (M 1 0.0 2.044716664540925 0)) 4 (M 1 1.5707963267948966 0 0)))),s,1.0,c,4,s,outer_only,balanced_data/dim_balanced/nuts_and_bolts/dim3/var4/images/131.png
(C (C (T (repeat (T l (M 4.937396119256775 0 -2.4686980596283874 3.3978713763747797)) 5 (M 1 1.2566370614359172 0 0)) (M 1 0.6283185307179586 0 0)) (T (repeat (T l (M 5.348845795861505 0 -2.6744228979307527 3.6810273244060108)) 5 (M 1 1.2566370614359172 0 0)) (M 1 0.6283185307179586 0 0))) (C (T (repeat (T l (M 1.414213562373095 0 -0.7071067811865475 0.7071067811865476)) 4 (M 1 1.5707963267948966 0 0)) (M 1 0.7853981633974483 0 0)) (repeat (T (T (T (repeat (T l (M 0.041868764994355066 0 -0.020934382497177533 0.39945181390182954)) 60 (M 1 0.10471975511965977 0 0)) (M 1 0.05235987755982988 0 0)) (M 1 -1.5707963267948966 0 0)) (M 1 0.0 2.280129257006129 0)) 4 (M 1 1.5707963267948966 0 0)))),s,1.0,c,4,p,double,balanced_data/dim_balanced/nuts_and_bolts/dim3/var4/images/132.png
(C (T (repeat (T l (M 5.348845795861505 0 -2.6744228979307527 3.6810273244060108)) 5 (M 1 1.2566370614359172 0 0)) (M 1 0.6283185307179586 0 0)) (C (T (repeat (T l (M 1.414213562373095 0 -0.7071067811865475 0.7071067811865476)) 4 (M 1 1.5707963267948966 0 0)) (M 1 0.7853981633974483 0 0)) (repeat (T (T (T (repeat (T l (M 0.041868764994355066 0 -0.020934382497177533 0.39945181390182954)) 60 (M 1 0.10471975511965977 0 0)) (M 1 0.05235987755982988 0 0)) (M 1 -1.5707963267948966 0 0)) (M 1 0.0 2.280129257006129 0)) 4 (M 1 1.5707963267948966 0 0)))),s,1.0,c,4,p,outer_only,balanced_data/dim_balanced/nuts_and_bolts/dim3/var4/images/133.png
(C (C (T (repeat (T l (M 4.199999999999999 0 -2.0999999999999996 3.6373066958946425)) 6 (M 1 1.0471975511965976 0 0)) (M 1 0.5235987755982988 0 0)) (T (repeat (T l (M 4.549999999999999 0 -2.2749999999999995 3.940415587219196)) 6 (M 1 1.0471975511965976 0 0)) (M 1 0.5235987755982988 0 0))) (C (T (repeat (T l (M 1.414213562373095 0 -0.7071067811865475 0.7071067811865476)) 4 (M 1 1.5707963267948966 0 0)) (M 1 0.7853981633974483 0 0)) (repeat (T (T (T (repeat (T l (M 0.041868764994355066 0 -0.020934382497177533 0.39945181390182954)) 60 (M 1 0.10471975511965977 0 0)) (M 1 0.05235987755982988 0 0)) (M 1 -1.5707963267948966 0 0)) (M 1 0.0 2.4118186827420534 0)) 4 (M 1 1.5707963267948966 0 0)))),s,1.0,c,4,h,double,balanced_data/dim_balanced/nuts_and_bolts/dim3/var4/images/134.png
(C (T (repeat (T l (M 4.549999999999999 0 -2.2749999999999995 3.940415587219196)) 6 (M 1 1.0471975511965976 0 0)) (M 1 0.5235987755982988 0 0)) (C (T (repeat (T l (M 1.414213562373095 0 -0.7071067811865475 0.7071067811865476)) 4 (M 1 1.5707963267948966 0 0)) (M 1 0.7853981633974483 0 0)) (repeat (T (T (T (repeat (T l (M 0.041868764994355066 0 -0.020934382497177533 0.39945181390182954)) 60 (M 1 0.10471975511965977 0 0)) (M 1 0.05235987755982988 0 0)) (M 1 -1.5707963267948966 0 0)) (M 1 0.0 2.4118186827420534 0)) 4 (M 1 1.5707963267948966 0 0)))),s,1.0,c,4,h,outer_only,balanced_data/dim_balanced/nuts_and_bolts/dim3/var4/images/135.png
(C (C (T (repeat (T l (M 0.43962203244072817 0 -0.21981101622036409 4.19424404596921)) 60 (M 1 0.10471975511965977 0 0)) (M 1 0.05235987755982988 0 0)) (T (repeat (T l (M 0.4762572018107888 0 -0.2381286009053944 4.54376438313331)) 60 (M 1 0.10471975511965977 0 0)) (M 1 0.05235987755982988 0 0))) (C (T (repeat (T l (M 1.414213562373095 0 -0.7071067811865475 0.7071067811865476)) 4 (M 1 1.5707963267948966 0 0)) (M 1 0.7853981633974483 0 0)) (repeat (T (T (T (repeat (T l (M 0.041868764994355066 0 -0.020934382497177533 0.39945181390182954)) 60 (M 1 0.10471975511965977 0 0)) (M 1 0.05235987755982988 0 0)) (M 1 -1.5707963267948966 0 0)) (M 1 0.0 2.7181342252830656 0)) 6 (M 1 1.0471975511965976 0 0)))),s,1.0,c,6,c,double,balanced_data/dim_balanced/nuts_and_bolts/dim3/var4/images/136.png
(C (T (repeat (T l (M 0.4762572018107888 0 -0.2381286009053944 4.54376438313331)) 60 (M 1 0.10471975511965977 0 0)) (M 1 0.05235987755982988 0 0)) (C (T (repeat (T l (M 1.414213562373095 0 -0.7071067811865475 0.7071067811865476)) 4 (M 1 1.5707963267948966 0 0)) (M 1 0.7853981633974483 0 0)) (repeat (T (T (T (repeat (T l (M 0.041868764994355066 0 -0.020934382497177533 0.39945181390182954)) 60 (M 1 0.10471975511965977 0 0)) (M 1 0.05235987755982988 0 0)) (M 1 -1.5707963267948966 0 0)) (M 1 0.0 2.7181342252830656 0)) 6 (M 1 1.0471975511965976 0 0)))),s,1.0,c,6,c,outer_only,balanced_data/dim_balanced/nuts_and_bolts/dim3/var4/images/137.png
(C (C (T (repeat (T l (M 5.939696961966999 0 -2.9698484809834995 2.9698484809835)) 4 (M 1 1.5707963267948966 0 0)) (M 1 0.7853981633974483 0 0)) (T (repeat (T l (M 6.434671708797581 0 -3.2173358543987907 3.2173358543987916)) 4 (M 1 1.5707963267948966 0 0)) (M 1 0.7853981633974483 0 0))) (C (T (repeat (T l (M 1.414213562373095 0 -0.7071067811865475 0.7071067811865476)) 4 (M 1 1.5707963267948966 0 0)) (M 1 0.7853981633974483 0 0)) (repeat (T (T (T (repeat (T l (M 0.041868764994355066 0 -0.020934382497177533 0.39945181390182954)) 60 (M 1 0.10471975511965977 0 0)) (M 1 0.05235987755982988 0 0)) (M 1 -1.5707963267948966 0 0)) (M 1 0.0 2.044716664540925 0)) 6 (M 1 1.0471975511965976 0 0)))),s,1.0,c,6,s,double,balanced_data/dim_balanced/nuts_and_bolts/dim3/var4/images/138.png
(C (T (repeat (T l (M 6.434671708797581 0 -3.2173358543987907 3.2173358543987916)) 4 (M 1 1.5707963267948966 0 0)) (M 1 0.7853981633974483 0 0)) (C (T (repeat (T l (M 1.414213562373095 0 -0.7071067811865475 0.7071067811865476)) 4 (M 1 1.5707963267948966 0 0)) (M 1 0.7853981633974483 0 0)) (repeat (T (T (T (repeat (T l (M 0.041868764994355066 0 -0.020934382497177533 0.39945181390182954)) 60 (M 1 0.10471975511965977 0 0)) (M 1 0.05235987755982988 0 0)) (M 1 -1.5707963267948966 0 0)) (M 1 0.0 2.044716664540925 0)) 6 (M 1 1.0471975511965976 0 0)))),s,1.0,c,6,s,outer_only,balanced_data/dim_balanced/nuts_and_bolts/dim3/var4/images/139.png
(C (C (T (repeat (T l (M 4.937396119256775 0 -2.4686980596283874 3.3978713763747797)) 5 (M 1 1.2566370614359172 0 0)) (M 1 0.6283185307179586 0 0)) (T (repeat (T l (M 5.348845795861505 0 -2.6744228979307527 3.6810273244060108)) 5 (M 1 1.2566370614359172 0 0)) (M 1 0.6283185307179586 0 0))) (C (T (repeat (T l (M 1.414213562373095 0 -0.7071067811865475 0.7071067811865476)) 4 (M 1 1.5707963267948966 0 0)) (M 1 0.7853981633974483 0 0)) (repeat (T (T (T (repeat (T l (M 0.041868764994355066 0 -0.020934382497177533 0.39945181390182954)) 60 (M 1 0.10471975511965977 0 0)) (M 1 0.05235987755982988 0 0)) (M 1 -1.5707963267948966 0 0)) (M 1 0.0 2.280129257006129 0)) 6 (M 1 1.0471975511965976 0 0)))),s,1.0,c,6,p,double,balanced_data/dim_balanced/nuts_and_bolts/dim3/var4/images/140.png
(C (T (repeat (T l (M 5.348845795861505 0 -2.6744228979307527 3.6810273244060108)) 5 (M 1 1.2566370614359172 0 0)) (M 1 0.6283185307179586 0 0)) (C (T (repeat (T l (M 1.414213562373095 0 -0.7071067811865475 0.7071067811865476)) 4 (M 1 1.5707963267948966 0 0)) (M 1 0.7853981633974483 0 0)) (repeat (T (T (T (repeat (T l (M 0.041868764994355066 0 -0.020934382497177533 0.39945181390182954)) 60 (M 1 0.10471975511965977 0 0)) (M 1 0.05235987755982988 0 0)) (M 1 -1.5707963267948966 0 0)) (M 1 0.0 2.280129257006129 0)) 6 (M 1 1.0471975511965976 0 0)))),s,1.0,c,6,p,outer_only,balanced_data/dim_balanced/nuts_and_bolts/dim3/var4/images/141.png
(C (C (T (repeat (T l (M 4.199999999999999 0 -2.0999999999999996 3.6373066958946425)) 6 (M 1 1.0471975511965976 0 0)) (M 1 0.5235987755982988 0 0)) (T (repeat (T l (M 4.549999999999999 0 -2.2749999999999995 3.940415587219196)) 6 (M 1 1.0471975511965976 0 0)) (M 1 0.5235987755982988 0 0))) (C (T (repeat (T l (M 1.414213562373095 0 -0.7071067811865475 0.7071067811865476)) 4 (M 1 1.5707963267948966 0 0)) (M 1 0.7853981633974483 0 0)) (repeat (T (T (T (repeat (T l (M 0.041868764994355066 0 -0.020934382497177533 0.39945181390182954)) 60 (M 1 0.10471975511965977 0 0)) (M 1 0.05235987755982988 0 0)) (M 1 -1.5707963267948966 0 0)) (M 1 0.0 2.4118186827420534 0)) 6 (M 1 1.0471975511965976 0 0)))),s,1.0,c,6,h,double,balanced_data/dim_balanced/nuts_and_bolts/dim3/var4/images/142.png
(C (T (repeat (T l (M 4.549999999999999 0 -2.2749999999999995 3.940415587219196)) 6 (M 1 1.0471975511965976 0 0)) (M 1 0.5235987755982988 0 0)) (C (T (repeat (T l (M 1.414213562373095 0 -0.7071067811865475 0.7071067811865476)) 4 (M 1 1.5707963267948966 0 0)) (M 1 0.7853981633974483 0 0)) (repeat (T (T (T (repeat (T l (M 0.041868764994355066 0 -0.020934382497177533 0.39945181390182954)) 60 (M 1 0.10471975511965977 0 0)) (M 1 0.05235987755982988 0 0)) (M 1 -1.5707963267948966 0 0)) (M 1 0.0 2.4118186827420534 0)) 6 (M 1 1.0471975511965976 0 0)))),s,1.0,c,6,h,outer_only,balanced_data/dim_balanced/nuts_and_bolts/dim3/var4/images/143.png
(C (C (T (repeat (T l (M 0.43962203244072817 0 -0.21981101622036409 4.19424404596921)) 60 (M 1 0.10471975511965977 0 0)) (M 1 0.05235987755982988 0 0)) (T (repeat (T l (M 0.4762572018107888 0 -0.2381286009053944 4.54376438313331)) 60 (M 1 0.10471975511965977 0 0)) (M 1 0.05235987755982988 0 0))) (C (T (repeat (T l (M 1.414213562373095 0 -0.7071067811865475 0.7071067811865476)) 4 (M 1 1.5707963267948966 0 0)) (M 1 0.7853981633974483 0 0)) (repeat (T (T (T (repeat (T l (M 0.565685424949238 0 -0.282842712474619 0.28284271247461906)) 4 (M 1 1.5707963267948966 0 0)) (M 1 0.7853981633974483 0 0)) (M 1 -1.5707963267948966 0 0)) (M 1 0.0 2.7181342252830656 0)) 4 (M 1 1.5707963267948966 0 0)))),s,1.0,s,4,c,double,balanced_data/dim_balanced/nuts_and_bolts/dim3/var4/images/144.png
(C (T (repeat (T l (M 0.4762572018107888 0 -0.2381286009053944 4.54376438313331)) 60 (M 1 0.10471975511965977 0 0)) (M 1 0.05235987755982988 0 0)) (C (T (repeat (T l (M 1.414213562373095 0 -0.7071067811865475 0.7071067811865476)) 4 (M 1 1.5707963267948966 0 0)) (M 1 0.7853981633974483 0 0)) (repeat (T (T (T (repeat (T l (M 0.565685424949238 0 -0.282842712474619 0.28284271247461906)) 4 (M 1 1.5707963267948966 0 0)) (M 1 0.7853981633974483 0 0)) (M 1 -1.5707963267948966 0 0)) (M 1 0.0 2.7181342252830656 0)) 4 (M 1 1.5707963267948966 0 0)))),s,1.0,s,4,c,outer_only,balanced_data/dim_balanced/nuts_and_bolts/dim3/var4/images/145.png
(C (C (T (repeat (T l (M 5.939696961966999 0 -2.9698484809834995 2.9698484809835)) 4 (M 1 1.5707963267948966 0 0)) (M 1 0.7853981633974483 0 0)) (T (repeat (T l (M 6.434671708797581 0 -3.2173358543987907 3.2173358543987916)) 4 (M 1 1.5707963267948966 0 0)) (M 1 0.7853981633974483 0 0))) (C (T (repeat (T l (M 1.414213562373095 0 -0.7071067811865475 0.7071067811865476)) 4 (M 1 1.5707963267948966 0 0)) (M 1 0.7853981633974483 0 0)) (repeat (T (T (T (repeat (T l (M 0.565685424949238 0 -0.282842712474619 0.28284271247461906)) 4 (M 1 1.5707963267948966 0 0)) (M 1 0.7853981633974483 0 0)) (M 1 -1.5707963267948966 0 0)) (M 1 0.0 2.044716664540925 0)) 4 (M 1 1.5707963267948966 0 0)))),s,1.0,s,4,s,double,balanced_data/dim_balanced/nuts_and_bolts/dim3/var4/images/146.png
(C (T (repeat (T l (M 6.434671708797581 0 -3.2173358543987907 3.2173358543987916)) 4 (M 1 1.5707963267948966 0 0)) (M 1 0.7853981633974483 0 0)) (C (T (repeat (T l (M 1.414213562373095 0 -0.7071067811865475 0.7071067811865476)) 4 (M 1 1.5707963267948966 0 0)) (M 1 0.7853981633974483 0 0)) (repeat (T (T (T (repeat (T l (M 0.565685424949238 0 -0.282842712474619 0.28284271247461906)) 4 (M 1 1.5707963267948966 0 0)) (M 1 0.7853981633974483 0 0)) (M 1 -1.5707963267948966 0 0)) (M 1 0.0 2.044716664540925 0)) 4 (M 1 1.5707963267948966 0 0)))),s,1.0,s,4,s,outer_only,balanced_data/dim_balanced/nuts_and_bolts/dim3/var4/images/147.png
(C (C (T (repeat (T l (M 4.937396119256775 0 -2.4686980596283874 3.3978713763747797)) 5 (M 1 1.2566370614359172 0 0)) (M 1 0.6283185307179586 0 0)) (T (repeat (T l (M 5.348845795861505 0 -2.6744228979307527 3.6810273244060108)) 5 (M 1 1.2566370614359172 0 0)) (M 1 0.6283185307179586 0 0))) (C (T (repeat (T l (M 1.414213562373095 0 -0.7071067811865475 0.7071067811865476)) 4 (M 1 1.5707963267948966 0 0)) (M 1 0.7853981633974483 0 0)) (repeat (T (T (T (repeat (T l (M 0.565685424949238 0 -0.282842712474619 0.28284271247461906)) 4 (M 1 1.5707963267948966 0 0)) (M 1 0.7853981633974483 0 0)) (M 1 -1.5707963267948966 0 0)) (M 1 0.0 2.280129257006129 0)) 4 (M 1 1.5707963267948966 0 0)))),s,1.0,s,4,p,double,balanced_data/dim_balanced/nuts_and_bolts/dim3/var4/images/148.png
(C (T (repeat (T l (M 5.348845795861505 0 -2.6744228979307527 3.6810273244060108)) 5 (M 1 1.2566370614359172 0 0)) (M 1 0.6283185307179586 0 0)) (C (T (repeat (T l (M 1.414213562373095 0 -0.7071067811865475 0.7071067811865476)) 4 (M 1 1.5707963267948966 0 0)) (M 1 0.7853981633974483 0 0)) (repeat (T (T (T (repeat (T l (M 0.565685424949238 0 -0.282842712474619 0.28284271247461906)) 4 (M 1 1.5707963267948966 0 0)) (M 1 0.7853981633974483 0 0)) (M 1 -1.5707963267948966 0 0)) (M 1 0.0 2.280129257006129 0)) 4 (M 1 1.5707963267948966 0 0)))),s,1.0,s,4,p,outer_only,balanced_data/dim_balanced/nuts_and_bolts/dim3/var4/images/149.png
(C (C (T (repeat (T l (M 4.199999999999999 0 -2.0999999999999996 3.6373066958946425)) 6 (M 1 1.0471975511965976 0 0)) (M 1 0.5235987755982988 0 0)) (T (repeat (T l (M 4.549999999999999 0 -2.2749999999999995 3.940415587219196)) 6 (M 1 1.0471975511965976 0 0)) (M 1 0.5235987755982988 0 0))) (C (T (repeat (T l (M 1.414213562373095 0 -0.7071067811865475 0.7071067811865476)) 4 (M 1 1.5707963267948966 0 0)) (M 1 0.7853981633974483 0 0)) (repeat (T (T (T (repeat (T l (M 0.565685424949238 0 -0.282842712474619 0.28284271247461906)) 4 (M 1 1.5707963267948966 0 0)) (M 1 0.7853981633974483 0 0)) (M 1 -1.5707963267948966 0 0)) (M 1 0.0 2.4118186827420534 0)) 4 (M 1 1.5707963267948966 0 0)))),s,1.0,s,4,h,double,balanced_data/dim_balanced/nuts_and_bolts/dim3/var4/images/150.png
(C (T (repeat (T l (M 4.549999999999999 0 -2.2749999999999995 3.940415587219196)) 6 (M 1 1.0471975511965976 0 0)) (M 1 0.5235987755982988 0 0)) (C (T (repeat (T l (M 1.414213562373095 0 -0.7071067811865475 0.7071067811865476)) 4 (M 1 1.5707963267948966 0 0)) (M 1 0.7853981633974483 0 0)) (repeat (T (T (T (repeat (T l (M 0.565685424949238 0 -0.282842712474619 0.28284271247461906)) 4 (M 1 1.5707963267948966 0 0)) (M 1 0.7853981633974483 0 0)) (M 1 -1.5707963267948966 0 0)) (M 1 0.0 2.4118186827420534 0)) 4 (M 1 1.5707963267948966 0 0)))),s,1.0,s,4,h,outer_only,balanced_data/dim_balanced/nuts_and_bolts/dim3/var4/images/151.png
(C (C (T (repeat (T l (M 0.43962203244072817 0 -0.21981101622036409 4.19424404596921)) 60 (M 1 0.10471975511965977 0 0)) (M 1 0.05235987755982988 0 0)) (T (repeat (T l (M 0.4762572018107888 0 -0.2381286009053944 4.54376438313331)) 60 (M 1 0.10471975511965977 0 0)) (M 1 0.05235987755982988 0 0))) (C (T (repeat (T l (M 1.414213562373095 0 -0.7071067811865475 0.7071067811865476)) 4 (M 1 1.5707963267948966 0 0)) (M 1 0.7853981633974483 0 0)) (repeat (T (T (T (repeat (T l (M 0.565685424949238 0 -0.282842712474619 0.28284271247461906)) 4 (M 1 1.5707963267948966 0 0)) (M 1 0.7853981633974483 0 0)) (M 1 -1.5707963267948966 0 0)) (M 1 0.0 2.7181342252830656 0)) 6 (M 1 1.0471975511965976 0 0)))),s,1.0,s,6,c,double,balanced_data/dim_balanced/nuts_and_bolts/dim3/var4/images/152.png
(C (T (repeat (T l (M 0.4762572018107888 0 -0.2381286009053944 4.54376438313331)) 60 (M 1 0.10471975511965977 0 0)) (M 1 0.05235987755982988 0 0)) (C (T (repeat (T l (M 1.414213562373095 0 -0.7071067811865475 0.7071067811865476)) 4 (M 1 1.5707963267948966 0 0)) (M 1 0.7853981633974483 0 0)) (repeat (T (T (T (repeat (T l (M 0.565685424949238 0 -0.282842712474619 0.28284271247461906)) 4 (M 1 1.5707963267948966 0 0)) (M 1 0.7853981633974483 0 0)) (M 1 -1.5707963267948966 0 0)) (M 1 0.0 2.7181342252830656 0)) 6 (M 1 1.0471975511965976 0 0)))),s,1.0,s,6,c,outer_only,balanced_data/dim_balanced/nuts_and_bolts/dim3/var4/images/153.png
(C (C (T (repeat (T l (M 5.939696961966999 0 -2.9698484809834995 2.9698484809835)) 4 (M 1 1.5707963267948966 0 0)) (M 1 0.7853981633974483 0 0)) (T (repeat (T l (M 6.434671708797581 0 -3.2173358543987907 3.2173358543987916)) 4 (M 1 1.5707963267948966 0 0)) (M 1 0.7853981633974483 0 0))) (C (T (repeat (T l (M 1.414213562373095 0 -0.7071067811865475 0.7071067811865476)) 4 (M 1 1.5707963267948966 0 0)) (M 1 0.7853981633974483 0 0)) (repeat (T (T (T (repeat (T l (M 0.565685424949238 0 -0.282842712474619 0.28284271247461906)) 4 (M 1 1.5707963267948966 0 0)) (M 1 0.7853981633974483 0 0)) (M 1 -1.5707963267948966 0 0)) (M 1 0.0 2.044716664540925 0)) 6 (M 1 1.0471975511965976 0 0)))),s,1.0,s,6,s,double,balanced_data/dim_balanced/nuts_and_bolts/dim3/var4/images/154.png
(C (T (repeat (T l (M 6.434671708797581 0 -3.2173358543987907 3.2173358543987916)) 4 (M 1 1.5707963267948966 0 0)) (M 1 0.7853981633974483 0 0)) (C (T (repeat (T l (M 1.414213562373095 0 -0.7071067811865475 0.7071067811865476)) 4 (M 1 1.5707963267948966 0 0)) (M 1 0.7853981633974483 0 0)) (repeat (T (T (T (repeat (T l (M 0.565685424949238 0 -0.282842712474619 0.28284271247461906)) 4 (M 1 1.5707963267948966 0 0)) (M 1 0.7853981633974483 0 0)) (M 1 -1.5707963267948966 0 0)) (M 1 0.0 2.044716664540925 0)) 6 (M 1 1.0471975511965976 0 0)))),s,1.0,s,6,s,outer_only,balanced_data/dim_balanced/nuts_and_bolts/dim3/var4/images/155.png
(C (C (T (repeat (T l (M 4.937396119256775 0 -2.4686980596283874 3.3978713763747797)) 5 (M 1 1.2566370614359172 0 0)) (M 1 0.6283185307179586 0 0)) (T (repeat (T l (M 5.348845795861505 0 -2.6744228979307527 3.6810273244060108)) 5 (M 1 1.2566370614359172 0 0)) (M 1 0.6283185307179586 0 0))) (C (T (repeat (T l (M 1.414213562373095 0 -0.7071067811865475 0.7071067811865476)) 4 (M 1 1.5707963267948966 0 0)) (M 1 0.7853981633974483 0 0)) (repeat (T (T (T (repeat (T l (M 0.565685424949238 0 -0.282842712474619 0.28284271247461906)) 4 (M 1 1.5707963267948966 0 0)) (M 1 0.7853981633974483 0 0)) (M 1 -1.5707963267948966 0 0)) (M 1 0.0 2.280129257006129 0)) 6 (M 1 1.0471975511965976 0 0)))),s,1.0,s,6,p,double,balanced_data/dim_balanced/nuts_and_bolts/dim3/var4/images/156.png
(C (T (repeat (T l (M 5.348845795861505 0 -2.6744228979307527 3.6810273244060108)) 5 (M 1 1.2566370614359172 0 0)) (M 1 0.6283185307179586 0 0)) (C (T (repeat (T l (M 1.414213562373095 0 -0.7071067811865475 0.7071067811865476)) 4 (M 1 1.5707963267948966 0 0)) (M 1 0.7853981633974483 0 0)) (repeat (T (T (T (repeat (T l (M 0.565685424949238 0 -0.282842712474619 0.28284271247461906)) 4 (M 1 1.5707963267948966 0 0)) (M 1 0.7853981633974483 0 0)) (M 1 -1.5707963267948966 0 0)) (M 1 0.0 2.280129257006129 0)) 6 (M 1 1.0471975511965976 0 0)))),s,1.0,s,6,p,outer_only,balanced_data/dim_balanced/nuts_and_bolts/dim3/var4/images/157.png
(C (C (T (repeat (T l (M 4.199999999999999 0 -2.0999999999999996 3.6373066958946425)) 6 (M 1 1.0471975511965976 0 0)) (M 1 0.5235987755982988 0 0)) (T (repeat (T l (M 4.549999999999999 0 -2.2749999999999995 3.940415587219196)) 6 (M 1 1.0471975511965976 0 0)) (M 1 0.5235987755982988 0 0))) (C (T (repeat (T l (M 1.414213562373095 0 -0.7071067811865475 0.7071067811865476)) 4 (M 1 1.5707963267948966 0 0)) (M 1 0.7853981633974483 0 0)) (repeat (T (T (T (repeat (T l (M 0.565685424949238 0 -0.282842712474619 0.28284271247461906)) 4 (M 1 1.5707963267948966 0 0)) (M 1 0.7853981633974483 0 0)) (M 1 -1.5707963267948966 0 0)) (M 1 0.0 2.4118186827420534 0)) 6 (M 1 1.0471975511965976 0 0)))),s,1.0,s,6,h,double,balanced_data/dim_balanced/nuts_and_bolts/dim3/var4/images/158.png
(C (T (repeat (T l (M 4.549999999999999 0 -2.2749999999999995 3.940415587219196)) 6 (M 1 1.0471975511965976 0 0)) (M 1 0.5235987755982988 0 0)) (C (T (repeat (T l (M 1.414213562373095 0 -0.7071067811865475 0.7071067811865476)) 4 (M 1 1.5707963267948966 0 0)) (M 1 0.7853981633974483 0 0)) (repeat (T (T (T (repeat (T l (M 0.565685424949238 0 -0.282842712474619 0.28284271247461906)) 4 (M 1 1.5707963267948966 0 0)) (M 1 0.7853981633974483 0 0)) (M 1 -1.5707963267948966 0 0)) (M 1 0.0 2.4118186827420534 0)) 6 (M 1 1.0471975511965976 0 0)))),s,1.0,s,6,h,outer_only,balanced_data/dim_balanced/nuts_and_bolts/dim3/var4/images/159.png
(C (C (T (repeat (T l (M 0.43962203244072817 0 -0.21981101622036409 4.19424404596921)) 60 (M 1 0.10471975511965977 0 0)) (M 1 0.05235987755982988 0 0)) (T (repeat (T l (M 0.4762572018107888 0 -0.2381286009053944 4.54376438313331)) 60 (M 1 0.10471975511965977 0 0)) (M 1 0.05235987755982988 0 0))) (C (T (repeat (T l (M 1.414213562373095 0 -0.7071067811865475 0.7071067811865476)) 4 (M 1 1.5707963267948966 0 0)) (M 1 0.7853981633974483 0 0)) (repeat (T (T (T (repeat (T l (M 0.4702282018339785 0 -0.23511410091698925 0.323606797749979)) 5 (M 1 1.2566370614359172 0 0)) (M 1 0.6283185307179586 0 0)) (M 1 -1.5707963267948966 0 0)) (M 1 0.0 2.7181342252830656 0)) 4 (M 1 1.5707963267948966 0 0)))),s,1.0,p,4,c,double,balanced_data/dim_balanced/nuts_and_bolts/dim3/var4/images/160.png
(C (T (repeat (T l (M 0.4762572018107888 0 -0.2381286009053944 4.54376438313331)) 60 (M 1 0.10471975511965977 0 0)) (M 1 0.05235987755982988 0 0)) (C (T (repeat (T l (M 1.414213562373095 0 -0.7071067811865475 0.7071067811865476)) 4 (M 1 1.5707963267948966 0 0)) (M 1 0.7853981633974483 0 0)) (repeat (T (T (T (repeat (T l (M 0.4702282018339785 0 -0.23511410091698925 0.323606797749979)) 5 (M 1 1.2566370614359172 0 0)) (M 1 0.6283185307179586 0 0)) (M 1 -1.5707963267948966 0 0)) (M 1 0.0 2.7181342252830656 0)) 4 (M 1 1.5707963267948966 0 0)))),s,1.0,p,4,c,outer_only,balanced_data/dim_balanced/nuts_and_bolts/dim3/var4/images/161.png
(C (C (T (repeat (T l (M 5.939696961966999 0 -2.9698484809834995 2.9698484809835)) 4 (M 1 1.5707963267948966 0 0)) (M 1 0.7853981633974483 0 0)) (T (repeat (T l (M 6.434671708797581 0 -3.2173358543987907 3.2173358543987916)) 4 (M 1 1.5707963267948966 0 0)) (M 1 0.7853981633974483 0 0))) (C (T (repeat (T l (M 1.414213562373095 0 -0.7071067811865475 0.7071067811865476)) 4 (M 1 1.5707963267948966 0 0)) (M 1 0.7853981633974483 0 0)) (repeat (T (T (T (repeat (T l (M 0.4702282018339785 0 -0.23511410091698925 0.323606797749979)) 5 (M 1 1.2566370614359172 0 0)) (M 1 0.6283185307179586 0 0)) (M 1 -1.5707963267948966 0 0)) (M 1 0.0 2.044716664540925 0)) 4 (M 1 1.5707963267948966 0 0)))),s,1.0,p,4,s,double,balanced_data/dim_balanced/nuts_and_bolts/dim3/var4/images/162.png
(C (T (repeat (T l (M 6.434671708797581 0 -3.2173358543987907 3.2173358543987916)) 4 (M 1 1.5707963267948966 0 0)) (M 1 0.7853981633974483 0 0)) (C (T (repeat (T l (M 1.414213562373095 0 -0.7071067811865475 0.7071067811865476)) 4 (M 1 1.5707963267948966 0 0)) (M 1 0.7853981633974483 0 0)) (repeat (T (T (T (repeat (T l (M 0.4702282018339785 0 -0.23511410091698925 0.323606797749979)) 5 (M 1 1.2566370614359172 0 0)) (M 1 0.6283185307179586 0 0)) (M 1 -1.5707963267948966 0 0)) (M 1 0.0 2.044716664540925 0)) 4 (M 1 1.5707963267948966 0 0)))),s,1.0,p,4,s,outer_only,balanced_data/dim_balanced/nuts_and_bolts/dim3/var4/images/163.png
(C (C (T (repeat (T l (M 4.937396119256775 0 -2.4686980596283874 3.3978713763747797)) 5 (M 1 1.2566370614359172 0 0)) (M 1 0.6283185307179586 0 0)) (T (repeat (T l (M 5.348845795861505 0 -2.6744228979307527 3.6810273244060108)) 5 (M 1 1.2566370614359172 0 0)) (M 1 0.6283185307179586 0 0))) (C (T (repeat (T l (M 1.414213562373095 0 -0.7071067811865475 0.7071067811865476)) 4 (M 1 1.5707963267948966 0 0)) (M 1 0.7853981633974483 0 0)) (repeat (T (T (T (repeat (T l (M 0.4702282018339785 0 -0.23511410091698925 0.323606797749979)) 5 (M 1 1.2566370614359172 0 0)) (M 1 0.6283185307179586 0 0)) (M 1 -1.5707963267948966 0 0)) (M 1 0.0 2.280129257006129 0)) 4 (M 1 1.5707963267948966 0 0)))),s,1.0,p,4,p,double,balanced_data/dim_balanced/nuts_and_bolts/dim3/var4/images/164.png
(C (T (repeat (T l (M 5.348845795861505 0 -2.6744228979307527 3.6810273244060108)) 5 (M 1 1.2566370614359172 0 0)) (M 1 0.6283185307179586 0 0)) (C (T (repeat (T l (M 1.414213562373095 0 -0.7071067811865475 0.7071067811865476)) 4 (M 1 1.5707963267948966 0 0)) (M 1 0.7853981633974483 0 0)) (repeat (T (T (T (repeat (T l (M 0.4702282018339785 0 -0.23511410091698925 0.323606797749979)) 5 (M 1 1.2566370614359172 0 0)) (M 1 0.6283185307179586 0 0)) (M 1 -1.5707963267948966 0 0)) (M 1 0.0 2.280129257006129 0)) 4 (M 1 1.5707963267948966 0 0)))),s,1.0,p,4,p,outer_only,balanced_data/dim_balanced/nuts_and_bolts/dim3/var4/images/165.png
(C (C (T (repeat (T l (M 4.199999999999999 0 -2.0999999999999996 3.6373066958946425)) 6 (M 1 1.0471975511965976 0 0)) (M 1 0.5235987755982988 0 0)) (T (repeat (T l (M 4.549999999999999 0 -2.2749999999999995 3.940415587219196)) 6 (M 1 1.0471975511965976 0 0)) (M 1 0.5235987755982988 0 0))) (C (T (repeat (T l (M 1.414213562373095 0 -0.7071067811865475 0.7071067811865476)) 4 (M 1 1.5707963267948966 0 0)) (M 1 0.7853981633974483 0 0)) (repeat (T (T (T (repeat (T l (M 0.4702282018339785 0 -0.23511410091698925 0.323606797749979)) 5 (M 1 1.2566370614359172 0 0)) (M 1 0.6283185307179586 0 0)) (M 1 -1.5707963267948966 0 0)) (M 1 0.0 2.4118186827420534 0)) 4 (M 1 1.5707963267948966 0 0)))),s,1.0,p,4,h,double,balanced_data/dim_balanced/nuts_and_bolts/dim3/var4/images/166.png
(C (T (repeat (T l (M 4.549999999999999 0 -2.2749999999999995 3.940415587219196)) 6 (M 1 1.0471975511965976 0 0)) (M 1 0.5235987755982988 0 0)) (C (T (repeat (T l (M 1.414213562373095 0 -0.7071067811865475 0.7071067811865476)) 4 (M 1 1.5707963267948966 0 0)) (M 1 0.7853981633974483 0 0)) (repeat (T (T (T (repeat (T l (M 0.4702282018339785 0 -0.23511410091698925 0.323606797749979)) 5 (M 1 1.2566370614359172 0 0)) (M 1 0.6283185307179586 0 0)) (M 1 -1.5707963267948966 0 0)) (M 1 0.0 2.4118186827420534 0)) 4 (M 1 1.5707963267948966 0 0)))),s,1.0,p,4,h,outer_only,balanced_data/dim_balanced/nuts_and_bolts/dim3/var4/images/167.png
(C (C (T (repeat (T l (M 0.43962203244072817 0 -0.21981101622036409 4.19424404596921)) 60 (M 1 0.10471975511965977 0 0)) (M 1 0.05235987755982988 0 0)) (T (repeat (T l (M 0.4762572018107888 0 -0.2381286009053944 4.54376438313331)) 60 (M 1 0.10471975511965977 0 0)) (M 1 0.05235987755982988 0 0))) (C (T (repeat (T l (M 1.414213562373095 0 -0.7071067811865475 0.7071067811865476)) 4 (M 1 1.5707963267948966 0 0)) (M 1 0.7853981633974483 0 0)) (repeat (T (T (T (repeat (T l (M 0.4702282018339785 0 -0.23511410091698925 0.323606797749979)) 5 (M 1 1.2566370614359172 0 0)) (M 1 0.6283185307179586 0 0)) (M 1 -1.5707963267948966 0 0)) (M 1 0.0 2.7181342252830656 0)) 6 (M 1 1.0471975511965976 0 0)))),s,1.0,p,6,c,double,balanced_data/dim_balanced/nuts_and_bolts/dim3/var4/images/168.png
(C (T (repeat (T l (M 0.4762572018107888 0 -0.2381286009053944 4.54376438313331)) 60 (M 1 0.10471975511965977 0 0)) (M 1 0.05235987755982988 0 0)) (C (T (repeat (T l (M 1.414213562373095 0 -0.7071067811865475 0.7071067811865476)) 4 (M 1 1.5707963267948966 0 0)) (M 1 0.7853981633974483 0 0)) (repeat (T (T (T (repeat (T l (M 0.4702282018339785 0 -0.23511410091698925 0.323606797749979)) 5 (M 1 1.2566370614359172 0 0)) (M 1 0.6283185307179586 0 0)) (M 1 -1.5707963267948966 0 0)) (M 1 0.0 2.7181342252830656 0)) 6 (M 1 1.0471975511965976 0 0)))),s,1.0,p,6,c,outer_only,balanced_data/dim_balanced/nuts_and_bolts/dim3/var4/images/169.png
(C (C (T (repeat (T l (M 5.939696961966999 0 -2.9698484809834995 2.9698484809835)) 4 (M 1 1.5707963267948966 0 0)) (M 1 0.7853981633974483 0 0)) (T (repeat (T l (M 6.434671708797581 0 -3.2173358543987907 3.2173358543987916)) 4 (M 1 1.5707963267948966 0 0)) (M 1 0.7853981633974483 0 0))) (C (T (repeat (T l (M 1.414213562373095 0 -0.7071067811865475 0.7071067811865476)) 4 (M 1 1.5707963267948966 0 0)) (M 1 0.7853981633974483 0 0)) (repeat (T (T (T (repeat (T l (M 0.4702282018339785 0 -0.23511410091698925 0.323606797749979)) 5 (M 1 1.2566370614359172 0 0)) (M 1 0.6283185307179586 0 0)) (M 1 -1.5707963267948966 0 0)) (M 1 0.0 2.044716664540925 0)) 6 (M 1 1.0471975511965976 0 0)))),s,1.0,p,6,s,double,balanced_data/dim_balanced/nuts_and_bolts/dim3/var4/images/170.png
(C (T (repeat (T l (M 6.434671708797581 0 -3.2173358543987907 3.2173358543987916)) 4 (M 1 1.5707963267948966 0 0)) (M 1 0.7853981633974483 0 0)) (C (T (repeat (T l (M 1.414213562373095 0 -0.7071067811865475 0.7071067811865476)) 4 (M 1 1.5707963267948966 0 0)) (M 1 0.7853981633974483 0 0)) (repeat (T (T (T (repeat (T l (M 0.4702282018339785 0 -0.23511410091698925 0.323606797749979)) 5 (M 1 1.2566370614359172 0 0)) (M 1 0.6283185307179586 0 0)) (M 1 -1.5707963267948966 0 0)) (M 1 0.0 2.044716664540925 0)) 6 (M 1 1.0471975511965976 0 0)))),s,1.0,p,6,s,outer_only,balanced_data/dim_balanced/nuts_and_bolts/dim3/var4/images/171.png
(C (C (T (repeat (T l (M 4.937396119256775 0 -2.4686980596283874 3.3978713763747797)) 5 (M 1 1.2566370614359172 0 0)) (M 1 0.6283185307179586 0 0)) (T (repeat (T l (M 5.348845795861505 0 -2.6744228979307527 3.6810273244060108)) 5 (M 1 1.2566370614359172 0 0)) (M 1 0.6283185307179586 0 0))) (C (T (repeat (T l (M 1.414213562373095 0 -0.7071067811865475 0.7071067811865476)) 4 (M 1 1.5707963267948966 0 0)) (M 1 0.7853981633974483 0 0)) (repeat (T (T (T (repeat (T l (M 0.4702282018339785 0 -0.23511410091698925 0.323606797749979)) 5 (M 1 1.2566370614359172 0 0)) (M 1 0.6283185307179586 0 0)) (M 1 -1.5707963267948966 0 0)) (M 1 0.0 2.280129257006129 0)) 6 (M 1 1.0471975511965976 0 0)))),s,1.0,p,6,p,double,balanced_data/dim_balanced/nuts_and_bolts/dim3/var4/images/172.png
(C (T (repeat (T l (M 5.348845795861505 0 -2.6744228979307527 3.6810273244060108)) 5 (M 1 1.2566370614359172 0 0)) (M 1 0.6283185307179586 0 0)) (C (T (repeat (T l (M 1.414213562373095 0 -0.7071067811865475 0.7071067811865476)) 4 (M 1 1.5707963267948966 0 0)) (M 1 0.7853981633974483 0 0)) (repeat (T (T (T (repeat (T l (M 0.4702282018339785 0 -0.23511410091698925 0.323606797749979)) 5 (M 1 1.2566370614359172 0 0)) (M 1 0.6283185307179586 0 0)) (M 1 -1.5707963267948966 0 0)) (M 1 0.0 2.280129257006129 0)) 6 (M 1 1.0471975511965976 0 0)))),s,1.0,p,6,p,outer_only,balanced_data/dim_balanced/nuts_and_bolts/dim3/var4/images/173.png
(C (C (T (repeat (T l (M 4.199999999999999 0 -2.0999999999999996 3.6373066958946425)) 6 (M 1 1.0471975511965976 0 0)) (M 1 0.5235987755982988 0 0)) (T (repeat (T l (M 4.549999999999999 0 -2.2749999999999995 3.940415587219196)) 6 (M 1 1.0471975511965976 0 0)) (M 1 0.5235987755982988 0 0))) (C (T (repeat (T l (M 1.414213562373095 0 -0.7071067811865475 0.7071067811865476)) 4 (M 1 1.5707963267948966 0 0)) (M 1 0.7853981633974483 0 0)) (repeat (T (T (T (repeat (T l (M 0.4702282018339785 0 -0.23511410091698925 0.323606797749979)) 5 (M 1 1.2566370614359172 0 0)) (M 1 0.6283185307179586 0 0)) (M 1 -1.5707963267948966 0 0)) (M 1 0.0 2.4118186827420534 0)) 6 (M 1 1.0471975511965976 0 0)))),s,1.0,p,6,h,double,balanced_data/dim_balanced/nuts_and_bolts/dim3/var4/images/174.png
(C (T (repeat (T l (M 4.549999999999999 0 -2.2749999999999995 3.940415587219196)) 6 (M 1 1.0471975511965976 0 0)) (M 1 0.5235987755982988 0 0)) (C (T (repeat (T l (M 1.414213562373095 0 -0.7071067811865475 0.7071067811865476)) 4 (M 1 1.5707963267948966 0 0)) (M 1 0.7853981633974483 0 0)) (repeat (T (T (T (repeat (T l (M 0.4702282018339785 0 -0.23511410091698925 0.323606797749979)) 5 (M 1 1.2566370614359172 0 0)) (M 1 0.6283185307179586 0 0)) (M 1 -1.5707963267948966 0 0)) (M 1 0.0 2.4118186827420534 0)) 6 (M 1 1.0471975511965976 0 0)))),s,1.0,p,6,h,outer_only,balanced_data/dim_balanced/nuts_and_bolts/dim3/var4/images/175.png
(C (C (T (repeat (T l (M 0.43962203244072817 0 -0.21981101622036409 4.19424404596921)) 60 (M 1 0.10471975511965977 0 0)) (M 1 0.05235987755982988 0 0)) (T (repeat (T l (M 0.4762572018107888 0 -0.2381286009053944 4.54376438313331)) 60 (M 1 0.10471975511965977 0 0)) (M 1 0.05235987755982988 0 0))) (C (T (repeat (T l (M 1.414213562373095 0 -0.7071067811865475 0.7071067811865476)) 4 (M 1 1.5707963267948966 0 0)) (M 1 0.7853981633974483 0 0)) (repeat (T (T (T (repeat (T l (M 0.39999999999999997 0 -0.19999999999999998 0.3464101615137755)) 6 (M 1 1.0471975511965976 0 0)) (M 1 0.5235987755982988 0 0)) (M 1 -1.5707963267948966 0 0)) (M 1 0.0 2.7181342252830656 0)) 4 (M 1 1.5707963267948966 0 0)))),s,1.0,h,4,c,double,balanced_data/dim_balanced/nuts_and_bolts/dim3/var4/images/176.png
(C (T (repeat (T l (M 0.4762572018107888 0 -0.2381286009053944 4.54376438313331)) 60 (M 1 0.10471975511965977 0 0)) (M 1 0.05235987755982988 0 0)) (C (T (repeat (T l (M 1.414213562373095 0 -0.7071067811865475 0.7071067811865476)) 4 (M 1 1.5707963267948966 0 0)) (M 1 0.7853981633974483 0 0)) (repeat (T (T (T (repeat (T l (M 0.39999999999999997 0 -0.19999999999999998 0.3464101615137755)) 6 (M 1 1.0471975511965976 0 0)) (M 1 0.5235987755982988 0 0)) (M 1 -1.5707963267948966 0 0)) (M 1 0.0 2.7181342252830656 0)) 4 (M 1 1.5707963267948966 0 0)))),s,1.0,h,4,c,outer_only,balanced_data/dim_balanced/nuts_and_bolts/dim3/var4/images/177.png
(C (C (T (repeat (T l (M 5.939696961966999 0 -2.9698484809834995 2.9698484809835)) 4 (M 1 1.5707963267948966 0 0)) (M 1 0.7853981633974483 0 0)) (T (repeat (T l (M 6.434671708797581 0 -3.2173358543987907 3.2173358543987916)) 4 (M 1 1.5707963267948966 0 0)) (M 1 0.7853981633974483 0 0))) (C (T (repeat (T l (M 1.414213562373095 0 -0.7071067811865475 0.7071067811865476)) 4 (M 1 1.5707963267948966 0 0)) (M 1 0.7853981633974483 0 0)) (repeat (T (T (T (repeat (T l (M 0.39999999999999997 0 -0.19999999999999998 0.3464101615137755)) 6 (M 1 1.0471975511965976 0 0)) (M 1 0.5235987755982988 0 0)) (M 1 -1.5707963267948966 0 0)) (M 1 0.0 2.044716664540925 0)) 4 (M 1 1.5707963267948966 0 0)))),s,1.0,h,4,s,double,balanced_data/dim_balanced/nuts_and_bolts/dim3/var4/images/178.png
(C (T (repeat (T l (M 6.434671708797581 0 -3.2173358543987907 3.2173358543987916)) 4 (M 1 1.5707963267948966 0 0)) (M 1 0.7853981633974483 0 0)) (C (T (repeat (T l (M 1.414213562373095 0 -0.7071067811865475 0.7071067811865476)) 4 (M 1 1.5707963267948966 0 0)) (M 1 0.7853981633974483 0 0)) (repeat (T (T (T (repeat (T l (M 0.39999999999999997 0 -0.19999999999999998 0.3464101615137755)) 6 (M 1 1.0471975511965976 0 0)) (M 1 0.5235987755982988 0 0)) (M 1 -1.5707963267948966 0 0)) (M 1 0.0 2.044716664540925 0)) 4 (M 1 1.5707963267948966 0 0)))),s,1.0,h,4,s,outer_only,balanced_data/dim_balanced/nuts_and_bolts/dim3/var4/images/179.png
(C (C (T (repeat (T l (M 4.937396119256775 0 -2.4686980596283874 3.3978713763747797)) 5 (M 1 1.2566370614359172 0 0)) (M 1 0.6283185307179586 0 0)) (T (repeat (T l (M 5.348845795861505 0 -2.6744228979307527 3.6810273244060108)) 5 (M 1 1.2566370614359172 0 0)) (M 1 0.6283185307179586 0 0))) (C (T (repeat (T l (M 1.414213562373095 0 -0.7071067811865475 0.7071067811865476)) 4 (M 1 1.5707963267948966 0 0)) (M 1 0.7853981633974483 0 0)) (repeat (T (T (T (repeat (T l (M 0.39999999999999997 0 -0.19999999999999998 0.3464101615137755)) 6 (M 1 1.0471975511965976 0 0)) (M 1 0.5235987755982988 0 0)) (M 1 -1.5707963267948966 0 0)) (M 1 0.0 2.280129257006129 0)) 4 (M 1 1.5707963267948966 0 0)))),s,1.0,h,4,p,double,balanced_data/dim_balanced/nuts_and_bolts/dim3/var4/images/180.png
(C (T (repeat (T l (M 5.348845795861505 0 -2.6744228979307527 3.6810273244060108)) 5 (M 1 1.2566370614359172 0 0)) (M 1 0.6283185307179586 0 0)) (C (T (repeat (T l (M 1.414213562373095 0 -0.7071067811865475 0.7071067811865476)) 4 (M 1 1.5707963267948966 0 0)) (M 1 0.7853981633974483 0 0)) (repeat (T (T (T (repeat (T l (M 0.39999999999999997 0 -0.19999999999999998 0.3464101615137755)) 6 (M 1 1.0471975511965976 0 0)) (M 1 0.5235987755982988 0 0)) (M 1 -1.5707963267948966 0 0)) (M 1 0.0 2.280129257006129 0)) 4 (M 1 1.5707963267948966 0 0)))),s,1.0,h,4,p,outer_only,balanced_data/dim_balanced/nuts_and_bolts/dim3/var4/images/181.png
(C (C (T (repeat (T l (M 4.199999999999999 0 -2.0999999999999996 3.6373066958946425)) 6 (M 1 1.0471975511965976 0 0)) (M 1 0.5235987755982988 0 0)) (T (repeat (T l (M 4.549999999999999 0 -2.2749999999999995 3.940415587219196)) 6 (M 1 1.0471975511965976 0 0)) (M 1 0.5235987755982988 0 0))) (C (T (repeat (T l (M 1.414213562373095 0 -0.7071067811865475 0.7071067811865476)) 4 (M 1 1.5707963267948966 0 0)) (M 1 0.7853981633974483 0 0)) (repeat (T (T (T (repeat (T l (M 0.39999999999999997 0 -0.19999999999999998 0.3464101615137755)) 6 (M 1 1.0471975511965976 0 0)) (M 1 0.5235987755982988 0 0)) (M 1 -1.5707963267948966 0 0)) (M 1 0.0 2.4118186827420534 0)) 4 (M 1 1.5707963267948966 0 0)))),s,1.0,h,4,h,double,balanced_data/dim_balanced/nuts_and_bolts/dim3/var4/images/182.png
(C (T (repeat (T l (M 4.549999999999999 0 -2.2749999999999995 3.940415587219196)) 6 (M 1 1.0471975511965976 0 0)) (M 1 0.5235987755982988 0 0)) (C (T (repeat (T l (M 1.414213562373095 0 -0.7071067811865475 0.7071067811865476)) 4 (M 1 1.5707963267948966 0 0)) (M 1 0.7853981633974483 0 0)) (repeat (T (T (T (repeat (T l (M 0.39999999999999997 0 -0.19999999999999998 0.3464101615137755)) 6 (M 1 1.0471975511965976 0 0)) (M 1 0.5235987755982988 0 0)) (M 1 -1.5707963267948966 0 0)) (M 1 0.0 2.4118186827420534 0)) 4 (M 1 1.5707963267948966 0 0)))),s,1.0,h,4,h,outer_only,balanced_data/dim_balanced/nuts_and_bolts/dim3/var4/images/183.png
(C (C (T (repeat (T l (M 0.43962203244072817 0 -0.21981101622036409 4.19424404596921)) 60 (M 1 0.10471975511965977 0 0)) (M 1 0.05235987755982988 0 0)) (T (repeat (T l (M 0.4762572018107888 0 -0.2381286009053944 4.54376438313331)) 60 (M 1 0.10471975511965977 0 0)) (M 1 0.05235987755982988 0 0))) (C (T (repeat (T l (M 1.414213562373095 0 -0.7071067811865475 0.7071067811865476)) 4 (M 1 1.5707963267948966 0 0)) (M 1 0.7853981633974483 0 0)) (repeat (T (T (T (repeat (T l (M 0.39999999999999997 0 -0.19999999999999998 0.3464101615137755)) 6 (M 1 1.0471975511965976 0 0)) (M 1 0.5235987755982988 0 0)) (M 1 -1.5707963267948966 0 0)) (M 1 0.0 2.7181342252830656 0)) 6 (M 1 1.0471975511965976 0 0)))),s,1.0,h,6,c,double,balanced_data/dim_balanced/nuts_and_bolts/dim3/var4/images/184.png
(C (T (repeat (T l (M 0.4762572018107888 0 -0.2381286009053944 4.54376438313331)) 60 (M 1 0.10471975511965977 0 0)) (M 1 0.05235987755982988 0 0)) (C (T (repeat (T l (M 1.414213562373095 0 -0.7071067811865475 0.7071067811865476)) 4 (M 1 1.5707963267948966 0 0)) (M 1 0.7853981633974483 0 0)) (repeat (T (T (T (repeat (T l (M 0.39999999999999997 0 -0.19999999999999998 0.3464101615137755)) 6 (M 1 1.0471975511965976 0 0)) (M 1 0.5235987755982988 0 0)) (M 1 -1.5707963267948966 0 0)) (M 1 0.0 2.7181342252830656 0)) 6 (M 1 1.0471975511965976 0 0)))),s,1.0,h,6,c,outer_only,balanced_data/dim_balanced/nuts_and_bolts/dim3/var4/images/185.png
(C (C (T (repeat (T l (M 5.939696961966999 0 -2.9698484809834995 2.9698484809835)) 4 (M 1 1.5707963267948966 0 0)) (M 1 0.7853981633974483 0 0)) (T (repeat (T l (M 6.434671708797581 0 -3.2173358543987907 3.2173358543987916)) 4 (M 1 1.5707963267948966 0 0)) (M 1 0.7853981633974483 0 0))) (C (T (repeat (T l (M 1.414213562373095 0 -0.7071067811865475 0.7071067811865476)) 4 (M 1 1.5707963267948966 0 0)) (M 1 0.7853981633974483 0 0)) (repeat (T (T (T (repeat (T l (M 0.39999999999999997 0 -0.19999999999999998 0.3464101615137755)) 6 (M 1 1.0471975511965976 0 0)) (M 1 0.5235987755982988 0 0)) (M 1 -1.5707963267948966 0 0)) (M 1 0.0 2.044716664540925 0)) 6 (M 1 1.0471975511965976 0 0)))),s,1.0,h,6,s,double,balanced_data/dim_balanced/nuts_and_bolts/dim3/var4/images/186.png
(C (T (repeat (T l (M 6.434671708797581 0 -3.2173358543987907 3.2173358543987916)) 4 (M 1 1.5707963267948966 0 0)) (M 1 0.7853981633974483 0 0)) (C (T (repeat (T l (M 1.414213562373095 0 -0.7071067811865475 0.7071067811865476)) 4 (M 1 1.5707963267948966 0 0)) (M 1 0.7853981633974483 0 0)) (repeat (T (T (T (repeat (T l (M 0.39999999999999997 0 -0.19999999999999998 0.3464101615137755)) 6 (M 1 1.0471975511965976 0 0)) (M 1 0.5235987755982988 0 0)) (M 1 -1.5707963267948966 0 0)) (M 1 0.0 2.044716664540925 0)) 6 (M 1 1.0471975511965976 0 0)))),s,1.0,h,6,s,outer_only,balanced_data/dim_balanced/nuts_and_bolts/dim3/var4/images/187.png
(C (C (T (repeat (T l (M 4.937396119256775 0 -2.4686980596283874 3.3978713763747797)) 5 (M 1 1.2566370614359172 0 0)) (M 1 0.6283185307179586 0 0)) (T (repeat (T l (M 5.348845795861505 0 -2.6744228979307527 3.6810273244060108)) 5 (M 1 1.2566370614359172 0 0)) (M 1 0.6283185307179586 0 0))) (C (T (repeat (T l (M 1.414213562373095 0 -0.7071067811865475 0.7071067811865476)) 4 (M 1 1.5707963267948966 0 0)) (M 1 0.7853981633974483 0 0)) (repeat (T (T (T (repeat (T l (M 0.39999999999999997 0 -0.19999999999999998 0.3464101615137755)) 6 (M 1 1.0471975511965976 0 0)) (M 1 0.5235987755982988 0 0)) (M 1 -1.5707963267948966 0 0)) (M 1 0.0 2.280129257006129 0)) 6 (M 1 1.0471975511965976 0 0)))),s,1.0,h,6,p,double,balanced_data/dim_balanced/nuts_and_bolts/dim3/var4/images/188.png
(C (T (repeat (T l (M 5.348845795861505 0 -2.6744228979307527 3.6810273244060108)) 5 (M 1 1.2566370614359172 0 0)) (M 1 0.6283185307179586 0 0)) (C (T (repeat (T l (M 1.414213562373095 0 -0.7071067811865475 0.7071067811865476)) 4 (M 1 1.5707963267948966 0 0)) (M 1 0.7853981633974483 0 0)) (repeat (T (T (T (repeat (T l (M 0.39999999999999997 0 -0.19999999999999998 0.3464101615137755)) 6 (M 1 1.0471975511965976 0 0)) (M 1 0.5235987755982988 0 0)) (M 1 -1.5707963267948966 0 0)) (M 1 0.0 2.280129257006129 0)) 6 (M 1 1.0471975511965976 0 0)))),s,1.0,h,6,p,outer_only,balanced_data/dim_balanced/nuts_and_bolts/dim3/var4/images/189.png
(C (C (T (repeat (T l (M 4.199999999999999 0 -2.0999999999999996 3.6373066958946425)) 6 (M 1 1.0471975511965976 0 0)) (M 1 0.5235987755982988 0 0)) (T (repeat (T l (M 4.549999999999999 0 -2.2749999999999995 3.940415587219196)) 6 (M 1 1.0471975511965976 0 0)) (M 1 0.5235987755982988 0 0))) (C (T (repeat (T l (M 1.414213562373095 0 -0.7071067811865475 0.7071067811865476)) 4 (M 1 1.5707963267948966 0 0)) (M 1 0.7853981633974483 0 0)) (repeat (T (T (T (repeat (T l (M 0.39999999999999997 0 -0.19999999999999998 0.3464101615137755)) 6 (M 1 1.0471975511965976 0 0)) (M 1 0.5235987755982988 0 0)) (M 1 -1.5707963267948966 0 0)) (M 1 0.0 2.4118186827420534 0)) 6 (M 1 1.0471975511965976 0 0)))),s,1.0,h,6,h,double,balanced_data/dim_balanced/nuts_and_bolts/dim3/var4/images/190.png
(C (T (repeat (T l (M 4.549999999999999 0 -2.2749999999999995 3.940415587219196)) 6 (M 1 1.0471975511965976 0 0)) (M 1 0.5235987755982988 0 0)) (C (T (repeat (T l (M 1.414213562373095 0 -0.7071067811865475 0.7071067811865476)) 4 (M 1 1.5707963267948966 0 0)) (M 1 0.7853981633974483 0 0)) (repeat (T (T (T (repeat (T l (M 0.39999999999999997 0 -0.19999999999999998 0.3464101615137755)) 6 (M 1 1.0471975511965976 0 0)) (M 1 0.5235987755982988 0 0)) (M 1 -1.5707963267948966 0 0)) (M 1 0.0 2.4118186827420534 0)) 6 (M 1 1.0471975511965976 0 0)))),s,1.0,h,6,h,outer_only,balanced_data/dim_balanced/nuts_and_bolts/dim3/var4/images/191.png
(C (C (T (repeat (T l (M 0.43962203244072817 0 -0.21981101622036409 4.19424404596921)) 60 (M 1 0.10471975511965977 0 0)) (M 1 0.05235987755982988 0 0)) (T (repeat (T l (M 0.4762572018107888 0 -0.2381286009053944 4.54376438313331)) 60 (M 1 0.10471975511965977 0 0)) (M 1 0.05235987755982988 0 0))) (C (T (repeat (T l (M 3.111269837220809 0 -1.5556349186104046 1.5556349186104048)) 4 (M 1 1.5707963267948966 0 0)) (M 1 0.7853981633974483 0 0)) (repeat (T (T (T (repeat (T l (M 0.041868764994355066 0 -0.020934382497177533 0.39945181390182954)) 60 (M 1 0.10471975511965977 0 0)) (M 1 0.05235987755982988 0 0)) (M 1 -1.5707963267948966 0 0)) (M 1 0.0 3.2851342252830658 0)) 4 (M 1 1.5707963267948966 0 0)))),s,2.2,c,4,c,double,balanced_data/dim_balanced/nuts_and_bolts/dim3/var4/images/192.png
(C (T (repeat (T l (M 0.4762572018107888 0 -0.2381286009053944 4.54376438313331)) 60 (M 1 0.10471975511965977 0 0)) (M 1 0.05235987755982988 0 0)) (C (T (repeat (T l (M 3.111269837220809 0 -1.5556349186104046 1.5556349186104048)) 4 (M 1 1.5707963267948966 0 0)) (M 1 0.7853981633974483 0 0)) (repeat (T (T (T (repeat (T l (M 0.041868764994355066 0 -0.020934382497177533 0.39945181390182954)) 60 (M 1 0.10471975511965977 0 0)) (M 1 0.05235987755982988 0 0)) (M 1 -1.5707963267948966 0 0)) (M 1 0.0 3.2851342252830658 0)) 4 (M 1 1.5707963267948966 0 0)))),s,2.2,c,4,c,outer_only,balanced_data/dim_balanced/nuts_and_bolts/dim3/var4/images/193.png
(C (C (T (repeat (T l (M 5.939696961966999 0 -2.9698484809834995 2.9698484809835)) 4 (M 1 1.5707963267948966 0 0)) (M 1 0.7853981633974483 0 0)) (T (repeat (T l (M 6.434671708797581 0 -3.2173358543987907 3.2173358543987916)) 4 (M 1 1.5707963267948966 0 0)) (M 1 0.7853981633974483 0 0))) (C (T (repeat (T l (M 3.111269837220809 0 -1.5556349186104046 1.5556349186104048)) 4 (M 1 1.5707963267948966 0 0)) (M 1 0.7853981633974483 0 0)) (repeat (T (T (T (repeat (T l (M 0.023027820746895276 0 -0.011513910373447638 0.21969849764600616)) 60 (M 1 0.10471975511965977 0 0)) (M 1 0.05235987755982988 0 0)) (M 1 -1.5707963267948966 0 0)) (M 1 0.0 2.7276000000000007 0)) 4 (M 1 1.5707963267948966 0 0)))),s,2.2,c,4,s,double,balanced_data/dim_balanced/nuts_and_bolts/dim3/var4/images/194.png
(C (T (repeat (T l (M 6.434671708797581 0 -3.2173358543987907 3.2173358543987916)) 4 (M 1 1.5707963267948966 0 0)) (M 1 0.7853981633974483 0 0)) (C (T (repeat (T l (M 3.111269837220809 0 -1.5556349186104046 1.5556349186104048)) 4 (M 1 1.5707963267948966 0 0)) (M 1 0.7853981633974483 0 0)) (repeat (T (T (T (repeat (T l (M 0.023027820746895276 0 -0.011513910373447638 0.21969849764600616)) 60 (M 1 0.10471975511965977 0 0)) (M 1 0.05235987755982988 0 0)) (M 1 -1.5707963267948966 0 0)) (M 1 0.0 2.7276000000000007 0)) 4 (M 1 1.5707963267948966 0 0)))),s,2.2,c,4,s,outer_only,balanced_data/dim_balanced/nuts_and_bolts/dim3/var4/images/195.png
(C (C (T (repeat (T l (M 4.937396119256775 0 -2.4686980596283874 3.3978713763747797)) 5 (M 1 1.2566370614359172 0 0)) (M 1 0.6283185307179586 0 0)) (T (repeat (T l (M 5.348845795861505 0 -2.6744228979307527 3.6810273244060108)) 5 (M 1 1.2566370614359172 0 0)) (M 1 0.6283185307179586 0 0))) (C (T (repeat (T l (M 3.111269837220809 0 -1.5556349186104046 1.5556349186104048)) 4 (M 1 1.5707963267948966 0 0)) (M 1 0.7853981633974483 0 0)) (repeat (T (T (T (repeat (T l (M 0.032448292870625166 0 -0.016224146435312583 0.3095751557739178)) 60 (M 1 0.10471975511965977 0 0)) (M 1 0.05235987755982988 0 0)) (M 1 -1.5707963267948966 0 0)) (M 1 0.0 2.856849257006129 0)) 4 (M 1 1.5707963267948966 0 0)))),s,2.2,c,4,p,double,balanced_data/dim_balanced/nuts_and_bolts/dim3/var4/images/196.png
(C (T (repeat (T l (M 5.348845795861505 0 -2.6744228979307527 3.6810273244060108)) 5 (M 1 1.2566370614359172 0 0)) (M 1 0.6283185307179586 0 0)) (C (T (repeat (T l (M 3.111269837220809 0 -1.5556349186104046 1.5556349186104048)) 4 (M 1 1.5707963267948966 0 0)) (M 1 0.7853981633974483 0 0)) (repeat (T (T (T (repeat (T l (M 0.032448292870625166 0 -0.016224146435312583 0.3095751557739178)) 60 (M 1 0.10471975511965977 0 0)) (M 1 0.05235987755982988 0 0)) (M 1 -1.5707963267948966 0 0)) (M 1 0.0 2.856849257006129 0)) 4 (M 1 1.5707963267948966 0 0)))),s,2.2,c,4,p,outer_only,balanced_data/dim_balanced/nuts_and_bolts/dim3/var4/images/197.png
(C (C (T (repeat (T l (M 4.199999999999999 0 -2.0999999999999996 3.6373066958946425)) 6 (M 1 1.0471975511965976 0 0)) (M 1 0.5235987755982988 0 0)) (T (repeat (T l (M 4.549999999999999 0 -2.2749999999999995 3.940415587219196)) 6 (M 1 1.0471975511965976 0 0)) (M 1 0.5235987755982988 0 0))) (C (T (repeat (T l (M 3.111269837220809 0 -1.5556349186104046 1.5556349186104048)) 4 (M 1 1.5707963267948966 0 0)) (M 1 0.7853981633974483 0 0)) (repeat (T (T (T (repeat (T l (M 0.041868764994355066 0 -0.020934382497177533 0.39945181390182954)) 60 (M 1 0.10471975511965977 0 0)) (M 1 0.05235987755982988 0 0)) (M 1 -1.5707963267948966 0 0)) (M 1 0.0 2.9788186827420535 0)) 4 (M 1 1.5707963267948966 0 0)))),s,2.2,c,4,h,double,balanced_data/dim_balanced/nuts_and_bolts/dim3/var4/images/198.png
(C (T (repeat (T l (M 4.549999999999999 0 -2.2749999999999995 3.940415587219196)) 6 (M 1 1.0471975511965976 0 0)) (M 1 0.5235987755982988 0 0)) (C (T (repeat (T l (M 3.111269837220809 0 -1.5556349186104046 1.5556349186104048)) 4 (M 1 1.5707963267948966 0 0)) (M 1 0.7853981633974483 0 0)) (repeat (T (T (T (repeat (T l (M 0.041868764994355066 0 -0.020934382497177533 0.39945181390182954)) 60 (M 1 0.10471975511965977 0 0)) (M 1 0.05235987755982988 0 0)) (M 1 -1.5707963267948966 0 0)) (M 1 0.0 2.9788186827420535 0)) 4 (M 1 1.5707963267948966 0 0)))),s,2.2,c,4,h,outer_only,balanced_data/dim_balanced/nuts_and_bolts/dim3/var4/images/199.png
(C (C (T (repeat (T l (M 0.43962203244072817 0 -0.21981101622036409 4.19424404596921)) 60 (M 1 0.10471975511965977 0 0)) (M 1 0.05235987755982988 0 0)) (T (repeat (T l (M 0.4762572018107888 0 -0.2381286009053944 4.54376438313331)) 60 (M 1 0.10471975511965977 0 0)) (M 1 0.05235987755982988 0 0))) (C (T (repeat (T l (M 3.111269837220809 0 -1.5556349186104046 1.5556349186104048)) 4 (M 1 1.5707963267948966 0 0)) (M 1 0.7853981633974483 0 0)) (repeat (T (T (T (repeat (T l (M 0.041868764994355066 0 -0.020934382497177533 0.39945181390182954)) 60 (M 1 0.10471975511965977 0 0)) (M 1 0.05235987755982988 0 0)) (M 1 -1.5707963267948966 0 0)) (M 1 0.0 3.2851342252830658 0)) 6 (M 1 1.0471975511965976 0 0)))),s,2.2,c,6,c,double,balanced_data/dim_balanced/nuts_and_bolts/dim3/var4/images/200.png
(C (T (repeat (T l (M 0.4762572018107888 0 -0.2381286009053944 4.54376438313331)) 60 (M 1 0.10471975511965977 0 0)) (M 1 0.05235987755982988 0 0)) (C (T (repeat (T l (M 3.111269837220809 0 -1.5556349186104046 1.5556349186104048)) 4 (M 1 1.5707963267948966 0 0)) (M 1 0.7853981633974483 0 0)) (repeat (T (T (T (repeat (T l (M 0.041868764994355066 0 -0.020934382497177533 0.39945181390182954)) 60 (M 1 0.10471975511965977 0 0)) (M 1 0.05235987755982988 0 0)) (M 1 -1.5707963267948966 0 0)) (M 1 0.0 3.2851342252830658 0)) 6 (M 1 1.0471975511965976 0 0)))),s,2.2,c,6,c,outer_only,balanced_data/dim_balanced/nuts_and_bolts/dim3/var4/images/201.png
(C (C (T (repeat (T l (M 5.939696961966999 0 -2.9698484809834995 2.9698484809835)) 4 (M 1 1.5707963267948966 0 0)) (M 1 0.7853981633974483 0 0)) (T (repeat (T l (M 6.434671708797581 0 -3.2173358543987907 3.2173358543987916)) 4 (M 1 1.5707963267948966 0 0)) (M 1 0.7853981633974483 0 0))) (C (T (repeat (T l (M 3.111269837220809 0 -1.5556349186104046 1.5556349186104048)) 4 (M 1 1.5707963267948966 0 0)) (M 1 0.7853981633974483 0 0)) (repeat (T (T (T (repeat (T l (M 0.023027820746895276 0 -0.011513910373447638 0.21969849764600616)) 60 (M 1 0.10471975511965977 0 0)) (M 1 0.05235987755982988 0 0)) (M 1 -1.5707963267948966 0 0)) (M 1 0.0 2.7276000000000007 0)) 6 (M 1 1.0471975511965976 0 0)))),s,2.2,c,6,s,double,balanced_data/dim_balanced/nuts_and_bolts/dim3/var4/images/202.png
(C (T (repeat (T l (M 6.434671708797581 0 -3.2173358543987907 3.2173358543987916)) 4 (M 1 1.5707963267948966 0 0)) (M 1 0.7853981633974483 0 0)) (C (T (repeat (T l (M 3.111269837220809 0 -1.5556349186104046 1.5556349186104048)) 4 (M 1 1.5707963267948966 0 0)) (M 1 0.7853981633974483 0 0)) (repeat (T (T (T (repeat (T l (M 0.023027820746895276 0 -0.011513910373447638 0.21969849764600616)) 60 (M 1 0.10471975511965977 0 0)) (M 1 0.05235987755982988 0 0)) (M 1 -1.5707963267948966 0 0)) (M 1 0.0 2.7276000000000007 0)) 6 (M 1 1.0471975511965976 0 0)))),s,2.2,c,6,s,outer_only,balanced_data/dim_balanced/nuts_and_bolts/dim3/var4/images/203.png
(C (C (T (repeat (T l (M 4.937396119256775 0 -2.4686980596283874 3.3978713763747797)) 5 (M 1 1.2566370614359172 0 0)) (M 1 0.6283185307179586 0 0)) (T (repeat (T l (M 5.348845795861505 0 -2.6744228979307527 3.6810273244060108)) 5 (M 1 1.2566370614359172 0 0)) (M 1 0.6283185307179586 0 0))) (C (T (repeat (T l (M 3.111269837220809 0 -1.5556349186104046 1.5556349186104048)) 4 (M 1 1.5707963267948966 0 0)) (M 1 0.7853981633974483 0 0)) (repeat (T (T (T (repeat (T l (M 0.032448292870625166 0 -0.016224146435312583 0.3095751557739178)) 60 (M 1 0.10471975511965977 0 0)) (M 1 0.05235987755982988 0 0)) (M 1 -1.5707963267948966 0 0)) (M 1 0.0 2.856849257006129 0)) 6 (M 1 1.0471975511965976 0 0)))),s,2.2,c,6,p,double,balanced_data/dim_balanced/nuts_and_bolts/dim3/var4/images/204.png
(C (T (repeat (T l (M 5.348845795861505 0 -2.6744228979307527 3.6810273244060108)) 5 (M 1 1.2566370614359172 0 0)) (M 1 0.6283185307179586 0 0)) (C (T (repeat (T l (M 3.111269837220809 0 -1.5556349186104046 1.5556349186104048)) 4 (M 1 1.5707963267948966 0 0)) (M 1 0.7853981633974483 0 0)) (repeat (T (T (T (repeat (T l (M 0.032448292870625166 0 -0.016224146435312583 0.3095751557739178)) 60 (M 1 0.10471975511965977 0 0)) (M 1 0.05235987755982988 0 0)) (M 1 -1.5707963267948966 0 0)) (M 1 0.0 2.856849257006129 0)) 6 (M 1 1.0471975511965976 0 0)))),s,2.2,c,6,p,outer_only,balanced_data/dim_balanced/nuts_and_bolts/dim3/var4/images/205.png
(C (C (T (repeat (T l (M 4.199999999999999 0 -2.0999999999999996 3.6373066958946425)) 6 (M 1 1.0471975511965976 0 0)) (M 1 0.5235987755982988 0 0)) (T (repeat (T l (M 4.549999999999999 0 -2.2749999999999995 3.940415587219196)) 6 (M 1 1.0471975511965976 0 0)) (M 1 0.5235987755982988 0 0))) (C (T (repeat (T l (M 3.111269837220809 0 -1.5556349186104046 1.5556349186104048)) 4 (M 1 1.5707963267948966 0 0)) (M 1 0.7853981633974483 0 0)) (repeat (T (T (T (repeat (T l (M 0.041868764994355066 0 -0.020934382497177533 0.39945181390182954)) 60 (M 1 0.10471975511965977 0 0)) (M 1 0.05235987755982988 0 0)) (M 1 -1.5707963267948966 0 0)) (M 1 0.0 2.9788186827420535 0)) 6 (M 1 1.0471975511965976 0 0)))),s,2.2,c,6,h,double,balanced_data/dim_balanced/nuts_and_bolts/dim3/var4/images/206.png
(C (T (repeat (T l (M 4.549999999999999 0 -2.2749999999999995 3.940415587219196)) 6 (M 1 1.0471975511965976 0 0)) (M 1 0.5235987755982988 0 0)) (C (T (repeat (T l (M 3.111269837220809 0 -1.5556349186104046 1.5556349186104048)) 4 (M 1 1.5707963267948966 0 0)) (M 1 0.7853981633974483 0 0)) (repeat (T (T (T (repeat (T l (M 0.041868764994355066 0 -0.020934382497177533 0.39945181390182954)) 60 (M 1 0.10471975511965977 0 0)) (M 1 0.05235987755982988 0 0)) (M 1 -1.5707963267948966 0 0)) (M 1 0.0 2.9788186827420535 0)) 6 (M 1 1.0471975511965976 0 0)))),s,2.2,c,6,h,outer_only,balanced_data/dim_balanced/nuts_and_bolts/dim3/var4/images/207.png
(C (C (T (repeat (T l (M 0.43962203244072817 0 -0.21981101622036409 4.19424404596921)) 60 (M 1 0.10471975511965977 0 0)) (M 1 0.05235987755982988 0 0)) (T (repeat (T l (M 0.4762572018107888 0 -0.2381286009053944 4.54376438313331)) 60 (M 1 0.10471975511965977 0 0)) (M 1 0.05235987755982988 0 0))) (C (T (repeat (T l (M 3.111269837220809 0 -1.5556349186104046 1.5556349186104048)) 4 (M 1 1.5707963267948966 0 0)) (M 1 0.7853981633974483 0 0)) (repeat (T (T (T (repeat (T l (M 0.565685424949238 0 -0.282842712474619 0.28284271247461906)) 4 (M 1 1.5707963267948966 0 0)) (M 1 0.7853981633974483 0 0)) (M 1 -1.5707963267948966 0 0)) (M 1 0.0 3.2851342252830658 0)) 4 (M 1 1.5707963267948966 0 0)))),s,2.2,s,4,c,double,balanced_data/dim_balanced/nuts_and_bolts/dim3/var4/images/208.png
(C (T (repeat (T l (M 0.4762572018107888 0 -0.2381286009053944 4.54376438313331)) 60 (M 1 0.10471975511965977 0 0)) (M 1 0.05235987755982988 0 0)) (C (T (repeat (T l (M 3.111269837220809 0 -1.5556349186104046 1.5556349186104048)) 4 (M 1 1.5707963267948966 0 0)) (M 1 0.7853981633974483 0 0)) (repeat (T (T (T (repeat (T l (M 0.565685424949238 0 -0.282842712474619 0.28284271247461906)) 4 (M 1 1.5707963267948966 0 0)) (M 1 0.7853981633974483 0 0)) (M 1 -1.5707963267948966 0 0)) (M 1 0.0 3.2851342252830658 0)) 4 (M 1 1.5707963267948966 0 0)))),s,2.2,s,4,c,outer_only,balanced_data/dim_balanced/nuts_and_bolts/dim3/var4/images/209.png
(C (C (T (repeat (T l (M 5.939696961966999 0 -2.9698484809834995 2.9698484809835)) 4 (M 1 1.5707963267948966 0 0)) (M 1 0.7853981633974483 0 0)) (T (repeat (T l (M 6.434671708797581 0 -3.2173358543987907 3.2173358543987916)) 4 (M 1 1.5707963267948966 0 0)) (M 1 0.7853981633974483 0 0))) (C (T (repeat (T l (M 3.111269837220809 0 -1.5556349186104046 1.5556349186104048)) 4 (M 1 1.5707963267948966 0 0)) (M 1 0.7853981633974483 0 0)) (repeat (T (T (T (repeat (T l (M 0.31112698372208075 0 -0.15556349186104038 0.1555634918610404)) 4 (M 1 1.5707963267948966 0 0)) (M 1 0.7853981633974483 0 0)) (M 1 -1.5707963267948966 0 0)) (M 1 0.0 2.7276000000000007 0)) 4 (M 1 1.5707963267948966 0 0)))),s,2.2,s,4,s,double,balanced_data/dim_balanced/nuts_and_bolts/dim3/var4/images/210.png
(C (T (repeat (T l (M 6.434671708797581 0 -3.2173358543987907 3.2173358543987916)) 4 (M 1 1.5707963267948966 0 0)) (M 1 0.7853981633974483 0 0)) (C (T (repeat (T l (M 3.111269837220809 0 -1.5556349186104046 1.5556349186104048)) 4 (M 1 1.5707963267948966 0 0)) (M 1 0.7853981633974483 0 0)) (repeat (T (T (T (repeat (T l (M 0.31112698372208075 0 -0.15556349186104038 0.1555634918610404)) 4 (M 1 1.5707963267948966 0 0)) (M 1 0.7853981633974483 0 0)) (M 1 -1.5707963267948966 0 0)) (M 1 0.0 2.7276000000000007 0)) 4 (M 1 1.5707963267948966 0 0)))),s,2.2,s,4,s,outer_only,balanced_data/dim_balanced/nuts_and_bolts/dim3/var4/images/211.png
(C (C (T (repeat (T l (M 4.937396119256775 0 -2.4686980596283874 3.3978713763747797)) 5 (M 1 1.2566370614359172 0 0)) (M 1 0.6283185307179586 0 0)) (T (repeat (T l (M 5.348845795861505 0 -2.6744228979307527 3.6810273244060108)) 5 (M 1 1.2566370614359172 0 0)) (M 1 0.6283185307179586 0 0))) (C (T (repeat (T l (M 3.111269837220809 0 -1.5556349186104046 1.5556349186104048)) 4 (M 1 1.5707963267948966 0 0)) (M 1 0.7853981633974483 0 0)) (repeat (T (T (T (repeat (T l (M 0.43840620433565936 0 -0.21920310216782968 0.2192031021678297)) 4 (M 1 1.5707963267948966 0 0)) (M 1 0.7853981633974483 0 0)) (M 1 -1.5707963267948966 0 0)) (M 1 0.0 2.856849257006129 0)) 4 (M 1 1.5707963267948966 0 0)))),s,2.2,s,4,p,double,balanced_data/dim_balanced/nuts_and_bolts/dim3/var4/images/212.png
(C (T (repeat (T l (M 5.348845795861505 0 -2.6744228979307527 3.6810273244060108)) 5 (M 1 1.2566370614359172 0 0)) (M 1 0.6283185307179586 0 0)) (C (T (repeat (T l (M 3.111269837220809 0 -1.5556349186104046 1.5556349186104048)) 4 (M 1 1.5707963267948966 0 0)) (M 1 0.7853981633974483 0 0)) (repeat (T (T (T (repeat (T l (M 0.43840620433565936 0 -0.21920310216782968 0.2192031021678297)) 4 (M 1 1.5707963267948966 0 0)) (M 1 0.7853981633974483 0 0)) (M 1 -1.5707963267948966 0 0)) (M 1 0.0 2.856849257006129 0)) 4 (M 1 1.5707963267948966 0 0)))),s,2.2,s,4,p,outer_only,balanced_data/dim_balanced/nuts_and_bolts/dim3/var4/images/213.png
(C (C (T (repeat (T l (M 4.199999999999999 0 -2.0999999999999996 3.6373066958946425)) 6 (M 1 1.0471975511965976 0 0)) (M 1 0.5235987755982988 0 0)) (T (repeat (T l (M 4.549999999999999 0 -2.2749999999999995 3.940415587219196)) 6 (M 1 1.0471975511965976 0 0)) (M 1 0.5235987755982988 0 0))) (C (T (repeat (T l (M 3.111269837220809 0 -1.5556349186104046 1.5556349186104048)) 4 (M 1 1.5707963267948966 0 0)) (M 1 0.7853981633974483 0 0)) (repeat (T (T (T (repeat (T l (M 0.565685424949238 0 -0.282842712474619 0.28284271247461906)) 4 (M 1 1.5707963267948966 0 0)) (M 1 0.7853981633974483 0 0)) (M 1 -1.5707963267948966 0 0)) (M 1 0.0 2.9788186827420535 0)) 4 (M 1 1.5707963267948966 0 0)))),s,2.2,s,4,h,double,balanced_data/dim_balanced/nuts_and_bolts/dim3/var4/images/214.png
(C (T (repeat (T l (M 4.549999999999999 0 -2.2749999999999995 3.940415587219196)) 6 (M 1 1.0471975511965976 0 0)) (M 1 0.5235987755982988 0 0)) (C (T (repeat (T l (M 3.111269837220809 0 -1.5556349186104046 1.5556349186104048)) 4 (M 1 1.5707963267948966 0 0)) (M 1 0.7853981633974483 0 0)) (repeat (T (T (T (repeat (T l (M 0.565685424949238 0 -0.282842712474619 0.28284271247461906)) 4 (M 1 1.5707963267948966 0 0)) (M 1 0.7853981633974483 0 0)) (M 1 -1.5707963267948966 0 0)) (M 1 0.0 2.9788186827420535 0)) 4 (M 1 1.5707963267948966 0 0)))),s,2.2,s,4,h,outer_only,balanced_data/dim_balanced/nuts_and_bolts/dim3/var4/images/215.png
(C (C (T (repeat (T l (M 0.43962203244072817 0 -0.21981101622036409 4.19424404596921)) 60 (M 1 0.10471975511965977 0 0)) (M 1 0.05235987755982988 0 0)) (T (repeat (T l (M 0.4762572018107888 0 -0.2381286009053944 4.54376438313331)) 60 (M 1 0.10471975511965977 0 0)) (M 1 0.05235987755982988 0 0))) (C (T (repeat (T l (M 3.111269837220809 0 -1.5556349186104046 1.5556349186104048)) 4 (M 1 1.5707963267948966 0 0)) (M 1 0.7853981633974483 0 0)) (repeat (T (T (T (repeat (T l (M 0.565685424949238 0 -0.282842712474619 0.28284271247461906)) 4 (M 1 1.5707963267948966 0 0)) (M 1 0.7853981633974483 0 0)) (M 1 -1.5707963267948966 0 0)) (M 1 0.0 3.2851342252830658 0)) 6 (M 1 1.0471975511965976 0 0)))),s,2.2,s,6,c,double,balanced_data/dim_balanced/nuts_and_bolts/dim3/var4/images/216.png
(C (T (repeat (T l (M 0.4762572018107888 0 -0.2381286009053944 4.54376438313331)) 60 (M 1 0.10471975511965977 0 0)) (M 1 0.05235987755982988 0 0)) (C (T (repeat (T l (M 3.111269837220809 0 -1.5556349186104046 1.5556349186104048)) 4 (M 1 1.5707963267948966 0 0)) (M 1 0.7853981633974483 0 0)) (repeat (T (T (T (repeat (T l (M 0.565685424949238 0 -0.282842712474619 0.28284271247461906)) 4 (M 1 1.5707963267948966 0 0)) (M 1 0.7853981633974483 0 0)) (M 1 -1.5707963267948966 0 0)) (M 1 0.0 3.2851342252830658 0)) 6 (M 1 1.0471975511965976 0 0)))),s,2.2,s,6,c,outer_only,balanced_data/dim_balanced/nuts_and_bolts/dim3/var4/images/217.png
(C (C (T (repeat (T l (M 5.939696961966999 0 -2.9698484809834995 2.9698484809835)) 4 (M 1 1.5707963267948966 0 0)) (M 1 0.7853981633974483 0 0)) (T (repeat (T l (M 6.434671708797581 0 -3.2173358543987907 3.2173358543987916)) 4 (M 1 1.5707963267948966 0 0)) (M 1 0.7853981633974483 0 0))) (C (T (repeat (T l (M 3.111269837220809 0 -1.5556349186104046 1.5556349186104048)) 4 (M 1 1.5707963267948966 0 0)) (M 1 0.7853981633974483 0 0)) (repeat (T (T (T (repeat (T l (M 0.31112698372208075 0 -0.15556349186104038 0.1555634918610404)) 4 (M 1 1.5707963267948966 0 0)) (M 1 0.7853981633974483 0 0)) (M 1 -1.5707963267948966 0 0)) (M 1 0.0 2.7276000000000007 0)) 6 (M 1 1.0471975511965976 0 0)))),s,2.2,s,6,s,double,balanced_data/dim_balanced/nuts_and_bolts/dim3/var4/images/218.png
(C (T (repeat (T l (M 6.434671708797581 0 -3.2173358543987907 3.2173358543987916)) 4 (M 1 1.5707963267948966 0 0)) (M 1 0.7853981633974483 0 0)) (C (T (repeat (T l (M 3.111269837220809 0 -1.5556349186104046 1.5556349186104048)) 4 (M 1 1.5707963267948966 0 0)) (M 1 0.7853981633974483 0 0)) (repeat (T (T (T (repeat (T l (M 0.31112698372208075 0 -0.15556349186104038 0.1555634918610404)) 4 (M 1 1.5707963267948966 0 0)) (M 1 0.7853981633974483 0 0)) (M 1 -1.5707963267948966 0 0)) (M 1 0.0 2.7276000000000007 0)) 6 (M 1 1.0471975511965976 0 0)))),s,2.2,s,6,s,outer_only,balanced_data/dim_balanced/nuts_and_bolts/dim3/var4/images/219.png
(C (C (T (repeat (T l (M 4.937396119256775 0 -2.4686980596283874 3.3978713763747797)) 5 (M 1 1.2566370614359172 0 0)) (M 1 0.6283185307179586 0 0)) (T (repeat (T l (M 5.348845795861505 0 -2.6744228979307527 3.6810273244060108)) 5 (M 1 1.2566370614359172 0 0)) (M 1 0.6283185307179586 0 0))) (C (T (repeat (T l (M 3.111269837220809 0 -1.5556349186104046 1.5556349186104048)) 4 (M 1 1.5707963267948966 0 0)) (M 1 0.7853981633974483 0 0)) (repeat (T (T (T (repeat (T l (M 0.43840620433565936 0 -0.21920310216782968 0.2192031021678297)) 4 (M 1 1.5707963267948966 0 0)) (M 1 0.7853981633974483 0 0)) (M 1 -1.5707963267948966 0 0)) (M 1 0.0 2.856849257006129 0)) 6 (M 1 1.0471975511965976 0 0)))),s,2.2,s,6,p,double,balanced_data/dim_balanced/nuts_and_bolts/dim3/var4/images/220.png
(C (T (repeat (T l (M 5.348845795861505 0 -2.6744228979307527 3.6810273244060108)) 5 (M 1 1.2566370614359172 0 0)) (M 1 0.6283185307179586 0 0)) (C (T (repeat (T l (M 3.111269837220809 0 -1.5556349186104046 1.5556349186104048)) 4 (M 1 1.5707963267948966 0 0)) (M 1 0.7853981633974483 0 0)) (repeat (T (T (T (repeat (T l (M 0.43840620433565936 0 -0.21920310216782968 0.2192031021678297)) 4 (M 1 1.5707963267948966 0 0)) (M 1 0.7853981633974483 0 0)) (M 1 -1.5707963267948966 0 0)) (M 1 0.0 2.856849257006129 0)) 6 (M 1 1.0471975511965976 0 0)))),s,2.2,s,6,p,outer_only,balanced_data/dim_balanced/nuts_and_bolts/dim3/var4/images/221.png
(C (C (T (repeat (T l (M 4.199999999999999 0 -2.0999999999999996 3.6373066958946425)) 6 (M 1 1.0471975511965976 0 0)) (M 1 0.5235987755982988 0 0)) (T (repeat (T l (M 4.549999999999999 0 -2.2749999999999995 3.940415587219196)) 6 (M 1 1.0471975511965976 0 0)) (M 1 0.5235987755982988 0 0))) (C (T (repeat (T l (M 3.111269837220809 0 -1.5556349186104046 1.5556349186104048)) 4 (M 1 1.5707963267948966 0 0)) (M 1 0.7853981633974483 0 0)) (repeat (T (T (T (repeat (T l (M 0.565685424949238 0 -0.282842712474619 0.28284271247461906)) 4 (M 1 1.5707963267948966 0 0)) (M 1 0.7853981633974483 0 0)) (M 1 -1.5707963267948966 0 0)) (M 1 0.0 2.9788186827420535 0)) 6 (M 1 1.0471975511965976 0 0)))),s,2.2,s,6,h,double,balanced_data/dim_balanced/nuts_and_bolts/dim3/var4/images/222.png
(C (T (repeat (T l (M 4.549999999999999 0 -2.2749999999999995 3.940415587219196)) 6 (M 1 1.0471975511965976 0 0)) (M 1 0.5235987755982988 0 0)) (C (T (repeat (T l (M 3.111269837220809 0 -1.5556349186104046 1.5556349186104048)) 4 (M 1 1.5707963267948966 0 0)) (M 1 0.7853981633974483 0 0)) (repeat (T (T (T (repeat (T l (M 0.565685424949238 0 -0.282842712474619 0.28284271247461906)) 4 (M 1 1.5707963267948966 0 0)) (M 1 0.7853981633974483 0 0)) (M 1 -1.5707963267948966 0 0)) (M 1 0.0 2.9788186827420535 0)) 6 (M 1 1.0471975511965976 0 0)))),s,2.2,s,6,h,outer_only,balanced_data/dim_balanced/nuts_and_bolts/dim3/var4/images/223.png
(C (C (T (repeat (T l (M 0.43962203244072817 0 -0.21981101622036409 4.19424404596921)) 60 (M 1 0.10471975511965977 0 0)) (M 1 0.05235987755982988 0 0)) (T (repeat (T l (M 0.4762572018107888 0 -0.2381286009053944 4.54376438313331)) 60 (M 1 0.10471975511965977 0 0)) (M 1 0.05235987755982988 0 0))) (C (T (repeat (T l (M 3.111269837220809 0 -1.5556349186104046 1.5556349186104048)) 4 (M 1 1.5707963267948966 0 0)) (M 1 0.7853981633974483 0 0)) (repeat (T (T (T (repeat (T l (M 0.4702282018339785 0 -0.23511410091698925 0.323606797749979)) 5 (M 1 1.2566370614359172 0 0)) (M 1 0.6283185307179586 0 0)) (M 1 -1.5707963267948966 0 0)) (M 1 0.0 3.2851342252830658 0)) 4 (M 1 1.5707963267948966 0 0)))),s,2.2,p,4,c,double,balanced_data/dim_balanced/nuts_and_bolts/dim3/var4/images/224.png
(C (T (repeat (T l (M 0.4762572018107888 0 -0.2381286009053944 4.54376438313331)) 60 (M 1 0.10471975511965977 0 0)) (M 1 0.05235987755982988 0 0)) (C (T (repeat (T l (M 3.111269837220809 0 -1.5556349186104046 1.5556349186104048)) 4 (M 1 1.5707963267948966 0 0)) (M 1 0.7853981633974483 0 0)) (repeat (T (T (T (repeat (T l (M 0.4702282018339785 0 -0.23511410091698925 0.323606797749979)) 5 (M 1 1.2566370614359172 0 0)) (M 1 0.6283185307179586 0 0)) (M 1 -1.5707963267948966 0 0)) (M 1 0.0 3.2851342252830658 0)) 4 (M 1 1.5707963267948966 0 0)))),s,2.2,p,4,c,outer_only,balanced_data/dim_balanced/nuts_and_bolts/dim3/var4/images/225.png
(C (C (T (repeat (T l (M 5.939696961966999 0 -2.9698484809834995 2.9698484809835)) 4 (M 1 1.5707963267948966 0 0)) (M 1 0.7853981633974483 0 0)) (T (repeat (T l (M 6.434671708797581 0 -3.2173358543987907 3.2173358543987916)) 4 (M 1 1.5707963267948966 0 0)) (M 1 0.7853981633974483 0 0))) (C (T (repeat (T l (M 3.111269837220809 0 -1.5556349186104046 1.5556349186104048)) 4 (M 1 1.5707963267948966 0 0)) (M 1 0.7853981633974483 0 0)) (repeat (T (T (T (repeat (T l (M 0.2586255110086881 0 -0.12931275550434404 0.17798373876248838)) 5 (M 1 1.2566370614359172 0 0)) (M 1 0.6283185307179586 0 0)) (M 1 -1.5707963267948966 0 0)) (M 1 0.0 2.7276000000000007 0)) 4 (M 1 1.5707963267948966 0 0)))),s,2.2,p,4,s,double,balanced_data/dim_balanced/nuts_and_bolts/dim3/var4/images/226.png
(C (T (repeat (T l (M 6.434671708797581 0 -3.2173358543987907 3.2173358543987916)) 4 (M 1 1.5707963267948966 0 0)) (M 1 0.7853981633974483 0 0)) (C (T (repeat (T l (M 3.111269837220809 0 -1.5556349186104046 1.5556349186104048)) 4 (M 1 1.5707963267948966 0 0)) (M 1 0.7853981633974483 0 0)) (repeat (T (T (T (repeat (T l (M 0.2586255110086881 0 -0.12931275550434404 0.17798373876248838)) 5 (M 1 1.2566370614359172 0 0)) (M 1 0.6283185307179586 0 0)) (M 1 -1.5707963267948966 0 0)) (M 1 0.0 2.7276000000000007 0)) 4 (M 1 1.5707963267948966 0 0)))),s,2.2,p,4,s,outer_only,balanced_data/dim_balanced/nuts_and_bolts/dim3/var4/images/227.png
(C (C (T (repeat (T l (M 4.937396119256775 0 -2.4686980596283874 3.3978713763747797)) 5 (M 1 1.2566370614359172 0 0)) (M 1 0.6283185307179586 0 0)) (T (repeat (T l (M 5.348845795861505 0 -2.6744228979307527 3.6810273244060108)) 5 (M 1 1.2566370614359172 0 0)) (M 1 0.6283185307179586 0 0))) (C (T (repeat (T l (M 3.111269837220809 0 -1.5556349186104046 1.5556349186104048)) 4 (M 1 1.5707963267948966 0 0)) (M 1 0.7853981633974483 0 0)) (repeat (T (T (T (repeat (T l (M 0.36442685642133327 0 -0.18221342821066663 0.25079526825623366)) 5 (M 1 1.2566370614359172 0 0)) (M 1 0.6283185307179586 0 0)) (M 1 -1.5707963267948966 0 0)) (M 1 0.0 2.856849257006129 0)) 4 (M 1 1.5707963267948966 0 0)))),s,2.2,p,4,p,double,balanced_data/dim_balanced/nuts_and_bolts/dim3/var4/images/228.png
(C (T (repeat (T l (M 5.348845795861505 0 -2.6744228979307527 3.6810273244060108)) 5 (M 1 1.2566370614359172 0 0)) (M 1 0.6283185307179586 0 0)) (C (T (repeat (T l (M 3.111269837220809 0 -1.5556349186104046 1.5556349186104048)) 4 (M 1 1.5707963267948966 0 0)) (M 1 0.7853981633974483 0 0)) (repeat (T (T (T (repeat (T l (M 0.36442685642133327 0 -0.18221342821066663 0.25079526825623366)) 5 (M 1 1.2566370614359172 0 0)) (M 1 0.6283185307179586 0 0)) (M 1 -1.5707963267948966 0 0)) (M 1 0.0 2.856849257006129 0)) 4 (M 1 1.5707963267948966 0 0)))),s,2.2,p,4,p,outer_only,balanced_data/dim_balanced/nuts_and_bolts/dim3/var4/images/229.png
(C (C (T (repeat (T l (M 4.199999999999999 0 -2.0999999999999996 3.6373066958946425)) 6 (M 1 1.0471975511965976 0 0)) (M 1 0.5235987755982988 0 0)) (T (repeat (T l (M 4.549999999999999 0 -2.2749999999999995 3.940415587219196)) 6 (M 1 1.0471975511965976 0 0)) (M 1 0.5235987755982988 0 0))) (C (T (repeat (T l (M 3.111269837220809 0 -1.5556349186104046 1.5556349186104048)) 4 (M 1 1.5707963267948966 0 0)) (M 1 0.7853981633974483 0 0)) (repeat (T (T (T (repeat (T l (M 0.4702282018339785 0 -0.23511410091698925 0.323606797749979)) 5 (M 1 1.2566370614359172 0 0)) (M 1 0.6283185307179586 0 0)) (M 1 -1.5707963267948966 0 0)) (M 1 0.0 2.9788186827420535 0)) 4 (M 1 1.5707963267948966 0 0)))),s,2.2,p,4,h,double,balanced_data/dim_balanced/nuts_and_bolts/dim3/var4/images/230.png
(C (T (repeat (T l (M 4.549999999999999 0 -2.2749999999999995 3.940415587219196)) 6 (M 1 1.0471975511965976 0 0)) (M 1 0.5235987755982988 0 0)) (C (T (repeat (T l (M 3.111269837220809 0 -1.5556349186104046 1.5556349186104048)) 4 (M 1 1.5707963267948966 0 0)) (M 1 0.7853981633974483 0 0)) (repeat (T (T (T (repeat (T l (M 0.4702282018339785 0 -0.23511410091698925 0.323606797749979)) 5 (M 1 1.2566370614359172 0 0)) (M 1 0.6283185307179586 0 0)) (M 1 -1.5707963267948966 0 0)) (M 1 0.0 2.9788186827420535 0)) 4 (M 1 1.5707963267948966 0 0)))),s,2.2,p,4,h,outer_only,balanced_data/dim_balanced/nuts_and_bolts/dim3/var4/images/231.png
(C (C (T (repeat (T l (M 0.43962203244072817 0 -0.21981101622036409 4.19424404596921)) 60 (M 1 0.10471975511965977 0 0)) (M 1 0.05235987755982988 0 0)) (T (repeat (T l (M 0.4762572018107888 0 -0.2381286009053944 4.54376438313331)) 60 (M 1 0.10471975511965977 0 0)) (M 1 0.05235987755982988 0 0))) (C (T (repeat (T l (M 3.111269837220809 0 -1.5556349186104046 1.5556349186104048)) 4 (M 1 1.5707963267948966 0 0)) (M 1 0.7853981633974483 0 0)) (repeat (T (T (T (repeat (T l (M 0.4702282018339785 0 -0.23511410091698925 0.323606797749979)) 5 (M 1 1.2566370614359172 0 0)) (M 1 0.6283185307179586 0 0)) (M 1 -1.5707963267948966 0 0)) (M 1 0.0 3.2851342252830658 0)) 6 (M 1 1.0471975511965976 0 0)))),s,2.2,p,6,c,double,balanced_data/dim_balanced/nuts_and_bolts/dim3/var4/images/232.png
(C (T (repeat (T l (M 0.4762572018107888 0 -0.2381286009053944 4.54376438313331)) 60 (M 1 0.10471975511965977 0 0)) (M 1 0.05235987755982988 0 0)) (C (T (repeat (T l (M 3.111269837220809 0 -1.5556349186104046 1.5556349186104048)) 4 (M 1 1.5707963267948966 0 0)) (M 1 0.7853981633974483 0 0)) (repeat (T (T (T (repeat (T l (M 0.4702282018339785 0 -0.23511410091698925 0.323606797749979)) 5 (M 1 1.2566370614359172 0 0)) (M 1 0.6283185307179586 0 0)) (M 1 -1.5707963267948966 0 0)) (M 1 0.0 3.2851342252830658 0)) 6 (M 1 1.0471975511965976 0 0)))),s,2.2,p,6,c,outer_only,balanced_data/dim_balanced/nuts_and_bolts/dim3/var4/images/233.png
(C (C (T (repeat (T l (M 5.939696961966999 0 -2.9698484809834995 2.9698484809835)) 4 (M 1 1.5707963267948966 0 0)) (M 1 0.7853981633974483 0 0)) (T (repeat (T l (M 6.434671708797581 0 -3.2173358543987907 3.2173358543987916)) 4 (M 1 1.5707963267948966 0 0)) (M 1 0.7853981633974483 0 0))) (C (T (repeat (T l (M 3.111269837220809 0 -1.5556349186104046 1.5556349186104048)) 4 (M 1 1.5707963267948966 0 0)) (M 1 0.7853981633974483 0 0)) (repeat (T (T (T (repeat (T l (M 0.2586255110086881 0 -0.12931275550434404 0.17798373876248838)) 5 (M 1 1.2566370614359172 0 0)) (M 1 0.6283185307179586 0 0)) (M 1 -1.5707963267948966 0 0)) (M 1 0.0 2.7276000000000007 0)) 6 (M 1 1.0471975511965976 0 0)))),s,2.2,p,6,s,double,balanced_data/dim_balanced/nuts_and_bolts/dim3/var4/images/234.png
(C (T (repeat (T l (M 6.434671708797581 0 -3.2173358543987907 3.2173358543987916)) 4 (M 1 1.5707963267948966 0 0)) (M 1 0.7853981633974483 0 0)) (C (T (repeat (T l (M 3.111269837220809 0 -1.5556349186104046 1.5556349186104048)) 4 (M 1 1.5707963267948966 0 0)) (M 1 0.7853981633974483 0 0)) (repeat (T (T (T (repeat (T l (M 0.2586255110086881 0 -0.12931275550434404 0.17798373876248838)) 5 (M 1 1.2566370614359172 0 0)) (M 1 0.6283185307179586 0 0)) (M 1 -1.5707963267948966 0 0)) (M 1 0.0 2.7276000000000007 0)) 6 (M 1 1.0471975511965976 0 0)))),s,2.2,p,6,s,outer_only,balanced_data/dim_balanced/nuts_and_bolts/dim3/var4/images/235.png
(C (C (T (repeat (T l (M 4.937396119256775 0 -2.4686980596283874 3.3978713763747797)) 5 (M 1 1.2566370614359172 0 0)) (M 1 0.6283185307179586 0 0)) (T (repeat (T l (M 5.348845795861505 0 -2.6744228979307527 3.6810273244060108)) 5 (M 1 1.2566370614359172 0 0)) (M 1 0.6283185307179586 0 0))) (C (T (repeat (T l (M 3.111269837220809 0 -1.5556349186104046 1.5556349186104048)) 4 (M 1 1.5707963267948966 0 0)) (M 1 0.7853981633974483 0 0)) (repeat (T (T (T (repeat (T l (M 0.36442685642133327 0 -0.18221342821066663 0.25079526825623366)) 5 (M 1 1.2566370614359172 0 0)) (M 1 0.6283185307179586 0 0)) (M 1 -1.5707963267948966 0 0)) (M 1 0.0 2.856849257006129 0)) 6 (M 1 1.0471975511965976 0 0)))),s,2.2,p,6,p,double,balanced_data/dim_balanced/nuts_and_bolts/dim3/var4/images/236.png
(C (T (repeat (T l (M 5.348845795861505 0 -2.6744228979307527 3.6810273244060108)) 5 (M 1 1.2566370614359172 0 0)) (M 1 0.6283185307179586 0 0)) (C (T (repeat (T l (M 3.111269837220809 0 -1.5556349186104046 1.5556349186104048)) 4 (M 1 1.5707963267948966 0 0)) (M 1 0.7853981633974483 0 0)) (repeat (T (T (T (repeat (T l (M 0.36442685642133327 0 -0.18221342821066663 0.25079526825623366)) 5 (M 1 1.2566370614359172 0 0)) (M 1 0.6283185307179586 0 0)) (M 1 -1.5707963267948966 0 0)) (M 1 0.0 2.856849257006129 0)) 6 (M 1 1.0471975511965976 0 0)))),s,2.2,p,6,p,outer_only,balanced_data/dim_balanced/nuts_and_bolts/dim3/var4/images/237.png
(C (C (T (repeat (T l (M 4.199999999999999 0 -2.0999999999999996 3.6373066958946425)) 6 (M 1 1.0471975511965976 0 0)) (M 1 0.5235987755982988 0 0)) (T (repeat (T l (M 4.549999999999999 0 -2.2749999999999995 3.940415587219196)) 6 (M 1 1.0471975511965976 0 0)) (M 1 0.5235987755982988 0 0))) (C (T (repeat (T l (M 3.111269837220809 0 -1.5556349186104046 1.5556349186104048)) 4 (M 1 1.5707963267948966 0 0)) (M 1 0.7853981633974483 0 0)) (repeat (T (T (T (repeat (T l (M 0.4702282018339785 0 -0.23511410091698925 0.323606797749979)) 5 (M 1 1.2566370614359172 0 0)) (M 1 0.6283185307179586 0 0)) (M 1 -1.5707963267948966 0 0)) (M 1 0.0 2.9788186827420535 0)) 6 (M 1 1.0471975511965976 0 0)))),s,2.2,p,6,h,double,balanced_data/dim_balanced/nuts_and_bolts/dim3/var4/images/238.png
(C (T (repeat (T l (M 4.549999999999999 0 -2.2749999999999995 3.940415587219196)) 6 (M 1 1.0471975511965976 0 0)) (M 1 0.5235987755982988 0 0)) (C (T (repeat (T l (M 3.111269837220809 0 -1.5556349186104046 1.5556349186104048)) 4 (M 1 1.5707963267948966 0 0)) (M 1 0.7853981633974483 0 0)) (repeat (T (T (T (repeat (T l (M 0.4702282018339785 0 -0.23511410091698925 0.323606797749979)) 5 (M 1 1.2566370614359172 0 0)) (M 1 0.6283185307179586 0 0)) (M 1 -1.5707963267948966 0 0)) (M 1 0.0 2.9788186827420535 0)) 6 (M 1 1.0471975511965976 0 0)))),s,2.2,p,6,h,outer_only,balanced_data/dim_balanced/nuts_and_bolts/dim3/var4/images/239.png
(C (C (T (repeat (T l (M 0.43962203244072817 0 -0.21981101622036409 4.19424404596921)) 60 (M 1 0.10471975511965977 0 0)) (M 1 0.05235987755982988 0 0)) (T (repeat (T l (M 0.4762572018107888 0 -0.2381286009053944 4.54376438313331)) 60 (M 1 0.10471975511965977 0 0)) (M 1 0.05235987755982988 0 0))) (C (T (repeat (T l (M 3.111269837220809 0 -1.5556349186104046 1.5556349186104048)) 4 (M 1 1.5707963267948966 0 0)) (M 1 0.7853981633974483 0 0)) (repeat (T (T (T (repeat (T l (M 0.39999999999999997 0 -0.19999999999999998 0.3464101615137755)) 6 (M 1 1.0471975511965976 0 0)) (M 1 0.5235987755982988 0 0)) (M 1 -1.5707963267948966 0 0)) (M 1 0.0 3.2851342252830658 0)) 4 (M 1 1.5707963267948966 0 0)))),s,2.2,h,4,c,double,balanced_data/dim_balanced/nuts_and_bolts/dim3/var4/images/240.png
(C (T (repeat (T l (M 0.4762572018107888 0 -0.2381286009053944 4.54376438313331)) 60 (M 1 0.10471975511965977 0 0)) (M 1 0.05235987755982988 0 0)) (C (T (repeat (T l (M 3.111269837220809 0 -1.5556349186104046 1.5556349186104048)) 4 (M 1 1.5707963267948966 0 0)) (M 1 0.7853981633974483 0 0)) (repeat (T (T (T (repeat (T l (M 0.39999999999999997 0 -0.19999999999999998 0.3464101615137755)) 6 (M 1 1.0471975511965976 0 0)) (M 1 0.5235987755982988 0 0)) (M 1 -1.5707963267948966 0 0)) (M 1 0.0 3.2851342252830658 0)) 4 (M 1 1.5707963267948966 0 0)))),s,2.2,h,4,c,outer_only,balanced_data/dim_balanced/nuts_and_bolts/dim3/var4/images/241.png
(C (C (T (repeat (T l (M 5.939696961966999 0 -2.9698484809834995 2.9698484809835)) 4 (M 1 1.5707963267948966 0 0)) (M 1 0.7853981633974483 0 0)) (T (repeat (T l (M 6.434671708797581 0 -3.2173358543987907 3.2173358543987916)) 4 (M 1 1.5707963267948966 0 0)) (M 1 0.7853981633974483 0 0))) (C (T (repeat (T l (M 3.111269837220809 0 -1.5556349186104046 1.5556349186104048)) 4 (M 1 1.5707963267948966 0 0)) (M 1 0.7853981633974483 0 0)) (repeat (T (T (T (repeat (T l (M 0.2199999999999999 0 -0.10999999999999995 0.19052558883257645)) 6 (M 1 1.0471975511965976 0 0)) (M 1 0.5235987755982988 0 0)) (M 1 -1.5707963267948966 0 0)) (M 1 0.0 2.7276000000000007 0)) 4 (M 1 1.5707963267948966 0 0)))),s,2.2,h,4,s,double,balanced_data/dim_balanced/nuts_and_bolts/dim3/var4/images/242.png
(C (T (repeat (T l (M 6.434671708797581 0 -3.2173358543987907 3.2173358543987916)) 4 (M 1 1.5707963267948966 0 0)) (M 1 0.7853981633974483 0 0)) (C (T (repeat (T l (M 3.111269837220809 0 -1.5556349186104046 1.5556349186104048)) 4 (M 1 1.5707963267948966 0 0)) (M 1 0.7853981633974483 0 0)) (repeat (T (T (T (repeat (T l (M 0.2199999999999999 0 -0.10999999999999995 0.19052558883257645)) 6 (M 1 1.0471975511965976 0 0)) (M 1 0.5235987755982988 0 0)) (M 1 -1.5707963267948966 0 0)) (M 1 0.0 2.7276000000000007 0)) 4 (M 1 1.5707963267948966 0 0)))),s,2.2,h,4,s,outer_only,balanced_data/dim_balanced/nuts_and_bolts/dim3/var4/images/243.png
(C (C (T (repeat (T l (M 4.937396119256775 0 -2.4686980596283874 3.3978713763747797)) 5 (M 1 1.2566370614359172 0 0)) (M 1 0.6283185307179586 0 0)) (T (repeat (T l (M 5.348845795861505 0 -2.6744228979307527 3.6810273244060108)) 5 (M 1 1.2566370614359172 0 0)) (M 1 0.6283185307179586 0 0))) (C (T (repeat (T l (M 3.111269837220809 0 -1.5556349186104046 1.5556349186104048)) 4 (M 1 1.5707963267948966 0 0)) (M 1 0.7853981633974483 0 0)) (repeat (T (T (T (repeat (T l (M 0.3099999999999999 0 -0.15499999999999994 0.26846787517317594)) 6 (M 1 1.0471975511965976 0 0)) (M 1 0.5235987755982988 0 0)) (M 1 -1.5707963267948966 0 0)) (M 1 0.0 2.856849257006129 0)) 4 (M 1 1.5707963267948966 0 0)))),s,2.2,h,4,p,double,balanced_data/dim_balanced/nuts_and_bolts/dim3/var4/images/244.png
(C (T (repeat (T l (M 5.348845795861505 0 -2.6744228979307527 3.6810273244060108)) 5 (M 1 1.2566370614359172 0 0)) (M 1 0.6283185307179586 0 0)) (C (T (repeat (T l (M 3.111269837220809 0 -1.5556349186104046 1.5556349186104048)) 4 (M 1 1.5707963267948966 0 0)) (M 1 0.7853981633974483 0 0)) (repeat (T (T (T (repeat (T l (M 0.3099999999999999 0 -0.15499999999999994 0.26846787517317594)) 6 (M 1 1.0471975511965976 0 0)) (M 1 0.5235987755982988 0 0)) (M 1 -1.5707963267948966 0 0)) (M 1 0.0 2.856849257006129 0)) 4 (M 1 1.5707963267948966 0 0)))),s,2.2,h,4,p,outer_only,balanced_data/dim_balanced/nuts_and_bolts/dim3/var4/images/245.png
(C (C (T (repeat (T l (M 4.199999999999999 0 -2.0999999999999996 3.6373066958946425)) 6 (M 1 1.0471975511965976 0 0)) (M 1 0.5235987755982988 0 0)) (T (repeat (T l (M 4.549999999999999 0 -2.2749999999999995 3.940415587219196)) 6 (M 1 1.0471975511965976 0 0)) (M 1 0.5235987755982988 0 0))) (C (T (repeat (T l (M 3.111269837220809 0 -1.5556349186104046 1.5556349186104048)) 4 (M 1 1.5707963267948966 0 0)) (M 1 0.7853981633974483 0 0)) (repeat (T (T (T (repeat (T l (M 0.39999999999999997 0 -0.19999999999999998 0.3464101615137755)) 6 (M 1 1.0471975511965976 0 0)) (M 1 0.5235987755982988 0 0)) (M 1 -1.5707963267948966 0 0)) (M 1 0.0 2.9788186827420535 0)) 4 (M 1 1.5707963267948966 0 0)))),s,2.2,h,4,h,double,balanced_data/dim_balanced/nuts_and_bolts/dim3/var4/images/246.png
(C (T (repeat (T l (M 4.549999999999999 0 -2.2749999999999995 3.940415587219196)) 6 (M 1 1.0471975511965976 0 0)) (M 1 0.5235987755982988 0 0)) (C (T (repeat (T l (M 3.111269837220809 0 -1.5556349186104046 1.5556349186104048)) 4 (M 1 1.5707963267948966 0 0)) (M 1 0.7853981633974483 0 0)) (repeat (T (T (T (repeat (T l (M 0.39999999999999997 0 -0.19999999999999998 0.3464101615137755)) 6 (M 1 1.0471975511965976 0 0)) (M 1 0.5235987755982988 0 0)) (M 1 -1.5707963267948966 0 0)) (M 1 0.0 2.9788186827420535 0)) 4 (M 1 1.5707963267948966 0 0)))),s,2.2,h,4,h,outer_only,balanced_data/dim_balanced/nuts_and_bolts/dim3/var4/images/247.png
(C (C (T (repeat (T l (M 0.43962203244072817 0 -0.21981101622036409 4.19424404596921)) 60 (M 1 0.10471975511965977 0 0)) (M 1 0.05235987755982988 0 0)) (T (repeat (T l (M 0.4762572018107888 0 -0.2381286009053944 4.54376438313331)) 60 (M 1 0.10471975511965977 0 0)) (M 1 0.05235987755982988 0 0))) (C (T (repeat (T l (M 3.111269837220809 0 -1.5556349186104046 1.5556349186104048)) 4 (M 1 1.5707963267948966 0 0)) (M 1 0.7853981633974483 0 0)) (repeat (T (T (T (repeat (T l (M 0.39999999999999997 0 -0.19999999999999998 0.3464101615137755)) 6 (M 1 1.0471975511965976 0 0)) (M 1 0.5235987755982988 0 0)) (M 1 -1.5707963267948966 0 0)) (M 1 0.0 3.2851342252830658 0)) 6 (M 1 1.0471975511965976 0 0)))),s,2.2,h,6,c,double,balanced_data/dim_balanced/nuts_and_bolts/dim3/var4/images/248.png
(C (T (repeat (T l (M 0.4762572018107888 0 -0.2381286009053944 4.54376438313331)) 60 (M 1 0.10471975511965977 0 0)) (M 1 0.05235987755982988 0 0)) (C (T (repeat (T l (M 3.111269837220809 0 -1.5556349186104046 1.5556349186104048)) 4 (M 1 1.5707963267948966 0 0)) (M 1 0.7853981633974483 0 0)) (repeat (T (T (T (repeat (T l (M 0.39999999999999997 0 -0.19999999999999998 0.3464101615137755)) 6 (M 1 1.0471975511965976 0 0)) (M 1 0.5235987755982988 0 0)) (M 1 -1.5707963267948966 0 0)) (M 1 0.0 3.2851342252830658 0)) 6 (M 1 1.0471975511965976 0 0)))),s,2.2,h,6,c,outer_only,balanced_data/dim_balanced/nuts_and_bolts/dim3/var4/images/249.png
(C (C (T (repeat (T l (M 5.939696961966999 0 -2.9698484809834995 2.9698484809835)) 4 (M 1 1.5707963267948966 0 0)) (M 1 0.7853981633974483 0 0)) (T (repeat (T l (M 6.434671708797581 0 -3.2173358543987907 3.2173358543987916)) 4 (M 1 1.5707963267948966 0 0)) (M 1 0.7853981633974483 0 0))) (C (T (repeat (T l (M 3.111269837220809 0 -1.5556349186104046 1.5556349186104048)) 4 (M 1 1.5707963267948966 0 0)) (M 1 0.7853981633974483 0 0)) (repeat (T (T (T (repeat (T l (M 0.2199999999999999 0 -0.10999999999999995 0.19052558883257645)) 6 (M 1 1.0471975511965976 0 0)) (M 1 0.5235987755982988 0 0)) (M 1 -1.5707963267948966 0 0)) (M 1 0.0 2.7276000000000007 0)) 6 (M 1 1.0471975511965976 0 0)))),s,2.2,h,6,s,double,balanced_data/dim_balanced/nuts_and_bolts/dim3/var4/images/250.png
(C (T (repeat (T l (M 6.434671708797581 0 -3.2173358543987907 3.2173358543987916)) 4 (M 1 1.5707963267948966 0 0)) (M 1 0.7853981633974483 0 0)) (C (T (repeat (T l (M 3.111269837220809 0 -1.5556349186104046 1.5556349186104048)) 4 (M 1 1.5707963267948966 0 0)) (M 1 0.7853981633974483 0 0)) (repeat (T (T (T (repeat (T l (M 0.2199999999999999 0 -0.10999999999999995 0.19052558883257645)) 6 (M 1 1.0471975511965976 0 0)) (M 1 0.5235987755982988 0 0)) (M 1 -1.5707963267948966 0 0)) (M 1 0.0 2.7276000000000007 0)) 6 (M 1 1.0471975511965976 0 0)))),s,2.2,h,6,s,outer_only,balanced_data/dim_balanced/nuts_and_bolts/dim3/var4/images/251.png
(C (C (T (repeat (T l (M 4.937396119256775 0 -2.4686980596283874 3.3978713763747797)) 5 (M 1 1.2566370614359172 0 0)) (M 1 0.6283185307179586 0 0)) (T (repeat (T l (M 5.348845795861505 0 -2.6744228979307527 3.6810273244060108)) 5 (M 1 1.2566370614359172 0 0)) (M 1 0.6283185307179586 0 0))) (C (T (repeat (T l (M 3.111269837220809 0 -1.5556349186104046 1.5556349186104048)) 4 (M 1 1.5707963267948966 0 0)) (M 1 0.7853981633974483 0 0)) (repeat (T (T (T (repeat (T l (M 0.3099999999999999 0 -0.15499999999999994 0.26846787517317594)) 6 (M 1 1.0471975511965976 0 0)) (M 1 0.5235987755982988 0 0)) (M 1 -1.5707963267948966 0 0)) (M 1 0.0 2.856849257006129 0)) 6 (M 1 1.0471975511965976 0 0)))),s,2.2,h,6,p,double,balanced_data/dim_balanced/nuts_and_bolts/dim3/var4/images/252.png
(C (T (repeat (T l (M 5.348845795861505 0 -2.6744228979307527 3.6810273244060108)) 5 (M 1 1.2566370614359172 0 0)) (M 1 0.6283185307179586 0 0)) (C (T (repeat (T l (M 3.111269837220809 0 -1.5556349186104046 1.5556349186104048)) 4 (M 1 1.5707963267948966 0 0)) (M 1 0.7853981633974483 0 0)) (repeat (T (T (T (repeat (T l (M 0.3099999999999999 0 -0.15499999999999994 0.26846787517317594)) 6 (M 1 1.0471975511965976 0 0)) (M 1 0.5235987755982988 0 0)) (M 1 -1.5707963267948966 0 0)) (M 1 0.0 2.856849257006129 0)) 6 (M 1 1.0471975511965976 0 0)))),s,2.2,h,6,p,outer_only,balanced_data/dim_balanced/nuts_and_bolts/dim3/var4/images/253.png
(C (C (T (repeat (T l (M 4.199999999999999 0 -2.0999999999999996 3.6373066958946425)) 6 (M 1 1.0471975511965976 0 0)) (M 1 0.5235987755982988 0 0)) (T (repeat (T l (M 4.549999999999999 0 -2.2749999999999995 3.940415587219196)) 6 (M 1 1.0471975511965976 0 0)) (M 1 0.5235987755982988 0 0))) (C (T (repeat (T l (M 3.111269837220809 0 -1.5556349186104046 1.5556349186104048)) 4 (M 1 1.5707963267948966 0 0)) (M 1 0.7853981633974483 0 0)) (repeat (T (T (T (repeat (T l (M 0.39999999999999997 0 -0.19999999999999998 0.3464101615137755)) 6 (M 1 1.0471975511965976 0 0)) (M 1 0.5235987755982988 0 0)) (M 1 -1.5707963267948966 0 0)) (M 1 0.0 2.9788186827420535 0)) 6 (M 1 1.0471975511965976 0 0)))),s,2.2,h,6,h,double,balanced_data/dim_balanced/nuts_and_bolts/dim3/var4/images/254.png
(C (T (repeat (T l (M 4.549999999999999 0 -2.2749999999999995 3.940415587219196)) 6 (M 1 1.0471975511965976 0 0)) (M 1 0.5235987755982988 0 0)) (C (T (repeat (T l (M 3.111269837220809 0 -1.5556349186104046 1.5556349186104048)) 4 (M 1 1.5707963267948966 0 0)) (M 1 0.7853981633974483 0 0)) (repeat (T (T (T (repeat (T l (M 0.39999999999999997 0 -0.19999999999999998 0.3464101615137755)) 6 (M 1 1.0471975511965976 0 0)) (M 1 0.5235987755982988 0 0)) (M 1 -1.5707963267948966 0 0)) (M 1 0.0 2.9788186827420535 0)) 6 (M 1 1.0471975511965976 0 0)))),s,2.2,h,6,h,outer_only,balanced_data/dim_balanced/nuts_and_bolts/dim3/var4/images/255.png
(C (C (T (repeat (T l (M 0.43962203244072817 0 -0.21981101622036409 4.19424404596921)) 60 (M 1 0.10471975511965977 0 0)) (M 1 0.05235987755982988 0 0)) (T (repeat (T l (M 0.4762572018107888 0 -0.2381286009053944 4.54376438313331)) 60 (M 1 0.10471975511965977 0 0)) (M 1 0.05235987755982988 0 0))) (C (T (repeat (T l (M 1.1755705045849463 0 -0.5877852522924731 0.8090169943749475)) 5 (M 1 1.2566370614359172 0 0)) (M 1 0.6283185307179586 0 0)) (repeat (T (T (T (repeat (T l (M 0.041868764994355066 0 -0.020934382497177533 0.39945181390182954)) 60 (M 1 0.10471975511965977 0 0)) (M 1 0.05235987755982988 0 0)) (M 1 -1.5707963267948966 0 0)) (M 1 0.0 2.7181342252830656 0)) 4 (M 1 1.5707963267948966 0 0)))),p,1.0,c,4,c,double,balanced_data/dim_balanced/nuts_and_bolts/dim3/var4/images/256.png
(C (T (repeat (T l (M 0.4762572018107888 0 -0.2381286009053944 4.54376438313331)) 60 (M 1 0.10471975511965977 0 0)) (M 1 0.05235987755982988 0 0)) (C (T (repeat (T l (M 1.1755705045849463 0 -0.5877852522924731 0.8090169943749475)) 5 (M 1 1.2566370614359172 0 0)) (M 1 0.6283185307179586 0 0)) (repeat (T (T (T (repeat (T l (M 0.041868764994355066 0 -0.020934382497177533 0.39945181390182954)) 60 (M 1 0.10471975511965977 0 0)) (M 1 0.05235987755982988 0 0)) (M 1 -1.5707963267948966 0 0)) (M 1 0.0 2.7181342252830656 0)) 4 (M 1 1.5707963267948966 0 0)))),p,1.0,c,4,c,outer_only,balanced_data/dim_balanced/nuts_and_bolts/dim3/var4/images/257.png
(C (C (T (repeat (T l (M 5.939696961966999 0 -2.9698484809834995 2.9698484809835)) 4 (M 1 1.5707963267948966 0 0)) (M 1 0.7853981633974483 0 0)) (T (repeat (T l (M 6.434671708797581 0 -3.2173358543987907 3.2173358543987916)) 4 (M 1 1.5707963267948966 0 0)) (M 1 0.7853981633974483 0 0))) (C (T (repeat (T l (M 1.1755705045849463 0 -0.5877852522924731 0.8090169943749475)) 5 (M 1 1.2566370614359172 0 0)) (M 1 0.6283185307179586 0 0)) (repeat (T (T (T (repeat (T l (M 0.041868764994355066 0 -0.020934382497177533 0.39945181390182954)) 60 (M 1 0.10471975511965977 0 0)) (M 1 0.05235987755982988 0 0)) (M 1 -1.5707963267948966 0 0)) (M 1 0.0 2.044716664540925 0)) 4 (M 1 1.5707963267948966 0 0)))),p,1.0,c,4,s,double,balanced_data/dim_balanced/nuts_and_bolts/dim3/var4/images/258.png
(C (T (repeat (T l (M 6.434671708797581 0 -3.2173358543987907 3.2173358543987916)) 4 (M 1 1.5707963267948966 0 0)) (M 1 0.7853981633974483 0 0)) (C (T (repeat (T l (M 1.1755705045849463 0 -0.5877852522924731 0.8090169943749475)) 5 (M 1 1.2566370614359172 0 0)) (M 1 0.6283185307179586 0 0)) (repeat (T (T (T (repeat (T l (M 0.041868764994355066 0 -0.020934382497177533 0.39945181390182954)) 60 (M 1 0.10471975511965977 0 0)) (M 1 0.05235987755982988 0 0)) (M 1 -1.5707963267948966 0 0)) (M 1 0.0 2.044716664540925 0)) 4 (M 1 1.5707963267948966 0 0)))),p,1.0,c,4,s,outer_only,balanced_data/dim_balanced/nuts_and_bolts/dim3/var4/images/259.png
(C (C (T (repeat (T l (M 4.937396119256775 0 -2.4686980596283874 3.3978713763747797)) 5 (M 1 1.2566370614359172 0 0)) (M 1 0.6283185307179586 0 0)) (T (repeat (T l (M 5.348845795861505 0 -2.6744228979307527 3.6810273244060108)) 5 (M 1 1.2566370614359172 0 0)) (M 1 0.6283185307179586 0 0))) (C (T (repeat (T l (M 1.1755705045849463 0 -0.5877852522924731 0.8090169943749475)) 5 (M 1 1.2566370614359172 0 0)) (M 1 0.6283185307179586 0 0)) (repeat (T (T (T (repeat (T l (M 0.041868764994355066 0 -0.020934382497177533 0.39945181390182954)) 60 (M 1 0.10471975511965977 0 0)) (M 1 0.05235987755982988 0 0)) (M 1 -1.5707963267948966 0 0)) (M 1 0.0 2.280129257006129 0)) 4 (M 1 1.5707963267948966 0 0)))),p,1.0,c,4,p,double,balanced_data/dim_balanced/nuts_and_bolts/dim3/var4/images/260.png
(C (T (repeat (T l (M 5.348845795861505 0 -2.6744228979307527 3.6810273244060108)) 5 (M 1 1.2566370614359172 0 0)) (M 1 0.6283185307179586 0 0)) (C (T (repeat (T l (M 1.1755705045849463 0 -0.5877852522924731 0.8090169943749475)) 5 (M 1 1.2566370614359172 0 0)) (M 1 0.6283185307179586 0 0)) (repeat (T (T (T (repeat (T l (M 0.041868764994355066 0 -0.020934382497177533 0.39945181390182954)) 60 (M 1 0.10471975511965977 0 0)) (M 1 0.05235987755982988 0 0)) (M 1 -1.5707963267948966 0 0)) (M 1 0.0 2.280129257006129 0)) 4 (M 1 1.5707963267948966 0 0)))),p,1.0,c,4,p,outer_only,balanced_data/dim_balanced/nuts_and_bolts/dim3/var4/images/261.png
(C (C (T (repeat (T l (M 4.199999999999999 0 -2.0999999999999996 3.6373066958946425)) 6 (M 1 1.0471975511965976 0 0)) (M 1 0.5235987755982988 0 0)) (T (repeat (T l (M 4.549999999999999 0 -2.2749999999999995 3.940415587219196)) 6 (M 1 1.0471975511965976 0 0)) (M 1 0.5235987755982988 0 0))) (C (T (repeat (T l (M 1.1755705045849463 0 -0.5877852522924731 0.8090169943749475)) 5 (M 1 1.2566370614359172 0 0)) (M 1 0.6283185307179586 0 0)) (repeat (T (T (T (repeat (T l (M 0.041868764994355066 0 -0.020934382497177533 0.39945181390182954)) 60 (M 1 0.10471975511965977 0 0)) (M 1 0.05235987755982988 0 0)) (M 1 -1.5707963267948966 0 0)) (M 1 0.0 2.4118186827420534 0)) 4 (M 1 1.5707963267948966 0 0)))),p,1.0,c,4,h,double,balanced_data/dim_balanced/nuts_and_bolts/dim3/var4/images/262.png
(C (T (repeat (T l (M 4.549999999999999 0 -2.2749999999999995 3.940415587219196)) 6 (M 1 1.0471975511965976 0 0)) (M 1 0.5235987755982988 0 0)) (C (T (repeat (T l (M 1.1755705045849463 0 -0.5877852522924731 0.8090169943749475)) 5 (M 1 1.2566370614359172 0 0)) (M 1 0.6283185307179586 0 0)) (repeat (T (T (T (repeat (T l (M 0.041868764994355066 0 -0.020934382497177533 0.39945181390182954)) 60 (M 1 0.10471975511965977 0 0)) (M 1 0.05235987755982988 0 0)) (M 1 -1.5707963267948966 0 0)) (M 1 0.0 2.4118186827420534 0)) 4 (M 1 1.5707963267948966 0 0)))),p,1.0,c,4,h,outer_only,balanced_data/dim_balanced/nuts_and_bolts/dim3/var4/images/263.png
(C (C (T (repeat (T l (M 0.43962203244072817 0 -0.21981101622036409 4.19424404596921)) 60 (M 1 0.10471975511965977 0 0)) (M 1 0.05235987755982988 0 0)) (T (repeat (T l (M 0.4762572018107888 0 -0.2381286009053944 4.54376438313331)) 60 (M 1 0.10471975511965977 0 0)) (M 1 0.05235987755982988 0 0))) (C (T (repeat (T l (M 1.1755705045849463 0 -0.5877852522924731 0.8090169943749475)) 5 (M 1 1.2566370614359172 0 0)) (M 1 0.6283185307179586 0 0)) (repeat (T (T (T (repeat (T l (M 0.041868764994355066 0 -0.020934382497177533 0.39945181390182954)) 60 (M 1 0.10471975511965977 0 0)) (M 1 0.05235987755982988 0 0)) (M 1 -1.5707963267948966 0 0)) (M 1 0.0 2.7181342252830656 0)) 6 (M 1 1.0471975511965976 0 0)))),p,1.0,c,6,c,double,balanced_data/dim_balanced/nuts_and_bolts/dim3/var4/images/264.png
(C (T (repeat (T l (M 0.4762572018107888 0 -0.2381286009053944 4.54376438313331)) 60 (M 1 0.10471975511965977 0 0)) (M 1 0.05235987755982988 0 0)) (C (T (repeat (T l (M 1.1755705045849463 0 -0.5877852522924731 0.8090169943749475)) 5 (M 1 1.2566370614359172 0 0)) (M 1 0.6283185307179586 0 0)) (repeat (T (T (T (repeat (T l (M 0.041868764994355066 0 -0.020934382497177533 0.39945181390182954)) 60 (M 1 0.10471975511965977 0 0)) (M 1 0.05235987755982988 0 0)) (M 1 -1.5707963267948966 0 0)) (M 1 0.0 2.7181342252830656 0)) 6 (M 1 1.0471975511965976 0 0)))),p,1.0,c,6,c,outer_only,balanced_data/dim_balanced/nuts_and_bolts/dim3/var4/images/265.png
(C (C (T (repeat (T l (M 5.939696961966999 0 -2.9698484809834995 2.9698484809835)) 4 (M 1 1.5707963267948966 0 0)) (M 1 0.7853981633974483 0 0)) (T (repeat (T l (M 6.434671708797581 0 -3.2173358543987907 3.2173358543987916)) 4 (M 1 1.5707963267948966 0 0)) (M 1 0.7853981633974483 0 0))) (C (T (repeat (T l (M 1.1755705045849463 0 -0.5877852522924731 0.8090169943749475)) 5 (M 1 1.2566370614359172 0 0)) (M 1 0.6283185307179586 0 0)) (repeat (T (T (T (repeat (T l (M 0.041868764994355066 0 -0.020934382497177533 0.39945181390182954)) 60 (M 1 0.10471975511965977 0 0)) (M 1 0.05235987755982988 0 0)) (M 1 -1.5707963267948966 0 0)) (M 1 0.0 2.044716664540925 0)) 6 (M 1 1.0471975511965976 0 0)))),p,1.0,c,6,s,double,balanced_data/dim_balanced/nuts_and_bolts/dim3/var4/images/266.png
(C (T (repeat (T l (M 6.434671708797581 0 -3.2173358543987907 3.2173358543987916)) 4 (M 1 1.5707963267948966 0 0)) (M 1 0.7853981633974483 0 0)) (C (T (repeat (T l (M 1.1755705045849463 0 -0.5877852522924731 0.8090169943749475)) 5 (M 1 1.2566370614359172 0 0)) (M 1 0.6283185307179586 0 0)) (repeat (T (T (T (repeat (T l (M 0.041868764994355066 0 -0.020934382497177533 0.39945181390182954)) 60 (M 1 0.10471975511965977 0 0)) (M 1 0.05235987755982988 0 0)) (M 1 -1.5707963267948966 0 0)) (M 1 0.0 2.044716664540925 0)) 6 (M 1 1.0471975511965976 0 0)))),p,1.0,c,6,s,outer_only,balanced_data/dim_balanced/nuts_and_bolts/dim3/var4/images/267.png
(C (C (T (repeat (T l (M 4.937396119256775 0 -2.4686980596283874 3.3978713763747797)) 5 (M 1 1.2566370614359172 0 0)) (M 1 0.6283185307179586 0 0)) (T (repeat (T l (M 5.348845795861505 0 -2.6744228979307527 3.6810273244060108)) 5 (M 1 1.2566370614359172 0 0)) (M 1 0.6283185307179586 0 0))) (C (T (repeat (T l (M 1.1755705045849463 0 -0.5877852522924731 0.8090169943749475)) 5 (M 1 1.2566370614359172 0 0)) (M 1 0.6283185307179586 0 0)) (repeat (T (T (T (repeat (T l (M 0.041868764994355066 0 -0.020934382497177533 0.39945181390182954)) 60 (M 1 0.10471975511965977 0 0)) (M 1 0.05235987755982988 0 0)) (M 1 -1.5707963267948966 0 0)) (M 1 0.0 2.280129257006129 0)) 6 (M 1 1.0471975511965976 0 0)))),p,1.0,c,6,p,double,balanced_data/dim_balanced/nuts_and_bolts/dim3/var4/images/268.png
(C (T (repeat (T l (M 5.348845795861505 0 -2.6744228979307527 3.6810273244060108)) 5 (M 1 1.2566370614359172 0 0)) (M 1 0.6283185307179586 0 0)) (C (T (repeat (T l (M 1.1755705045849463 0 -0.5877852522924731 0.8090169943749475)) 5 (M 1 1.2566370614359172 0 0)) (M 1 0.6283185307179586 0 0)) (repeat (T (T (T (repeat (T l (M 0.041868764994355066 0 -0.020934382497177533 0.39945181390182954)) 60 (M 1 0.10471975511965977 0 0)) (M 1 0.05235987755982988 0 0)) (M 1 -1.5707963267948966 0 0)) (M 1 0.0 2.280129257006129 0)) 6 (M 1 1.0471975511965976 0 0)))),p,1.0,c,6,p,outer_only,balanced_data/dim_balanced/nuts_and_bolts/dim3/var4/images/269.png
(C (C (T (repeat (T l (M 4.199999999999999 0 -2.0999999999999996 3.6373066958946425)) 6 (M 1 1.0471975511965976 0 0)) (M 1 0.5235987755982988 0 0)) (T (repeat (T l (M 4.549999999999999 0 -2.2749999999999995 3.940415587219196)) 6 (M 1 1.0471975511965976 0 0)) (M 1 0.5235987755982988 0 0))) (C (T (repeat (T l (M 1.1755705045849463 0 -0.5877852522924731 0.8090169943749475)) 5 (M 1 1.2566370614359172 0 0)) (M 1 0.6283185307179586 0 0)) (repeat (T (T (T (repeat (T l (M 0.041868764994355066 0 -0.020934382497177533 0.39945181390182954)) 60 (M 1 0.10471975511965977 0 0)) (M 1 0.05235987755982988 0 0)) (M 1 -1.5707963267948966 0 0)) (M 1 0.0 2.4118186827420534 0)) 6 (M 1 1.0471975511965976 0 0)))),p,1.0,c,6,h,double,balanced_data/dim_balanced/nuts_and_bolts/dim3/var4/images/270.png
(C (T (repeat (T l (M 4.549999999999999 0 -2.2749999999999995 3.940415587219196)) 6 (M 1 1.0471975511965976 0 0)) (M 1 0.5235987755982988 0 0)) (C (T (repeat (T l (M 1.1755705045849463 0 -0.5877852522924731 0.8090169943749475)) 5 (M 1 1.2566370614359172 0 0)) (M 1 0.6283185307179586 0 0)) (repeat (T (T (T (repeat (T l (M 0.041868764994355066 0 -0.020934382497177533 0.39945181390182954)) 60 (M 1 0.10471975511965977 0 0)) (M 1 0.05235987755982988 0 0)) (M 1 -1.5707963267948966 0 0)) (M 1 0.0 2.4118186827420534 0)) 6 (M 1 1.0471975511965976 0 0)))),p,1.0,c,6,h,outer_only,balanced_data/dim_balanced/nuts_and_bolts/dim3/var4/images/271.png
(C (C (T (repeat (T l (M 0.43962203244072817 0 -0.21981101622036409 4.19424404596921)) 60 (M 1 0.10471975511965977 0 0)) (M 1 0.05235987755982988 0 0)) (T (repeat (T l (M 0.4762572018107888 0 -0.2381286009053944 4.54376438313331)) 60 (M 1 0.10471975511965977 0 0)) (M 1 0.05235987755982988 0 0))) (C (T (repeat (T l (M 1.1755705045849463 0 -0.5877852522924731 0.8090169943749475)) 5 (M 1 1.2566370614359172 0 0)) (M 1 0.6283185307179586 0 0)) (repeat (T (T (T (repeat (T l (M 0.565685424949238 0 -0.282842712474619 0.28284271247461906)) 4 (M 1 1.5707963267948966 0 0)) (M 1 0.7853981633974483 0 0)) (M 1 -1.5707963267948966 0 0)) (M 1 0.0 2.7181342252830656 0)) 4 (M 1 1.5707963267948966 0 0)))),p,1.0,s,4,c,double,balanced_data/dim_balanced/nuts_and_bolts/dim3/var4/images/272.png
(C (T (repeat (T l (M 0.4762572018107888 0 -0.2381286009053944 4.54376438313331)) 60 (M 1 0.10471975511965977 0 0)) (M 1 0.05235987755982988 0 0)) (C (T (repeat (T l (M 1.1755705045849463 0 -0.5877852522924731 0.8090169943749475)) 5 (M 1 1.2566370614359172 0 0)) (M 1 0.6283185307179586 0 0)) (repeat (T (T (T (repeat (T l (M 0.565685424949238 0 -0.282842712474619 0.28284271247461906)) 4 (M 1 1.5707963267948966 0 0)) (M 1 0.7853981633974483 0 0)) (M 1 -1.5707963267948966 0 0)) (M 1 0.0 2.7181342252830656 0)) 4 (M 1 1.5707963267948966 0 0)))),p,1.0,s,4,c,outer_only,balanced_data/dim_balanced/nuts_and_bolts/dim3/var4/images/273.png
(C (C (T (repeat (T l (M 5.939696961966999 0 -2.9698484809834995 2.9698484809835)) 4 (M 1 1.5707963267948966 0 0)) (M 1 0.7853981633974483 0 0)) (T (repeat (T l (M 6.434671708797581 0 -3.2173358543987907 3.2173358543987916)) 4 (M 1 1.5707963267948966 0 0)) (M 1 0.7853981633974483 0 0))) (C (T (repeat (T l (M 1.1755705045849463 0 -0.5877852522924731 0.8090169943749475)) 5 (M 1 1.2566370614359172 0 0)) (M 1 0.6283185307179586 0 0)) (repeat (T (T (T (repeat (T l (M 0.565685424949238 0 -0.282842712474619 0.28284271247461906)) 4 (M 1 1.5707963267948966 0 0)) (M 1 0.7853981633974483 0 0)) (M 1 -1.5707963267948966 0 0)) (M 1 0.0 2.044716664540925 0)) 4 (M 1 1.5707963267948966 0 0)))),p,1.0,s,4,s,double,balanced_data/dim_balanced/nuts_and_bolts/dim3/var4/images/274.png
(C (T (repeat (T l (M 6.434671708797581 0 -3.2173358543987907 3.2173358543987916)) 4 (M 1 1.5707963267948966 0 0)) (M 1 0.7853981633974483 0 0)) (C (T (repeat (T l (M 1.1755705045849463 0 -0.5877852522924731 0.8090169943749475)) 5 (M 1 1.2566370614359172 0 0)) (M 1 0.6283185307179586 0 0)) (repeat (T (T (T (repeat (T l (M 0.565685424949238 0 -0.282842712474619 0.28284271247461906)) 4 (M 1 1.5707963267948966 0 0)) (M 1 0.7853981633974483 0 0)) (M 1 -1.5707963267948966 0 0)) (M 1 0.0 2.044716664540925 0)) 4 (M 1 1.5707963267948966 0 0)))),p,1.0,s,4,s,outer_only,balanced_data/dim_balanced/nuts_and_bolts/dim3/var4/images/275.png
(C (C (T (repeat (T l (M 4.937396119256775 0 -2.4686980596283874 3.3978713763747797)) 5 (M 1 1.2566370614359172 0 0)) (M 1 0.6283185307179586 0 0)) (T (repeat (T l (M 5.348845795861505 0 -2.6744228979307527 3.6810273244060108)) 5 (M 1 1.2566370614359172 0 0)) (M 1 0.6283185307179586 0 0))) (C (T (repeat (T l (M 1.1755705045849463 0 -0.5877852522924731 0.8090169943749475)) 5 (M 1 1.2566370614359172 0 0)) (M 1 0.6283185307179586 0 0)) (repeat (T (T (T (repeat (T l (M 0.565685424949238 0 -0.282842712474619 0.28284271247461906)) 4 (M 1 1.5707963267948966 0 0)) (M 1 0.7853981633974483 0 0)) (M 1 -1.5707963267948966 0 0)) (M 1 0.0 2.280129257006129 0)) 4 (M 1 1.5707963267948966 0 0)))),p,1.0,s,4,p,double,balanced_data/dim_balanced/nuts_and_bolts/dim3/var4/images/276.png
(C (T (repeat (T l (M 5.348845795861505 0 -2.6744228979307527 3.6810273244060108)) 5 (M 1 1.2566370614359172 0 0)) (M 1 0.6283185307179586 0 0)) (C (T (repeat (T l (M 1.1755705045849463 0 -0.5877852522924731 0.8090169943749475)) 5 (M 1 1.2566370614359172 0 0)) (M 1 0.6283185307179586 0 0)) (repeat (T (T (T (repeat (T l (M 0.565685424949238 0 -0.282842712474619 0.28284271247461906)) 4 (M 1 1.5707963267948966 0 0)) (M 1 0.7853981633974483 0 0)) (M 1 -1.5707963267948966 0 0)) (M 1 0.0 2.280129257006129 0)) 4 (M 1 1.5707963267948966 0 0)))),p,1.0,s,4,p,outer_only,balanced_data/dim_balanced/nuts_and_bolts/dim3/var4/images/277.png
(C (C (T (repeat (T l (M 4.199999999999999 0 -2.0999999999999996 3.6373066958946425)) 6 (M 1 1.0471975511965976 0 0)) (M 1 0.5235987755982988 0 0)) (T (repeat (T l (M 4.549999999999999 0 -2.2749999999999995 3.940415587219196)) 6 (M 1 1.0471975511965976 0 0)) (M 1 0.5235987755982988 0 0))) (C (T (repeat (T l (M 1.1755705045849463 0 -0.5877852522924731 0.8090169943749475)) 5 (M 1 1.2566370614359172 0 0)) (M 1 0.6283185307179586 0 0)) (repeat (T (T (T (repeat (T l (M 0.565685424949238 0 -0.282842712474619 0.28284271247461906)) 4 (M 1 1.5707963267948966 0 0)) (M 1 0.7853981633974483 0 0)) (M 1 -1.5707963267948966 0 0)) (M 1 0.0 2.4118186827420534 0)) 4 (M 1 1.5707963267948966 0 0)))),p,1.0,s,4,h,double,balanced_data/dim_balanced/nuts_and_bolts/dim3/var4/images/278.png
(C (T (repeat (T l (M 4.549999999999999 0 -2.2749999999999995 3.940415587219196)) 6 (M 1 1.0471975511965976 0 0)) (M 1 0.5235987755982988 0 0)) (C (T (repeat (T l (M 1.1755705045849463 0 -0.5877852522924731 0.8090169943749475)) 5 (M 1 1.2566370614359172 0 0)) (M 1 0.6283185307179586 0 0)) (repeat (T (T (T (repeat (T l (M 0.565685424949238 0 -0.282842712474619 0.28284271247461906)) 4 (M 1 1.5707963267948966 0 0)) (M 1 0.7853981633974483 0 0)) (M 1 -1.5707963267948966 0 0)) (M 1 0.0 2.4118186827420534 0)) 4 (M 1 1.5707963267948966 0 0)))),p,1.0,s,4,h,outer_only,balanced_data/dim_balanced/nuts_and_bolts/dim3/var4/images/279.png
(C (C (T (repeat (T l (M 0.43962203244072817 0 -0.21981101622036409 4.19424404596921)) 60 (M 1 0.10471975511965977 0 0)) (M 1 0.05235987755982988 0 0)) (T (repeat (T l (M 0.4762572018107888 0 -0.2381286009053944 4.54376438313331)) 60 (M 1 0.10471975511965977 0 0)) (M 1 0.05235987755982988 0 0))) (C (T (repeat (T l (M 1.1755705045849463 0 -0.5877852522924731 0.8090169943749475)) 5 (M 1 1.2566370614359172 0 0)) (M 1 0.6283185307179586 0 0)) (repeat (T (T (T (repeat (T l (M 0.565685424949238 0 -0.282842712474619 0.28284271247461906)) 4 (M 1 1.5707963267948966 0 0)) (M 1 0.7853981633974483 0 0)) (M 1 -1.5707963267948966 0 0)) (M 1 0.0 2.7181342252830656 0)) 6 (M 1 1.0471975511965976 0 0)))),p,1.0,s,6,c,double,balanced_data/dim_balanced/nuts_and_bolts/dim3/var4/images/280.png
(C (T (repeat (T l (M 0.4762572018107888 0 -0.2381286009053944 4.54376438313331)) 60 (M 1 0.10471975511965977 0 0)) (M 1 0.05235987755982988 0 0)) (C (T (repeat (T l (M 1.1755705045849463 0 -0.5877852522924731 0.8090169943749475)) 5 (M 1 1.2566370614359172 0 0)) (M 1 0.6283185307179586 0 0)) (repeat (T (T (T (repeat (T l (M 0.565685424949238 0 -0.282842712474619 0.28284271247461906)) 4 (M 1 1.5707963267948966 0 0)) (M 1 0.7853981633974483 0 0)) (M 1 -1.5707963267948966 0 0)) (M 1 0.0 2.7181342252830656 0)) 6 (M 1 1.0471975511965976 0 0)))),p,1.0,s,6,c,outer_only,balanced_data/dim_balanced/nuts_and_bolts/dim3/var4/images/281.png
(C (C (T (repeat (T l (M 5.939696961966999 0 -2.9698484809834995 2.9698484809835)) 4 (M 1 1.5707963267948966 0 0)) (M 1 0.7853981633974483 0 0)) (T (repeat (T l (M 6.434671708797581 0 -3.2173358543987907 3.2173358543987916)) 4 (M 1 1.5707963267948966 0 0)) (M 1 0.7853981633974483 0 0))) (C (T (repeat (T l (M 1.1755705045849463 0 -0.5877852522924731 0.8090169943749475)) 5 (M 1 1.2566370614359172 0 0)) (M 1 0.6283185307179586 0 0)) (repeat (T (T (T (repeat (T l (M 0.565685424949238 0 -0.282842712474619 0.28284271247461906)) 4 (M 1 1.5707963267948966 0 0)) (M 1 0.7853981633974483 0 0)) (M 1 -1.5707963267948966 0 0)) (M 1 0.0 2.044716664540925 0)) 6 (M 1 1.0471975511965976 0 0)))),p,1.0,s,6,s,double,balanced_data/dim_balanced/nuts_and_bolts/dim3/var4/images/282.png
(C (T (repeat (T l (M 6.434671708797581 0 -3.2173358543987907 3.2173358543987916)) 4 (M 1 1.5707963267948966 0 0)) (M 1 0.7853981633974483 0 0)) (C (T (repeat (T l (M 1.1755705045849463 0 -0.5877852522924731 0.8090169943749475)) 5 (M 1 1.2566370614359172 0 0)) (M 1 0.6283185307179586 0 0)) (repeat (T (T (T (repeat (T l (M 0.565685424949238 0 -0.282842712474619 0.28284271247461906)) 4 (M 1 1.5707963267948966 0 0)) (M 1 0.7853981633974483 0 0)) (M 1 -1.5707963267948966 0 0)) (M 1 0.0 2.044716664540925 0)) 6 (M 1 1.0471975511965976 0 0)))),p,1.0,s,6,s,outer_only,balanced_data/dim_balanced/nuts_and_bolts/dim3/var4/images/283.png
(C (C (T (repeat (T l (M 4.937396119256775 0 -2.4686980596283874 3.3978713763747797)) 5 (M 1 1.2566370614359172 0 0)) (M 1 0.6283185307179586 0 0)) (T (repeat (T l (M 5.348845795861505 0 -2.6744228979307527 3.6810273244060108)) 5 (M 1 1.2566370614359172 0 0)) (M 1 0.6283185307179586 0 0))) (C (T (repeat (T l (M 1.1755705045849463 0 -0.5877852522924731 0.8090169943749475)) 5 (M 1 1.2566370614359172 0 0)) (M 1 0.6283185307179586 0 0)) (repeat (T (T (T (repeat (T l (M 0.565685424949238 0 -0.282842712474619 0.28284271247461906)) 4 (M 1 1.5707963267948966 0 0)) (M 1 0.7853981633974483 0 0)) (M 1 -1.5707963267948966 0 0)) (M 1 0.0 2.280129257006129 0)) 6 (M 1 1.0471975511965976 0 0)))),p,1.0,s,6,p,double,balanced_data/dim_balanced/nuts_and_bolts/dim3/var4/images/284.png
(C (T (repeat (T l (M 5.348845795861505 0 -2.6744228979307527 3.6810273244060108)) 5 (M 1 1.2566370614359172 0 0)) (M 1 0.6283185307179586 0 0)) (C (T (repeat (T l (M 1.1755705045849463 0 -0.5877852522924731 0.8090169943749475)) 5 (M 1 1.2566370614359172 0 0)) (M 1 0.6283185307179586 0 0)) (repeat (T (T (T (repeat (T l (M 0.565685424949238 0 -0.282842712474619 0.28284271247461906)) 4 (M 1 1.5707963267948966 0 0)) (M 1 0.7853981633974483 0 0)) (M 1 -1.5707963267948966 0 0)) (M 1 0.0 2.280129257006129 0)) 6 (M 1 1.0471975511965976 0 0)))),p,1.0,s,6,p,outer_only,balanced_data/dim_balanced/nuts_and_bolts/dim3/var4/images/285.png
(C (C (T (repeat (T l (M 4.199999999999999 0 -2.0999999999999996 3.6373066958946425)) 6 (M 1 1.0471975511965976 0 0)) (M 1 0.5235987755982988 0 0)) (T (repeat (T l (M 4.549999999999999 0 -2.2749999999999995 3.940415587219196)) 6 (M 1 1.0471975511965976 0 0)) (M 1 0.5235987755982988 0 0))) (C (T (repeat (T l (M 1.1755705045849463 0 -0.5877852522924731 0.8090169943749475)) 5 (M 1 1.2566370614359172 0 0)) (M 1 0.6283185307179586 0 0)) (repeat (T (T (T (repeat (T l (M 0.565685424949238 0 -0.282842712474619 0.28284271247461906)) 4 (M 1 1.5707963267948966 0 0)) (M 1 0.7853981633974483 0 0)) (M 1 -1.5707963267948966 0 0)) (M 1 0.0 2.4118186827420534 0)) 6 (M 1 1.0471975511965976 0 0)))),p,1.0,s,6,h,double,balanced_data/dim_balanced/nuts_and_bolts/dim3/var4/images/286.png
(C (T (repeat (T l (M 4.549999999999999 0 -2.2749999999999995 3.940415587219196)) 6 (M 1 1.0471975511965976 0 0)) (M 1 0.5235987755982988 0 0)) (C (T (repeat (T l (M 1.1755705045849463 0 -0.5877852522924731 0.8090169943749475)) 5 (M 1 1.2566370614359172 0 0)) (M 1 0.6283185307179586 0 0)) (repeat (T (T (T (repeat (T l (M 0.565685424949238 0 -0.282842712474619 0.28284271247461906)) 4 (M 1 1.5707963267948966 0 0)) (M 1 0.7853981633974483 0 0)) (M 1 -1.5707963267948966 0 0)) (M 1 0.0 2.4118186827420534 0)) 6 (M 1 1.0471975511965976 0 0)))),p,1.0,s,6,h,outer_only,balanced_data/dim_balanced/nuts_and_bolts/dim3/var4/images/287.png
(C (C (T (repeat (T l (M 0.43962203244072817 0 -0.21981101622036409 4.19424404596921)) 60 (M 1 0.10471975511965977 0 0)) (M 1 0.05235987755982988 0 0)) (T (repeat (T l (M 0.4762572018107888 0 -0.2381286009053944 4.54376438313331)) 60 (M 1 0.10471975511965977 0 0)) (M 1 0.05235987755982988 0 0))) (C (T (repeat (T l (M 1.1755705045849463 0 -0.5877852522924731 0.8090169943749475)) 5 (M 1 1.2566370614359172 0 0)) (M 1 0.6283185307179586 0 0)) (repeat (T (T (T (repeat (T l (M 0.4702282018339785 0 -0.23511410091698925 0.323606797749979)) 5 (M 1 1.2566370614359172 0 0)) (M 1 0.6283185307179586 0 0)) (M 1 -1.5707963267948966 0 0)) (M 1 0.0 2.7181342252830656 0)) 4 (M 1 1.5707963267948966 0 0)))),p,1.0,p,4,c,double,balanced_data/dim_balanced/nuts_and_bolts/dim3/var4/images/288.png
(C (T (repeat (T l (M 0.4762572018107888 0 -0.2381286009053944 4.54376438313331)) 60 (M 1 0.10471975511965977 0 0)) (M 1 0.05235987755982988 0 0)) (C (T (repeat (T l (M 1.1755705045849463 0 -0.5877852522924731 0.8090169943749475)) 5 (M 1 1.2566370614359172 0 0)) (M 1 0.6283185307179586 0 0)) (repeat (T (T (T (repeat (T l (M 0.4702282018339785 0 -0.23511410091698925 0.323606797749979)) 5 (M 1 1.2566370614359172 0 0)) (M 1 0.6283185307179586 0 0)) (M 1 -1.5707963267948966 0 0)) (M 1 0.0 2.7181342252830656 0)) 4 (M 1 1.5707963267948966 0 0)))),p,1.0,p,4,c,outer_only,balanced_data/dim_balanced/nuts_and_bolts/dim3/var4/images/289.png
(C (C (T (repeat (T l (M 5.939696961966999 0 -2.9698484809834995 2.9698484809835)) 4 (M 1 1.5707963267948966 0 0)) (M 1 0.7853981633974483 0 0)) (T (repeat (T l (M 6.434671708797581 0 -3.2173358543987907 3.2173358543987916)) 4 (M 1 1.5707963267948966 0 0)) (M 1 0.7853981633974483 0 0))) (C (T (repeat (T l (M 1.1755705045849463 0 -0.5877852522924731 0.8090169943749475)) 5 (M 1 1.2566370614359172 0 0)) (M 1 0.6283185307179586 0 0)) (repeat (T (T (T (repeat (T l (M 0.4702282018339785 0 -0.23511410091698925 0.323606797749979)) 5 (M 1 1.2566370614359172 0 0)) (M 1 0.6283185307179586 0 0)) (M 1 -1.5707963267948966 0 0)) (M 1 0.0 2.044716664540925 0)) 4 (M 1 1.5707963267948966 0 0)))),p,1.0,p,4,s,double,balanced_data/dim_balanced/nuts_and_bolts/dim3/var4/images/290.png
(C (T (repeat (T l (M 6.434671708797581 0 -3.2173358543987907 3.2173358543987916)) 4 (M 1 1.5707963267948966 0 0)) (M 1 0.7853981633974483 0 0)) (C (T (repeat (T l (M 1.1755705045849463 0 -0.5877852522924731 0.8090169943749475)) 5 (M 1 1.2566370614359172 0 0)) (M 1 0.6283185307179586 0 0)) (repeat (T (T (T (repeat (T l (M 0.4702282018339785 0 -0.23511410091698925 0.323606797749979)) 5 (M 1 1.2566370614359172 0 0)) (M 1 0.6283185307179586 0 0)) (M 1 -1.5707963267948966 0 0)) (M 1 0.0 2.044716664540925 0)) 4 (M 1 1.5707963267948966 0 0)))),p,1.0,p,4,s,outer_only,balanced_data/dim_balanced/nuts_and_bolts/dim3/var4/images/291.png
(C (C (T (repeat (T l (M 4.937396119256775 0 -2.4686980596283874 3.3978713763747797)) 5 (M 1 1.2566370614359172 0 0)) (M 1 0.6283185307179586 0 0)) (T (repeat (T l (M 5.348845795861505 0 -2.6744228979307527 3.6810273244060108)) 5 (M 1 1.2566370614359172 0 0)) (M 1 0.6283185307179586 0 0))) (C (T (repeat (T l (M 1.1755705045849463 0 -0.5877852522924731 0.8090169943749475)) 5 (M 1 1.2566370614359172 0 0)) (M 1 0.6283185307179586 0 0)) (repeat (T (T (T (repeat (T l (M 0.4702282018339785 0 -0.23511410091698925 0.323606797749979)) 5 (M 1 1.2566370614359172 0 0)) (M 1 0.6283185307179586 0 0)) (M 1 -1.5707963267948966 0 0)) (M 1 0.0 2.280129257006129 0)) 4 (M 1 1.5707963267948966 0 0)))),p,1.0,p,4,p,double,balanced_data/dim_balanced/nuts_and_bolts/dim3/var4/images/292.png
(C (T (repeat (T l (M 5.348845795861505 0 -2.6744228979307527 3.6810273244060108)) 5 (M 1 1.2566370614359172 0 0)) (M 1 0.6283185307179586 0 0)) (C (T (repeat (T l (M 1.1755705045849463 0 -0.5877852522924731 0.8090169943749475)) 5 (M 1 1.2566370614359172 0 0)) (M 1 0.6283185307179586 0 0)) (repeat (T (T (T (repeat (T l (M 0.4702282018339785 0 -0.23511410091698925 0.323606797749979)) 5 (M 1 1.2566370614359172 0 0)) (M 1 0.6283185307179586 0 0)) (M 1 -1.5707963267948966 0 0)) (M 1 0.0 2.280129257006129 0)) 4 (M 1 1.5707963267948966 0 0)))),p,1.0,p,4,p,outer_only,balanced_data/dim_balanced/nuts_and_bolts/dim3/var4/images/293.png
(C (C (T (repeat (T l (M 4.199999999999999 0 -2.0999999999999996 3.6373066958946425)) 6 (M 1 1.0471975511965976 0 0)) (M 1 0.5235987755982988 0 0)) (T (repeat (T l (M 4.549999999999999 0 -2.2749999999999995 3.940415587219196)) 6 (M 1 1.0471975511965976 0 0)) (M 1 0.5235987755982988 0 0))) (C (T (repeat (T l (M 1.1755705045849463 0 -0.5877852522924731 0.8090169943749475)) 5 (M 1 1.2566370614359172 0 0)) (M 1 0.6283185307179586 0 0)) (repeat (T (T (T (repeat (T l (M 0.4702282018339785 0 -0.23511410091698925 0.323606797749979)) 5 (M 1 1.2566370614359172 0 0)) (M 1 0.6283185307179586 0 0)) (M 1 -1.5707963267948966 0 0)) (M 1 0.0 2.4118186827420534 0)) 4 (M 1 1.5707963267948966 0 0)))),p,1.0,p,4,h,double,balanced_data/dim_balanced/nuts_and_bolts/dim3/var4/images/294.png
(C (T (repeat (T l (M 4.549999999999999 0 -2.2749999999999995 3.940415587219196)) 6 (M 1 1.0471975511965976 0 0)) (M 1 0.5235987755982988 0 0)) (C (T (repeat (T l (M 1.1755705045849463 0 -0.5877852522924731 0.8090169943749475)) 5 (M 1 1.2566370614359172 0 0)) (M 1 0.6283185307179586 0 0)) (repeat (T (T (T (repeat (T l (M 0.4702282018339785 0 -0.23511410091698925 0.323606797749979)) 5 (M 1 1.2566370614359172 0 0)) (M 1 0.6283185307179586 0 0)) (M 1 -1.5707963267948966 0 0)) (M 1 0.0 2.4118186827420534 0)) 4 (M 1 1.5707963267948966 0 0)))),p,1.0,p,4,h,outer_only,balanced_data/dim_balanced/nuts_and_bolts/dim3/var4/images/295.png
(C (C (T (repeat (T l (M 0.43962203244072817 0 -0.21981101622036409 4.19424404596921)) 60 (M 1 0.10471975511965977 0 0)) (M 1 0.05235987755982988 0 0)) (T (repeat (T l (M 0.4762572018107888 0 -0.2381286009053944 4.54376438313331)) 60 (M 1 0.10471975511965977 0 0)) (M 1 0.05235987755982988 0 0))) (C (T (repeat (T l (M 1.1755705045849463 0 -0.5877852522924731 0.8090169943749475)) 5 (M 1 1.2566370614359172 0 0)) (M 1 0.6283185307179586 0 0)) (repeat (T (T (T (repeat (T l (M 0.4702282018339785 0 -0.23511410091698925 0.323606797749979)) 5 (M 1 1.2566370614359172 0 0)) (M 1 0.6283185307179586 0 0)) (M 1 -1.5707963267948966 0 0)) (M 1 0.0 2.7181342252830656 0)) 6 (M 1 1.0471975511965976 0 0)))),p,1.0,p,6,c,double,balanced_data/dim_balanced/nuts_and_bolts/dim3/var4/images/296.png
(C (T (repeat (T l (M 0.4762572018107888 0 -0.2381286009053944 4.54376438313331)) 60 (M 1 0.10471975511965977 0 0)) (M 1 0.05235987755982988 0 0)) (C (T (repeat (T l (M 1.1755705045849463 0 -0.5877852522924731 0.8090169943749475)) 5 (M 1 1.2566370614359172 0 0)) (M 1 0.6283185307179586 0 0)) (repeat (T (T (T (repeat (T l (M 0.4702282018339785 0 -0.23511410091698925 0.323606797749979)) 5 (M 1 1.2566370614359172 0 0)) (M 1 0.6283185307179586 0 0)) (M 1 -1.5707963267948966 0 0)) (M 1 0.0 2.7181342252830656 0)) 6 (M 1 1.0471975511965976 0 0)))),p,1.0,p,6,c,outer_only,balanced_data/dim_balanced/nuts_and_bolts/dim3/var4/images/297.png
(C (C (T (repeat (T l (M 5.939696961966999 0 -2.9698484809834995 2.9698484809835)) 4 (M 1 1.5707963267948966 0 0)) (M 1 0.7853981633974483 0 0)) (T (repeat (T l (M 6.434671708797581 0 -3.2173358543987907 3.2173358543987916)) 4 (M 1 1.5707963267948966 0 0)) (M 1 0.7853981633974483 0 0))) (C (T (repeat (T l (M 1.1755705045849463 0 -0.5877852522924731 0.8090169943749475)) 5 (M 1 1.2566370614359172 0 0)) (M 1 0.6283185307179586 0 0)) (repeat (T (T (T (repeat (T l (M 0.4702282018339785 0 -0.23511410091698925 0.323606797749979)) 5 (M 1 1.2566370614359172 0 0)) (M 1 0.6283185307179586 0 0)) (M 1 -1.5707963267948966 0 0)) (M 1 0.0 2.044716664540925 0)) 6 (M 1 1.0471975511965976 0 0)))),p,1.0,p,6,s,double,balanced_data/dim_balanced/nuts_and_bolts/dim3/var4/images/298.png
(C (T (repeat (T l (M 6.434671708797581 0 -3.2173358543987907 3.2173358543987916)) 4 (M 1 1.5707963267948966 0 0)) (M 1 0.7853981633974483 0 0)) (C (T (repeat (T l (M 1.1755705045849463 0 -0.5877852522924731 0.8090169943749475)) 5 (M 1 1.2566370614359172 0 0)) (M 1 0.6283185307179586 0 0)) (repeat (T (T (T (repeat (T l (M 0.4702282018339785 0 -0.23511410091698925 0.323606797749979)) 5 (M 1 1.2566370614359172 0 0)) (M 1 0.6283185307179586 0 0)) (M 1 -1.5707963267948966 0 0)) (M 1 0.0 2.044716664540925 0)) 6 (M 1 1.0471975511965976 0 0)))),p,1.0,p,6,s,outer_only,balanced_data/dim_balanced/nuts_and_bolts/dim3/var4/images/299.png
(C (C (T (repeat (T l (M 4.937396119256775 0 -2.4686980596283874 3.3978713763747797)) 5 (M 1 1.2566370614359172 0 0)) (M 1 0.6283185307179586 0 0)) (T (repeat (T l (M 5.348845795861505 0 -2.6744228979307527 3.6810273244060108)) 5 (M 1 1.2566370614359172 0 0)) (M 1 0.6283185307179586 0 0))) (C (T (repeat (T l (M 1.1755705045849463 0 -0.5877852522924731 0.8090169943749475)) 5 (M 1 1.2566370614359172 0 0)) (M 1 0.6283185307179586 0 0)) (repeat (T (T (T (repeat (T l (M 0.4702282018339785 0 -0.23511410091698925 0.323606797749979)) 5 (M 1 1.2566370614359172 0 0)) (M 1 0.6283185307179586 0 0)) (M 1 -1.5707963267948966 0 0)) (M 1 0.0 2.280129257006129 0)) 6 (M 1 1.0471975511965976 0 0)))),p,1.0,p,6,p,double,balanced_data/dim_balanced/nuts_and_bolts/dim3/var4/images/300.png
(C (T (repeat (T l (M 5.348845795861505 0 -2.6744228979307527 3.6810273244060108)) 5 (M 1 1.2566370614359172 0 0)) (M 1 0.6283185307179586 0 0)) (C (T (repeat (T l (M 1.1755705045849463 0 -0.5877852522924731 0.8090169943749475)) 5 (M 1 1.2566370614359172 0 0)) (M 1 0.6283185307179586 0 0)) (repeat (T (T (T (repeat (T l (M 0.4702282018339785 0 -0.23511410091698925 0.323606797749979)) 5 (M 1 1.2566370614359172 0 0)) (M 1 0.6283185307179586 0 0)) (M 1 -1.5707963267948966 0 0)) (M 1 0.0 2.280129257006129 0)) 6 (M 1 1.0471975511965976 0 0)))),p,1.0,p,6,p,outer_only,balanced_data/dim_balanced/nuts_and_bolts/dim3/var4/images/301.png
(C (C (T (repeat (T l (M 4.199999999999999 0 -2.0999999999999996 3.6373066958946425)) 6 (M 1 1.0471975511965976 0 0)) (M 1 0.5235987755982988 0 0)) (T (repeat (T l (M 4.549999999999999 0 -2.2749999999999995 3.940415587219196)) 6 (M 1 1.0471975511965976 0 0)) (M 1 0.5235987755982988 0 0))) (C (T (repeat (T l (M 1.1755705045849463 0 -0.5877852522924731 0.8090169943749475)) 5 (M 1 1.2566370614359172 0 0)) (M 1 0.6283185307179586 0 0)) (repeat (T (T (T (repeat (T l (M 0.4702282018339785 0 -0.23511410091698925 0.323606797749979)) 5 (M 1 1.2566370614359172 0 0)) (M 1 0.6283185307179586 0 0)) (M 1 -1.5707963267948966 0 0)) (M 1 0.0 2.4118186827420534 0)) 6 (M 1 1.0471975511965976 0 0)))),p,1.0,p,6,h,double,balanced_data/dim_balanced/nuts_and_bolts/dim3/var4/images/302.png
(C (T (repeat (T l (M 4.549999999999999 0 -2.2749999999999995 3.940415587219196)) 6 (M 1 1.0471975511965976 0 0)) (M 1 0.5235987755982988 0 0)) (C (T (repeat (T l (M 1.1755705045849463 0 -0.5877852522924731 0.8090169943749475)) 5 (M 1 1.2566370614359172 0 0)) (M 1 0.6283185307179586 0 0)) (repeat (T (T (T (repeat (T l (M 0.4702282018339785 0 -0.23511410091698925 0.323606797749979)) 5 (M 1 1.2566370614359172 0 0)) (M 1 0.6283185307179586 0 0)) (M 1 -1.5707963267948966 0 0)) (M 1 0.0 2.4118186827420534 0)) 6 (M 1 1.0471975511965976 0 0)))),p,1.0,p,6,h,outer_only,balanced_data/dim_balanced/nuts_and_bolts/dim3/var4/images/303.png
(C (C (T (repeat (T l (M 0.43962203244072817 0 -0.21981101622036409 4.19424404596921)) 60 (M 1 0.10471975511965977 0 0)) (M 1 0.05235987755982988 0 0)) (T (repeat (T l (M 0.4762572018107888 0 -0.2381286009053944 4.54376438313331)) 60 (M 1 0.10471975511965977 0 0)) (M 1 0.05235987755982988 0 0))) (C (T (repeat (T l (M 1.1755705045849463 0 -0.5877852522924731 0.8090169943749475)) 5 (M 1 1.2566370614359172 0 0)) (M 1 0.6283185307179586 0 0)) (repeat (T (T (T (repeat (T l (M 0.39999999999999997 0 -0.19999999999999998 0.3464101615137755)) 6 (M 1 1.0471975511965976 0 0)) (M 1 0.5235987755982988 0 0)) (M 1 -1.5707963267948966 0 0)) (M 1 0.0 2.7181342252830656 0)) 4 (M 1 1.5707963267948966 0 0)))),p,1.0,h,4,c,double,balanced_data/dim_balanced/nuts_and_bolts/dim3/var4/images/304.png
(C (T (repeat (T l (M 0.4762572018107888 0 -0.2381286009053944 4.54376438313331)) 60 (M 1 0.10471975511965977 0 0)) (M 1 0.05235987755982988 0 0)) (C (T (repeat (T l (M 1.1755705045849463 0 -0.5877852522924731 0.8090169943749475)) 5 (M 1 1.2566370614359172 0 0)) (M 1 0.6283185307179586 0 0)) (repeat (T (T (T (repeat (T l (M 0.39999999999999997 0 -0.19999999999999998 0.3464101615137755)) 6 (M 1 1.0471975511965976 0 0)) (M 1 0.5235987755982988 0 0)) (M 1 -1.5707963267948966 0 0)) (M 1 0.0 2.7181342252830656 0)) 4 (M 1 1.5707963267948966 0 0)))),p,1.0,h,4,c,outer_only,balanced_data/dim_balanced/nuts_and_bolts/dim3/var4/images/305.png
(C (C (T (repeat (T l (M 5.939696961966999 0 -2.9698484809834995 2.9698484809835)) 4 (M 1 1.5707963267948966 0 0)) (M 1 0.7853981633974483 0 0)) (T (repeat (T l (M 6.434671708797581 0 -3.2173358543987907 3.2173358543987916)) 4 (M 1 1.5707963267948966 0 0)) (M 1 0.7853981633974483 0 0))) (C (T (repeat (T l (M 1.1755705045849463 0 -0.5877852522924731 0.8090169943749475)) 5 (M 1 1.2566370614359172 0 0)) (M 1 0.6283185307179586 0 0)) (repeat (T (T (T (repeat (T l (M 0.39999999999999997 0 -0.19999999999999998 0.3464101615137755)) 6 (M 1 1.0471975511965976 0 0)) (M 1 0.5235987755982988 0 0)) (M 1 -1.5707963267948966 0 0)) (M 1 0.0 2.044716664540925 0)) 4 (M 1 1.5707963267948966 0 0)))),p,1.0,h,4,s,double,balanced_data/dim_balanced/nuts_and_bolts/dim3/var4/images/306.png
(C (T (repeat (T l (M 6.434671708797581 0 -3.2173358543987907 3.2173358543987916)) 4 (M 1 1.5707963267948966 0 0)) (M 1 0.7853981633974483 0 0)) (C (T (repeat (T l (M 1.1755705045849463 0 -0.5877852522924731 0.8090169943749475)) 5 (M 1 1.2566370614359172 0 0)) (M 1 0.6283185307179586 0 0)) (repeat (T (T (T (repeat (T l (M 0.39999999999999997 0 -0.19999999999999998 0.3464101615137755)) 6 (M 1 1.0471975511965976 0 0)) (M 1 0.5235987755982988 0 0)) (M 1 -1.5707963267948966 0 0)) (M 1 0.0 2.044716664540925 0)) 4 (M 1 1.5707963267948966 0 0)))),p,1.0,h,4,s,outer_only,balanced_data/dim_balanced/nuts_and_bolts/dim3/var4/images/307.png
(C (C (T (repeat (T l (M 4.937396119256775 0 -2.4686980596283874 3.3978713763747797)) 5 (M 1 1.2566370614359172 0 0)) (M 1 0.6283185307179586 0 0)) (T (repeat (T l (M 5.348845795861505 0 -2.6744228979307527 3.6810273244060108)) 5 (M 1 1.2566370614359172 0 0)) (M 1 0.6283185307179586 0 0))) (C (T (repeat (T l (M 1.1755705045849463 0 -0.5877852522924731 0.8090169943749475)) 5 (M 1 1.2566370614359172 0 0)) (M 1 0.6283185307179586 0 0)) (repeat (T (T (T (repeat (T l (M 0.39999999999999997 0 -0.19999999999999998 0.3464101615137755)) 6 (M 1 1.0471975511965976 0 0)) (M 1 0.5235987755982988 0 0)) (M 1 -1.5707963267948966 0 0)) (M 1 0.0 2.280129257006129 0)) 4 (M 1 1.5707963267948966 0 0)))),p,1.0,h,4,p,double,balanced_data/dim_balanced/nuts_and_bolts/dim3/var4/images/308.png
(C (T (repeat (T l (M 5.348845795861505 0 -2.6744228979307527 3.6810273244060108)) 5 (M 1 1.2566370614359172 0 0)) (M 1 0.6283185307179586 0 0)) (C (T (repeat (T l (M 1.1755705045849463 0 -0.5877852522924731 0.8090169943749475)) 5 (M 1 1.2566370614359172 0 0)) (M 1 0.6283185307179586 0 0)) (repeat (T (T (T (repeat (T l (M 0.39999999999999997 0 -0.19999999999999998 0.3464101615137755)) 6 (M 1 1.0471975511965976 0 0)) (M 1 0.5235987755982988 0 0)) (M 1 -1.5707963267948966 0 0)) (M 1 0.0 2.280129257006129 0)) 4 (M 1 1.5707963267948966 0 0)))),p,1.0,h,4,p,outer_only,balanced_data/dim_balanced/nuts_and_bolts/dim3/var4/images/309.png
(C (C (T (repeat (T l (M 4.199999999999999 0 -2.0999999999999996 3.6373066958946425)) 6 (M 1 1.0471975511965976 0 0)) (M 1 0.5235987755982988 0 0)) (T (repeat (T l (M 4.549999999999999 0 -2.2749999999999995 3.940415587219196)) 6 (M 1 1.0471975511965976 0 0)) (M 1 0.5235987755982988 0 0))) (C (T (repeat (T l (M 1.1755705045849463 0 -0.5877852522924731 0.8090169943749475)) 5 (M 1 1.2566370614359172 0 0)) (M 1 0.6283185307179586 0 0)) (repeat (T (T (T (repeat (T l (M 0.39999999999999997 0 -0.19999999999999998 0.3464101615137755)) 6 (M 1 1.0471975511965976 0 0)) (M 1 0.5235987755982988 0 0)) (M 1 -1.5707963267948966 0 0)) (M 1 0.0 2.4118186827420534 0)) 4 (M 1 1.5707963267948966 0 0)))),p,1.0,h,4,h,double,balanced_data/dim_balanced/nuts_and_bolts/dim3/var4/images/310.png
(C (T (repeat (T l (M 4.549999999999999 0 -2.2749999999999995 3.940415587219196)) 6 (M 1 1.0471975511965976 0 0)) (M 1 0.5235987755982988 0 0)) (C (T (repeat (T l (M 1.1755705045849463 0 -0.5877852522924731 0.8090169943749475)) 5 (M 1 1.2566370614359172 0 0)) (M 1 0.6283185307179586 0 0)) (repeat (T (T (T (repeat (T l (M 0.39999999999999997 0 -0.19999999999999998 0.3464101615137755)) 6 (M 1 1.0471975511965976 0 0)) (M 1 0.5235987755982988 0 0)) (M 1 -1.5707963267948966 0 0)) (M 1 0.0 2.4118186827420534 0)) 4 (M 1 1.5707963267948966 0 0)))),p,1.0,h,4,h,outer_only,balanced_data/dim_balanced/nuts_and_bolts/dim3/var4/images/311.png
(C (C (T (repeat (T l (M 0.43962203244072817 0 -0.21981101622036409 4.19424404596921)) 60 (M 1 0.10471975511965977 0 0)) (M 1 0.05235987755982988 0 0)) (T (repeat (T l (M 0.4762572018107888 0 -0.2381286009053944 4.54376438313331)) 60 (M 1 0.10471975511965977 0 0)) (M 1 0.05235987755982988 0 0))) (C (T (repeat (T l (M 1.1755705045849463 0 -0.5877852522924731 0.8090169943749475)) 5 (M 1 1.2566370614359172 0 0)) (M 1 0.6283185307179586 0 0)) (repeat (T (T (T (repeat (T l (M 0.39999999999999997 0 -0.19999999999999998 0.3464101615137755)) 6 (M 1 1.0471975511965976 0 0)) (M 1 0.5235987755982988 0 0)) (M 1 -1.5707963267948966 0 0)) (M 1 0.0 2.7181342252830656 0)) 6 (M 1 1.0471975511965976 0 0)))),p,1.0,h,6,c,double,balanced_data/dim_balanced/nuts_and_bolts/dim3/var4/images/312.png
(C (T (repeat (T l (M 0.4762572018107888 0 -0.2381286009053944 4.54376438313331)) 60 (M 1 0.10471975511965977 0 0)) (M 1 0.05235987755982988 0 0)) (C (T (repeat (T l (M 1.1755705045849463 0 -0.5877852522924731 0.8090169943749475)) 5 (M 1 1.2566370614359172 0 0)) (M 1 0.6283185307179586 0 0)) (repeat (T (T (T (repeat (T l (M 0.39999999999999997 0 -0.19999999999999998 0.3464101615137755)) 6 (M 1 1.0471975511965976 0 0)) (M 1 0.5235987755982988 0 0)) (M 1 -1.5707963267948966 0 0)) (M 1 0.0 2.7181342252830656 0)) 6 (M 1 1.0471975511965976 0 0)))),p,1.0,h,6,c,outer_only,balanced_data/dim_balanced/nuts_and_bolts/dim3/var4/images/313.png
(C (C (T (repeat (T l (M 5.939696961966999 0 -2.9698484809834995 2.9698484809835)) 4 (M 1 1.5707963267948966 0 0)) (M 1 0.7853981633974483 0 0)) (T (repeat (T l (M 6.434671708797581 0 -3.2173358543987907 3.2173358543987916)) 4 (M 1 1.5707963267948966 0 0)) (M 1 0.7853981633974483 0 0))) (C (T (repeat (T l (M 1.1755705045849463 0 -0.5877852522924731 0.8090169943749475)) 5 (M 1 1.2566370614359172 0 0)) (M 1 0.6283185307179586 0 0)) (repeat (T (T (T (repeat (T l (M 0.39999999999999997 0 -0.19999999999999998 0.3464101615137755)) 6 (M 1 1.0471975511965976 0 0)) (M 1 0.5235987755982988 0 0)) (M 1 -1.5707963267948966 0 0)) (M 1 0.0 2.044716664540925 0)) 6 (M 1 1.0471975511965976 0 0)))),p,1.0,h,6,s,double,balanced_data/dim_balanced/nuts_and_bolts/dim3/var4/images/314.png
(C (T (repeat (T l (M 6.434671708797581 0 -3.2173358543987907 3.2173358543987916)) 4 (M 1 1.5707963267948966 0 0)) (M 1 0.7853981633974483 0 0)) (C (T (repeat (T l (M 1.1755705045849463 0 -0.5877852522924731 0.8090169943749475)) 5 (M 1 1.2566370614359172 0 0)) (M 1 0.6283185307179586 0 0)) (repeat (T (T (T (repeat (T l (M 0.39999999999999997 0 -0.19999999999999998 0.3464101615137755)) 6 (M 1 1.0471975511965976 0 0)) (M 1 0.5235987755982988 0 0)) (M 1 -1.5707963267948966 0 0)) (M 1 0.0 2.044716664540925 0)) 6 (M 1 1.0471975511965976 0 0)))),p,1.0,h,6,s,outer_only,balanced_data/dim_balanced/nuts_and_bolts/dim3/var4/images/315.png
(C (C (T (repeat (T l (M 4.937396119256775 0 -2.4686980596283874 3.3978713763747797)) 5 (M 1 1.2566370614359172 0 0)) (M 1 0.6283185307179586 0 0)) (T (repeat (T l (M 5.348845795861505 0 -2.6744228979307527 3.6810273244060108)) 5 (M 1 1.2566370614359172 0 0)) (M 1 0.6283185307179586 0 0))) (C (T (repeat (T l (M 1.1755705045849463 0 -0.5877852522924731 0.8090169943749475)) 5 (M 1 1.2566370614359172 0 0)) (M 1 0.6283185307179586 0 0)) (repeat (T (T (T (repeat (T l (M 0.39999999999999997 0 -0.19999999999999998 0.3464101615137755)) 6 (M 1 1.0471975511965976 0 0)) (M 1 0.5235987755982988 0 0)) (M 1 -1.5707963267948966 0 0)) (M 1 0.0 2.280129257006129 0)) 6 (M 1 1.0471975511965976 0 0)))),p,1.0,h,6,p,double,balanced_data/dim_balanced/nuts_and_bolts/dim3/var4/images/316.png
(C (T (repeat (T l (M 5.348845795861505 0 -2.6744228979307527 3.6810273244060108)) 5 (M 1 1.2566370614359172 0 0)) (M 1 0.6283185307179586 0 0)) (C (T (repeat (T l (M 1.1755705045849463 0 -0.5877852522924731 0.8090169943749475)) 5 (M 1 1.2566370614359172 0 0)) (M 1 0.6283185307179586 0 0)) (repeat (T (T (T (repeat (T l (M 0.39999999999999997 0 -0.19999999999999998 0.3464101615137755)) 6 (M 1 1.0471975511965976 0 0)) (M 1 0.5235987755982988 0 0)) (M 1 -1.5707963267948966 0 0)) (M 1 0.0 2.280129257006129 0)) 6 (M 1 1.0471975511965976 0 0)))),p,1.0,h,6,p,outer_only,balanced_data/dim_balanced/nuts_and_bolts/dim3/var4/images/317.png
(C (C (T (repeat (T l (M 4.199999999999999 0 -2.0999999999999996 3.6373066958946425)) 6 (M 1 1.0471975511965976 0 0)) (M 1 0.5235987755982988 0 0)) (T (repeat (T l (M 4.549999999999999 0 -2.2749999999999995 3.940415587219196)) 6 (M 1 1.0471975511965976 0 0)) (M 1 0.5235987755982988 0 0))) (C (T (repeat (T l (M 1.1755705045849463 0 -0.5877852522924731 0.8090169943749475)) 5 (M 1 1.2566370614359172 0 0)) (M 1 0.6283185307179586 0 0)) (repeat (T (T (T (repeat (T l (M 0.39999999999999997 0 -0.19999999999999998 0.3464101615137755)) 6 (M 1 1.0471975511965976 0 0)) (M 1 0.5235987755982988 0 0)) (M 1 -1.5707963267948966 0 0)) (M 1 0.0 2.4118186827420534 0)) 6 (M 1 1.0471975511965976 0 0)))),p,1.0,h,6,h,double,balanced_data/dim_balanced/nuts_and_bolts/dim3/var4/images/318.png
(C (T (repeat (T l (M 4.549999999999999 0 -2.2749999999999995 3.940415587219196)) 6 (M 1 1.0471975511965976 0 0)) (M 1 0.5235987755982988 0 0)) (C (T (repeat (T l (M 1.1755705045849463 0 -0.5877852522924731 0.8090169943749475)) 5 (M 1 1.2566370614359172 0 0)) (M 1 0.6283185307179586 0 0)) (repeat (T (T (T (repeat (T l (M 0.39999999999999997 0 -0.19999999999999998 0.3464101615137755)) 6 (M 1 1.0471975511965976 0 0)) (M 1 0.5235987755982988 0 0)) (M 1 -1.5707963267948966 0 0)) (M 1 0.0 2.4118186827420534 0)) 6 (M 1 1.0471975511965976 0 0)))),p,1.0,h,6,h,outer_only,balanced_data/dim_balanced/nuts_and_bolts/dim3/var4/images/319.png
(C (C (T (repeat (T l (M 0.43962203244072817 0 -0.21981101622036409 4.19424404596921)) 60 (M 1 0.10471975511965977 0 0)) (M 1 0.05235987755982988 0 0)) (T (repeat (T l (M 0.4762572018107888 0 -0.2381286009053944 4.54376438313331)) 60 (M 1 0.10471975511965977 0 0)) (M 1 0.05235987755982988 0 0))) (C (T (repeat (T l (M 2.586255110086882 0 -1.293127555043441 1.7798373876248845)) 5 (M 1 1.2566370614359172 0 0)) (M 1 0.6283185307179586 0 0)) (repeat (T (T (T (repeat (T l (M 0.041868764994355066 0 -0.020934382497177533 0.39945181390182954)) 60 (M 1 0.10471975511965977 0 0)) (M 1 0.05235987755982988 0 0)) (M 1 -1.5707963267948966 0 0)) (M 1 0.0 3.2851342252830658 0)) 4 (M 1 1.5707963267948966 0 0)))),p,2.2,c,4,c,double,balanced_data/dim_balanced/nuts_and_bolts/dim3/var4/images/320.png
(C (T (repeat (T l (M 0.4762572018107888 0 -0.2381286009053944 4.54376438313331)) 60 (M 1 0.10471975511965977 0 0)) (M 1 0.05235987755982988 0 0)) (C (T (repeat (T l (M 2.586255110086882 0 -1.293127555043441 1.7798373876248845)) 5 (M 1 1.2566370614359172 0 0)) (M 1 0.6283185307179586 0 0)) (repeat (T (T (T (repeat (T l (M 0.041868764994355066 0 -0.020934382497177533 0.39945181390182954)) 60 (M 1 0.10471975511965977 0 0)) (M 1 0.05235987755982988 0 0)) (M 1 -1.5707963267948966 0 0)) (M 1 0.0 3.2851342252830658 0)) 4 (M 1 1.5707963267948966 0 0)))),p,2.2,c,4,c,outer_only,balanced_data/dim_balanced/nuts_and_bolts/dim3/var4/images/321.png
(C (C (T (repeat (T l (M 5.939696961966999 0 -2.9698484809834995 2.9698484809835)) 4 (M 1 1.5707963267948966 0 0)) (M 1 0.7853981633974483 0 0)) (T (repeat (T l (M 6.434671708797581 0 -3.2173358543987907 3.2173358543987916)) 4 (M 1 1.5707963267948966 0 0)) (M 1 0.7853981633974483 0 0))) (C (T (repeat (T l (M 2.586255110086882 0 -1.293127555043441 1.7798373876248845)) 5 (M 1 1.2566370614359172 0 0)) (M 1 0.6283185307179586 0 0)) (repeat (T (T (T (repeat (T l (M 0.023027820746895276 0 -0.011513910373447638 0.21969849764600616)) 60 (M 1 0.10471975511965977 0 0)) (M 1 0.05235987755982988 0 0)) (M 1 -1.5707963267948966 0 0)) (M 1 0.0 2.7276000000000007 0)) 4 (M 1 1.5707963267948966 0 0)))),p,2.2,c,4,s,double,balanced_data/dim_balanced/nuts_and_bolts/dim3/var4/images/322.png
(C (T (repeat (T l (M 6.434671708797581 0 -3.2173358543987907 3.2173358543987916)) 4 (M 1 1.5707963267948966 0 0)) (M 1 0.7853981633974483 0 0)) (C (T (repeat (T l (M 2.586255110086882 0 -1.293127555043441 1.7798373876248845)) 5 (M 1 1.2566370614359172 0 0)) (M 1 0.6283185307179586 0 0)) (repeat (T (T (T (repeat (T l (M 0.023027820746895276 0 -0.011513910373447638 0.21969849764600616)) 60 (M 1 0.10471975511965977 0 0)) (M 1 0.05235987755982988 0 0)) (M 1 -1.5707963267948966 0 0)) (M 1 0.0 2.7276000000000007 0)) 4 (M 1 1.5707963267948966 0 0)))),p,2.2,c,4,s,outer_only,balanced_data/dim_balanced/nuts_and_bolts/dim3/var4/images/323.png
(C (C (T (repeat (T l (M 4.937396119256775 0 -2.4686980596283874 3.3978713763747797)) 5 (M 1 1.2566370614359172 0 0)) (M 1 0.6283185307179586 0 0)) (T (repeat (T l (M 5.348845795861505 0 -2.6744228979307527 3.6810273244060108)) 5 (M 1 1.2566370614359172 0 0)) (M 1 0.6283185307179586 0 0))) (C (T (repeat (T l (M 2.586255110086882 0 -1.293127555043441 1.7798373876248845)) 5 (M 1 1.2566370614359172 0 0)) (M 1 0.6283185307179586 0 0)) (repeat (T (T (T (repeat (T l (M 0.032448292870625166 0 -0.016224146435312583 0.3095751557739178)) 60 (M 1 0.10471975511965977 0 0)) (M 1 0.05235987755982988 0 0)) (M 1 -1.5707963267948966 0 0)) (M 1 0.0 2.856849257006129 0)) 4 (M 1 1.5707963267948966 0 0)))),p,2.2,c,4,p,double,balanced_data/dim_balanced/nuts_and_bolts/dim3/var4/images/324.png
(C (T (repeat (T l (M 5.348845795861505 0 -2.6744228979307527 3.6810273244060108)) 5 (M 1 1.2566370614359172 0 0)) (M 1 0.6283185307179586 0 0)) (C (T (repeat (T l (M 2.586255110086882 0 -1.293127555043441 1.7798373876248845)) 5 (M 1 1.2566370614359172 0 0)) (M 1 0.6283185307179586 0 0)) (repeat (T (T (T (repeat (T l (M 0.032448292870625166 0 -0.016224146435312583 0.3095751557739178)) 60 (M 1 0.10471975511965977 0 0)) (M 1 0.05235987755982988 0 0)) (M 1 -1.5707963267948966 0 0)) (M 1 0.0 2.856849257006129 0)) 4 (M 1 1.5707963267948966 0 0)))),p,2.2,c,4,p,outer_only,balanced_data/dim_balanced/nuts_and_bolts/dim3/var4/images/325.png
(C (C (T (repeat (T l (M 4.199999999999999 0 -2.0999999999999996 3.6373066958946425)) 6 (M 1 1.0471975511965976 0 0)) (M 1 0.5235987755982988 0 0)) (T (repeat (T l (M 4.549999999999999 0 -2.2749999999999995 3.940415587219196)) 6 (M 1 1.0471975511965976 0 0)) (M 1 0.5235987755982988 0 0))) (C (T (repeat (T l (M 2.586255110086882 0 -1.293127555043441 1.7798373876248845)) 5 (M 1 1.2566370614359172 0 0)) (M 1 0.6283185307179586 0 0)) (repeat (T (T (T (repeat (T l (M 0.041868764994355066 0 -0.020934382497177533 0.39945181390182954)) 60 (M 1 0.10471975511965977 0 0)) (M 1 0.05235987755982988 0 0)) (M 1 -1.5707963267948966 0 0)) (M 1 0.0 2.9788186827420535 0)) 4 (M 1 1.5707963267948966 0 0)))),p,2.2,c,4,h,double,balanced_data/dim_balanced/nuts_and_bolts/dim3/var4/images/326.png
(C (T (repeat (T l (M 4.549999999999999 0 -2.2749999999999995 3.940415587219196)) 6 (M 1 1.0471975511965976 0 0)) (M 1 0.5235987755982988 0 0)) (C (T (repeat (T l (M 2.586255110086882 0 -1.293127555043441 1.7798373876248845)) 5 (M 1 1.2566370614359172 0 0)) (M 1 0.6283185307179586 0 0)) (repeat (T (T (T (repeat (T l (M 0.041868764994355066 0 -0.020934382497177533 0.39945181390182954)) 60 (M 1 0.10471975511965977 0 0)) (M 1 0.05235987755982988 0 0)) (M 1 -1.5707963267948966 0 0)) (M 1 0.0 2.9788186827420535 0)) 4 (M 1 1.5707963267948966 0 0)))),p,2.2,c,4,h,outer_only,balanced_data/dim_balanced/nuts_and_bolts/dim3/var4/images/327.png
(C (C (T (repeat (T l (M 0.43962203244072817 0 -0.21981101622036409 4.19424404596921)) 60 (M 1 0.10471975511965977 0 0)) (M 1 0.05235987755982988 0 0)) (T (repeat (T l (M 0.4762572018107888 0 -0.2381286009053944 4.54376438313331)) 60 (M 1 0.10471975511965977 0 0)) (M 1 0.05235987755982988 0 0))) (C (T (repeat (T l (M 2.586255110086882 0 -1.293127555043441 1.7798373876248845)) 5 (M 1 1.2566370614359172 0 0)) (M 1 0.6283185307179586 0 0)) (repeat (T (T (T (repeat (T l (M 0.041868764994355066 0 -0.020934382497177533 0.39945181390182954)) 60 (M 1 0.10471975511965977 0 0)) (M 1 0.05235987755982988 0 0)) (M 1 -1.5707963267948966 0 0)) (M 1 0.0 3.2851342252830658 0)) 6 (M 1 1.0471975511965976 0 0)))),p,2.2,c,6,c,double,balanced_data/dim_balanced/nuts_and_bolts/dim3/var4/images/328.png
(C (T (repeat (T l (M 0.4762572018107888 0 -0.2381286009053944 4.54376438313331)) 60 (M 1 0.10471975511965977 0 0)) (M 1 0.05235987755982988 0 0)) (C (T (repeat (T l (M 2.586255110086882 0 -1.293127555043441 1.7798373876248845)) 5 (M 1 1.2566370614359172 0 0)) (M 1 0.6283185307179586 0 0)) (repeat (T (T (T (repeat (T l (M 0.041868764994355066 0 -0.020934382497177533 0.39945181390182954)) 60 (M 1 0.10471975511965977 0 0)) (M 1 0.05235987755982988 0 0)) (M 1 -1.5707963267948966 0 0)) (M 1 0.0 3.2851342252830658 0)) 6 (M 1 1.0471975511965976 0 0)))),p,2.2,c,6,c,outer_only,balanced_data/dim_balanced/nuts_and_bolts/dim3/var4/images/329.png
(C (C (T (repeat (T l (M 5.939696961966999 0 -2.9698484809834995 2.9698484809835)) 4 (M 1 1.5707963267948966 0 0)) (M 1 0.7853981633974483 0 0)) (T (repeat (T l (M 6.434671708797581 0 -3.2173358543987907 3.2173358543987916)) 4 (M 1 1.5707963267948966 0 0)) (M 1 0.7853981633974483 0 0))) (C (T (repeat (T l (M 2.586255110086882 0 -1.293127555043441 1.7798373876248845)) 5 (M 1 1.2566370614359172 0 0)) (M 1 0.6283185307179586 0 0)) (repeat (T (T (T (repeat (T l (M 0.023027820746895276 0 -0.011513910373447638 0.21969849764600616)) 60 (M 1 0.10471975511965977 0 0)) (M 1 0.05235987755982988 0 0)) (M 1 -1.5707963267948966 0 0)) (M 1 0.0 2.7276000000000007 0)) 6 (M 1 1.0471975511965976 0 0)))),p,2.2,c,6,s,double,balanced_data/dim_balanced/nuts_and_bolts/dim3/var4/images/330.png
(C (T (repeat (T l (M 6.434671708797581 0 -3.2173358543987907 3.2173358543987916)) 4 (M 1 1.5707963267948966 0 0)) (M 1 0.7853981633974483 0 0)) (C (T (repeat (T l (M 2.586255110086882 0 -1.293127555043441 1.7798373876248845)) 5 (M 1 1.2566370614359172 0 0)) (M 1 0.6283185307179586 0 0)) (repeat (T (T (T (repeat (T l (M 0.023027820746895276 0 -0.011513910373447638 0.21969849764600616)) 60 (M 1 0.10471975511965977 0 0)) (M 1 0.05235987755982988 0 0)) (M 1 -1.5707963267948966 0 0)) (M 1 0.0 2.7276000000000007 0)) 6 (M 1 1.0471975511965976 0 0)))),p,2.2,c,6,s,outer_only,balanced_data/dim_balanced/nuts_and_bolts/dim3/var4/images/331.png
(C (C (T (repeat (T l (M 4.937396119256775 0 -2.4686980596283874 3.3978713763747797)) 5 (M 1 1.2566370614359172 0 0)) (M 1 0.6283185307179586 0 0)) (T (repeat (T l (M 5.348845795861505 0 -2.6744228979307527 3.6810273244060108)) 5 (M 1 1.2566370614359172 0 0)) (M 1 0.6283185307179586 0 0))) (C (T (repeat (T l (M 2.586255110086882 0 -1.293127555043441 1.7798373876248845)) 5 (M 1 1.2566370614359172 0 0)) (M 1 0.6283185307179586 0 0)) (repeat (T (T (T (repeat (T l (M 0.032448292870625166 0 -0.016224146435312583 0.3095751557739178)) 60 (M 1 0.10471975511965977 0 0)) (M 1 0.05235987755982988 0 0)) (M 1 -1.5707963267948966 0 0)) (M 1 0.0 2.856849257006129 0)) 6 (M 1 1.0471975511965976 0 0)))),p,2.2,c,6,p,double,balanced_data/dim_balanced/nuts_and_bolts/dim3/var4/images/332.png
(C (T (repeat (T l (M 5.348845795861505 0 -2.6744228979307527 3.6810273244060108)) 5 (M 1 1.2566370614359172 0 0)) (M 1 0.6283185307179586 0 0)) (C (T (repeat (T l (M 2.586255110086882 0 -1.293127555043441 1.7798373876248845)) 5 (M 1 1.2566370614359172 0 0)) (M 1 0.6283185307179586 0 0)) (repeat (T (T (T (repeat (T l (M 0.032448292870625166 0 -0.016224146435312583 0.3095751557739178)) 60 (M 1 0.10471975511965977 0 0)) (M 1 0.05235987755982988 0 0)) (M 1 -1.5707963267948966 0 0)) (M 1 0.0 2.856849257006129 0)) 6 (M 1 1.0471975511965976 0 0)))),p,2.2,c,6,p,outer_only,balanced_data/dim_balanced/nuts_and_bolts/dim3/var4/images/333.png
(C (C (T (repeat (T l (M 4.199999999999999 0 -2.0999999999999996 3.6373066958946425)) 6 (M 1 1.0471975511965976 0 0)) (M 1 0.5235987755982988 0 0)) (T (repeat (T l (M 4.549999999999999 0 -2.2749999999999995 3.940415587219196)) 6 (M 1 1.0471975511965976 0 0)) (M 1 0.5235987755982988 0 0))) (C (T (repeat (T l (M 2.586255110086882 0 -1.293127555043441 1.7798373876248845)) 5 (M 1 1.2566370614359172 0 0)) (M 1 0.6283185307179586 0 0)) (repeat (T (T (T (repeat (T l (M 0.041868764994355066 0 -0.020934382497177533 0.39945181390182954)) 60 (M 1 0.10471975511965977 0 0)) (M 1 0.05235987755982988 0 0)) (M 1 -1.5707963267948966 0 0)) (M 1 0.0 2.9788186827420535 0)) 6 (M 1 1.0471975511965976 0 0)))),p,2.2,c,6,h,double,balanced_data/dim_balanced/nuts_and_bolts/dim3/var4/images/334.png
(C (T (repeat (T l (M 4.549999999999999 0 -2.2749999999999995 3.940415587219196)) 6 (M 1 1.0471975511965976 0 0)) (M 1 0.5235987755982988 0 0)) (C (T (repeat (T l (M 2.586255110086882 0 -1.293127555043441 1.7798373876248845)) 5 (M 1 1.2566370614359172 0 0)) (M 1 0.6283185307179586 0 0)) (repeat (T (T (T (repeat (T l (M 0.041868764994355066 0 -0.020934382497177533 0.39945181390182954)) 60 (M 1 0.10471975511965977 0 0)) (M 1 0.05235987755982988 0 0)) (M 1 -1.5707963267948966 0 0)) (M 1 0.0 2.9788186827420535 0)) 6 (M 1 1.0471975511965976 0 0)))),p,2.2,c,6,h,outer_only,balanced_data/dim_balanced/nuts_and_bolts/dim3/var4/images/335.png
(C (C (T (repeat (T l (M 0.43962203244072817 0 -0.21981101622036409 4.19424404596921)) 60 (M 1 0.10471975511965977 0 0)) (M 1 0.05235987755982988 0 0)) (T (repeat (T l (M 0.4762572018107888 0 -0.2381286009053944 4.54376438313331)) 60 (M 1 0.10471975511965977 0 0)) (M 1 0.05235987755982988 0 0))) (C (T (repeat (T l (M 2.586255110086882 0 -1.293127555043441 1.7798373876248845)) 5 (M 1 1.2566370614359172 0 0)) (M 1 0.6283185307179586 0 0)) (repeat (T (T (T (repeat (T l (M 0.565685424949238 0 -0.282842712474619 0.28284271247461906)) 4 (M 1 1.5707963267948966 0 0)) (M 1 0.7853981633974483 0 0)) (M 1 -1.5707963267948966 0 0)) (M 1 0.0 3.2851342252830658 0)) 4 (M 1 1.5707963267948966 0 0)))),p,2.2,s,4,c,double,balanced_data/dim_balanced/nuts_and_bolts/dim3/var4/images/336.png
(C (T (repeat (T l (M 0.4762572018107888 0 -0.2381286009053944 4.54376438313331)) 60 (M 1 0.10471975511965977 0 0)) (M 1 0.05235987755982988 0 0)) (C (T (repeat (T l (M 2.586255110086882 0 -1.293127555043441 1.7798373876248845)) 5 (M 1 1.2566370614359172 0 0)) (M 1 0.6283185307179586 0 0)) (repeat (T (T (T (repeat (T l (M 0.565685424949238 0 -0.282842712474619 0.28284271247461906)) 4 (M 1 1.5707963267948966 0 0)) (M 1 0.7853981633974483 0 0)) (M 1 -1.5707963267948966 0 0)) (M 1 0.0 3.2851342252830658 0)) 4 (M 1 1.5707963267948966 0 0)))),p,2.2,s,4,c,outer_only,balanced_data/dim_balanced/nuts_and_bolts/dim3/var4/images/337.png
(C (C (T (repeat (T l (M 5.939696961966999 0 -2.9698484809834995 2.9698484809835)) 4 (M 1 1.5707963267948966 0 0)) (M 1 0.7853981633974483 0 0)) (T (repeat (T l (M 6.434671708797581 0 -3.2173358543987907 3.2173358543987916)) 4 (M 1 1.5707963267948966 0 0)) (M 1 0.7853981633974483 0 0))) (C (T (repeat (T l (M 2.586255110086882 0 -1.293127555043441 1.7798373876248845)) 5 (M 1 1.2566370614359172 0 0)) (M 1 0.6283185307179586 0 0)) (repeat (T (T (T (repeat (T l (M 0.31112698372208075 0 -0.15556349186104038 0.1555634918610404)) 4 (M 1 1.5707963267948966 0 0)) (M 1 0.7853981633974483 0 0)) (M 1 -1.5707963267948966 0 0)) (M 1 0.0 2.7276000000000007 0)) 4 (M 1 1.5707963267948966 0 0)))),p,2.2,s,4,s,double,balanced_data/dim_balanced/nuts_and_bolts/dim3/var4/images/338.png
(C (T (repeat (T l (M 6.434671708797581 0 -3.2173358543987907 3.2173358543987916)) 4 (M 1 1.5707963267948966 0 0)) (M 1 0.7853981633974483 0 0)) (C (T (repeat (T l (M 2.586255110086882 0 -1.293127555043441 1.7798373876248845)) 5 (M 1 1.2566370614359172 0 0)) (M 1 0.6283185307179586 0 0)) (repeat (T (T (T (repeat (T l (M 0.31112698372208075 0 -0.15556349186104038 0.1555634918610404)) 4 (M 1 1.5707963267948966 0 0)) (M 1 0.7853981633974483 0 0)) (M 1 -1.5707963267948966 0 0)) (M 1 0.0 2.7276000000000007 0)) 4 (M 1 1.5707963267948966 0 0)))),p,2.2,s,4,s,outer_only,balanced_data/dim_balanced/nuts_and_bolts/dim3/var4/images/339.png
(C (C (T (repeat (T l (M 4.937396119256775 0 -2.4686980596283874 3.3978713763747797)) 5 (M 1 1.2566370614359172 0 0)) (M 1 0.6283185307179586 0 0)) (T (repeat (T l (M 5.348845795861505 0 -2.6744228979307527 3.6810273244060108)) 5 (M 1 1.2566370614359172 0 0)) (M 1 0.6283185307179586 0 0))) (C (T (repeat (T l (M 2.586255110086882 0 -1.293127555043441 1.7798373876248845)) 5 (M 1 1.2566370614359172 0 0)) (M 1 0.6283185307179586 0 0)) (repeat (T (T (T (repeat (T l (M 0.43840620433565936 0 -0.21920310216782968 0.2192031021678297)) 4 (M 1 1.5707963267948966 0 0)) (M 1 0.7853981633974483 0 0)) (M 1 -1.5707963267948966 0 0)) (M 1 0.0 2.856849257006129 0)) 4 (M 1 1.5707963267948966 0 0)))),p,2.2,s,4,p,double,balanced_data/dim_balanced/nuts_and_bolts/dim3/var4/images/340.png
(C (T (repeat (T l (M 5.348845795861505 0 -2.6744228979307527 3.6810273244060108)) 5 (M 1 1.2566370614359172 0 0)) (M 1 0.6283185307179586 0 0)) (C (T (repeat (T l (M 2.586255110086882 0 -1.293127555043441 1.7798373876248845)) 5 (M 1 1.2566370614359172 0 0)) (M 1 0.6283185307179586 0 0)) (repeat (T (T (T (repeat (T l (M 0.43840620433565936 0 -0.21920310216782968 0.2192031021678297)) 4 (M 1 1.5707963267948966 0 0)) (M 1 0.7853981633974483 0 0)) (M 1 -1.5707963267948966 0 0)) (M 1 0.0 2.856849257006129 0)) 4 (M 1 1.5707963267948966 0 0)))),p,2.2,s,4,p,outer_only,balanced_data/dim_balanced/nuts_and_bolts/dim3/var4/images/341.png
(C (C (T (repeat (T l (M 4.199999999999999 0 -2.0999999999999996 3.6373066958946425)) 6 (M 1 1.0471975511965976 0 0)) (M 1 0.5235987755982988 0 0)) (T (repeat (T l (M 4.549999999999999 0 -2.2749999999999995 3.940415587219196)) 6 (M 1 1.0471975511965976 0 0)) (M 1 0.5235987755982988 0 0))) (C (T (repeat (T l (M 2.586255110086882 0 -1.293127555043441 1.7798373876248845)) 5 (M 1 1.2566370614359172 0 0)) (M 1 0.6283185307179586 0 0)) (repeat (T (T (T (repeat (T l (M 0.565685424949238 0 -0.282842712474619 0.28284271247461906)) 4 (M 1 1.5707963267948966 0 0)) (M 1 0.7853981633974483 0 0)) (M 1 -1.5707963267948966 0 0)) (M 1 0.0 2.9788186827420535 0)) 4 (M 1 1.5707963267948966 0 0)))),p,2.2,s,4,h,double,balanced_data/dim_balanced/nuts_and_bolts/dim3/var4/images/342.png
(C (T (repeat (T l (M 4.549999999999999 0 -2.2749999999999995 3.940415587219196)) 6 (M 1 1.0471975511965976 0 0)) (M 1 0.5235987755982988 0 0)) (C (T (repeat (T l (M 2.586255110086882 0 -1.293127555043441 1.7798373876248845)) 5 (M 1 1.2566370614359172 0 0)) (M 1 0.6283185307179586 0 0)) (repeat (T (T (T (repeat (T l (M 0.565685424949238 0 -0.282842712474619 0.28284271247461906)) 4 (M 1 1.5707963267948966 0 0)) (M 1 0.7853981633974483 0 0)) (M 1 -1.5707963267948966 0 0)) (M 1 0.0 2.9788186827420535 0)) 4 (M 1 1.5707963267948966 0 0)))),p,2.2,s,4,h,outer_only,balanced_data/dim_balanced/nuts_and_bolts/dim3/var4/images/343.png
(C (C (T (repeat (T l (M 0.43962203244072817 0 -0.21981101622036409 4.19424404596921)) 60 (M 1 0.10471975511965977 0 0)) (M 1 0.05235987755982988 0 0)) (T (repeat (T l (M 0.4762572018107888 0 -0.2381286009053944 4.54376438313331)) 60 (M 1 0.10471975511965977 0 0)) (M 1 0.05235987755982988 0 0))) (C (T (repeat (T l (M 2.586255110086882 0 -1.293127555043441 1.7798373876248845)) 5 (M 1 1.2566370614359172 0 0)) (M 1 0.6283185307179586 0 0)) (repeat (T (T (T (repeat (T l (M 0.565685424949238 0 -0.282842712474619 0.28284271247461906)) 4 (M 1 1.5707963267948966 0 0)) (M 1 0.7853981633974483 0 0)) (M 1 -1.5707963267948966 0 0)) (M 1 0.0 3.2851342252830658 0)) 6 (M 1 1.0471975511965976 0 0)))),p,2.2,s,6,c,double,balanced_data/dim_balanced/nuts_and_bolts/dim3/var4/images/344.png
(C (T (repeat (T l (M 0.4762572018107888 0 -0.2381286009053944 4.54376438313331)) 60 (M 1 0.10471975511965977 0 0)) (M 1 0.05235987755982988 0 0)) (C (T (repeat (T l (M 2.586255110086882 0 -1.293127555043441 1.7798373876248845)) 5 (M 1 1.2566370614359172 0 0)) (M 1 0.6283185307179586 0 0)) (repeat (T (T (T (repeat (T l (M 0.565685424949238 0 -0.282842712474619 0.28284271247461906)) 4 (M 1 1.5707963267948966 0 0)) (M 1 0.7853981633974483 0 0)) (M 1 -1.5707963267948966 0 0)) (M 1 0.0 3.2851342252830658 0)) 6 (M 1 1.0471975511965976 0 0)))),p,2.2,s,6,c,outer_only,balanced_data/dim_balanced/nuts_and_bolts/dim3/var4/images/345.png
(C (C (T (repeat (T l (M 5.939696961966999 0 -2.9698484809834995 2.9698484809835)) 4 (M 1 1.5707963267948966 0 0)) (M 1 0.7853981633974483 0 0)) (T (repeat (T l (M 6.434671708797581 0 -3.2173358543987907 3.2173358543987916)) 4 (M 1 1.5707963267948966 0 0)) (M 1 0.7853981633974483 0 0))) (C (T (repeat (T l (M 2.586255110086882 0 -1.293127555043441 1.7798373876248845)) 5 (M 1 1.2566370614359172 0 0)) (M 1 0.6283185307179586 0 0)) (repeat (T (T (T (repeat (T l (M 0.31112698372208075 0 -0.15556349186104038 0.1555634918610404)) 4 (M 1 1.5707963267948966 0 0)) (M 1 0.7853981633974483 0 0)) (M 1 -1.5707963267948966 0 0)) (M 1 0.0 2.7276000000000007 0)) 6 (M 1 1.0471975511965976 0 0)))),p,2.2,s,6,s,double,balanced_data/dim_balanced/nuts_and_bolts/dim3/var4/images/346.png
(C (T (repeat (T l (M 6.434671708797581 0 -3.2173358543987907 3.2173358543987916)) 4 (M 1 1.5707963267948966 0 0)) (M 1 0.7853981633974483 0 0)) (C (T (repeat (T l (M 2.586255110086882 0 -1.293127555043441 1.7798373876248845)) 5 (M 1 1.2566370614359172 0 0)) (M 1 0.6283185307179586 0 0)) (repeat (T (T (T (repeat (T l (M 0.31112698372208075 0 -0.15556349186104038 0.1555634918610404)) 4 (M 1 1.5707963267948966 0 0)) (M 1 0.7853981633974483 0 0)) (M 1 -1.5707963267948966 0 0)) (M 1 0.0 2.7276000000000007 0)) 6 (M 1 1.0471975511965976 0 0)))),p,2.2,s,6,s,outer_only,balanced_data/dim_balanced/nuts_and_bolts/dim3/var4/images/347.png
(C (C (T (repeat (T l (M 4.937396119256775 0 -2.4686980596283874 3.3978713763747797)) 5 (M 1 1.2566370614359172 0 0)) (M 1 0.6283185307179586 0 0)) (T (repeat (T l (M 5.348845795861505 0 -2.6744228979307527 3.6810273244060108)) 5 (M 1 1.2566370614359172 0 0)) (M 1 0.6283185307179586 0 0))) (C (T (repeat (T l (M 2.586255110086882 0 -1.293127555043441 1.7798373876248845)) 5 (M 1 1.2566370614359172 0 0)) (M 1 0.6283185307179586 0 0)) (repeat (T (T (T (repeat (T l (M 0.43840620433565936 0 -0.21920310216782968 0.2192031021678297)) 4 (M 1 1.5707963267948966 0 0)) (M 1 0.7853981633974483 0 0)) (M 1 -1.5707963267948966 0 0)) (M 1 0.0 2.856849257006129 0)) 6 (M 1 1.0471975511965976 0 0)))),p,2.2,s,6,p,double,balanced_data/dim_balanced/nuts_and_bolts/dim3/var4/images/348.png
(C (T (repeat (T l (M 5.348845795861505 0 -2.6744228979307527 3.6810273244060108)) 5 (M 1 1.2566370614359172 0 0)) (M 1 0.6283185307179586 0 0)) (C (T (repeat (T l (M 2.586255110086882 0 -1.293127555043441 1.7798373876248845)) 5 (M 1 1.2566370614359172 0 0)) (M 1 0.6283185307179586 0 0)) (repeat (T (T (T (repeat (T l (M 0.43840620433565936 0 -0.21920310216782968 0.2192031021678297)) 4 (M 1 1.5707963267948966 0 0)) (M 1 0.7853981633974483 0 0)) (M 1 -1.5707963267948966 0 0)) (M 1 0.0 2.856849257006129 0)) 6 (M 1 1.0471975511965976 0 0)))),p,2.2,s,6,p,outer_only,balanced_data/dim_balanced/nuts_and_bolts/dim3/var4/images/349.png
(C (C (T (repeat (T l (M 4.199999999999999 0 -2.0999999999999996 3.6373066958946425)) 6 (M 1 1.0471975511965976 0 0)) (M 1 0.5235987755982988 0 0)) (T (repeat (T l (M 4.549999999999999 0 -2.2749999999999995 3.940415587219196)) 6 (M 1 1.0471975511965976 0 0)) (M 1 0.5235987755982988 0 0))) (C (T (repeat (T l (M 2.586255110086882 0 -1.293127555043441 1.7798373876248845)) 5 (M 1 1.2566370614359172 0 0)) (M 1 0.6283185307179586 0 0)) (repeat (T (T (T (repeat (T l (M 0.565685424949238 0 -0.282842712474619 0.28284271247461906)) 4 (M 1 1.5707963267948966 0 0)) (M 1 0.7853981633974483 0 0)) (M 1 -1.5707963267948966 0 0)) (M 1 0.0 2.9788186827420535 0)) 6 (M 1 1.0471975511965976 0 0)))),p,2.2,s,6,h,double,balanced_data/dim_balanced/nuts_and_bolts/dim3/var4/images/350.png
(C (T (repeat (T l (M 4.549999999999999 0 -2.2749999999999995 3.940415587219196)) 6 (M 1 1.0471975511965976 0 0)) (M 1 0.5235987755982988 0 0)) (C (T (repeat (T l (M 2.586255110086882 0 -1.293127555043441 1.7798373876248845)) 5 (M 1 1.2566370614359172 0 0)) (M 1 0.6283185307179586 0 0)) (repeat (T (T (T (repeat (T l (M 0.565685424949238 0 -0.282842712474619 0.28284271247461906)) 4 (M 1 1.5707963267948966 0 0)) (M 1 0.7853981633974483 0 0)) (M 1 -1.5707963267948966 0 0)) (M 1 0.0 2.9788186827420535 0)) 6 (M 1 1.0471975511965976 0 0)))),p,2.2,s,6,h,outer_only,balanced_data/dim_balanced/nuts_and_bolts/dim3/var4/images/351.png
(C (C (T (repeat (T l (M 0.43962203244072817 0 -0.21981101622036409 4.19424404596921)) 60 (M 1 0.10471975511965977 0 0)) (M 1 0.05235987755982988 0 0)) (T (repeat (T l (M 0.4762572018107888 0 -0.2381286009053944 4.54376438313331)) 60 (M 1 0.10471975511965977 0 0)) (M 1 0.05235987755982988 0 0))) (C (T (repeat (T l (M 2.586255110086882 0 -1.293127555043441 1.7798373876248845)) 5 (M 1 1.2566370614359172 0 0)) (M 1 0.6283185307179586 0 0)) (repeat (T (T (T (repeat (T l (M 0.4702282018339785 0 -0.23511410091698925 0.323606797749979)) 5 (M 1 1.2566370614359172 0 0)) (M 1 0.6283185307179586 0 0)) (M 1 -1.5707963267948966 0 0)) (M 1 0.0 3.2851342252830658 0)) 4 (M 1 1.5707963267948966 0 0)))),p,2.2,p,4,c,double,balanced_data/dim_balanced/nuts_and_bolts/dim3/var4/images/352.png
(C (T (repeat (T l (M 0.4762572018107888 0 -0.2381286009053944 4.54376438313331)) 60 (M 1 0.10471975511965977 0 0)) (M 1 0.05235987755982988 0 0)) (C (T (repeat (T l (M 2.586255110086882 0 -1.293127555043441 1.7798373876248845)) 5 (M 1 1.2566370614359172 0 0)) (M 1 0.6283185307179586 0 0)) (repeat (T (T (T (repeat (T l (M 0.4702282018339785 0 -0.23511410091698925 0.323606797749979)) 5 (M 1 1.2566370614359172 0 0)) (M 1 0.6283185307179586 0 0)) (M 1 -1.5707963267948966 0 0)) (M 1 0.0 3.2851342252830658 0)) 4 (M 1 1.5707963267948966 0 0)))),p,2.2,p,4,c,outer_only,balanced_data/dim_balanced/nuts_and_bolts/dim3/var4/images/353.png
(C (C (T (repeat (T l (M 5.939696961966999 0 -2.9698484809834995 2.9698484809835)) 4 (M 1 1.5707963267948966 0 0)) (M 1 0.7853981633974483 0 0)) (T (repeat (T l (M 6.434671708797581 0 -3.2173358543987907 3.2173358543987916)) 4 (M 1 1.5707963267948966 0 0)) (M 1 0.7853981633974483 0 0))) (C (T (repeat (T l (M 2.586255110086882 0 -1.293127555043441 1.7798373876248845)) 5 (M 1 1.2566370614359172 0 0)) (M 1 0.6283185307179586 0 0)) (repeat (T (T (T (repeat (T l (M 0.2586255110086881 0 -0.12931275550434404 0.17798373876248838)) 5 (M 1 1.2566370614359172 0 0)) (M 1 0.6283185307179586 0 0)) (M 1 -1.5707963267948966 0 0)) (M 1 0.0 2.7276000000000007 0)) 4 (M 1 1.5707963267948966 0 0)))),p,2.2,p,4,s,double,balanced_data/dim_balanced/nuts_and_bolts/dim3/var4/images/354.png
(C (T (repeat (T l (M 6.434671708797581 0 -3.2173358543987907 3.2173358543987916)) 4 (M 1 1.5707963267948966 0 0)) (M 1 0.7853981633974483 0 0)) (C (T (repeat (T l (M 2.586255110086882 0 -1.293127555043441 1.7798373876248845)) 5 (M 1 1.2566370614359172 0 0)) (M 1 0.6283185307179586 0 0)) (repeat (T (T (T (repeat (T l (M 0.2586255110086881 0 -0.12931275550434404 0.17798373876248838)) 5 (M 1 1.2566370614359172 0 0)) (M 1 0.6283185307179586 0 0)) (M 1 -1.5707963267948966 0 0)) (M 1 0.0 2.7276000000000007 0)) 4 (M 1 1.5707963267948966 0 0)))),p,2.2,p,4,s,outer_only,balanced_data/dim_balanced/nuts_and_bolts/dim3/var4/images/355.png
(C (C (T (repeat (T l (M 4.937396119256775 0 -2.4686980596283874 3.3978713763747797)) 5 (M 1 1.2566370614359172 0 0)) (M 1 0.6283185307179586 0 0)) (T (repeat (T l (M 5.348845795861505 0 -2.6744228979307527 3.6810273244060108)) 5 (M 1 1.2566370614359172 0 0)) (M 1 0.6283185307179586 0 0))) (C (T (repeat (T l (M 2.586255110086882 0 -1.293127555043441 1.7798373876248845)) 5 (M 1 1.2566370614359172 0 0)) (M 1 0.6283185307179586 0 0)) (repeat (T (T (T (repeat (T l (M 0.36442685642133327 0 -0.18221342821066663 0.25079526825623366)) 5 (M 1 1.2566370614359172 0 0)) (M 1 0.6283185307179586 0 0)) (M 1 -1.5707963267948966 0 0)) (M 1 0.0 2.856849257006129 0)) 4 (M 1 1.5707963267948966 0 0)))),p,2.2,p,4,p,double,balanced_data/dim_balanced/nuts_and_bolts/dim3/var4/images/356.png
(C (T (repeat (T l (M 5.348845795861505 0 -2.6744228979307527 3.6810273244060108)) 5 (M 1 1.2566370614359172 0 0)) (M 1 0.6283185307179586 0 0)) (C (T (repeat (T l (M 2.586255110086882 0 -1.293127555043441 1.7798373876248845)) 5 (M 1 1.2566370614359172 0 0)) (M 1 0.6283185307179586 0 0)) (repeat (T (T (T (repeat (T l (M 0.36442685642133327 0 -0.18221342821066663 0.25079526825623366)) 5 (M 1 1.2566370614359172 0 0)) (M 1 0.6283185307179586 0 0)) (M 1 -1.5707963267948966 0 0)) (M 1 0.0 2.856849257006129 0)) 4 (M 1 1.5707963267948966 0 0)))),p,2.2,p,4,p,outer_only,balanced_data/dim_balanced/nuts_and_bolts/dim3/var4/images/357.png
(C (C (T (repeat (T l (M 4.199999999999999 0 -2.0999999999999996 3.6373066958946425)) 6 (M 1 1.0471975511965976 0 0)) (M 1 0.5235987755982988 0 0)) (T (repeat (T l (M 4.549999999999999 0 -2.2749999999999995 3.940415587219196)) 6 (M 1 1.0471975511965976 0 0)) (M 1 0.5235987755982988 0 0))) (C (T (repeat (T l (M 2.586255110086882 0 -1.293127555043441 1.7798373876248845)) 5 (M 1 1.2566370614359172 0 0)) (M 1 0.6283185307179586 0 0)) (repeat (T (T (T (repeat (T l (M 0.4702282018339785 0 -0.23511410091698925 0.323606797749979)) 5 (M 1 1.2566370614359172 0 0)) (M 1 0.6283185307179586 0 0)) (M 1 -1.5707963267948966 0 0)) (M 1 0.0 2.9788186827420535 0)) 4 (M 1 1.5707963267948966 0 0)))),p,2.2,p,4,h,double,balanced_data/dim_balanced/nuts_and_bolts/dim3/var4/images/358.png
(C (T (repeat (T l (M 4.549999999999999 0 -2.2749999999999995 3.940415587219196)) 6 (M 1 1.0471975511965976 0 0)) (M 1 0.5235987755982988 0 0)) (C (T (repeat (T l (M 2.586255110086882 0 -1.293127555043441 1.7798373876248845)) 5 (M 1 1.2566370614359172 0 0)) (M 1 0.6283185307179586 0 0)) (repeat (T (T (T (repeat (T l (M 0.4702282018339785 0 -0.23511410091698925 0.323606797749979)) 5 (M 1 1.2566370614359172 0 0)) (M 1 0.6283185307179586 0 0)) (M 1 -1.5707963267948966 0 0)) (M 1 0.0 2.9788186827420535 0)) 4 (M 1 1.5707963267948966 0 0)))),p,2.2,p,4,h,outer_only,balanced_data/dim_balanced/nuts_and_bolts/dim3/var4/images/359.png
(C (C (T (repeat (T l (M 0.43962203244072817 0 -0.21981101622036409 4.19424404596921)) 60 (M 1 0.10471975511965977 0 0)) (M 1 0.05235987755982988 0 0)) (T (repeat (T l (M 0.4762572018107888 0 -0.2381286009053944 4.54376438313331)) 60 (M 1 0.10471975511965977 0 0)) (M 1 0.05235987755982988 0 0))) (C (T (repeat (T l (M 2.586255110086882 0 -1.293127555043441 1.7798373876248845)) 5 (M 1 1.2566370614359172 0 0)) (M 1 0.6283185307179586 0 0)) (repeat (T (T (T (repeat (T l (M 0.4702282018339785 0 -0.23511410091698925 0.323606797749979)) 5 (M 1 1.2566370614359172 0 0)) (M 1 0.6283185307179586 0 0)) (M 1 -1.5707963267948966 0 0)) (M 1 0.0 3.2851342252830658 0)) 6 (M 1 1.0471975511965976 0 0)))),p,2.2,p,6,c,double,balanced_data/dim_balanced/nuts_and_bolts/dim3/var4/images/360.png
(C (T (repeat (T l (M 0.4762572018107888 0 -0.2381286009053944 4.54376438313331)) 60 (M 1 0.10471975511965977 0 0)) (M 1 0.05235987755982988 0 0)) (C (T (repeat (T l (M 2.586255110086882 0 -1.293127555043441 1.7798373876248845)) 5 (M 1 1.2566370614359172 0 0)) (M 1 0.6283185307179586 0 0)) (repeat (T (T (T (repeat (T l (M 0.4702282018339785 0 -0.23511410091698925 0.323606797749979)) 5 (M 1 1.2566370614359172 0 0)) (M 1 0.6283185307179586 0 0)) (M 1 -1.5707963267948966 0 0)) (M 1 0.0 3.2851342252830658 0)) 6 (M 1 1.0471975511965976 0 0)))),p,2.2,p,6,c,outer_only,balanced_data/dim_balanced/nuts_and_bolts/dim3/var4/images/361.png
(C (C (T (repeat (T l (M 5.939696961966999 0 -2.9698484809834995 2.9698484809835)) 4 (M 1 1.5707963267948966 0 0)) (M 1 0.7853981633974483 0 0)) (T (repeat (T l (M 6.434671708797581 0 -3.2173358543987907 3.2173358543987916)) 4 (M 1 1.5707963267948966 0 0)) (M 1 0.7853981633974483 0 0))) (C (T (repeat (T l (M 2.586255110086882 0 -1.293127555043441 1.7798373876248845)) 5 (M 1 1.2566370614359172 0 0)) (M 1 0.6283185307179586 0 0)) (repeat (T (T (T (repeat (T l (M 0.2586255110086881 0 -0.12931275550434404 0.17798373876248838)) 5 (M 1 1.2566370614359172 0 0)) (M 1 0.6283185307179586 0 0)) (M 1 -1.5707963267948966 0 0)) (M 1 0.0 2.7276000000000007 0)) 6 (M 1 1.0471975511965976 0 0)))),p,2.2,p,6,s,double,balanced_data/dim_balanced/nuts_and_bolts/dim3/var4/images/362.png
(C (T (repeat (T l (M 6.434671708797581 0 -3.2173358543987907 3.2173358543987916)) 4 (M 1 1.5707963267948966 0 0)) (M 1 0.7853981633974483 0 0)) (C (T (repeat (T l (M 2.586255110086882 0 -1.293127555043441 1.7798373876248845)) 5 (M 1 1.2566370614359172 0 0)) (M 1 0.6283185307179586 0 0)) (repeat (T (T (T (repeat (T l (M 0.2586255110086881 0 -0.12931275550434404 0.17798373876248838)) 5 (M 1 1.2566370614359172 0 0)) (M 1 0.6283185307179586 0 0)) (M 1 -1.5707963267948966 0 0)) (M 1 0.0 2.7276000000000007 0)) 6 (M 1 1.0471975511965976 0 0)))),p,2.2,p,6,s,outer_only,balanced_data/dim_balanced/nuts_and_bolts/dim3/var4/images/363.png
(C (C (T (repeat (T l (M 4.937396119256775 0 -2.4686980596283874 3.3978713763747797)) 5 (M 1 1.2566370614359172 0 0)) (M 1 0.6283185307179586 0 0)) (T (repeat (T l (M 5.348845795861505 0 -2.6744228979307527 3.6810273244060108)) 5 (M 1 1.2566370614359172 0 0)) (M 1 0.6283185307179586 0 0))) (C (T (repeat (T l (M 2.586255110086882 0 -1.293127555043441 1.7798373876248845)) 5 (M 1 1.2566370614359172 0 0)) (M 1 0.6283185307179586 0 0)) (repeat (T (T (T (repeat (T l (M 0.36442685642133327 0 -0.18221342821066663 0.25079526825623366)) 5 (M 1 1.2566370614359172 0 0)) (M 1 0.6283185307179586 0 0)) (M 1 -1.5707963267948966 0 0)) (M 1 0.0 2.856849257006129 0)) 6 (M 1 1.0471975511965976 0 0)))),p,2.2,p,6,p,double,balanced_data/dim_balanced/nuts_and_bolts/dim3/var4/images/364.png
(C (T (repeat (T l (M 5.348845795861505 0 -2.6744228979307527 3.6810273244060108)) 5 (M 1 1.2566370614359172 0 0)) (M 1 0.6283185307179586 0 0)) (C (T (repeat (T l (M 2.586255110086882 0 -1.293127555043441 1.7798373876248845)) 5 (M 1 1.2566370614359172 0 0)) (M 1 0.6283185307179586 0 0)) (repeat (T (T (T (repeat (T l (M 0.36442685642133327 0 -0.18221342821066663 0.25079526825623366)) 5 (M 1 1.2566370614359172 0 0)) (M 1 0.6283185307179586 0 0)) (M 1 -1.5707963267948966 0 0)) (M 1 0.0 2.856849257006129 0)) 6 (M 1 1.0471975511965976 0 0)))),p,2.2,p,6,p,outer_only,balanced_data/dim_balanced/nuts_and_bolts/dim3/var4/images/365.png
(C (C (T (repeat (T l (M 4.199999999999999 0 -2.0999999999999996 3.6373066958946425)) 6 (M 1 1.0471975511965976 0 0)) (M 1 0.5235987755982988 0 0)) (T (repeat (T l (M 4.549999999999999 0 -2.2749999999999995 3.940415587219196)) 6 (M 1 1.0471975511965976 0 0)) (M 1 0.5235987755982988 0 0))) (C (T (repeat (T l (M 2.586255110086882 0 -1.293127555043441 1.7798373876248845)) 5 (M 1 1.2566370614359172 0 0)) (M 1 0.6283185307179586 0 0)) (repeat (T (T (T (repeat (T l (M 0.4702282018339785 0 -0.23511410091698925 0.323606797749979)) 5 (M 1 1.2566370614359172 0 0)) (M 1 0.6283185307179586 0 0)) (M 1 -1.5707963267948966 0 0)) (M 1 0.0 2.9788186827420535 0)) 6 (M 1 1.0471975511965976 0 0)))),p,2.2,p,6,h,double,balanced_data/dim_balanced/nuts_and_bolts/dim3/var4/images/366.png
(C (T (repeat (T l (M 4.549999999999999 0 -2.2749999999999995 3.940415587219196)) 6 (M 1 1.0471975511965976 0 0)) (M 1 0.5235987755982988 0 0)) (C (T (repeat (T l (M 2.586255110086882 0 -1.293127555043441 1.7798373876248845)) 5 (M 1 1.2566370614359172 0 0)) (M 1 0.6283185307179586 0 0)) (repeat (T (T (T (repeat (T l (M 0.4702282018339785 0 -0.23511410091698925 0.323606797749979)) 5 (M 1 1.2566370614359172 0 0)) (M 1 0.6283185307179586 0 0)) (M 1 -1.5707963267948966 0 0)) (M 1 0.0 2.9788186827420535 0)) 6 (M 1 1.0471975511965976 0 0)))),p,2.2,p,6,h,outer_only,balanced_data/dim_balanced/nuts_and_bolts/dim3/var4/images/367.png
(C (C (T (repeat (T l (M 0.43962203244072817 0 -0.21981101622036409 4.19424404596921)) 60 (M 1 0.10471975511965977 0 0)) (M 1 0.05235987755982988 0 0)) (T (repeat (T l (M 0.4762572018107888 0 -0.2381286009053944 4.54376438313331)) 60 (M 1 0.10471975511965977 0 0)) (M 1 0.05235987755982988 0 0))) (C (T (repeat (T l (M 2.586255110086882 0 -1.293127555043441 1.7798373876248845)) 5 (M 1 1.2566370614359172 0 0)) (M 1 0.6283185307179586 0 0)) (repeat (T (T (T (repeat (T l (M 0.39999999999999997 0 -0.19999999999999998 0.3464101615137755)) 6 (M 1 1.0471975511965976 0 0)) (M 1 0.5235987755982988 0 0)) (M 1 -1.5707963267948966 0 0)) (M 1 0.0 3.2851342252830658 0)) 4 (M 1 1.5707963267948966 0 0)))),p,2.2,h,4,c,double,balanced_data/dim_balanced/nuts_and_bolts/dim3/var4/images/368.png
(C (T (repeat (T l (M 0.4762572018107888 0 -0.2381286009053944 4.54376438313331)) 60 (M 1 0.10471975511965977 0 0)) (M 1 0.05235987755982988 0 0)) (C (T (repeat (T l (M 2.586255110086882 0 -1.293127555043441 1.7798373876248845)) 5 (M 1 1.2566370614359172 0 0)) (M 1 0.6283185307179586 0 0)) (repeat (T (T (T (repeat (T l (M 0.39999999999999997 0 -0.19999999999999998 0.3464101615137755)) 6 (M 1 1.0471975511965976 0 0)) (M 1 0.5235987755982988 0 0)) (M 1 -1.5707963267948966 0 0)) (M 1 0.0 3.2851342252830658 0)) 4 (M 1 1.5707963267948966 0 0)))),p,2.2,h,4,c,outer_only,balanced_data/dim_balanced/nuts_and_bolts/dim3/var4/images/369.png
(C (C (T (repeat (T l (M 5.939696961966999 0 -2.9698484809834995 2.9698484809835)) 4 (M 1 1.5707963267948966 0 0)) (M 1 0.7853981633974483 0 0)) (T (repeat (T l (M 6.434671708797581 0 -3.2173358543987907 3.2173358543987916)) 4 (M 1 1.5707963267948966 0 0)) (M 1 0.7853981633974483 0 0))) (C (T (repeat (T l (M 2.586255110086882 0 -1.293127555043441 1.7798373876248845)) 5 (M 1 1.2566370614359172 0 0)) (M 1 0.6283185307179586 0 0)) (repeat (T (T (T (repeat (T l (M 0.2199999999999999 0 -0.10999999999999995 0.19052558883257645)) 6 (M 1 1.0471975511965976 0 0)) (M 1 0.5235987755982988 0 0)) (M 1 -1.5707963267948966 0 0)) (M 1 0.0 2.7276000000000007 0)) 4 (M 1 1.5707963267948966 0 0)))),p,2.2,h,4,s,double,balanced_data/dim_balanced/nuts_and_bolts/dim3/var4/images/370.png
(C (T (repeat (T l (M 6.434671708797581 0 -3.2173358543987907 3.2173358543987916)) 4 (M 1 1.5707963267948966 0 0)) (M 1 0.7853981633974483 0 0)) (C (T (repeat (T l (M 2.586255110086882 0 -1.293127555043441 1.7798373876248845)) 5 (M 1 1.2566370614359172 0 0)) (M 1 0.6283185307179586 0 0)) (repeat (T (T (T (repeat (T l (M 0.2199999999999999 0 -0.10999999999999995 0.19052558883257645)) 6 (M 1 1.0471975511965976 0 0)) (M 1 0.5235987755982988 0 0)) (M 1 -1.5707963267948966 0 0)) (M 1 0.0 2.7276000000000007 0)) 4 (M 1 1.5707963267948966 0 0)))),p,2.2,h,4,s,outer_only,balanced_data/dim_balanced/nuts_and_bolts/dim3/var4/images/371.png
(C (C (T (repeat (T l (M 4.937396119256775 0 -2.4686980596283874 3.3978713763747797)) 5 (M 1 1.2566370614359172 0 0)) (M 1 0.6283185307179586 0 0)) (T (repeat (T l (M 5.348845795861505 0 -2.6744228979307527 3.6810273244060108)) 5 (M 1 1.2566370614359172 0 0)) (M 1 0.6283185307179586 0 0))) (C (T (repeat (T l (M 2.586255110086882 0 -1.293127555043441 1.7798373876248845)) 5 (M 1 1.2566370614359172 0 0)) (M 1 0.6283185307179586 0 0)) (repeat (T (T (T (repeat (T l (M 0.3099999999999999 0 -0.15499999999999994 0.26846787517317594)) 6 (M 1 1.0471975511965976 0 0)) (M 1 0.5235987755982988 0 0)) (M 1 -1.5707963267948966 0 0)) (M 1 0.0 2.856849257006129 0)) 4 (M 1 1.5707963267948966 0 0)))),p,2.2,h,4,p,double,balanced_data/dim_balanced/nuts_and_bolts/dim3/var4/images/372.png
(C (T (repeat (T l (M 5.348845795861505 0 -2.6744228979307527 3.6810273244060108)) 5 (M 1 1.2566370614359172 0 0)) (M 1 0.6283185307179586 0 0)) (C (T (repeat (T l (M 2.586255110086882 0 -1.293127555043441 1.7798373876248845)) 5 (M 1 1.2566370614359172 0 0)) (M 1 0.6283185307179586 0 0)) (repeat (T (T (T (repeat (T l (M 0.3099999999999999 0 -0.15499999999999994 0.26846787517317594)) 6 (M 1 1.0471975511965976 0 0)) (M 1 0.5235987755982988 0 0)) (M 1 -1.5707963267948966 0 0)) (M 1 0.0 2.856849257006129 0)) 4 (M 1 1.5707963267948966 0 0)))),p,2.2,h,4,p,outer_only,balanced_data/dim_balanced/nuts_and_bolts/dim3/var4/images/373.png
(C (C (T (repeat (T l (M 4.199999999999999 0 -2.0999999999999996 3.6373066958946425)) 6 (M 1 1.0471975511965976 0 0)) (M 1 0.5235987755982988 0 0)) (T (repeat (T l (M 4.549999999999999 0 -2.2749999999999995 3.940415587219196)) 6 (M 1 1.0471975511965976 0 0)) (M 1 0.5235987755982988 0 0))) (C (T (repeat (T l (M 2.586255110086882 0 -1.293127555043441 1.7798373876248845)) 5 (M 1 1.2566370614359172 0 0)) (M 1 0.6283185307179586 0 0)) (repeat (T (T (T (repeat (T l (M 0.39999999999999997 0 -0.19999999999999998 0.3464101615137755)) 6 (M 1 1.0471975511965976 0 0)) (M 1 0.5235987755982988 0 0)) (M 1 -1.5707963267948966 0 0)) (M 1 0.0 2.9788186827420535 0)) 4 (M 1 1.5707963267948966 0 0)))),p,2.2,h,4,h,double,balanced_data/dim_balanced/nuts_and_bolts/dim3/var4/images/374.png
(C (T (repeat (T l (M 4.549999999999999 0 -2.2749999999999995 3.940415587219196)) 6 (M 1 1.0471975511965976 0 0)) (M 1 0.5235987755982988 0 0)) (C (T (repeat (T l (M 2.586255110086882 0 -1.293127555043441 1.7798373876248845)) 5 (M 1 1.2566370614359172 0 0)) (M 1 0.6283185307179586 0 0)) (repeat (T (T (T (repeat (T l (M 0.39999999999999997 0 -0.19999999999999998 0.3464101615137755)) 6 (M 1 1.0471975511965976 0 0)) (M 1 0.5235987755982988 0 0)) (M 1 -1.5707963267948966 0 0)) (M 1 0.0 2.9788186827420535 0)) 4 (M 1 1.5707963267948966 0 0)))),p,2.2,h,4,h,outer_only,balanced_data/dim_balanced/nuts_and_bolts/dim3/var4/images/375.png
(C (C (T (repeat (T l (M 0.43962203244072817 0 -0.21981101622036409 4.19424404596921)) 60 (M 1 0.10471975511965977 0 0)) (M 1 0.05235987755982988 0 0)) (T (repeat (T l (M 0.4762572018107888 0 -0.2381286009053944 4.54376438313331)) 60 (M 1 0.10471975511965977 0 0)) (M 1 0.05235987755982988 0 0))) (C (T (repeat (T l (M 2.586255110086882 0 -1.293127555043441 1.7798373876248845)) 5 (M 1 1.2566370614359172 0 0)) (M 1 0.6283185307179586 0 0)) (repeat (T (T (T (repeat (T l (M 0.39999999999999997 0 -0.19999999999999998 0.3464101615137755)) 6 (M 1 1.0471975511965976 0 0)) (M 1 0.5235987755982988 0 0)) (M 1 -1.5707963267948966 0 0)) (M 1 0.0 3.2851342252830658 0)) 6 (M 1 1.0471975511965976 0 0)))),p,2.2,h,6,c,double,balanced_data/dim_balanced/nuts_and_bolts/dim3/var4/images/376.png
(C (T (repeat (T l (M 0.4762572018107888 0 -0.2381286009053944 4.54376438313331)) 60 (M 1 0.10471975511965977 0 0)) (M 1 0.05235987755982988 0 0)) (C (T (repeat (T l (M 2.586255110086882 0 -1.293127555043441 1.7798373876248845)) 5 (M 1 1.2566370614359172 0 0)) (M 1 0.6283185307179586 0 0)) (repeat (T (T (T (repeat (T l (M 0.39999999999999997 0 -0.19999999999999998 0.3464101615137755)) 6 (M 1 1.0471975511965976 0 0)) (M 1 0.5235987755982988 0 0)) (M 1 -1.5707963267948966 0 0)) (M 1 0.0 3.2851342252830658 0)) 6 (M 1 1.0471975511965976 0 0)))),p,2.2,h,6,c,outer_only,balanced_data/dim_balanced/nuts_and_bolts/dim3/var4/images/377.png
(C (C (T (repeat (T l (M 5.939696961966999 0 -2.9698484809834995 2.9698484809835)) 4 (M 1 1.5707963267948966 0 0)) (M 1 0.7853981633974483 0 0)) (T (repeat (T l (M 6.434671708797581 0 -3.2173358543987907 3.2173358543987916)) 4 (M 1 1.5707963267948966 0 0)) (M 1 0.7853981633974483 0 0))) (C (T (repeat (T l (M 2.586255110086882 0 -1.293127555043441 1.7798373876248845)) 5 (M 1 1.2566370614359172 0 0)) (M 1 0.6283185307179586 0 0)) (repeat (T (T (T (repeat (T l (M 0.2199999999999999 0 -0.10999999999999995 0.19052558883257645)) 6 (M 1 1.0471975511965976 0 0)) (M 1 0.5235987755982988 0 0)) (M 1 -1.5707963267948966 0 0)) (M 1 0.0 2.7276000000000007 0)) 6 (M 1 1.0471975511965976 0 0)))),p,2.2,h,6,s,double,balanced_data/dim_balanced/nuts_and_bolts/dim3/var4/images/378.png
(C (T (repeat (T l (M 6.434671708797581 0 -3.2173358543987907 3.2173358543987916)) 4 (M 1 1.5707963267948966 0 0)) (M 1 0.7853981633974483 0 0)) (C (T (repeat (T l (M 2.586255110086882 0 -1.293127555043441 1.7798373876248845)) 5 (M 1 1.2566370614359172 0 0)) (M 1 0.6283185307179586 0 0)) (repeat (T (T (T (repeat (T l (M 0.2199999999999999 0 -0.10999999999999995 0.19052558883257645)) 6 (M 1 1.0471975511965976 0 0)) (M 1 0.5235987755982988 0 0)) (M 1 -1.5707963267948966 0 0)) (M 1 0.0 2.7276000000000007 0)) 6 (M 1 1.0471975511965976 0 0)))),p,2.2,h,6,s,outer_only,balanced_data/dim_balanced/nuts_and_bolts/dim3/var4/images/379.png
(C (C (T (repeat (T l (M 4.937396119256775 0 -2.4686980596283874 3.3978713763747797)) 5 (M 1 1.2566370614359172 0 0)) (M 1 0.6283185307179586 0 0)) (T (repeat (T l (M 5.348845795861505 0 -2.6744228979307527 3.6810273244060108)) 5 (M 1 1.2566370614359172 0 0)) (M 1 0.6283185307179586 0 0))) (C (T (repeat (T l (M 2.586255110086882 0 -1.293127555043441 1.7798373876248845)) 5 (M 1 1.2566370614359172 0 0)) (M 1 0.6283185307179586 0 0)) (repeat (T (T (T (repeat (T l (M 0.3099999999999999 0 -0.15499999999999994 0.26846787517317594)) 6 (M 1 1.0471975511965976 0 0)) (M 1 0.5235987755982988 0 0)) (M 1 -1.5707963267948966 0 0)) (M 1 0.0 2.856849257006129 0)) 6 (M 1 1.0471975511965976 0 0)))),p,2.2,h,6,p,double,balanced_data/dim_balanced/nuts_and_bolts/dim3/var4/images/380.png
(C (T (repeat (T l (M 5.348845795861505 0 -2.6744228979307527 3.6810273244060108)) 5 (M 1 1.2566370614359172 0 0)) (M 1 0.6283185307179586 0 0)) (C (T (repeat (T l (M 2.586255110086882 0 -1.293127555043441 1.7798373876248845)) 5 (M 1 1.2566370614359172 0 0)) (M 1 0.6283185307179586 0 0)) (repeat (T (T (T (repeat (T l (M 0.3099999999999999 0 -0.15499999999999994 0.26846787517317594)) 6 (M 1 1.0471975511965976 0 0)) (M 1 0.5235987755982988 0 0)) (M 1 -1.5707963267948966 0 0)) (M 1 0.0 2.856849257006129 0)) 6 (M 1 1.0471975511965976 0 0)))),p,2.2,h,6,p,outer_only,balanced_data/dim_balanced/nuts_and_bolts/dim3/var4/images/381.png
(C (C (T (repeat (T l (M 4.199999999999999 0 -2.0999999999999996 3.6373066958946425)) 6 (M 1 1.0471975511965976 0 0)) (M 1 0.5235987755982988 0 0)) (T (repeat (T l (M 4.549999999999999 0 -2.2749999999999995 3.940415587219196)) 6 (M 1 1.0471975511965976 0 0)) (M 1 0.5235987755982988 0 0))) (C (T (repeat (T l (M 2.586255110086882 0 -1.293127555043441 1.7798373876248845)) 5 (M 1 1.2566370614359172 0 0)) (M 1 0.6283185307179586 0 0)) (repeat (T (T (T (repeat (T l (M 0.39999999999999997 0 -0.19999999999999998 0.3464101615137755)) 6 (M 1 1.0471975511965976 0 0)) (M 1 0.5235987755982988 0 0)) (M 1 -1.5707963267948966 0 0)) (M 1 0.0 2.9788186827420535 0)) 6 (M 1 1.0471975511965976 0 0)))),p,2.2,h,6,h,double,balanced_data/dim_balanced/nuts_and_bolts/dim3/var4/images/382.png
(C (T (repeat (T l (M 4.549999999999999 0 -2.2749999999999995 3.940415587219196)) 6 (M 1 1.0471975511965976 0 0)) (M 1 0.5235987755982988 0 0)) (C (T (repeat (T l (M 2.586255110086882 0 -1.293127555043441 1.7798373876248845)) 5 (M 1 1.2566370614359172 0 0)) (M 1 0.6283185307179586 0 0)) (repeat (T (T (T (repeat (T l (M 0.39999999999999997 0 -0.19999999999999998 0.3464101615137755)) 6 (M 1 1.0471975511965976 0 0)) (M 1 0.5235987755982988 0 0)) (M 1 -1.5707963267948966 0 0)) (M 1 0.0 2.9788186827420535 0)) 6 (M 1 1.0471975511965976 0 0)))),p,2.2,h,6,h,outer_only,balanced_data/dim_balanced/nuts_and_bolts/dim3/var4/images/383.png
(C (C (T (repeat (T l (M 0.43962203244072817 0 -0.21981101622036409 4.19424404596921)) 60 (M 1 0.10471975511965977 0 0)) (M 1 0.05235987755982988 0 0)) (T (repeat (T l (M 0.4762572018107888 0 -0.2381286009053944 4.54376438313331)) 60 (M 1 0.10471975511965977 0 0)) (M 1 0.05235987755982988 0 0))) (C (T (repeat (T l (M 0.9999999999999999 0 -0.49999999999999994 0.8660254037844387)) 6 (M 1 1.0471975511965976 0 0)) (M 1 0.5235987755982988 0 0)) (repeat (T (T (T (repeat (T l (M 0.041868764994355066 0 -0.020934382497177533 0.39945181390182954)) 60 (M 1 0.10471975511965977 0 0)) (M 1 0.05235987755982988 0 0)) (M 1 -1.5707963267948966 0 0)) (M 1 0.0 2.7181342252830656 0)) 4 (M 1 1.5707963267948966 0 0)))),h,1.0,c,4,c,double,balanced_data/dim_balanced/nuts_and_bolts/dim3/var4/images/384.png
(C (T (repeat (T l (M 0.4762572018107888 0 -0.2381286009053944 4.54376438313331)) 60 (M 1 0.10471975511965977 0 0)) (M 1 0.05235987755982988 0 0)) (C (T (repeat (T l (M 0.9999999999999999 0 -0.49999999999999994 0.8660254037844387)) 6 (M 1 1.0471975511965976 0 0)) (M 1 0.5235987755982988 0 0)) (repeat (T (T (T (repeat (T l (M 0.041868764994355066 0 -0.020934382497177533 0.39945181390182954)) 60 (M 1 0.10471975511965977 0 0)) (M 1 0.05235987755982988 0 0)) (M 1 -1.5707963267948966 0 0)) (M 1 0.0 2.7181342252830656 0)) 4 (M 1 1.5707963267948966 0 0)))),h,1.0,c,4,c,outer_only,balanced_data/dim_balanced/nuts_and_bolts/dim3/var4/images/385.png
(C (C (T (repeat (T l (M 5.939696961966999 0 -2.9698484809834995 2.9698484809835)) 4 (M 1 1.5707963267948966 0 0)) (M 1 0.7853981633974483 0 0)) (T (repeat (T l (M 6.434671708797581 0 -3.2173358543987907 3.2173358543987916)) 4 (M 1 1.5707963267948966 0 0)) (M 1 0.7853981633974483 0 0))) (C (T (repeat (T l (M 0.9999999999999999 0 -0.49999999999999994 0.8660254037844387)) 6 (M 1 1.0471975511965976 0 0)) (M 1 0.5235987755982988 0 0)) (repeat (T (T (T (repeat (T l (M 0.041868764994355066 0 -0.020934382497177533 0.39945181390182954)) 60 (M 1 0.10471975511965977 0 0)) (M 1 0.05235987755982988 0 0)) (M 1 -1.5707963267948966 0 0)) (M 1 0.0 2.044716664540925 0)) 4 (M 1 1.5707963267948966 0 0)))),h,1.0,c,4,s,double,balanced_data/dim_balanced/nuts_and_bolts/dim3/var4/images/386.png
(C (T (repeat (T l (M 6.434671708797581 0 -3.2173358543987907 3.2173358543987916)) 4 (M 1 1.5707963267948966 0 0)) (M 1 0.7853981633974483 0 0)) (C (T (repeat (T l (M 0.9999999999999999 0 -0.49999999999999994 0.8660254037844387)) 6 (M 1 1.0471975511965976 0 0)) (M 1 0.5235987755982988 0 0)) (repeat (T (T (T (repeat (T l (M 0.041868764994355066 0 -0.020934382497177533 0.39945181390182954)) 60 (M 1 0.10471975511965977 0 0)) (M 1 0.05235987755982988 0 0)) (M 1 -1.5707963267948966 0 0)) (M 1 0.0 2.044716664540925 0)) 4 (M 1 1.5707963267948966 0 0)))),h,1.0,c,4,s,outer_only,balanced_data/dim_balanced/nuts_and_bolts/dim3/var4/images/387.png
(C (C (T (repeat (T l (M 4.937396119256775 0 -2.4686980596283874 3.3978713763747797)) 5 (M 1 1.2566370614359172 0 0)) (M 1 0.6283185307179586 0 0)) (T (repeat (T l (M 5.348845795861505 0 -2.6744228979307527 3.6810273244060108)) 5 (M 1 1.2566370614359172 0 0)) (M 1 0.6283185307179586 0 0))) (C (T (repeat (T l (M 0.9999999999999999 0 -0.49999999999999994 0.8660254037844387)) 6 (M 1 1.0471975511965976 0 0)) (M 1 0.5235987755982988 0 0)) (repeat (T (T (T (repeat (T l (M 0.041868764994355066 0 -0.020934382497177533 0.39945181390182954)) 60 (M 1 0.10471975511965977 0 0)) (M 1 0.05235987755982988 0 0)) (M 1 -1.5707963267948966 0 0)) (M 1 0.0 2.280129257006129 0)) 4 (M 1 1.5707963267948966 0 0)))),h,1.0,c,4,p,double,balanced_data/dim_balanced/nuts_and_bolts/dim3/var4/images/388.png
(C (T (repeat (T l (M 5.348845795861505 0 -2.6744228979307527 3.6810273244060108)) 5 (M 1 1.2566370614359172 0 0)) (M 1 0.6283185307179586 0 0)) (C (T (repeat (T l (M 0.9999999999999999 0 -0.49999999999999994 0.8660254037844387)) 6 (M 1 1.0471975511965976 0 0)) (M 1 0.5235987755982988 0 0)) (repeat (T (T (T (repeat (T l (M 0.041868764994355066 0 -0.020934382497177533 0.39945181390182954)) 60 (M 1 0.10471975511965977 0 0)) (M 1 0.05235987755982988 0 0)) (M 1 -1.5707963267948966 0 0)) (M 1 0.0 2.280129257006129 0)) 4 (M 1 1.5707963267948966 0 0)))),h,1.0,c,4,p,outer_only,balanced_data/dim_balanced/nuts_and_bolts/dim3/var4/images/389.png
(C (C (T (repeat (T l (M 4.199999999999999 0 -2.0999999999999996 3.6373066958946425)) 6 (M 1 1.0471975511965976 0 0)) (M 1 0.5235987755982988 0 0)) (T (repeat (T l (M 4.549999999999999 0 -2.2749999999999995 3.940415587219196)) 6 (M 1 1.0471975511965976 0 0)) (M 1 0.5235987755982988 0 0))) (C (T (repeat (T l (M 0.9999999999999999 0 -0.49999999999999994 0.8660254037844387)) 6 (M 1 1.0471975511965976 0 0)) (M 1 0.5235987755982988 0 0)) (repeat (T (T (T (repeat (T l (M 0.041868764994355066 0 -0.020934382497177533 0.39945181390182954)) 60 (M 1 0.10471975511965977 0 0)) (M 1 0.05235987755982988 0 0)) (M 1 -1.5707963267948966 0 0)) (M 1 0.0 2.4118186827420534 0)) 4 (M 1 1.5707963267948966 0 0)))),h,1.0,c,4,h,double,balanced_data/dim_balanced/nuts_and_bolts/dim3/var4/images/390.png
(C (T (repeat (T l (M 4.549999999999999 0 -2.2749999999999995 3.940415587219196)) 6 (M 1 1.0471975511965976 0 0)) (M 1 0.5235987755982988 0 0)) (C (T (repeat (T l (M 0.9999999999999999 0 -0.49999999999999994 0.8660254037844387)) 6 (M 1 1.0471975511965976 0 0)) (M 1 0.5235987755982988 0 0)) (repeat (T (T (T (repeat (T l (M 0.041868764994355066 0 -0.020934382497177533 0.39945181390182954)) 60 (M 1 0.10471975511965977 0 0)) (M 1 0.05235987755982988 0 0)) (M 1 -1.5707963267948966 0 0)) (M 1 0.0 2.4118186827420534 0)) 4 (M 1 1.5707963267948966 0 0)))),h,1.0,c,4,h,outer_only,balanced_data/dim_balanced/nuts_and_bolts/dim3/var4/images/391.png
(C (C (T (repeat (T l (M 0.43962203244072817 0 -0.21981101622036409 4.19424404596921)) 60 (M 1 0.10471975511965977 0 0)) (M 1 0.05235987755982988 0 0)) (T (repeat (T l (M 0.4762572018107888 0 -0.2381286009053944 4.54376438313331)) 60 (M 1 0.10471975511965977 0 0)) (M 1 0.05235987755982988 0 0))) (C (T (repeat (T l (M 0.9999999999999999 0 -0.49999999999999994 0.8660254037844387)) 6 (M 1 1.0471975511965976 0 0)) (M 1 0.5235987755982988 0 0)) (repeat (T (T (T (repeat (T l (M 0.041868764994355066 0 -0.020934382497177533 0.39945181390182954)) 60 (M 1 0.10471975511965977 0 0)) (M 1 0.05235987755982988 0 0)) (M 1 -1.5707963267948966 0 0)) (M 1 0.0 2.7181342252830656 0)) 6 (M 1 1.0471975511965976 0 0)))),h,1.0,c,6,c,double,balanced_data/dim_balanced/nuts_and_bolts/dim3/var4/images/392.png
(C (T (repeat (T l (M 0.4762572018107888 0 -0.2381286009053944 4.54376438313331)) 60 (M 1 0.10471975511965977 0 0)) (M 1 0.05235987755982988 0 0)) (C (T (repeat (T l (M 0.9999999999999999 0 -0.49999999999999994 0.8660254037844387)) 6 (M 1 1.0471975511965976 0 0)) (M 1 0.5235987755982988 0 0)) (repeat (T (T (T (repeat (T l (M 0.041868764994355066 0 -0.020934382497177533 0.39945181390182954)) 60 (M 1 0.10471975511965977 0 0)) (M 1 0.05235987755982988 0 0)) (M 1 -1.5707963267948966 0 0)) (M 1 0.0 2.7181342252830656 0)) 6 (M 1 1.0471975511965976 0 0)))),h,1.0,c,6,c,outer_only,balanced_data/dim_balanced/nuts_and_bolts/dim3/var4/images/393.png
(C (C (T (repeat (T l (M 5.939696961966999 0 -2.9698484809834995 2.9698484809835)) 4 (M 1 1.5707963267948966 0 0)) (M 1 0.7853981633974483 0 0)) (T (repeat (T l (M 6.434671708797581 0 -3.2173358543987907 3.2173358543987916)) 4 (M 1 1.5707963267948966 0 0)) (M 1 0.7853981633974483 0 0))) (C (T (repeat (T l (M 0.9999999999999999 0 -0.49999999999999994 0.8660254037844387)) 6 (M 1 1.0471975511965976 0 0)) (M 1 0.5235987755982988 0 0)) (repeat (T (T (T (repeat (T l (M 0.041868764994355066 0 -0.020934382497177533 0.39945181390182954)) 60 (M 1 0.10471975511965977 0 0)) (M 1 0.05235987755982988 0 0)) (M 1 -1.5707963267948966 0 0)) (M 1 0.0 2.044716664540925 0)) 6 (M 1 1.0471975511965976 0 0)))),h,1.0,c,6,s,double,balanced_data/dim_balanced/nuts_and_bolts/dim3/var4/images/394.png
(C (T (repeat (T l (M 6.434671708797581 0 -3.2173358543987907 3.2173358543987916)) 4 (M 1 1.5707963267948966 0 0)) (M 1 0.7853981633974483 0 0)) (C (T (repeat (T l (M 0.9999999999999999 0 -0.49999999999999994 0.8660254037844387)) 6 (M 1 1.0471975511965976 0 0)) (M 1 0.5235987755982988 0 0)) (repeat (T (T (T (repeat (T l (M 0.041868764994355066 0 -0.020934382497177533 0.39945181390182954)) 60 (M 1 0.10471975511965977 0 0)) (M 1 0.05235987755982988 0 0)) (M 1 -1.5707963267948966 0 0)) (M 1 0.0 2.044716664540925 0)) 6 (M 1 1.0471975511965976 0 0)))),h,1.0,c,6,s,outer_only,balanced_data/dim_balanced/nuts_and_bolts/dim3/var4/images/395.png
(C (C (T (repeat (T l (M 4.937396119256775 0 -2.4686980596283874 3.3978713763747797)) 5 (M 1 1.2566370614359172 0 0)) (M 1 0.6283185307179586 0 0)) (T (repeat (T l (M 5.348845795861505 0 -2.6744228979307527 3.6810273244060108)) 5 (M 1 1.2566370614359172 0 0)) (M 1 0.6283185307179586 0 0))) (C (T (repeat (T l (M 0.9999999999999999 0 -0.49999999999999994 0.8660254037844387)) 6 (M 1 1.0471975511965976 0 0)) (M 1 0.5235987755982988 0 0)) (repeat (T (T (T (repeat (T l (M 0.041868764994355066 0 -0.020934382497177533 0.39945181390182954)) 60 (M 1 0.10471975511965977 0 0)) (M 1 0.05235987755982988 0 0)) (M 1 -1.5707963267948966 0 0)) (M 1 0.0 2.280129257006129 0)) 6 (M 1 1.0471975511965976 0 0)))),h,1.0,c,6,p,double,balanced_data/dim_balanced/nuts_and_bolts/dim3/var4/images/396.png
(C (T (repeat (T l (M 5.348845795861505 0 -2.6744228979307527 3.6810273244060108)) 5 (M 1 1.2566370614359172 0 0)) (M 1 0.6283185307179586 0 0)) (C (T (repeat (T l (M 0.9999999999999999 0 -0.49999999999999994 0.8660254037844387)) 6 (M 1 1.0471975511965976 0 0)) (M 1 0.5235987755982988 0 0)) (repeat (T (T (T (repeat (T l (M 0.041868764994355066 0 -0.020934382497177533 0.39945181390182954)) 60 (M 1 0.10471975511965977 0 0)) (M 1 0.05235987755982988 0 0)) (M 1 -1.5707963267948966 0 0)) (M 1 0.0 2.280129257006129 0)) 6 (M 1 1.0471975511965976 0 0)))),h,1.0,c,6,p,outer_only,balanced_data/dim_balanced/nuts_and_bolts/dim3/var4/images/397.png
(C (C (T (repeat (T l (M 4.199999999999999 0 -2.0999999999999996 3.6373066958946425)) 6 (M 1 1.0471975511965976 0 0)) (M 1 0.5235987755982988 0 0)) (T (repeat (T l (M 4.549999999999999 0 -2.2749999999999995 3.940415587219196)) 6 (M 1 1.0471975511965976 0 0)) (M 1 0.5235987755982988 0 0))) (C (T (repeat (T l (M 0.9999999999999999 0 -0.49999999999999994 0.8660254037844387)) 6 (M 1 1.0471975511965976 0 0)) (M 1 0.5235987755982988 0 0)) (repeat (T (T (T (repeat (T l (M 0.041868764994355066 0 -0.020934382497177533 0.39945181390182954)) 60 (M 1 0.10471975511965977 0 0)) (M 1 0.05235987755982988 0 0)) (M 1 -1.5707963267948966 0 0)) (M 1 0.0 2.4118186827420534 0)) 6 (M 1 1.0471975511965976 0 0)))),h,1.0,c,6,h,double,balanced_data/dim_balanced/nuts_and_bolts/dim3/var4/images/398.png
(C (T (repeat (T l (M 4.549999999999999 0 -2.2749999999999995 3.940415587219196)) 6 (M 1 1.0471975511965976 0 0)) (M 1 0.5235987755982988 0 0)) (C (T (repeat (T l (M 0.9999999999999999 0 -0.49999999999999994 0.8660254037844387)) 6 (M 1 1.0471975511965976 0 0)) (M 1 0.5235987755982988 0 0)) (repeat (T (T (T (repeat (T l (M 0.041868764994355066 0 -0.020934382497177533 0.39945181390182954)) 60 (M 1 0.10471975511965977 0 0)) (M 1 0.05235987755982988 0 0)) (M 1 -1.5707963267948966 0 0)) (M 1 0.0 2.4118186827420534 0)) 6 (M 1 1.0471975511965976 0 0)))),h,1.0,c,6,h,outer_only,balanced_data/dim_balanced/nuts_and_bolts/dim3/var4/images/399.png
(C (C (T (repeat (T l (M 0.43962203244072817 0 -0.21981101622036409 4.19424404596921)) 60 (M 1 0.10471975511965977 0 0)) (M 1 0.05235987755982988 0 0)) (T (repeat (T l (M 0.4762572018107888 0 -0.2381286009053944 4.54376438313331)) 60 (M 1 0.10471975511965977 0 0)) (M 1 0.05235987755982988 0 0))) (C (T (repeat (T l (M 0.9999999999999999 0 -0.49999999999999994 0.8660254037844387)) 6 (M 1 1.0471975511965976 0 0)) (M 1 0.5235987755982988 0 0)) (repeat (T (T (T (repeat (T l (M 0.565685424949238 0 -0.282842712474619 0.28284271247461906)) 4 (M 1 1.5707963267948966 0 0)) (M 1 0.7853981633974483 0 0)) (M 1 -1.5707963267948966 0 0)) (M 1 0.0 2.7181342252830656 0)) 4 (M 1 1.5707963267948966 0 0)))),h,1.0,s,4,c,double,balanced_data/dim_balanced/nuts_and_bolts/dim3/var4/images/400.png
(C (T (repeat (T l (M 0.4762572018107888 0 -0.2381286009053944 4.54376438313331)) 60 (M 1 0.10471975511965977 0 0)) (M 1 0.05235987755982988 0 0)) (C (T (repeat (T l (M 0.9999999999999999 0 -0.49999999999999994 0.8660254037844387)) 6 (M 1 1.0471975511965976 0 0)) (M 1 0.5235987755982988 0 0)) (repeat (T (T (T (repeat (T l (M 0.565685424949238 0 -0.282842712474619 0.28284271247461906)) 4 (M 1 1.5707963267948966 0 0)) (M 1 0.7853981633974483 0 0)) (M 1 -1.5707963267948966 0 0)) (M 1 0.0 2.7181342252830656 0)) 4 (M 1 1.5707963267948966 0 0)))),h,1.0,s,4,c,outer_only,balanced_data/dim_balanced/nuts_and_bolts/dim3/var4/images/401.png
(C (C (T (repeat (T l (M 5.939696961966999 0 -2.9698484809834995 2.9698484809835)) 4 (M 1 1.5707963267948966 0 0)) (M 1 0.7853981633974483 0 0)) (T (repeat (T l (M 6.434671708797581 0 -3.2173358543987907 3.2173358543987916)) 4 (M 1 1.5707963267948966 0 0)) (M 1 0.7853981633974483 0 0))) (C (T (repeat (T l (M 0.9999999999999999 0 -0.49999999999999994 0.8660254037844387)) 6 (M 1 1.0471975511965976 0 0)) (M 1 0.5235987755982988 0 0)) (repeat (T (T (T (repeat (T l (M 0.565685424949238 0 -0.282842712474619 0.28284271247461906)) 4 (M 1 1.5707963267948966 0 0)) (M 1 0.7853981633974483 0 0)) (M 1 -1.5707963267948966 0 0)) (M 1 0.0 2.044716664540925 0)) 4 (M 1 1.5707963267948966 0 0)))),h,1.0,s,4,s,double,balanced_data/dim_balanced/nuts_and_bolts/dim3/var4/images/402.png
(C (T (repeat (T l (M 6.434671708797581 0 -3.2173358543987907 3.2173358543987916)) 4 (M 1 1.5707963267948966 0 0)) (M 1 0.7853981633974483 0 0)) (C (T (repeat (T l (M 0.9999999999999999 0 -0.49999999999999994 0.8660254037844387)) 6 (M 1 1.0471975511965976 0 0)) (M 1 0.5235987755982988 0 0)) (repeat (T (T (T (repeat (T l (M 0.565685424949238 0 -0.282842712474619 0.28284271247461906)) 4 (M 1 1.5707963267948966 0 0)) (M 1 0.7853981633974483 0 0)) (M 1 -1.5707963267948966 0 0)) (M 1 0.0 2.044716664540925 0)) 4 (M 1 1.5707963267948966 0 0)))),h,1.0,s,4,s,outer_only,balanced_data/dim_balanced/nuts_and_bolts/dim3/var4/images/403.png
(C (C (T (repeat (T l (M 4.937396119256775 0 -2.4686980596283874 3.3978713763747797)) 5 (M 1 1.2566370614359172 0 0)) (M 1 0.6283185307179586 0 0)) (T (repeat (T l (M 5.348845795861505 0 -2.6744228979307527 3.6810273244060108)) 5 (M 1 1.2566370614359172 0 0)) (M 1 0.6283185307179586 0 0))) (C (T (repeat (T l (M 0.9999999999999999 0 -0.49999999999999994 0.8660254037844387)) 6 (M 1 1.0471975511965976 0 0)) (M 1 0.5235987755982988 0 0)) (repeat (T (T (T (repeat (T l (M 0.565685424949238 0 -0.282842712474619 0.28284271247461906)) 4 (M 1 1.5707963267948966 0 0)) (M 1 0.7853981633974483 0 0)) (M 1 -1.5707963267948966 0 0)) (M 1 0.0 2.280129257006129 0)) 4 (M 1 1.5707963267948966 0 0)))),h,1.0,s,4,p,double,balanced_data/dim_balanced/nuts_and_bolts/dim3/var4/images/404.png
(C (T (repeat (T l (M 5.348845795861505 0 -2.6744228979307527 3.6810273244060108)) 5 (M 1 1.2566370614359172 0 0)) (M 1 0.6283185307179586 0 0)) (C (T (repeat (T l (M 0.9999999999999999 0 -0.49999999999999994 0.8660254037844387)) 6 (M 1 1.0471975511965976 0 0)) (M 1 0.5235987755982988 0 0)) (repeat (T (T (T (repeat (T l (M 0.565685424949238 0 -0.282842712474619 0.28284271247461906)) 4 (M 1 1.5707963267948966 0 0)) (M 1 0.7853981633974483 0 0)) (M 1 -1.5707963267948966 0 0)) (M 1 0.0 2.280129257006129 0)) 4 (M 1 1.5707963267948966 0 0)))),h,1.0,s,4,p,outer_only,balanced_data/dim_balanced/nuts_and_bolts/dim3/var4/images/405.png
(C (C (T (repeat (T l (M 4.199999999999999 0 -2.0999999999999996 3.6373066958946425)) 6 (M 1 1.0471975511965976 0 0)) (M 1 0.5235987755982988 0 0)) (T (repeat (T l (M 4.549999999999999 0 -2.2749999999999995 3.940415587219196)) 6 (M 1 1.0471975511965976 0 0)) (M 1 0.5235987755982988 0 0))) (C (T (repeat (T l (M 0.9999999999999999 0 -0.49999999999999994 0.8660254037844387)) 6 (M 1 1.0471975511965976 0 0)) (M 1 0.5235987755982988 0 0)) (repeat (T (T (T (repeat (T l (M 0.565685424949238 0 -0.282842712474619 0.28284271247461906)) 4 (M 1 1.5707963267948966 0 0)) (M 1 0.7853981633974483 0 0)) (M 1 -1.5707963267948966 0 0)) (M 1 0.0 2.4118186827420534 0)) 4 (M 1 1.5707963267948966 0 0)))),h,1.0,s,4,h,double,balanced_data/dim_balanced/nuts_and_bolts/dim3/var4/images/406.png
(C (T (repeat (T l (M 4.549999999999999 0 -2.2749999999999995 3.940415587219196)) 6 (M 1 1.0471975511965976 0 0)) (M 1 0.5235987755982988 0 0)) (C (T (repeat (T l (M 0.9999999999999999 0 -0.49999999999999994 0.8660254037844387)) 6 (M 1 1.0471975511965976 0 0)) (M 1 0.5235987755982988 0 0)) (repeat (T (T (T (repeat (T l (M 0.565685424949238 0 -0.282842712474619 0.28284271247461906)) 4 (M 1 1.5707963267948966 0 0)) (M 1 0.7853981633974483 0 0)) (M 1 -1.5707963267948966 0 0)) (M 1 0.0 2.4118186827420534 0)) 4 (M 1 1.5707963267948966 0 0)))),h,1.0,s,4,h,outer_only,balanced_data/dim_balanced/nuts_and_bolts/dim3/var4/images/407.png
(C (C (T (repeat (T l (M 0.43962203244072817 0 -0.21981101622036409 4.19424404596921)) 60 (M 1 0.10471975511965977 0 0)) (M 1 0.05235987755982988 0 0)) (T (repeat (T l (M 0.4762572018107888 0 -0.2381286009053944 4.54376438313331)) 60 (M 1 0.10471975511965977 0 0)) (M 1 0.05235987755982988 0 0))) (C (T (repeat (T l (M 0.9999999999999999 0 -0.49999999999999994 0.8660254037844387)) 6 (M 1 1.0471975511965976 0 0)) (M 1 0.5235987755982988 0 0)) (repeat (T (T (T (repeat (T l (M 0.565685424949238 0 -0.282842712474619 0.28284271247461906)) 4 (M 1 1.5707963267948966 0 0)) (M 1 0.7853981633974483 0 0)) (M 1 -1.5707963267948966 0 0)) (M 1 0.0 2.7181342252830656 0)) 6 (M 1 1.0471975511965976 0 0)))),h,1.0,s,6,c,double,balanced_data/dim_balanced/nuts_and_bolts/dim3/var4/images/408.png
(C (T (repeat (T l (M 0.4762572018107888 0 -0.2381286009053944 4.54376438313331)) 60 (M 1 0.10471975511965977 0 0)) (M 1 0.05235987755982988 0 0)) (C (T (repeat (T l (M 0.9999999999999999 0 -0.49999999999999994 0.8660254037844387)) 6 (M 1 1.0471975511965976 0 0)) (M 1 0.5235987755982988 0 0)) (repeat (T (T (T (repeat (T l (M 0.565685424949238 0 -0.282842712474619 0.28284271247461906)) 4 (M 1 1.5707963267948966 0 0)) (M 1 0.7853981633974483 0 0)) (M 1 -1.5707963267948966 0 0)) (M 1 0.0 2.7181342252830656 0)) 6 (M 1 1.0471975511965976 0 0)))),h,1.0,s,6,c,outer_only,balanced_data/dim_balanced/nuts_and_bolts/dim3/var4/images/409.png
(C (C (T (repeat (T l (M 5.939696961966999 0 -2.9698484809834995 2.9698484809835)) 4 (M 1 1.5707963267948966 0 0)) (M 1 0.7853981633974483 0 0)) (T (repeat (T l (M 6.434671708797581 0 -3.2173358543987907 3.2173358543987916)) 4 (M 1 1.5707963267948966 0 0)) (M 1 0.7853981633974483 0 0))) (C (T (repeat (T l (M 0.9999999999999999 0 -0.49999999999999994 0.8660254037844387)) 6 (M 1 1.0471975511965976 0 0)) (M 1 0.5235987755982988 0 0)) (repeat (T (T (T (repeat (T l (M 0.565685424949238 0 -0.282842712474619 0.28284271247461906)) 4 (M 1 1.5707963267948966 0 0)) (M 1 0.7853981633974483 0 0)) (M 1 -1.5707963267948966 0 0)) (M 1 0.0 2.044716664540925 0)) 6 (M 1 1.0471975511965976 0 0)))),h,1.0,s,6,s,double,balanced_data/dim_balanced/nuts_and_bolts/dim3/var4/images/410.png
(C (T (repeat (T l (M 6.434671708797581 0 -3.2173358543987907 3.2173358543987916)) 4 (M 1 1.5707963267948966 0 0)) (M 1 0.7853981633974483 0 0)) (C (T (repeat (T l (M 0.9999999999999999 0 -0.49999999999999994 0.8660254037844387)) 6 (M 1 1.0471975511965976 0 0)) (M 1 0.5235987755982988 0 0)) (repeat (T (T (T (repeat (T l (M 0.565685424949238 0 -0.282842712474619 0.28284271247461906)) 4 (M 1 1.5707963267948966 0 0)) (M 1 0.7853981633974483 0 0)) (M 1 -1.5707963267948966 0 0)) (M 1 0.0 2.044716664540925 0)) 6 (M 1 1.0471975511965976 0 0)))),h,1.0,s,6,s,outer_only,balanced_data/dim_balanced/nuts_and_bolts/dim3/var4/images/411.png
(C (C (T (repeat (T l (M 4.937396119256775 0 -2.4686980596283874 3.3978713763747797)) 5 (M 1 1.2566370614359172 0 0)) (M 1 0.6283185307179586 0 0)) (T (repeat (T l (M 5.348845795861505 0 -2.6744228979307527 3.6810273244060108)) 5 (M 1 1.2566370614359172 0 0)) (M 1 0.6283185307179586 0 0))) (C (T (repeat (T l (M 0.9999999999999999 0 -0.49999999999999994 0.8660254037844387)) 6 (M 1 1.0471975511965976 0 0)) (M 1 0.5235987755982988 0 0)) (repeat (T (T (T (repeat (T l (M 0.565685424949238 0 -0.282842712474619 0.28284271247461906)) 4 (M 1 1.5707963267948966 0 0)) (M 1 0.7853981633974483 0 0)) (M 1 -1.5707963267948966 0 0)) (M 1 0.0 2.280129257006129 0)) 6 (M 1 1.0471975511965976 0 0)))),h,1.0,s,6,p,double,balanced_data/dim_balanced/nuts_and_bolts/dim3/var4/images/412.png
(C (T (repeat (T l (M 5.348845795861505 0 -2.6744228979307527 3.6810273244060108)) 5 (M 1 1.2566370614359172 0 0)) (M 1 0.6283185307179586 0 0)) (C (T (repeat (T l (M 0.9999999999999999 0 -0.49999999999999994 0.8660254037844387)) 6 (M 1 1.0471975511965976 0 0)) (M 1 0.5235987755982988 0 0)) (repeat (T (T (T (repeat (T l (M 0.565685424949238 0 -0.282842712474619 0.28284271247461906)) 4 (M 1 1.5707963267948966 0 0)) (M 1 0.7853981633974483 0 0)) (M 1 -1.5707963267948966 0 0)) (M 1 0.0 2.280129257006129 0)) 6 (M 1 1.0471975511965976 0 0)))),h,1.0,s,6,p,outer_only,balanced_data/dim_balanced/nuts_and_bolts/dim3/var4/images/413.png
(C (C (T (repeat (T l (M 4.199999999999999 0 -2.0999999999999996 3.6373066958946425)) 6 (M 1 1.0471975511965976 0 0)) (M 1 0.5235987755982988 0 0)) (T (repeat (T l (M 4.549999999999999 0 -2.2749999999999995 3.940415587219196)) 6 (M 1 1.0471975511965976 0 0)) (M 1 0.5235987755982988 0 0))) (C (T (repeat (T l (M 0.9999999999999999 0 -0.49999999999999994 0.8660254037844387)) 6 (M 1 1.0471975511965976 0 0)) (M 1 0.5235987755982988 0 0)) (repeat (T (T (T (repeat (T l (M 0.565685424949238 0 -0.282842712474619 0.28284271247461906)) 4 (M 1 1.5707963267948966 0 0)) (M 1 0.7853981633974483 0 0)) (M 1 -1.5707963267948966 0 0)) (M 1 0.0 2.4118186827420534 0)) 6 (M 1 1.0471975511965976 0 0)))),h,1.0,s,6,h,double,balanced_data/dim_balanced/nuts_and_bolts/dim3/var4/images/414.png
(C (T (repeat (T l (M 4.549999999999999 0 -2.2749999999999995 3.940415587219196)) 6 (M 1 1.0471975511965976 0 0)) (M 1 0.5235987755982988 0 0)) (C (T (repeat (T l (M 0.9999999999999999 0 -0.49999999999999994 0.8660254037844387)) 6 (M 1 1.0471975511965976 0 0)) (M 1 0.5235987755982988 0 0)) (repeat (T (T (T (repeat (T l (M 0.565685424949238 0 -0.282842712474619 0.28284271247461906)) 4 (M 1 1.5707963267948966 0 0)) (M 1 0.7853981633974483 0 0)) (M 1 -1.5707963267948966 0 0)) (M 1 0.0 2.4118186827420534 0)) 6 (M 1 1.0471975511965976 0 0)))),h,1.0,s,6,h,outer_only,balanced_data/dim_balanced/nuts_and_bolts/dim3/var4/images/415.png
(C (C (T (repeat (T l (M 0.43962203244072817 0 -0.21981101622036409 4.19424404596921)) 60 (M 1 0.10471975511965977 0 0)) (M 1 0.05235987755982988 0 0)) (T (repeat (T l (M 0.4762572018107888 0 -0.2381286009053944 4.54376438313331)) 60 (M 1 0.10471975511965977 0 0)) (M 1 0.05235987755982988 0 0))) (C (T (repeat (T l (M 0.9999999999999999 0 -0.49999999999999994 0.8660254037844387)) 6 (M 1 1.0471975511965976 0 0)) (M 1 0.5235987755982988 0 0)) (repeat (T (T (T (repeat (T l (M 0.4702282018339785 0 -0.23511410091698925 0.323606797749979)) 5 (M 1 1.2566370614359172 0 0)) (M 1 0.6283185307179586 0 0)) (M 1 -1.5707963267948966 0 0)) (M 1 0.0 2.7181342252830656 0)) 4 (M 1 1.5707963267948966 0 0)))),h,1.0,p,4,c,double,balanced_data/dim_balanced/nuts_and_bolts/dim3/var4/images/416.png
(C (T (repeat (T l (M 0.4762572018107888 0 -0.2381286009053944 4.54376438313331)) 60 (M 1 0.10471975511965977 0 0)) (M 1 0.05235987755982988 0 0)) (C (T (repeat (T l (M 0.9999999999999999 0 -0.49999999999999994 0.8660254037844387)) 6 (M 1 1.0471975511965976 0 0)) (M 1 0.5235987755982988 0 0)) (repeat (T (T (T (repeat (T l (M 0.4702282018339785 0 -0.23511410091698925 0.323606797749979)) 5 (M 1 1.2566370614359172 0 0)) (M 1 0.6283185307179586 0 0)) (M 1 -1.5707963267948966 0 0)) (M 1 0.0 2.7181342252830656 0)) 4 (M 1 1.5707963267948966 0 0)))),h,1.0,p,4,c,outer_only,balanced_data/dim_balanced/nuts_and_bolts/dim3/var4/images/417.png
(C (C (T (repeat (T l (M 5.939696961966999 0 -2.9698484809834995 2.9698484809835)) 4 (M 1 1.5707963267948966 0 0)) (M 1 0.7853981633974483 0 0)) (T (repeat (T l (M 6.434671708797581 0 -3.2173358543987907 3.2173358543987916)) 4 (M 1 1.5707963267948966 0 0)) (M 1 0.7853981633974483 0 0))) (C (T (repeat (T l (M 0.9999999999999999 0 -0.49999999999999994 0.8660254037844387)) 6 (M 1 1.0471975511965976 0 0)) (M 1 0.5235987755982988 0 0)) (repeat (T (T (T (repeat (T l (M 0.4702282018339785 0 -0.23511410091698925 0.323606797749979)) 5 (M 1 1.2566370614359172 0 0)) (M 1 0.6283185307179586 0 0)) (M 1 -1.5707963267948966 0 0)) (M 1 0.0 2.044716664540925 0)) 4 (M 1 1.5707963267948966 0 0)))),h,1.0,p,4,s,double,balanced_data/dim_balanced/nuts_and_bolts/dim3/var4/images/418.png
(C (T (repeat (T l (M 6.434671708797581 0 -3.2173358543987907 3.2173358543987916)) 4 (M 1 1.5707963267948966 0 0)) (M 1 0.7853981633974483 0 0)) (C (T (repeat (T l (M 0.9999999999999999 0 -0.49999999999999994 0.8660254037844387)) 6 (M 1 1.0471975511965976 0 0)) (M 1 0.5235987755982988 0 0)) (repeat (T (T (T (repeat (T l (M 0.4702282018339785 0 -0.23511410091698925 0.323606797749979)) 5 (M 1 1.2566370614359172 0 0)) (M 1 0.6283185307179586 0 0)) (M 1 -1.5707963267948966 0 0)) (M 1 0.0 2.044716664540925 0)) 4 (M 1 1.5707963267948966 0 0)))),h,1.0,p,4,s,outer_only,balanced_data/dim_balanced/nuts_and_bolts/dim3/var4/images/419.png
(C (C (T (repeat (T l (M 4.937396119256775 0 -2.4686980596283874 3.3978713763747797)) 5 (M 1 1.2566370614359172 0 0)) (M 1 0.6283185307179586 0 0)) (T (repeat (T l (M 5.348845795861505 0 -2.6744228979307527 3.6810273244060108)) 5 (M 1 1.2566370614359172 0 0)) (M 1 0.6283185307179586 0 0))) (C (T (repeat (T l (M 0.9999999999999999 0 -0.49999999999999994 0.8660254037844387)) 6 (M 1 1.0471975511965976 0 0)) (M 1 0.5235987755982988 0 0)) (repeat (T (T (T (repeat (T l (M 0.4702282018339785 0 -0.23511410091698925 0.323606797749979)) 5 (M 1 1.2566370614359172 0 0)) (M 1 0.6283185307179586 0 0)) (M 1 -1.5707963267948966 0 0)) (M 1 0.0 2.280129257006129 0)) 4 (M 1 1.5707963267948966 0 0)))),h,1.0,p,4,p,double,balanced_data/dim_balanced/nuts_and_bolts/dim3/var4/images/420.png
(C (T (repeat (T l (M 5.348845795861505 0 -2.6744228979307527 3.6810273244060108)) 5 (M 1 1.2566370614359172 0 0)) (M 1 0.6283185307179586 0 0)) (C (T (repeat (T l (M 0.9999999999999999 0 -0.49999999999999994 0.8660254037844387)) 6 (M 1 1.0471975511965976 0 0)) (M 1 0.5235987755982988 0 0)) (repeat (T (T (T (repeat (T l (M 0.4702282018339785 0 -0.23511410091698925 0.323606797749979)) 5 (M 1 1.2566370614359172 0 0)) (M 1 0.6283185307179586 0 0)) (M 1 -1.5707963267948966 0 0)) (M 1 0.0 2.280129257006129 0)) 4 (M 1 1.5707963267948966 0 0)))),h,1.0,p,4,p,outer_only,balanced_data/dim_balanced/nuts_and_bolts/dim3/var4/images/421.png
(C (C (T (repeat (T l (M 4.199999999999999 0 -2.0999999999999996 3.6373066958946425)) 6 (M 1 1.0471975511965976 0 0)) (M 1 0.5235987755982988 0 0)) (T (repeat (T l (M 4.549999999999999 0 -2.2749999999999995 3.940415587219196)) 6 (M 1 1.0471975511965976 0 0)) (M 1 0.5235987755982988 0 0))) (C (T (repeat (T l (M 0.9999999999999999 0 -0.49999999999999994 0.8660254037844387)) 6 (M 1 1.0471975511965976 0 0)) (M 1 0.5235987755982988 0 0)) (repeat (T (T (T (repeat (T l (M 0.4702282018339785 0 -0.23511410091698925 0.323606797749979)) 5 (M 1 1.2566370614359172 0 0)) (M 1 0.6283185307179586 0 0)) (M 1 -1.5707963267948966 0 0)) (M 1 0.0 2.4118186827420534 0)) 4 (M 1 1.5707963267948966 0 0)))),h,1.0,p,4,h,double,balanced_data/dim_balanced/nuts_and_bolts/dim3/var4/images/422.png
(C (T (repeat (T l (M 4.549999999999999 0 -2.2749999999999995 3.940415587219196)) 6 (M 1 1.0471975511965976 0 0)) (M 1 0.5235987755982988 0 0)) (C (T (repeat (T l (M 0.9999999999999999 0 -0.49999999999999994 0.8660254037844387)) 6 (M 1 1.0471975511965976 0 0)) (M 1 0.5235987755982988 0 0)) (repeat (T (T (T (repeat (T l (M 0.4702282018339785 0 -0.23511410091698925 0.323606797749979)) 5 (M 1 1.2566370614359172 0 0)) (M 1 0.6283185307179586 0 0)) (M 1 -1.5707963267948966 0 0)) (M 1 0.0 2.4118186827420534 0)) 4 (M 1 1.5707963267948966 0 0)))),h,1.0,p,4,h,outer_only,balanced_data/dim_balanced/nuts_and_bolts/dim3/var4/images/423.png
(C (C (T (repeat (T l (M 0.43962203244072817 0 -0.21981101622036409 4.19424404596921)) 60 (M 1 0.10471975511965977 0 0)) (M 1 0.05235987755982988 0 0)) (T (repeat (T l (M 0.4762572018107888 0 -0.2381286009053944 4.54376438313331)) 60 (M 1 0.10471975511965977 0 0)) (M 1 0.05235987755982988 0 0))) (C (T (repeat (T l (M 0.9999999999999999 0 -0.49999999999999994 0.8660254037844387)) 6 (M 1 1.0471975511965976 0 0)) (M 1 0.5235987755982988 0 0)) (repeat (T (T (T (repeat (T l (M 0.4702282018339785 0 -0.23511410091698925 0.323606797749979)) 5 (M 1 1.2566370614359172 0 0)) (M 1 0.6283185307179586 0 0)) (M 1 -1.5707963267948966 0 0)) (M 1 0.0 2.7181342252830656 0)) 6 (M 1 1.0471975511965976 0 0)))),h,1.0,p,6,c,double,balanced_data/dim_balanced/nuts_and_bolts/dim3/var4/images/424.png
(C (T (repeat (T l (M 0.4762572018107888 0 -0.2381286009053944 4.54376438313331)) 60 (M 1 0.10471975511965977 0 0)) (M 1 0.05235987755982988 0 0)) (C (T (repeat (T l (M 0.9999999999999999 0 -0.49999999999999994 0.8660254037844387)) 6 (M 1 1.0471975511965976 0 0)) (M 1 0.5235987755982988 0 0)) (repeat (T (T (T (repeat (T l (M 0.4702282018339785 0 -0.23511410091698925 0.323606797749979)) 5 (M 1 1.2566370614359172 0 0)) (M 1 0.6283185307179586 0 0)) (M 1 -1.5707963267948966 0 0)) (M 1 0.0 2.7181342252830656 0)) 6 (M 1 1.0471975511965976 0 0)))),h,1.0,p,6,c,outer_only,balanced_data/dim_balanced/nuts_and_bolts/dim3/var4/images/425.png
(C (C (T (repeat (T l (M 5.939696961966999 0 -2.9698484809834995 2.9698484809835)) 4 (M 1 1.5707963267948966 0 0)) (M 1 0.7853981633974483 0 0)) (T (repeat (T l (M 6.434671708797581 0 -3.2173358543987907 3.2173358543987916)) 4 (M 1 1.5707963267948966 0 0)) (M 1 0.7853981633974483 0 0))) (C (T (repeat (T l (M 0.9999999999999999 0 -0.49999999999999994 0.8660254037844387)) 6 (M 1 1.0471975511965976 0 0)) (M 1 0.5235987755982988 0 0)) (repeat (T (T (T (repeat (T l (M 0.4702282018339785 0 -0.23511410091698925 0.323606797749979)) 5 (M 1 1.2566370614359172 0 0)) (M 1 0.6283185307179586 0 0)) (M 1 -1.5707963267948966 0 0)) (M 1 0.0 2.044716664540925 0)) 6 (M 1 1.0471975511965976 0 0)))),h,1.0,p,6,s,double,balanced_data/dim_balanced/nuts_and_bolts/dim3/var4/images/426.png
(C (T (repeat (T l (M 6.434671708797581 0 -3.2173358543987907 3.2173358543987916)) 4 (M 1 1.5707963267948966 0 0)) (M 1 0.7853981633974483 0 0)) (C (T (repeat (T l (M 0.9999999999999999 0 -0.49999999999999994 0.8660254037844387)) 6 (M 1 1.0471975511965976 0 0)) (M 1 0.5235987755982988 0 0)) (repeat (T (T (T (repeat (T l (M 0.4702282018339785 0 -0.23511410091698925 0.323606797749979)) 5 (M 1 1.2566370614359172 0 0)) (M 1 0.6283185307179586 0 0)) (M 1 -1.5707963267948966 0 0)) (M 1 0.0 2.044716664540925 0)) 6 (M 1 1.0471975511965976 0 0)))),h,1.0,p,6,s,outer_only,balanced_data/dim_balanced/nuts_and_bolts/dim3/var4/images/427.png
(C (C (T (repeat (T l (M 4.937396119256775 0 -2.4686980596283874 3.3978713763747797)) 5 (M 1 1.2566370614359172 0 0)) (M 1 0.6283185307179586 0 0)) (T (repeat (T l (M 5.348845795861505 0 -2.6744228979307527 3.6810273244060108)) 5 (M 1 1.2566370614359172 0 0)) (M 1 0.6283185307179586 0 0))) (C (T (repeat (T l (M 0.9999999999999999 0 -0.49999999999999994 0.8660254037844387)) 6 (M 1 1.0471975511965976 0 0)) (M 1 0.5235987755982988 0 0)) (repeat (T (T (T (repeat (T l (M 0.4702282018339785 0 -0.23511410091698925 0.323606797749979)) 5 (M 1 1.2566370614359172 0 0)) (M 1 0.6283185307179586 0 0)) (M 1 -1.5707963267948966 0 0)) (M 1 0.0 2.280129257006129 0)) 6 (M 1 1.0471975511965976 0 0)))),h,1.0,p,6,p,double,balanced_data/dim_balanced/nuts_and_bolts/dim3/var4/images/428.png
(C (T (repeat (T l (M 5.348845795861505 0 -2.6744228979307527 3.6810273244060108)) 5 (M 1 1.2566370614359172 0 0)) (M 1 0.6283185307179586 0 0)) (C (T (repeat (T l (M 0.9999999999999999 0 -0.49999999999999994 0.8660254037844387)) 6 (M 1 1.0471975511965976 0 0)) (M 1 0.5235987755982988 0 0)) (repeat (T (T (T (repeat (T l (M 0.4702282018339785 0 -0.23511410091698925 0.323606797749979)) 5 (M 1 1.2566370614359172 0 0)) (M 1 0.6283185307179586 0 0)) (M 1 -1.5707963267948966 0 0)) (M 1 0.0 2.280129257006129 0)) 6 (M 1 1.0471975511965976 0 0)))),h,1.0,p,6,p,outer_only,balanced_data/dim_balanced/nuts_and_bolts/dim3/var4/images/429.png
(C (C (T (repeat (T l (M 4.199999999999999 0 -2.0999999999999996 3.6373066958946425)) 6 (M 1 1.0471975511965976 0 0)) (M 1 0.5235987755982988 0 0)) (T (repeat (T l (M 4.549999999999999 0 -2.2749999999999995 3.940415587219196)) 6 (M 1 1.0471975511965976 0 0)) (M 1 0.5235987755982988 0 0))) (C (T (repeat (T l (M 0.9999999999999999 0 -0.49999999999999994 0.8660254037844387)) 6 (M 1 1.0471975511965976 0 0)) (M 1 0.5235987755982988 0 0)) (repeat (T (T (T (repeat (T l (M 0.4702282018339785 0 -0.23511410091698925 0.323606797749979)) 5 (M 1 1.2566370614359172 0 0)) (M 1 0.6283185307179586 0 0)) (M 1 -1.5707963267948966 0 0)) (M 1 0.0 2.4118186827420534 0)) 6 (M 1 1.0471975511965976 0 0)))),h,1.0,p,6,h,double,balanced_data/dim_balanced/nuts_and_bolts/dim3/var4/images/430.png
(C (T (repeat (T l (M 4.549999999999999 0 -2.2749999999999995 3.940415587219196)) 6 (M 1 1.0471975511965976 0 0)) (M 1 0.5235987755982988 0 0)) (C (T (repeat (T l (M 0.9999999999999999 0 -0.49999999999999994 0.8660254037844387)) 6 (M 1 1.0471975511965976 0 0)) (M 1 0.5235987755982988 0 0)) (repeat (T (T (T (repeat (T l (M 0.4702282018339785 0 -0.23511410091698925 0.323606797749979)) 5 (M 1 1.2566370614359172 0 0)) (M 1 0.6283185307179586 0 0)) (M 1 -1.5707963267948966 0 0)) (M 1 0.0 2.4118186827420534 0)) 6 (M 1 1.0471975511965976 0 0)))),h,1.0,p,6,h,outer_only,balanced_data/dim_balanced/nuts_and_bolts/dim3/var4/images/431.png
(C (C (T (repeat (T l (M 0.43962203244072817 0 -0.21981101622036409 4.19424404596921)) 60 (M 1 0.10471975511965977 0 0)) (M 1 0.05235987755982988 0 0)) (T (repeat (T l (M 0.4762572018107888 0 -0.2381286009053944 4.54376438313331)) 60 (M 1 0.10471975511965977 0 0)) (M 1 0.05235987755982988 0 0))) (C (T (repeat (T l (M 0.9999999999999999 0 -0.49999999999999994 0.8660254037844387)) 6 (M 1 1.0471975511965976 0 0)) (M 1 0.5235987755982988 0 0)) (repeat (T (T (T (repeat (T l (M 0.39999999999999997 0 -0.19999999999999998 0.3464101615137755)) 6 (M 1 1.0471975511965976 0 0)) (M 1 0.5235987755982988 0 0)) (M 1 -1.5707963267948966 0 0)) (M 1 0.0 2.7181342252830656 0)) 4 (M 1 1.5707963267948966 0 0)))),h,1.0,h,4,c,double,balanced_data/dim_balanced/nuts_and_bolts/dim3/var4/images/432.png
(C (T (repeat (T l (M 0.4762572018107888 0 -0.2381286009053944 4.54376438313331)) 60 (M 1 0.10471975511965977 0 0)) (M 1 0.05235987755982988 0 0)) (C (T (repeat (T l (M 0.9999999999999999 0 -0.49999999999999994 0.8660254037844387)) 6 (M 1 1.0471975511965976 0 0)) (M 1 0.5235987755982988 0 0)) (repeat (T (T (T (repeat (T l (M 0.39999999999999997 0 -0.19999999999999998 0.3464101615137755)) 6 (M 1 1.0471975511965976 0 0)) (M 1 0.5235987755982988 0 0)) (M 1 -1.5707963267948966 0 0)) (M 1 0.0 2.7181342252830656 0)) 4 (M 1 1.5707963267948966 0 0)))),h,1.0,h,4,c,outer_only,balanced_data/dim_balanced/nuts_and_bolts/dim3/var4/images/433.png
(C (C (T (repeat (T l (M 5.939696961966999 0 -2.9698484809834995 2.9698484809835)) 4 (M 1 1.5707963267948966 0 0)) (M 1 0.7853981633974483 0 0)) (T (repeat (T l (M 6.434671708797581 0 -3.2173358543987907 3.2173358543987916)) 4 (M 1 1.5707963267948966 0 0)) (M 1 0.7853981633974483 0 0))) (C (T (repeat (T l (M 0.9999999999999999 0 -0.49999999999999994 0.8660254037844387)) 6 (M 1 1.0471975511965976 0 0)) (M 1 0.5235987755982988 0 0)) (repeat (T (T (T (repeat (T l (M 0.39999999999999997 0 -0.19999999999999998 0.3464101615137755)) 6 (M 1 1.0471975511965976 0 0)) (M 1 0.5235987755982988 0 0)) (M 1 -1.5707963267948966 0 0)) (M 1 0.0 2.044716664540925 0)) 4 (M 1 1.5707963267948966 0 0)))),h,1.0,h,4,s,double,balanced_data/dim_balanced/nuts_and_bolts/dim3/var4/images/434.png
(C (T (repeat (T l (M 6.434671708797581 0 -3.2173358543987907 3.2173358543987916)) 4 (M 1 1.5707963267948966 0 0)) (M 1 0.7853981633974483 0 0)) (C (T (repeat (T l (M 0.9999999999999999 0 -0.49999999999999994 0.8660254037844387)) 6 (M 1 1.0471975511965976 0 0)) (M 1 0.5235987755982988 0 0)) (repeat (T (T (T (repeat (T l (M 0.39999999999999997 0 -0.19999999999999998 0.3464101615137755)) 6 (M 1 1.0471975511965976 0 0)) (M 1 0.5235987755982988 0 0)) (M 1 -1.5707963267948966 0 0)) (M 1 0.0 2.044716664540925 0)) 4 (M 1 1.5707963267948966 0 0)))),h,1.0,h,4,s,outer_only,balanced_data/dim_balanced/nuts_and_bolts/dim3/var4/images/435.png
(C (C (T (repeat (T l (M 4.937396119256775 0 -2.4686980596283874 3.3978713763747797)) 5 (M 1 1.2566370614359172 0 0)) (M 1 0.6283185307179586 0 0)) (T (repeat (T l (M 5.348845795861505 0 -2.6744228979307527 3.6810273244060108)) 5 (M 1 1.2566370614359172 0 0)) (M 1 0.6283185307179586 0 0))) (C (T (repeat (T l (M 0.9999999999999999 0 -0.49999999999999994 0.8660254037844387)) 6 (M 1 1.0471975511965976 0 0)) (M 1 0.5235987755982988 0 0)) (repeat (T (T (T (repeat (T l (M 0.39999999999999997 0 -0.19999999999999998 0.3464101615137755)) 6 (M 1 1.0471975511965976 0 0)) (M 1 0.5235987755982988 0 0)) (M 1 -1.5707963267948966 0 0)) (M 1 0.0 2.280129257006129 0)) 4 (M 1 1.5707963267948966 0 0)))),h,1.0,h,4,p,double,balanced_data/dim_balanced/nuts_and_bolts/dim3/var4/images/436.png
(C (T (repeat (T l (M 5.348845795861505 0 -2.6744228979307527 3.6810273244060108)) 5 (M 1 1.2566370614359172 0 0)) (M 1 0.6283185307179586 0 0)) (C (T (repeat (T l (M 0.9999999999999999 0 -0.49999999999999994 0.8660254037844387)) 6 (M 1 1.0471975511965976 0 0)) (M 1 0.5235987755982988 0 0)) (repeat (T (T (T (repeat (T l (M 0.39999999999999997 0 -0.19999999999999998 0.3464101615137755)) 6 (M 1 1.0471975511965976 0 0)) (M 1 0.5235987755982988 0 0)) (M 1 -1.5707963267948966 0 0)) (M 1 0.0 2.280129257006129 0)) 4 (M 1 1.5707963267948966 0 0)))),h,1.0,h,4,p,outer_only,balanced_data/dim_balanced/nuts_and_bolts/dim3/var4/images/437.png
(C (C (T (repeat (T l (M 4.199999999999999 0 -2.0999999999999996 3.6373066958946425)) 6 (M 1 1.0471975511965976 0 0)) (M 1 0.5235987755982988 0 0)) (T (repeat (T l (M 4.549999999999999 0 -2.2749999999999995 3.940415587219196)) 6 (M 1 1.0471975511965976 0 0)) (M 1 0.5235987755982988 0 0))) (C (T (repeat (T l (M 0.9999999999999999 0 -0.49999999999999994 0.8660254037844387)) 6 (M 1 1.0471975511965976 0 0)) (M 1 0.5235987755982988 0 0)) (repeat (T (T (T (repeat (T l (M 0.39999999999999997 0 -0.19999999999999998 0.3464101615137755)) 6 (M 1 1.0471975511965976 0 0)) (M 1 0.5235987755982988 0 0)) (M 1 -1.5707963267948966 0 0)) (M 1 0.0 2.4118186827420534 0)) 4 (M 1 1.5707963267948966 0 0)))),h,1.0,h,4,h,double,balanced_data/dim_balanced/nuts_and_bolts/dim3/var4/images/438.png
(C (T (repeat (T l (M 4.549999999999999 0 -2.2749999999999995 3.940415587219196)) 6 (M 1 1.0471975511965976 0 0)) (M 1 0.5235987755982988 0 0)) (C (T (repeat (T l (M 0.9999999999999999 0 -0.49999999999999994 0.8660254037844387)) 6 (M 1 1.0471975511965976 0 0)) (M 1 0.5235987755982988 0 0)) (repeat (T (T (T (repeat (T l (M 0.39999999999999997 0 -0.19999999999999998 0.3464101615137755)) 6 (M 1 1.0471975511965976 0 0)) (M 1 0.5235987755982988 0 0)) (M 1 -1.5707963267948966 0 0)) (M 1 0.0 2.4118186827420534 0)) 4 (M 1 1.5707963267948966 0 0)))),h,1.0,h,4,h,outer_only,balanced_data/dim_balanced/nuts_and_bolts/dim3/var4/images/439.png
(C (C (T (repeat (T l (M 0.43962203244072817 0 -0.21981101622036409 4.19424404596921)) 60 (M 1 0.10471975511965977 0 0)) (M 1 0.05235987755982988 0 0)) (T (repeat (T l (M 0.4762572018107888 0 -0.2381286009053944 4.54376438313331)) 60 (M 1 0.10471975511965977 0 0)) (M 1 0.05235987755982988 0 0))) (C (T (repeat (T l (M 0.9999999999999999 0 -0.49999999999999994 0.8660254037844387)) 6 (M 1 1.0471975511965976 0 0)) (M 1 0.5235987755982988 0 0)) (repeat (T (T (T (repeat (T l (M 0.39999999999999997 0 -0.19999999999999998 0.3464101615137755)) 6 (M 1 1.0471975511965976 0 0)) (M 1 0.5235987755982988 0 0)) (M 1 -1.5707963267948966 0 0)) (M 1 0.0 2.7181342252830656 0)) 6 (M 1 1.0471975511965976 0 0)))),h,1.0,h,6,c,double,balanced_data/dim_balanced/nuts_and_bolts/dim3/var4/images/440.png
(C (T (repeat (T l (M 0.4762572018107888 0 -0.2381286009053944 4.54376438313331)) 60 (M 1 0.10471975511965977 0 0)) (M 1 0.05235987755982988 0 0)) (C (T (repeat (T l (M 0.9999999999999999 0 -0.49999999999999994 0.8660254037844387)) 6 (M 1 1.0471975511965976 0 0)) (M 1 0.5235987755982988 0 0)) (repeat (T (T (T (repeat (T l (M 0.39999999999999997 0 -0.19999999999999998 0.3464101615137755)) 6 (M 1 1.0471975511965976 0 0)) (M 1 0.5235987755982988 0 0)) (M 1 -1.5707963267948966 0 0)) (M 1 0.0 2.7181342252830656 0)) 6 (M 1 1.0471975511965976 0 0)))),h,1.0,h,6,c,outer_only,balanced_data/dim_balanced/nuts_and_bolts/dim3/var4/images/441.png
(C (C (T (repeat (T l (M 5.939696961966999 0 -2.9698484809834995 2.9698484809835)) 4 (M 1 1.5707963267948966 0 0)) (M 1 0.7853981633974483 0 0)) (T (repeat (T l (M 6.434671708797581 0 -3.2173358543987907 3.2173358543987916)) 4 (M 1 1.5707963267948966 0 0)) (M 1 0.7853981633974483 0 0))) (C (T (repeat (T l (M 0.9999999999999999 0 -0.49999999999999994 0.8660254037844387)) 6 (M 1 1.0471975511965976 0 0)) (M 1 0.5235987755982988 0 0)) (repeat (T (T (T (repeat (T l (M 0.39999999999999997 0 -0.19999999999999998 0.3464101615137755)) 6 (M 1 1.0471975511965976 0 0)) (M 1 0.5235987755982988 0 0)) (M 1 -1.5707963267948966 0 0)) (M 1 0.0 2.044716664540925 0)) 6 (M 1 1.0471975511965976 0 0)))),h,1.0,h,6,s,double,balanced_data/dim_balanced/nuts_and_bolts/dim3/var4/images/442.png
(C (T (repeat (T l (M 6.434671708797581 0 -3.2173358543987907 3.2173358543987916)) 4 (M 1 1.5707963267948966 0 0)) (M 1 0.7853981633974483 0 0)) (C (T (repeat (T l (M 0.9999999999999999 0 -0.49999999999999994 0.8660254037844387)) 6 (M 1 1.0471975511965976 0 0)) (M 1 0.5235987755982988 0 0)) (repeat (T (T (T (repeat (T l (M 0.39999999999999997 0 -0.19999999999999998 0.3464101615137755)) 6 (M 1 1.0471975511965976 0 0)) (M 1 0.5235987755982988 0 0)) (M 1 -1.5707963267948966 0 0)) (M 1 0.0 2.044716664540925 0)) 6 (M 1 1.0471975511965976 0 0)))),h,1.0,h,6,s,outer_only,balanced_data/dim_balanced/nuts_and_bolts/dim3/var4/images/443.png
(C (C (T (repeat (T l (M 4.937396119256775 0 -2.4686980596283874 3.3978713763747797)) 5 (M 1 1.2566370614359172 0 0)) (M 1 0.6283185307179586 0 0)) (T (repeat (T l (M 5.348845795861505 0 -2.6744228979307527 3.6810273244060108)) 5 (M 1 1.2566370614359172 0 0)) (M 1 0.6283185307179586 0 0))) (C (T (repeat (T l (M 0.9999999999999999 0 -0.49999999999999994 0.8660254037844387)) 6 (M 1 1.0471975511965976 0 0)) (M 1 0.5235987755982988 0 0)) (repeat (T (T (T (repeat (T l (M 0.39999999999999997 0 -0.19999999999999998 0.3464101615137755)) 6 (M 1 1.0471975511965976 0 0)) (M 1 0.5235987755982988 0 0)) (M 1 -1.5707963267948966 0 0)) (M 1 0.0 2.280129257006129 0)) 6 (M 1 1.0471975511965976 0 0)))),h,1.0,h,6,p,double,balanced_data/dim_balanced/nuts_and_bolts/dim3/var4/images/444.png
(C (T (repeat (T l (M 5.348845795861505 0 -2.6744228979307527 3.6810273244060108)) 5 (M 1 1.2566370614359172 0 0)) (M 1 0.6283185307179586 0 0)) (C (T (repeat (T l (M 0.9999999999999999 0 -0.49999999999999994 0.8660254037844387)) 6 (M 1 1.0471975511965976 0 0)) (M 1 0.5235987755982988 0 0)) (repeat (T (T (T (repeat (T l (M 0.39999999999999997 0 -0.19999999999999998 0.3464101615137755)) 6 (M 1 1.0471975511965976 0 0)) (M 1 0.5235987755982988 0 0)) (M 1 -1.5707963267948966 0 0)) (M 1 0.0 2.280129257006129 0)) 6 (M 1 1.0471975511965976 0 0)))),h,1.0,h,6,p,outer_only,balanced_data/dim_balanced/nuts_and_bolts/dim3/var4/images/445.png
(C (C (T (repeat (T l (M 4.199999999999999 0 -2.0999999999999996 3.6373066958946425)) 6 (M 1 1.0471975511965976 0 0)) (M 1 0.5235987755982988 0 0)) (T (repeat (T l (M 4.549999999999999 0 -2.2749999999999995 3.940415587219196)) 6 (M 1 1.0471975511965976 0 0)) (M 1 0.5235987755982988 0 0))) (C (T (repeat (T l (M 0.9999999999999999 0 -0.49999999999999994 0.8660254037844387)) 6 (M 1 1.0471975511965976 0 0)) (M 1 0.5235987755982988 0 0)) (repeat (T (T (T (repeat (T l (M 0.39999999999999997 0 -0.19999999999999998 0.3464101615137755)) 6 (M 1 1.0471975511965976 0 0)) (M 1 0.5235987755982988 0 0)) (M 1 -1.5707963267948966 0 0)) (M 1 0.0 2.4118186827420534 0)) 6 (M 1 1.0471975511965976 0 0)))),h,1.0,h,6,h,double,balanced_data/dim_balanced/nuts_and_bolts/dim3/var4/images/446.png
(C (T (repeat (T l (M 4.549999999999999 0 -2.2749999999999995 3.940415587219196)) 6 (M 1 1.0471975511965976 0 0)) (M 1 0.5235987755982988 0 0)) (C (T (repeat (T l (M 0.9999999999999999 0 -0.49999999999999994 0.8660254037844387)) 6 (M 1 1.0471975511965976 0 0)) (M 1 0.5235987755982988 0 0)) (repeat (T (T (T (repeat (T l (M 0.39999999999999997 0 -0.19999999999999998 0.3464101615137755)) 6 (M 1 1.0471975511965976 0 0)) (M 1 0.5235987755982988 0 0)) (M 1 -1.5707963267948966 0 0)) (M 1 0.0 2.4118186827420534 0)) 6 (M 1 1.0471975511965976 0 0)))),h,1.0,h,6,h,outer_only,balanced_data/dim_balanced/nuts_and_bolts/dim3/var4/images/447.png
(C (C (T (repeat (T l (M 0.43962203244072817 0 -0.21981101622036409 4.19424404596921)) 60 (M 1 0.10471975511965977 0 0)) (M 1 0.05235987755982988 0 0)) (T (repeat (T l (M 0.4762572018107888 0 -0.2381286009053944 4.54376438313331)) 60 (M 1 0.10471975511965977 0 0)) (M 1 0.05235987755982988 0 0))) (C (T (repeat (T l (M 2.1999999999999997 0 -1.0999999999999999 1.9052558883257653)) 6 (M 1 1.0471975511965976 0 0)) (M 1 0.5235987755982988 0 0)) (repeat (T (T (T (repeat (T l (M 0.041868764994355066 0 -0.020934382497177533 0.39945181390182954)) 60 (M 1 0.10471975511965977 0 0)) (M 1 0.05235987755982988 0 0)) (M 1 -1.5707963267948966 0 0)) (M 1 0.0 3.2851342252830658 0)) 4 (M 1 1.5707963267948966 0 0)))),h,2.2,c,4,c,double,balanced_data/dim_balanced/nuts_and_bolts/dim3/var4/images/448.png
(C (T (repeat (T l (M 0.4762572018107888 0 -0.2381286009053944 4.54376438313331)) 60 (M 1 0.10471975511965977 0 0)) (M 1 0.05235987755982988 0 0)) (C (T (repeat (T l (M 2.1999999999999997 0 -1.0999999999999999 1.9052558883257653)) 6 (M 1 1.0471975511965976 0 0)) (M 1 0.5235987755982988 0 0)) (repeat (T (T (T (repeat (T l (M 0.041868764994355066 0 -0.020934382497177533 0.39945181390182954)) 60 (M 1 0.10471975511965977 0 0)) (M 1 0.05235987755982988 0 0)) (M 1 -1.5707963267948966 0 0)) (M 1 0.0 3.2851342252830658 0)) 4 (M 1 1.5707963267948966 0 0)))),h,2.2,c,4,c,outer_only,balanced_data/dim_balanced/nuts_and_bolts/dim3/var4/images/449.png
(C (C (T (repeat (T l (M 5.939696961966999 0 -2.9698484809834995 2.9698484809835)) 4 (M 1 1.5707963267948966 0 0)) (M 1 0.7853981633974483 0 0)) (T (repeat (T l (M 6.434671708797581 0 -3.2173358543987907 3.2173358543987916)) 4 (M 1 1.5707963267948966 0 0)) (M 1 0.7853981633974483 0 0))) (C (T (repeat (T l (M 2.1999999999999997 0 -1.0999999999999999 1.9052558883257653)) 6 (M 1 1.0471975511965976 0 0)) (M 1 0.5235987755982988 0 0)) (repeat (T (T (T (repeat (T l (M 0.023027820746895276 0 -0.011513910373447638 0.21969849764600616)) 60 (M 1 0.10471975511965977 0 0)) (M 1 0.05235987755982988 0 0)) (M 1 -1.5707963267948966 0 0)) (M 1 0.0 2.7276000000000007 0)) 4 (M 1 1.5707963267948966 0 0)))),h,2.2,c,4,s,double,balanced_data/dim_balanced/nuts_and_bolts/dim3/var4/images/450.png
(C (T (repeat (T l (M 6.434671708797581 0 -3.2173358543987907 3.2173358543987916)) 4 (M 1 1.5707963267948966 0 0)) (M 1 0.7853981633974483 0 0)) (C (T (repeat (T l (M 2.1999999999999997 0 -1.0999999999999999 1.9052558883257653)) 6 (M 1 1.0471975511965976 0 0)) (M 1 0.5235987755982988 0 0)) (repeat (T (T (T (repeat (T l (M 0.023027820746895276 0 -0.011513910373447638 0.21969849764600616)) 60 (M 1 0.10471975511965977 0 0)) (M 1 0.05235987755982988 0 0)) (M 1 -1.5707963267948966 0 0)) (M 1 0.0 2.7276000000000007 0)) 4 (M 1 1.5707963267948966 0 0)))),h,2.2,c,4,s,outer_only,balanced_data/dim_balanced/nuts_and_bolts/dim3/var4/images/451.png
(C (C (T (repeat (T l (M 4.937396119256775 0 -2.4686980596283874 3.3978713763747797)) 5 (M 1 1.2566370614359172 0 0)) (M 1 0.6283185307179586 0 0)) (T (repeat (T l (M 5.348845795861505 0 -2.6744228979307527 3.6810273244060108)) 5 (M 1 1.2566370614359172 0 0)) (M 1 0.6283185307179586 0 0))) (C (T (repeat (T l (M 2.1999999999999997 0 -1.0999999999999999 1.9052558883257653)) 6 (M 1 1.0471975511965976 0 0)) (M 1 0.5235987755982988 0 0)) (repeat (T (T (T (repeat (T l (M 0.032448292870625166 0 -0.016224146435312583 0.3095751557739178)) 60 (M 1 0.10471975511965977 0 0)) (M 1 0.05235987755982988 0 0)) (M 1 -1.5707963267948966 0 0)) (M 1 0.0 2.856849257006129 0)) 4 (M 1 1.5707963267948966 0 0)))),h,2.2,c,4,p,double,balanced_data/dim_balanced/nuts_and_bolts/dim3/var4/images/452.png
(C (T (repeat (T l (M 5.348845795861505 0 -2.6744228979307527 3.6810273244060108)) 5 (M 1 1.2566370614359172 0 0)) (M 1 0.6283185307179586 0 0)) (C (T (repeat (T l (M 2.1999999999999997 0 -1.0999999999999999 1.9052558883257653)) 6 (M 1 1.0471975511965976 0 0)) (M 1 0.5235987755982988 0 0)) (repeat (T (T (T (repeat (T l (M 0.032448292870625166 0 -0.016224146435312583 0.3095751557739178)) 60 (M 1 0.10471975511965977 0 0)) (M 1 0.05235987755982988 0 0)) (M 1 -1.5707963267948966 0 0)) (M 1 0.0 2.856849257006129 0)) 4 (M 1 1.5707963267948966 0 0)))),h,2.2,c,4,p,outer_only,balanced_data/dim_balanced/nuts_and_bolts/dim3/var4/images/453.png
(C (C (T (repeat (T l (M 4.199999999999999 0 -2.0999999999999996 3.6373066958946425)) 6 (M 1 1.0471975511965976 0 0)) (M 1 0.5235987755982988 0 0)) (T (repeat (T l (M 4.549999999999999 0 -2.2749999999999995 3.940415587219196)) 6 (M 1 1.0471975511965976 0 0)) (M 1 0.5235987755982988 0 0))) (C (T (repeat (T l (M 2.1999999999999997 0 -1.0999999999999999 1.9052558883257653)) 6 (M 1 1.0471975511965976 0 0)) (M 1 0.5235987755982988 0 0)) (repeat (T (T (T (repeat (T l (M 0.041868764994355066 0 -0.020934382497177533 0.39945181390182954)) 60 (M 1 0.10471975511965977 0 0)) (M 1 0.05235987755982988 0 0)) (M 1 -1.5707963267948966 0 0)) (M 1 0.0 2.9788186827420535 0)) 4 (M 1 1.5707963267948966 0 0)))),h,2.2,c,4,h,double,balanced_data/dim_balanced/nuts_and_bolts/dim3/var4/images/454.png
(C (T (repeat (T l (M 4.549999999999999 0 -2.2749999999999995 3.940415587219196)) 6 (M 1 1.0471975511965976 0 0)) (M 1 0.5235987755982988 0 0)) (C (T (repeat (T l (M 2.1999999999999997 0 -1.0999999999999999 1.9052558883257653)) 6 (M 1 1.0471975511965976 0 0)) (M 1 0.5235987755982988 0 0)) (repeat (T (T (T (repeat (T l (M 0.041868764994355066 0 -0.020934382497177533 0.39945181390182954)) 60 (M 1 0.10471975511965977 0 0)) (M 1 0.05235987755982988 0 0)) (M 1 -1.5707963267948966 0 0)) (M 1 0.0 2.9788186827420535 0)) 4 (M 1 1.5707963267948966 0 0)))),h,2.2,c,4,h,outer_only,balanced_data/dim_balanced/nuts_and_bolts/dim3/var4/images/455.png
(C (C (T (repeat (T l (M 0.43962203244072817 0 -0.21981101622036409 4.19424404596921)) 60 (M 1 0.10471975511965977 0 0)) (M 1 0.05235987755982988 0 0)) (T (repeat (T l (M 0.4762572018107888 0 -0.2381286009053944 4.54376438313331)) 60 (M 1 0.10471975511965977 0 0)) (M 1 0.05235987755982988 0 0))) (C (T (repeat (T l (M 2.1999999999999997 0 -1.0999999999999999 1.9052558883257653)) 6 (M 1 1.0471975511965976 0 0)) (M 1 0.5235987755982988 0 0)) (repeat (T (T (T (repeat (T l (M 0.041868764994355066 0 -0.020934382497177533 0.39945181390182954)) 60 (M 1 0.10471975511965977 0 0)) (M 1 0.05235987755982988 0 0)) (M 1 -1.5707963267948966 0 0)) (M 1 0.0 3.2851342252830658 0)) 6 (M 1 1.0471975511965976 0 0)))),h,2.2,c,6,c,double,balanced_data/dim_balanced/nuts_and_bolts/dim3/var4/images/456.png
(C (T (repeat (T l (M 0.4762572018107888 0 -0.2381286009053944 4.54376438313331)) 60 (M 1 0.10471975511965977 0 0)) (M 1 0.05235987755982988 0 0)) (C (T (repeat (T l (M 2.1999999999999997 0 -1.0999999999999999 1.9052558883257653)) 6 (M 1 1.0471975511965976 0 0)) (M 1 0.5235987755982988 0 0)) (repeat (T (T (T (repeat (T l (M 0.041868764994355066 0 -0.020934382497177533 0.39945181390182954)) 60 (M 1 0.10471975511965977 0 0)) (M 1 0.05235987755982988 0 0)) (M 1 -1.5707963267948966 0 0)) (M 1 0.0 3.2851342252830658 0)) 6 (M 1 1.0471975511965976 0 0)))),h,2.2,c,6,c,outer_only,balanced_data/dim_balanced/nuts_and_bolts/dim3/var4/images/457.png
(C (C (T (repeat (T l (M 5.939696961966999 0 -2.9698484809834995 2.9698484809835)) 4 (M 1 1.5707963267948966 0 0)) (M 1 0.7853981633974483 0 0)) (T (repeat (T l (M 6.434671708797581 0 -3.2173358543987907 3.2173358543987916)) 4 (M 1 1.5707963267948966 0 0)) (M 1 0.7853981633974483 0 0))) (C (T (repeat (T l (M 2.1999999999999997 0 -1.0999999999999999 1.9052558883257653)) 6 (M 1 1.0471975511965976 0 0)) (M 1 0.5235987755982988 0 0)) (repeat (T (T (T (repeat (T l (M 0.023027820746895276 0 -0.011513910373447638 0.21969849764600616)) 60 (M 1 0.10471975511965977 0 0)) (M 1 0.05235987755982988 0 0)) (M 1 -1.5707963267948966 0 0)) (M 1 0.0 2.7276000000000007 0)) 6 (M 1 1.0471975511965976 0 0)))),h,2.2,c,6,s,double,balanced_data/dim_balanced/nuts_and_bolts/dim3/var4/images/458.png
(C (T (repeat (T l (M 6.434671708797581 0 -3.2173358543987907 3.2173358543987916)) 4 (M 1 1.5707963267948966 0 0)) (M 1 0.7853981633974483 0 0)) (C (T (repeat (T l (M 2.1999999999999997 0 -1.0999999999999999 1.9052558883257653)) 6 (M 1 1.0471975511965976 0 0)) (M 1 0.5235987755982988 0 0)) (repeat (T (T (T (repeat (T l (M 0.023027820746895276 0 -0.011513910373447638 0.21969849764600616)) 60 (M 1 0.10471975511965977 0 0)) (M 1 0.05235987755982988 0 0)) (M 1 -1.5707963267948966 0 0)) (M 1 0.0 2.7276000000000007 0)) 6 (M 1 1.0471975511965976 0 0)))),h,2.2,c,6,s,outer_only,balanced_data/dim_balanced/nuts_and_bolts/dim3/var4/images/459.png
(C (C (T (repeat (T l (M 4.937396119256775 0 -2.4686980596283874 3.3978713763747797)) 5 (M 1 1.2566370614359172 0 0)) (M 1 0.6283185307179586 0 0)) (T (repeat (T l (M 5.348845795861505 0 -2.6744228979307527 3.6810273244060108)) 5 (M 1 1.2566370614359172 0 0)) (M 1 0.6283185307179586 0 0))) (C (T (repeat (T l (M 2.1999999999999997 0 -1.0999999999999999 1.9052558883257653)) 6 (M 1 1.0471975511965976 0 0)) (M 1 0.5235987755982988 0 0)) (repeat (T (T (T (repeat (T l (M 0.032448292870625166 0 -0.016224146435312583 0.3095751557739178)) 60 (M 1 0.10471975511965977 0 0)) (M 1 0.05235987755982988 0 0)) (M 1 -1.5707963267948966 0 0)) (M 1 0.0 2.856849257006129 0)) 6 (M 1 1.0471975511965976 0 0)))),h,2.2,c,6,p,double,balanced_data/dim_balanced/nuts_and_bolts/dim3/var4/images/460.png
(C (T (repeat (T l (M 5.348845795861505 0 -2.6744228979307527 3.6810273244060108)) 5 (M 1 1.2566370614359172 0 0)) (M 1 0.6283185307179586 0 0)) (C (T (repeat (T l (M 2.1999999999999997 0 -1.0999999999999999 1.9052558883257653)) 6 (M 1 1.0471975511965976 0 0)) (M 1 0.5235987755982988 0 0)) (repeat (T (T (T (repeat (T l (M 0.032448292870625166 0 -0.016224146435312583 0.3095751557739178)) 60 (M 1 0.10471975511965977 0 0)) (M 1 0.05235987755982988 0 0)) (M 1 -1.5707963267948966 0 0)) (M 1 0.0 2.856849257006129 0)) 6 (M 1 1.0471975511965976 0 0)))),h,2.2,c,6,p,outer_only,balanced_data/dim_balanced/nuts_and_bolts/dim3/var4/images/461.png
(C (C (T (repeat (T l (M 4.199999999999999 0 -2.0999999999999996 3.6373066958946425)) 6 (M 1 1.0471975511965976 0 0)) (M 1 0.5235987755982988 0 0)) (T (repeat (T l (M 4.549999999999999 0 -2.2749999999999995 3.940415587219196)) 6 (M 1 1.0471975511965976 0 0)) (M 1 0.5235987755982988 0 0))) (C (T (repeat (T l (M 2.1999999999999997 0 -1.0999999999999999 1.9052558883257653)) 6 (M 1 1.0471975511965976 0 0)) (M 1 0.5235987755982988 0 0)) (repeat (T (T (T (repeat (T l (M 0.041868764994355066 0 -0.020934382497177533 0.39945181390182954)) 60 (M 1 0.10471975511965977 0 0)) (M 1 0.05235987755982988 0 0)) (M 1 -1.5707963267948966 0 0)) (M 1 0.0 2.9788186827420535 0)) 6 (M 1 1.0471975511965976 0 0)))),h,2.2,c,6,h,double,balanced_data/dim_balanced/nuts_and_bolts/dim3/var4/images/462.png
(C (T (repeat (T l (M 4.549999999999999 0 -2.2749999999999995 3.940415587219196)) 6 (M 1 1.0471975511965976 0 0)) (M 1 0.5235987755982988 0 0)) (C (T (repeat (T l (M 2.1999999999999997 0 -1.0999999999999999 1.9052558883257653)) 6 (M 1 1.0471975511965976 0 0)) (M 1 0.5235987755982988 0 0)) (repeat (T (T (T (repeat (T l (M 0.041868764994355066 0 -0.020934382497177533 0.39945181390182954)) 60 (M 1 0.10471975511965977 0 0)) (M 1 0.05235987755982988 0 0)) (M 1 -1.5707963267948966 0 0)) (M 1 0.0 2.9788186827420535 0)) 6 (M 1 1.0471975511965976 0 0)))),h,2.2,c,6,h,outer_only,balanced_data/dim_balanced/nuts_and_bolts/dim3/var4/images/463.png
(C (C (T (repeat (T l (M 0.43962203244072817 0 -0.21981101622036409 4.19424404596921)) 60 (M 1 0.10471975511965977 0 0)) (M 1 0.05235987755982988 0 0)) (T (repeat (T l (M 0.4762572018107888 0 -0.2381286009053944 4.54376438313331)) 60 (M 1 0.10471975511965977 0 0)) (M 1 0.05235987755982988 0 0))) (C (T (repeat (T l (M 2.1999999999999997 0 -1.0999999999999999 1.9052558883257653)) 6 (M 1 1.0471975511965976 0 0)) (M 1 0.5235987755982988 0 0)) (repeat (T (T (T (repeat (T l (M 0.565685424949238 0 -0.282842712474619 0.28284271247461906)) 4 (M 1 1.5707963267948966 0 0)) (M 1 0.7853981633974483 0 0)) (M 1 -1.5707963267948966 0 0)) (M 1 0.0 3.2851342252830658 0)) 4 (M 1 1.5707963267948966 0 0)))),h,2.2,s,4,c,double,balanced_data/dim_balanced/nuts_and_bolts/dim3/var4/images/464.png
(C (T (repeat (T l (M 0.4762572018107888 0 -0.2381286009053944 4.54376438313331)) 60 (M 1 0.10471975511965977 0 0)) (M 1 0.05235987755982988 0 0)) (C (T (repeat (T l (M 2.1999999999999997 0 -1.0999999999999999 1.9052558883257653)) 6 (M 1 1.0471975511965976 0 0)) (M 1 0.5235987755982988 0 0)) (repeat (T (T (T (repeat (T l (M 0.565685424949238 0 -0.282842712474619 0.28284271247461906)) 4 (M 1 1.5707963267948966 0 0)) (M 1 0.7853981633974483 0 0)) (M 1 -1.5707963267948966 0 0)) (M 1 0.0 3.2851342252830658 0)) 4 (M 1 1.5707963267948966 0 0)))),h,2.2,s,4,c,outer_only,balanced_data/dim_balanced/nuts_and_bolts/dim3/var4/images/465.png
(C (C (T (repeat (T l (M 5.939696961966999 0 -2.9698484809834995 2.9698484809835)) 4 (M 1 1.5707963267948966 0 0)) (M 1 0.7853981633974483 0 0)) (T (repeat (T l (M 6.434671708797581 0 -3.2173358543987907 3.2173358543987916)) 4 (M 1 1.5707963267948966 0 0)) (M 1 0.7853981633974483 0 0))) (C (T (repeat (T l (M 2.1999999999999997 0 -1.0999999999999999 1.9052558883257653)) 6 (M 1 1.0471975511965976 0 0)) (M 1 0.5235987755982988 0 0)) (repeat (T (T (T (repeat (T l (M 0.31112698372208075 0 -0.15556349186104038 0.1555634918610404)) 4 (M 1 1.5707963267948966 0 0)) (M 1 0.7853981633974483 0 0)) (M 1 -1.5707963267948966 0 0)) (M 1 0.0 2.7276000000000007 0)) 4 (M 1 1.5707963267948966 0 0)))),h,2.2,s,4,s,double,balanced_data/dim_balanced/nuts_and_bolts/dim3/var4/images/466.png
(C (T (repeat (T l (M 6.434671708797581 0 -3.2173358543987907 3.2173358543987916)) 4 (M 1 1.5707963267948966 0 0)) (M 1 0.7853981633974483 0 0)) (C (T (repeat (T l (M 2.1999999999999997 0 -1.0999999999999999 1.9052558883257653)) 6 (M 1 1.0471975511965976 0 0)) (M 1 0.5235987755982988 0 0)) (repeat (T (T (T (repeat (T l (M 0.31112698372208075 0 -0.15556349186104038 0.1555634918610404)) 4 (M 1 1.5707963267948966 0 0)) (M 1 0.7853981633974483 0 0)) (M 1 -1.5707963267948966 0 0)) (M 1 0.0 2.7276000000000007 0)) 4 (M 1 1.5707963267948966 0 0)))),h,2.2,s,4,s,outer_only,balanced_data/dim_balanced/nuts_and_bolts/dim3/var4/images/467.png
(C (C (T (repeat (T l (M 4.937396119256775 0 -2.4686980596283874 3.3978713763747797)) 5 (M 1 1.2566370614359172 0 0)) (M 1 0.6283185307179586 0 0)) (T (repeat (T l (M 5.348845795861505 0 -2.6744228979307527 3.6810273244060108)) 5 (M 1 1.2566370614359172 0 0)) (M 1 0.6283185307179586 0 0))) (C (T (repeat (T l (M 2.1999999999999997 0 -1.0999999999999999 1.9052558883257653)) 6 (M 1 1.0471975511965976 0 0)) (M 1 0.5235987755982988 0 0)) (repeat (T (T (T (repeat (T l (M 0.43840620433565936 0 -0.21920310216782968 0.2192031021678297)) 4 (M 1 1.5707963267948966 0 0)) (M 1 0.7853981633974483 0 0)) (M 1 -1.5707963267948966 0 0)) (M 1 0.0 2.856849257006129 0)) 4 (M 1 1.5707963267948966 0 0)))),h,2.2,s,4,p,double,balanced_data/dim_balanced/nuts_and_bolts/dim3/var4/images/468.png
(C (T (repeat (T l (M 5.348845795861505 0 -2.6744228979307527 3.6810273244060108)) 5 (M 1 1.2566370614359172 0 0)) (M 1 0.6283185307179586 0 0)) (C (T (repeat (T l (M 2.1999999999999997 0 -1.0999999999999999 1.9052558883257653)) 6 (M 1 1.0471975511965976 0 0)) (M 1 0.5235987755982988 0 0)) (repeat (T (T (T (repeat (T l (M 0.43840620433565936 0 -0.21920310216782968 0.2192031021678297)) 4 (M 1 1.5707963267948966 0 0)) (M 1 0.7853981633974483 0 0)) (M 1 -1.5707963267948966 0 0)) (M 1 0.0 2.856849257006129 0)) 4 (M 1 1.5707963267948966 0 0)))),h,2.2,s,4,p,outer_only,balanced_data/dim_balanced/nuts_and_bolts/dim3/var4/images/469.png
(C (C (T (repeat (T l (M 4.199999999999999 0 -2.0999999999999996 3.6373066958946425)) 6 (M 1 1.0471975511965976 0 0)) (M 1 0.5235987755982988 0 0)) (T (repeat (T l (M 4.549999999999999 0 -2.2749999999999995 3.940415587219196)) 6 (M 1 1.0471975511965976 0 0)) (M 1 0.5235987755982988 0 0))) (C (T (repeat (T l (M 2.1999999999999997 0 -1.0999999999999999 1.9052558883257653)) 6 (M 1 1.0471975511965976 0 0)) (M 1 0.5235987755982988 0 0)) (repeat (T (T (T (repeat (T l (M 0.565685424949238 0 -0.282842712474619 0.28284271247461906)) 4 (M 1 1.5707963267948966 0 0)) (M 1 0.7853981633974483 0 0)) (M 1 -1.5707963267948966 0 0)) (M 1 0.0 2.9788186827420535 0)) 4 (M 1 1.5707963267948966 0 0)))),h,2.2,s,4,h,double,balanced_data/dim_balanced/nuts_and_bolts/dim3/var4/images/470.png
(C (T (repeat (T l (M 4.549999999999999 0 -2.2749999999999995 3.940415587219196)) 6 (M 1 1.0471975511965976 0 0)) (M 1 0.5235987755982988 0 0)) (C (T (repeat (T l (M 2.1999999999999997 0 -1.0999999999999999 1.9052558883257653)) 6 (M 1 1.0471975511965976 0 0)) (M 1 0.5235987755982988 0 0)) (repeat (T (T (T (repeat (T l (M 0.565685424949238 0 -0.282842712474619 0.28284271247461906)) 4 (M 1 1.5707963267948966 0 0)) (M 1 0.7853981633974483 0 0)) (M 1 -1.5707963267948966 0 0)) (M 1 0.0 2.9788186827420535 0)) 4 (M 1 1.5707963267948966 0 0)))),h,2.2,s,4,h,outer_only,balanced_data/dim_balanced/nuts_and_bolts/dim3/var4/images/471.png
(C (C (T (repeat (T l (M 0.43962203244072817 0 -0.21981101622036409 4.19424404596921)) 60 (M 1 0.10471975511965977 0 0)) (M 1 0.05235987755982988 0 0)) (T (repeat (T l (M 0.4762572018107888 0 -0.2381286009053944 4.54376438313331)) 60 (M 1 0.10471975511965977 0 0)) (M 1 0.05235987755982988 0 0))) (C (T (repeat (T l (M 2.1999999999999997 0 -1.0999999999999999 1.9052558883257653)) 6 (M 1 1.0471975511965976 0 0)) (M 1 0.5235987755982988 0 0)) (repeat (T (T (T (repeat (T l (M 0.565685424949238 0 -0.282842712474619 0.28284271247461906)) 4 (M 1 1.5707963267948966 0 0)) (M 1 0.7853981633974483 0 0)) (M 1 -1.5707963267948966 0 0)) (M 1 0.0 3.2851342252830658 0)) 6 (M 1 1.0471975511965976 0 0)))),h,2.2,s,6,c,double,balanced_data/dim_balanced/nuts_and_bolts/dim3/var4/images/472.png
(C (T (repeat (T l (M 0.4762572018107888 0 -0.2381286009053944 4.54376438313331)) 60 (M 1 0.10471975511965977 0 0)) (M 1 0.05235987755982988 0 0)) (C (T (repeat (T l (M 2.1999999999999997 0 -1.0999999999999999 1.9052558883257653)) 6 (M 1 1.0471975511965976 0 0)) (M 1 0.5235987755982988 0 0)) (repeat (T (T (T (repeat (T l (M 0.565685424949238 0 -0.282842712474619 0.28284271247461906)) 4 (M 1 1.5707963267948966 0 0)) (M 1 0.7853981633974483 0 0)) (M 1 -1.5707963267948966 0 0)) (M 1 0.0 3.2851342252830658 0)) 6 (M 1 1.0471975511965976 0 0)))),h,2.2,s,6,c,outer_only,balanced_data/dim_balanced/nuts_and_bolts/dim3/var4/images/473.png
(C (C (T (repeat (T l (M 5.939696961966999 0 -2.9698484809834995 2.9698484809835)) 4 (M 1 1.5707963267948966 0 0)) (M 1 0.7853981633974483 0 0)) (T (repeat (T l (M 6.434671708797581 0 -3.2173358543987907 3.2173358543987916)) 4 (M 1 1.5707963267948966 0 0)) (M 1 0.7853981633974483 0 0))) (C (T (repeat (T l (M 2.1999999999999997 0 -1.0999999999999999 1.9052558883257653)) 6 (M 1 1.0471975511965976 0 0)) (M 1 0.5235987755982988 0 0)) (repeat (T (T (T (repeat (T l (M 0.31112698372208075 0 -0.15556349186104038 0.1555634918610404)) 4 (M 1 1.5707963267948966 0 0)) (M 1 0.7853981633974483 0 0)) (M 1 -1.5707963267948966 0 0)) (M 1 0.0 2.7276000000000007 0)) 6 (M 1 1.0471975511965976 0 0)))),h,2.2,s,6,s,double,balanced_data/dim_balanced/nuts_and_bolts/dim3/var4/images/474.png
(C (T (repeat (T l (M 6.434671708797581 0 -3.2173358543987907 3.2173358543987916)) 4 (M 1 1.5707963267948966 0 0)) (M 1 0.7853981633974483 0 0)) (C (T (repeat (T l (M 2.1999999999999997 0 -1.0999999999999999 1.9052558883257653)) 6 (M 1 1.0471975511965976 0 0)) (M 1 0.5235987755982988 0 0)) (repeat (T (T (T (repeat (T l (M 0.31112698372208075 0 -0.15556349186104038 0.1555634918610404)) 4 (M 1 1.5707963267948966 0 0)) (M 1 0.7853981633974483 0 0)) (M 1 -1.5707963267948966 0 0)) (M 1 0.0 2.7276000000000007 0)) 6 (M 1 1.0471975511965976 0 0)))),h,2.2,s,6,s,outer_only,balanced_data/dim_balanced/nuts_and_bolts/dim3/var4/images/475.png
(C (C (T (repeat (T l (M 4.937396119256775 0 -2.4686980596283874 3.3978713763747797)) 5 (M 1 1.2566370614359172 0 0)) (M 1 0.6283185307179586 0 0)) (T (repeat (T l (M 5.348845795861505 0 -2.6744228979307527 3.6810273244060108)) 5 (M 1 1.2566370614359172 0 0)) (M 1 0.6283185307179586 0 0))) (C (T (repeat (T l (M 2.1999999999999997 0 -1.0999999999999999 1.9052558883257653)) 6 (M 1 1.0471975511965976 0 0)) (M 1 0.5235987755982988 0 0)) (repeat (T (T (T (repeat (T l (M 0.43840620433565936 0 -0.21920310216782968 0.2192031021678297)) 4 (M 1 1.5707963267948966 0 0)) (M 1 0.7853981633974483 0 0)) (M 1 -1.5707963267948966 0 0)) (M 1 0.0 2.856849257006129 0)) 6 (M 1 1.0471975511965976 0 0)))),h,2.2,s,6,p,double,balanced_data/dim_balanced/nuts_and_bolts/dim3/var4/images/476.png
(C (T (repeat (T l (M 5.348845795861505 0 -2.6744228979307527 3.6810273244060108)) 5 (M 1 1.2566370614359172 0 0)) (M 1 0.6283185307179586 0 0)) (C (T (repeat (T l (M 2.1999999999999997 0 -1.0999999999999999 1.9052558883257653)) 6 (M 1 1.0471975511965976 0 0)) (M 1 0.5235987755982988 0 0)) (repeat (T (T (T (repeat (T l (M 0.43840620433565936 0 -0.21920310216782968 0.2192031021678297)) 4 (M 1 1.5707963267948966 0 0)) (M 1 0.7853981633974483 0 0)) (M 1 -1.5707963267948966 0 0)) (M 1 0.0 2.856849257006129 0)) 6 (M 1 1.0471975511965976 0 0)))),h,2.2,s,6,p,outer_only,balanced_data/dim_balanced/nuts_and_bolts/dim3/var4/images/477.png
(C (C (T (repeat (T l (M 4.199999999999999 0 -2.0999999999999996 3.6373066958946425)) 6 (M 1 1.0471975511965976 0 0)) (M 1 0.5235987755982988 0 0)) (T (repeat (T l (M 4.549999999999999 0 -2.2749999999999995 3.940415587219196)) 6 (M 1 1.0471975511965976 0 0)) (M 1 0.5235987755982988 0 0))) (C (T (repeat (T l (M 2.1999999999999997 0 -1.0999999999999999 1.9052558883257653)) 6 (M 1 1.0471975511965976 0 0)) (M 1 0.5235987755982988 0 0)) (repeat (T (T (T (repeat (T l (M 0.565685424949238 0 -0.282842712474619 0.28284271247461906)) 4 (M 1 1.5707963267948966 0 0)) (M 1 0.7853981633974483 0 0)) (M 1 -1.5707963267948966 0 0)) (M 1 0.0 2.9788186827420535 0)) 6 (M 1 1.0471975511965976 0 0)))),h,2.2,s,6,h,double,balanced_data/dim_balanced/nuts_and_bolts/dim3/var4/images/478.png
(C (T (repeat (T l (M 4.549999999999999 0 -2.2749999999999995 3.940415587219196)) 6 (M 1 1.0471975511965976 0 0)) (M 1 0.5235987755982988 0 0)) (C (T (repeat (T l (M 2.1999999999999997 0 -1.0999999999999999 1.9052558883257653)) 6 (M 1 1.0471975511965976 0 0)) (M 1 0.5235987755982988 0 0)) (repeat (T (T (T (repeat (T l (M 0.565685424949238 0 -0.282842712474619 0.28284271247461906)) 4 (M 1 1.5707963267948966 0 0)) (M 1 0.7853981633974483 0 0)) (M 1 -1.5707963267948966 0 0)) (M 1 0.0 2.9788186827420535 0)) 6 (M 1 1.0471975511965976 0 0)))),h,2.2,s,6,h,outer_only,balanced_data/dim_balanced/nuts_and_bolts/dim3/var4/images/479.png
(C (C (T (repeat (T l (M 0.43962203244072817 0 -0.21981101622036409 4.19424404596921)) 60 (M 1 0.10471975511965977 0 0)) (M 1 0.05235987755982988 0 0)) (T (repeat (T l (M 0.4762572018107888 0 -0.2381286009053944 4.54376438313331)) 60 (M 1 0.10471975511965977 0 0)) (M 1 0.05235987755982988 0 0))) (C (T (repeat (T l (M 2.1999999999999997 0 -1.0999999999999999 1.9052558883257653)) 6 (M 1 1.0471975511965976 0 0)) (M 1 0.5235987755982988 0 0)) (repeat (T (T (T (repeat (T l (M 0.4702282018339785 0 -0.23511410091698925 0.323606797749979)) 5 (M 1 1.2566370614359172 0 0)) (M 1 0.6283185307179586 0 0)) (M 1 -1.5707963267948966 0 0)) (M 1 0.0 3.2851342252830658 0)) 4 (M 1 1.5707963267948966 0 0)))),h,2.2,p,4,c,double,balanced_data/dim_balanced/nuts_and_bolts/dim3/var4/images/480.png
(C (T (repeat (T l (M 0.4762572018107888 0 -0.2381286009053944 4.54376438313331)) 60 (M 1 0.10471975511965977 0 0)) (M 1 0.05235987755982988 0 0)) (C (T (repeat (T l (M 2.1999999999999997 0 -1.0999999999999999 1.9052558883257653)) 6 (M 1 1.0471975511965976 0 0)) (M 1 0.5235987755982988 0 0)) (repeat (T (T (T (repeat (T l (M 0.4702282018339785 0 -0.23511410091698925 0.323606797749979)) 5 (M 1 1.2566370614359172 0 0)) (M 1 0.6283185307179586 0 0)) (M 1 -1.5707963267948966 0 0)) (M 1 0.0 3.2851342252830658 0)) 4 (M 1 1.5707963267948966 0 0)))),h,2.2,p,4,c,outer_only,balanced_data/dim_balanced/nuts_and_bolts/dim3/var4/images/481.png
(C (C (T (repeat (T l (M 5.939696961966999 0 -2.9698484809834995 2.9698484809835)) 4 (M 1 1.5707963267948966 0 0)) (M 1 0.7853981633974483 0 0)) (T (repeat (T l (M 6.434671708797581 0 -3.2173358543987907 3.2173358543987916)) 4 (M 1 1.5707963267948966 0 0)) (M 1 0.7853981633974483 0 0))) (C (T (repeat (T l (M 2.1999999999999997 0 -1.0999999999999999 1.9052558883257653)) 6 (M 1 1.0471975511965976 0 0)) (M 1 0.5235987755982988 0 0)) (repeat (T (T (T (repeat (T l (M 0.2586255110086881 0 -0.12931275550434404 0.17798373876248838)) 5 (M 1 1.2566370614359172 0 0)) (M 1 0.6283185307179586 0 0)) (M 1 -1.5707963267948966 0 0)) (M 1 0.0 2.7276000000000007 0)) 4 (M 1 1.5707963267948966 0 0)))),h,2.2,p,4,s,double,balanced_data/dim_balanced/nuts_and_bolts/dim3/var4/images/482.png
(C (T (repeat (T l (M 6.434671708797581 0 -3.2173358543987907 3.2173358543987916)) 4 (M 1 1.5707963267948966 0 0)) (M 1 0.7853981633974483 0 0)) (C (T (repeat (T l (M 2.1999999999999997 0 -1.0999999999999999 1.9052558883257653)) 6 (M 1 1.0471975511965976 0 0)) (M 1 0.5235987755982988 0 0)) (repeat (T (T (T (repeat (T l (M 0.2586255110086881 0 -0.12931275550434404 0.17798373876248838)) 5 (M 1 1.2566370614359172 0 0)) (M 1 0.6283185307179586 0 0)) (M 1 -1.5707963267948966 0 0)) (M 1 0.0 2.7276000000000007 0)) 4 (M 1 1.5707963267948966 0 0)))),h,2.2,p,4,s,outer_only,balanced_data/dim_balanced/nuts_and_bolts/dim3/var4/images/483.png
(C (C (T (repeat (T l (M 4.937396119256775 0 -2.4686980596283874 3.3978713763747797)) 5 (M 1 1.2566370614359172 0 0)) (M 1 0.6283185307179586 0 0)) (T (repeat (T l (M 5.348845795861505 0 -2.6744228979307527 3.6810273244060108)) 5 (M 1 1.2566370614359172 0 0)) (M 1 0.6283185307179586 0 0))) (C (T (repeat (T l (M 2.1999999999999997 0 -1.0999999999999999 1.9052558883257653)) 6 (M 1 1.0471975511965976 0 0)) (M 1 0.5235987755982988 0 0)) (repeat (T (T (T (repeat (T l (M 0.36442685642133327 0 -0.18221342821066663 0.25079526825623366)) 5 (M 1 1.2566370614359172 0 0)) (M 1 0.6283185307179586 0 0)) (M 1 -1.5707963267948966 0 0)) (M 1 0.0 2.856849257006129 0)) 4 (M 1 1.5707963267948966 0 0)))),h,2.2,p,4,p,double,balanced_data/dim_balanced/nuts_and_bolts/dim3/var4/images/484.png
(C (T (repeat (T l (M 5.348845795861505 0 -2.6744228979307527 3.6810273244060108)) 5 (M 1 1.2566370614359172 0 0)) (M 1 0.6283185307179586 0 0)) (C (T (repeat (T l (M 2.1999999999999997 0 -1.0999999999999999 1.9052558883257653)) 6 (M 1 1.0471975511965976 0 0)) (M 1 0.5235987755982988 0 0)) (repeat (T (T (T (repeat (T l (M 0.36442685642133327 0 -0.18221342821066663 0.25079526825623366)) 5 (M 1 1.2566370614359172 0 0)) (M 1 0.6283185307179586 0 0)) (M 1 -1.5707963267948966 0 0)) (M 1 0.0 2.856849257006129 0)) 4 (M 1 1.5707963267948966 0 0)))),h,2.2,p,4,p,outer_only,balanced_data/dim_balanced/nuts_and_bolts/dim3/var4/images/485.png
(C (C (T (repeat (T l (M 4.199999999999999 0 -2.0999999999999996 3.6373066958946425)) 6 (M 1 1.0471975511965976 0 0)) (M 1 0.5235987755982988 0 0)) (T (repeat (T l (M 4.549999999999999 0 -2.2749999999999995 3.940415587219196)) 6 (M 1 1.0471975511965976 0 0)) (M 1 0.5235987755982988 0 0))) (C (T (repeat (T l (M 2.1999999999999997 0 -1.0999999999999999 1.9052558883257653)) 6 (M 1 1.0471975511965976 0 0)) (M 1 0.5235987755982988 0 0)) (repeat (T (T (T (repeat (T l (M 0.4702282018339785 0 -0.23511410091698925 0.323606797749979)) 5 (M 1 1.2566370614359172 0 0)) (M 1 0.6283185307179586 0 0)) (M 1 -1.5707963267948966 0 0)) (M 1 0.0 2.9788186827420535 0)) 4 (M 1 1.5707963267948966 0 0)))),h,2.2,p,4,h,double,balanced_data/dim_balanced/nuts_and_bolts/dim3/var4/images/486.png
(C (T (repeat (T l (M 4.549999999999999 0 -2.2749999999999995 3.940415587219196)) 6 (M 1 1.0471975511965976 0 0)) (M 1 0.5235987755982988 0 0)) (C (T (repeat (T l (M 2.1999999999999997 0 -1.0999999999999999 1.9052558883257653)) 6 (M 1 1.0471975511965976 0 0)) (M 1 0.5235987755982988 0 0)) (repeat (T (T (T (repeat (T l (M 0.4702282018339785 0 -0.23511410091698925 0.323606797749979)) 5 (M 1 1.2566370614359172 0 0)) (M 1 0.6283185307179586 0 0)) (M 1 -1.5707963267948966 0 0)) (M 1 0.0 2.9788186827420535 0)) 4 (M 1 1.5707963267948966 0 0)))),h,2.2,p,4,h,outer_only,balanced_data/dim_balanced/nuts_and_bolts/dim3/var4/images/487.png
(C (C (T (repeat (T l (M 0.43962203244072817 0 -0.21981101622036409 4.19424404596921)) 60 (M 1 0.10471975511965977 0 0)) (M 1 0.05235987755982988 0 0)) (T (repeat (T l (M 0.4762572018107888 0 -0.2381286009053944 4.54376438313331)) 60 (M 1 0.10471975511965977 0 0)) (M 1 0.05235987755982988 0 0))) (C (T (repeat (T l (M 2.1999999999999997 0 -1.0999999999999999 1.9052558883257653)) 6 (M 1 1.0471975511965976 0 0)) (M 1 0.5235987755982988 0 0)) (repeat (T (T (T (repeat (T l (M 0.4702282018339785 0 -0.23511410091698925 0.323606797749979)) 5 (M 1 1.2566370614359172 0 0)) (M 1 0.6283185307179586 0 0)) (M 1 -1.5707963267948966 0 0)) (M 1 0.0 3.2851342252830658 0)) 6 (M 1 1.0471975511965976 0 0)))),h,2.2,p,6,c,double,balanced_data/dim_balanced/nuts_and_bolts/dim3/var4/images/488.png
(C (T (repeat (T l (M 0.4762572018107888 0 -0.2381286009053944 4.54376438313331)) 60 (M 1 0.10471975511965977 0 0)) (M 1 0.05235987755982988 0 0)) (C (T (repeat (T l (M 2.1999999999999997 0 -1.0999999999999999 1.9052558883257653)) 6 (M 1 1.0471975511965976 0 0)) (M 1 0.5235987755982988 0 0)) (repeat (T (T (T (repeat (T l (M 0.4702282018339785 0 -0.23511410091698925 0.323606797749979)) 5 (M 1 1.2566370614359172 0 0)) (M 1 0.6283185307179586 0 0)) (M 1 -1.5707963267948966 0 0)) (M 1 0.0 3.2851342252830658 0)) 6 (M 1 1.0471975511965976 0 0)))),h,2.2,p,6,c,outer_only,balanced_data/dim_balanced/nuts_and_bolts/dim3/var4/images/489.png
(C (C (T (repeat (T l (M 5.939696961966999 0 -2.9698484809834995 2.9698484809835)) 4 (M 1 1.5707963267948966 0 0)) (M 1 0.7853981633974483 0 0)) (T (repeat (T l (M 6.434671708797581 0 -3.2173358543987907 3.2173358543987916)) 4 (M 1 1.5707963267948966 0 0)) (M 1 0.7853981633974483 0 0))) (C (T (repeat (T l (M 2.1999999999999997 0 -1.0999999999999999 1.9052558883257653)) 6 (M 1 1.0471975511965976 0 0)) (M 1 0.5235987755982988 0 0)) (repeat (T (T (T (repeat (T l (M 0.2586255110086881 0 -0.12931275550434404 0.17798373876248838)) 5 (M 1 1.2566370614359172 0 0)) (M 1 0.6283185307179586 0 0)) (M 1 -1.5707963267948966 0 0)) (M 1 0.0 2.7276000000000007 0)) 6 (M 1 1.0471975511965976 0 0)))),h,2.2,p,6,s,double,balanced_data/dim_balanced/nuts_and_bolts/dim3/var4/images/490.png
(C (T (repeat (T l (M 6.434671708797581 0 -3.2173358543987907 3.2173358543987916)) 4 (M 1 1.5707963267948966 0 0)) (M 1 0.7853981633974483 0 0)) (C (T (repeat (T l (M 2.1999999999999997 0 -1.0999999999999999 1.9052558883257653)) 6 (M 1 1.0471975511965976 0 0)) (M 1 0.5235987755982988 0 0)) (repeat (T (T (T (repeat (T l (M 0.2586255110086881 0 -0.12931275550434404 0.17798373876248838)) 5 (M 1 1.2566370614359172 0 0)) (M 1 0.6283185307179586 0 0)) (M 1 -1.5707963267948966 0 0)) (M 1 0.0 2.7276000000000007 0)) 6 (M 1 1.0471975511965976 0 0)))),h,2.2,p,6,s,outer_only,balanced_data/dim_balanced/nuts_and_bolts/dim3/var4/images/491.png
(C (C (T (repeat (T l (M 4.937396119256775 0 -2.4686980596283874 3.3978713763747797)) 5 (M 1 1.2566370614359172 0 0)) (M 1 0.6283185307179586 0 0)) (T (repeat (T l (M 5.348845795861505 0 -2.6744228979307527 3.6810273244060108)) 5 (M 1 1.2566370614359172 0 0)) (M 1 0.6283185307179586 0 0))) (C (T (repeat (T l (M 2.1999999999999997 0 -1.0999999999999999 1.9052558883257653)) 6 (M 1 1.0471975511965976 0 0)) (M 1 0.5235987755982988 0 0)) (repeat (T (T (T (repeat (T l (M 0.36442685642133327 0 -0.18221342821066663 0.25079526825623366)) 5 (M 1 1.2566370614359172 0 0)) (M 1 0.6283185307179586 0 0)) (M 1 -1.5707963267948966 0 0)) (M 1 0.0 2.856849257006129 0)) 6 (M 1 1.0471975511965976 0 0)))),h,2.2,p,6,p,double,balanced_data/dim_balanced/nuts_and_bolts/dim3/var4/images/492.png
(C (T (repeat (T l (M 5.348845795861505 0 -2.6744228979307527 3.6810273244060108)) 5 (M 1 1.2566370614359172 0 0)) (M 1 0.6283185307179586 0 0)) (C (T (repeat (T l (M 2.1999999999999997 0 -1.0999999999999999 1.9052558883257653)) 6 (M 1 1.0471975511965976 0 0)) (M 1 0.5235987755982988 0 0)) (repeat (T (T (T (repeat (T l (M 0.36442685642133327 0 -0.18221342821066663 0.25079526825623366)) 5 (M 1 1.2566370614359172 0 0)) (M 1 0.6283185307179586 0 0)) (M 1 -1.5707963267948966 0 0)) (M 1 0.0 2.856849257006129 0)) 6 (M 1 1.0471975511965976 0 0)))),h,2.2,p,6,p,outer_only,balanced_data/dim_balanced/nuts_and_bolts/dim3/var4/images/493.png
(C (C (T (repeat (T l (M 4.199999999999999 0 -2.0999999999999996 3.6373066958946425)) 6 (M 1 1.0471975511965976 0 0)) (M 1 0.5235987755982988 0 0)) (T (repeat (T l (M 4.549999999999999 0 -2.2749999999999995 3.940415587219196)) 6 (M 1 1.0471975511965976 0 0)) (M 1 0.5235987755982988 0 0))) (C (T (repeat (T l (M 2.1999999999999997 0 -1.0999999999999999 1.9052558883257653)) 6 (M 1 1.0471975511965976 0 0)) (M 1 0.5235987755982988 0 0)) (repeat (T (T (T (repeat (T l (M 0.4702282018339785 0 -0.23511410091698925 0.323606797749979)) 5 (M 1 1.2566370614359172 0 0)) (M 1 0.6283185307179586 0 0)) (M 1 -1.5707963267948966 0 0)) (M 1 0.0 2.9788186827420535 0)) 6 (M 1 1.0471975511965976 0 0)))),h,2.2,p,6,h,double,balanced_data/dim_balanced/nuts_and_bolts/dim3/var4/images/494.png
(C (T (repeat (T l (M 4.549999999999999 0 -2.2749999999999995 3.940415587219196)) 6 (M 1 1.0471975511965976 0 0)) (M 1 0.5235987755982988 0 0)) (C (T (repeat (T l (M 2.1999999999999997 0 -1.0999999999999999 1.9052558883257653)) 6 (M 1 1.0471975511965976 0 0)) (M 1 0.5235987755982988 0 0)) (repeat (T (T (T (repeat (T l (M 0.4702282018339785 0 -0.23511410091698925 0.323606797749979)) 5 (M 1 1.2566370614359172 0 0)) (M 1 0.6283185307179586 0 0)) (M 1 -1.5707963267948966 0 0)) (M 1 0.0 2.9788186827420535 0)) 6 (M 1 1.0471975511965976 0 0)))),h,2.2,p,6,h,outer_only,balanced_data/dim_balanced/nuts_and_bolts/dim3/var4/images/495.png
(C (C (T (repeat (T l (M 0.43962203244072817 0 -0.21981101622036409 4.19424404596921)) 60 (M 1 0.10471975511965977 0 0)) (M 1 0.05235987755982988 0 0)) (T (repeat (T l (M 0.4762572018107888 0 -0.2381286009053944 4.54376438313331)) 60 (M 1 0.10471975511965977 0 0)) (M 1 0.05235987755982988 0 0))) (C (T (repeat (T l (M 2.1999999999999997 0 -1.0999999999999999 1.9052558883257653)) 6 (M 1 1.0471975511965976 0 0)) (M 1 0.5235987755982988 0 0)) (repeat (T (T (T (repeat (T l (M 0.39999999999999997 0 -0.19999999999999998 0.3464101615137755)) 6 (M 1 1.0471975511965976 0 0)) (M 1 0.5235987755982988 0 0)) (M 1 -1.5707963267948966 0 0)) (M 1 0.0 3.2851342252830658 0)) 4 (M 1 1.5707963267948966 0 0)))),h,2.2,h,4,c,double,balanced_data/dim_balanced/nuts_and_bolts/dim3/var4/images/496.png
(C (T (repeat (T l (M 0.4762572018107888 0 -0.2381286009053944 4.54376438313331)) 60 (M 1 0.10471975511965977 0 0)) (M 1 0.05235987755982988 0 0)) (C (T (repeat (T l (M 2.1999999999999997 0 -1.0999999999999999 1.9052558883257653)) 6 (M 1 1.0471975511965976 0 0)) (M 1 0.5235987755982988 0 0)) (repeat (T (T (T (repeat (T l (M 0.39999999999999997 0 -0.19999999999999998 0.3464101615137755)) 6 (M 1 1.0471975511965976 0 0)) (M 1 0.5235987755982988 0 0)) (M 1 -1.5707963267948966 0 0)) (M 1 0.0 3.2851342252830658 0)) 4 (M 1 1.5707963267948966 0 0)))),h,2.2,h,4,c,outer_only,balanced_data/dim_balanced/nuts_and_bolts/dim3/var4/images/497.png
(C (C (T (repeat (T l (M 5.939696961966999 0 -2.9698484809834995 2.9698484809835)) 4 (M 1 1.5707963267948966 0 0)) (M 1 0.7853981633974483 0 0)) (T (repeat (T l (M 6.434671708797581 0 -3.2173358543987907 3.2173358543987916)) 4 (M 1 1.5707963267948966 0 0)) (M 1 0.7853981633974483 0 0))) (C (T (repeat (T l (M 2.1999999999999997 0 -1.0999999999999999 1.9052558883257653)) 6 (M 1 1.0471975511965976 0 0)) (M 1 0.5235987755982988 0 0)) (repeat (T (T (T (repeat (T l (M 0.2199999999999999 0 -0.10999999999999995 0.19052558883257645)) 6 (M 1 1.0471975511965976 0 0)) (M 1 0.5235987755982988 0 0)) (M 1 -1.5707963267948966 0 0)) (M 1 0.0 2.7276000000000007 0)) 4 (M 1 1.5707963267948966 0 0)))),h,2.2,h,4,s,double,balanced_data/dim_balanced/nuts_and_bolts/dim3/var4/images/498.png
(C (T (repeat (T l (M 6.434671708797581 0 -3.2173358543987907 3.2173358543987916)) 4 (M 1 1.5707963267948966 0 0)) (M 1 0.7853981633974483 0 0)) (C (T (repeat (T l (M 2.1999999999999997 0 -1.0999999999999999 1.9052558883257653)) 6 (M 1 1.0471975511965976 0 0)) (M 1 0.5235987755982988 0 0)) (repeat (T (T (T (repeat (T l (M 0.2199999999999999 0 -0.10999999999999995 0.19052558883257645)) 6 (M 1 1.0471975511965976 0 0)) (M 1 0.5235987755982988 0 0)) (M 1 -1.5707963267948966 0 0)) (M 1 0.0 2.7276000000000007 0)) 4 (M 1 1.5707963267948966 0 0)))),h,2.2,h,4,s,outer_only,balanced_data/dim_balanced/nuts_and_bolts/dim3/var4/images/499.png
(C (C (T (repeat (T l (M 4.937396119256775 0 -2.4686980596283874 3.3978713763747797)) 5 (M 1 1.2566370614359172 0 0)) (M 1 0.6283185307179586 0 0)) (T (repeat (T l (M 5.348845795861505 0 -2.6744228979307527 3.6810273244060108)) 5 (M 1 1.2566370614359172 0 0)) (M 1 0.6283185307179586 0 0))) (C (T (repeat (T l (M 2.1999999999999997 0 -1.0999999999999999 1.9052558883257653)) 6 (M 1 1.0471975511965976 0 0)) (M 1 0.5235987755982988 0 0)) (repeat (T (T (T (repeat (T l (M 0.3099999999999999 0 -0.15499999999999994 0.26846787517317594)) 6 (M 1 1.0471975511965976 0 0)) (M 1 0.5235987755982988 0 0)) (M 1 -1.5707963267948966 0 0)) (M 1 0.0 2.856849257006129 0)) 4 (M 1 1.5707963267948966 0 0)))),h,2.2,h,4,p,double,balanced_data/dim_balanced/nuts_and_bolts/dim3/var4/images/500.png
(C (T (repeat (T l (M 5.348845795861505 0 -2.6744228979307527 3.6810273244060108)) 5 (M 1 1.2566370614359172 0 0)) (M 1 0.6283185307179586 0 0)) (C (T (repeat (T l (M 2.1999999999999997 0 -1.0999999999999999 1.9052558883257653)) 6 (M 1 1.0471975511965976 0 0)) (M 1 0.5235987755982988 0 0)) (repeat (T (T (T (repeat (T l (M 0.3099999999999999 0 -0.15499999999999994 0.26846787517317594)) 6 (M 1 1.0471975511965976 0 0)) (M 1 0.5235987755982988 0 0)) (M 1 -1.5707963267948966 0 0)) (M 1 0.0 2.856849257006129 0)) 4 (M 1 1.5707963267948966 0 0)))),h,2.2,h,4,p,outer_only,balanced_data/dim_balanced/nuts_and_bolts/dim3/var4/images/501.png
(C (C (T (repeat (T l (M 4.199999999999999 0 -2.0999999999999996 3.6373066958946425)) 6 (M 1 1.0471975511965976 0 0)) (M 1 0.5235987755982988 0 0)) (T (repeat (T l (M 4.549999999999999 0 -2.2749999999999995 3.940415587219196)) 6 (M 1 1.0471975511965976 0 0)) (M 1 0.5235987755982988 0 0))) (C (T (repeat (T l (M 2.1999999999999997 0 -1.0999999999999999 1.9052558883257653)) 6 (M 1 1.0471975511965976 0 0)) (M 1 0.5235987755982988 0 0)) (repeat (T (T (T (repeat (T l (M 0.39999999999999997 0 -0.19999999999999998 0.3464101615137755)) 6 (M 1 1.0471975511965976 0 0)) (M 1 0.5235987755982988 0 0)) (M 1 -1.5707963267948966 0 0)) (M 1 0.0 2.9788186827420535 0)) 4 (M 1 1.5707963267948966 0 0)))),h,2.2,h,4,h,double,balanced_data/dim_balanced/nuts_and_bolts/dim3/var4/images/502.png
(C (T (repeat (T l (M 4.549999999999999 0 -2.2749999999999995 3.940415587219196)) 6 (M 1 1.0471975511965976 0 0)) (M 1 0.5235987755982988 0 0)) (C (T (repeat (T l (M 2.1999999999999997 0 -1.0999999999999999 1.9052558883257653)) 6 (M 1 1.0471975511965976 0 0)) (M 1 0.5235987755982988 0 0)) (repeat (T (T (T (repeat (T l (M 0.39999999999999997 0 -0.19999999999999998 0.3464101615137755)) 6 (M 1 1.0471975511965976 0 0)) (M 1 0.5235987755982988 0 0)) (M 1 -1.5707963267948966 0 0)) (M 1 0.0 2.9788186827420535 0)) 4 (M 1 1.5707963267948966 0 0)))),h,2.2,h,4,h,outer_only,balanced_data/dim_balanced/nuts_and_bolts/dim3/var4/images/503.png
(C (C (T (repeat (T l (M 0.43962203244072817 0 -0.21981101622036409 4.19424404596921)) 60 (M 1 0.10471975511965977 0 0)) (M 1 0.05235987755982988 0 0)) (T (repeat (T l (M 0.4762572018107888 0 -0.2381286009053944 4.54376438313331)) 60 (M 1 0.10471975511965977 0 0)) (M 1 0.05235987755982988 0 0))) (C (T (repeat (T l (M 2.1999999999999997 0 -1.0999999999999999 1.9052558883257653)) 6 (M 1 1.0471975511965976 0 0)) (M 1 0.5235987755982988 0 0)) (repeat (T (T (T (repeat (T l (M 0.39999999999999997 0 -0.19999999999999998 0.3464101615137755)) 6 (M 1 1.0471975511965976 0 0)) (M 1 0.5235987755982988 0 0)) (M 1 -1.5707963267948966 0 0)) (M 1 0.0 3.2851342252830658 0)) 6 (M 1 1.0471975511965976 0 0)))),h,2.2,h,6,c,double,balanced_data/dim_balanced/nuts_and_bolts/dim3/var4/images/504.png
(C (T (repeat (T l (M 0.4762572018107888 0 -0.2381286009053944 4.54376438313331)) 60 (M 1 0.10471975511965977 0 0)) (M 1 0.05235987755982988 0 0)) (C (T (repeat (T l (M 2.1999999999999997 0 -1.0999999999999999 1.9052558883257653)) 6 (M 1 1.0471975511965976 0 0)) (M 1 0.5235987755982988 0 0)) (repeat (T (T (T (repeat (T l (M 0.39999999999999997 0 -0.19999999999999998 0.3464101615137755)) 6 (M 1 1.0471975511965976 0 0)) (M 1 0.5235987755982988 0 0)) (M 1 -1.5707963267948966 0 0)) (M 1 0.0 3.2851342252830658 0)) 6 (M 1 1.0471975511965976 0 0)))),h,2.2,h,6,c,outer_only,balanced_data/dim_balanced/nuts_and_bolts/dim3/var4/images/505.png
(C (C (T (repeat (T l (M 5.939696961966999 0 -2.9698484809834995 2.9698484809835)) 4 (M 1 1.5707963267948966 0 0)) (M 1 0.7853981633974483 0 0)) (T (repeat (T l (M 6.434671708797581 0 -3.2173358543987907 3.2173358543987916)) 4 (M 1 1.5707963267948966 0 0)) (M 1 0.7853981633974483 0 0))) (C (T (repeat (T l (M 2.1999999999999997 0 -1.0999999999999999 1.9052558883257653)) 6 (M 1 1.0471975511965976 0 0)) (M 1 0.5235987755982988 0 0)) (repeat (T (T (T (repeat (T l (M 0.2199999999999999 0 -0.10999999999999995 0.19052558883257645)) 6 (M 1 1.0471975511965976 0 0)) (M 1 0.5235987755982988 0 0)) (M 1 -1.5707963267948966 0 0)) (M 1 0.0 2.7276000000000007 0)) 6 (M 1 1.0471975511965976 0 0)))),h,2.2,h,6,s,double,balanced_data/dim_balanced/nuts_and_bolts/dim3/var4/images/506.png
(C (T (repeat (T l (M 6.434671708797581 0 -3.2173358543987907 3.2173358543987916)) 4 (M 1 1.5707963267948966 0 0)) (M 1 0.7853981633974483 0 0)) (C (T (repeat (T l (M 2.1999999999999997 0 -1.0999999999999999 1.9052558883257653)) 6 (M 1 1.0471975511965976 0 0)) (M 1 0.5235987755982988 0 0)) (repeat (T (T (T (repeat (T l (M 0.2199999999999999 0 -0.10999999999999995 0.19052558883257645)) 6 (M 1 1.0471975511965976 0 0)) (M 1 0.5235987755982988 0 0)) (M 1 -1.5707963267948966 0 0)) (M 1 0.0 2.7276000000000007 0)) 6 (M 1 1.0471975511965976 0 0)))),h,2.2,h,6,s,outer_only,balanced_data/dim_balanced/nuts_and_bolts/dim3/var4/images/507.png
(C (C (T (repeat (T l (M 4.937396119256775 0 -2.4686980596283874 3.3978713763747797)) 5 (M 1 1.2566370614359172 0 0)) (M 1 0.6283185307179586 0 0)) (T (repeat (T l (M 5.348845795861505 0 -2.6744228979307527 3.6810273244060108)) 5 (M 1 1.2566370614359172 0 0)) (M 1 0.6283185307179586 0 0))) (C (T (repeat (T l (M 2.1999999999999997 0 -1.0999999999999999 1.9052558883257653)) 6 (M 1 1.0471975511965976 0 0)) (M 1 0.5235987755982988 0 0)) (repeat (T (T (T (repeat (T l (M 0.3099999999999999 0 -0.15499999999999994 0.26846787517317594)) 6 (M 1 1.0471975511965976 0 0)) (M 1 0.5235987755982988 0 0)) (M 1 -1.5707963267948966 0 0)) (M 1 0.0 2.856849257006129 0)) 6 (M 1 1.0471975511965976 0 0)))),h,2.2,h,6,p,double,balanced_data/dim_balanced/nuts_and_bolts/dim3/var4/images/508.png
(C (T (repeat (T l (M 5.348845795861505 0 -2.6744228979307527 3.6810273244060108)) 5 (M 1 1.2566370614359172 0 0)) (M 1 0.6283185307179586 0 0)) (C (T (repeat (T l (M 2.1999999999999997 0 -1.0999999999999999 1.9052558883257653)) 6 (M 1 1.0471975511965976 0 0)) (M 1 0.5235987755982988 0 0)) (repeat (T (T (T (repeat (T l (M 0.3099999999999999 0 -0.15499999999999994 0.26846787517317594)) 6 (M 1 1.0471975511965976 0 0)) (M 1 0.5235987755982988 0 0)) (M 1 -1.5707963267948966 0 0)) (M 1 0.0 2.856849257006129 0)) 6 (M 1 1.0471975511965976 0 0)))),h,2.2,h,6,p,outer_only,balanced_data/dim_balanced/nuts_and_bolts/dim3/var4/images/509.png
(C (C (T (repeat (T l (M 4.199999999999999 0 -2.0999999999999996 3.6373066958946425)) 6 (M 1 1.0471975511965976 0 0)) (M 1 0.5235987755982988 0 0)) (T (repeat (T l (M 4.549999999999999 0 -2.2749999999999995 3.940415587219196)) 6 (M 1 1.0471975511965976 0 0)) (M 1 0.5235987755982988 0 0))) (C (T (repeat (T l (M 2.1999999999999997 0 -1.0999999999999999 1.9052558883257653)) 6 (M 1 1.0471975511965976 0 0)) (M 1 0.5235987755982988 0 0)) (repeat (T (T (T (repeat (T l (M 0.39999999999999997 0 -0.19999999999999998 0.3464101615137755)) 6 (M 1 1.0471975511965976 0 0)) (M 1 0.5235987755982988 0 0)) (M 1 -1.5707963267948966 0 0)) (M 1 0.0 2.9788186827420535 0)) 6 (M 1 1.0471975511965976 0 0)))),h,2.2,h,6,h,double,balanced_data/dim_balanced/nuts_and_bolts/dim3/var4/images/510.png
(C (T (repeat (T l (M 4.549999999999999 0 -2.2749999999999995 3.940415587219196)) 6 (M 1 1.0471975511965976 0 0)) (M 1 0.5235987755982988 0 0)) (C (T (repeat (T l (M 2.1999999999999997 0 -1.0999999999999999 1.9052558883257653)) 6 (M 1 1.0471975511965976 0 0)) (M 1 0.5235987755982988 0 0)) (repeat (T (T (T (repeat (T l (M 0.39999999999999997 0 -0.19999999999999998 0.3464101615137755)) 6 (M 1 1.0471975511965976 0 0)) (M 1 0.5235987755982988 0 0)) (M 1 -1.5707963267948966 0 0)) (M 1 0.0 2.9788186827420535 0)) 6 (M 1 1.0471975511965976 0 0)))),h,2.2,h,6,h,outer_only,balanced_data/dim_balanced/nuts_and_bolts/dim3/var4/images/511.png
