program_string,emb1_type,emb1_color,emb2_type,emb2_color,emb3_type,emb3_color,render_filepath
(C (C (lift -1 -2.0 (/ pi 2)) (curve 0 4.0 0) (lift 1 -2.0 (/ pi 2)) (curve 0 4.0 0)) (C (C (color 1 0 0 (C (lift -1.5 -2.0 0) (curve 0 3.0 0))) (color 1 0 0 (C (lift -1.5 0.0 0) (curve 0 3.0 0)))) (color 1 0 0 (C (lift -1.5 2.0 0) (curve 0 3.0 0))))),h_line,red,h_line,red,h_line,red,balanced_data/var_balanced/glyphs/dim3/var4/images/0.png
(C (C (lift -1 -2.0 (/ pi 2)) (curve 0 4.0 0) (lift 1 -2.0 (/ pi 2)) (curve 0 4.0 0)) (C (C (color 1 0 0 (C (lift -1.5 -2.0 0) (curve 0 3.0 0))) (color 1 0 0 (C (lift -1.5 0.0 0) (curve 0 3.0 0)))) (color 0 1 0 (C (lift -1.5 2.0 0) (curve 0 3.0 0))))),h_line,red,h_line,red,h_line,green,balanced_data/var_balanced/glyphs/dim3/var4/images/1.png
(C (C (lift -1 -2.0 (/ pi 2)) (curve 0 4.0 0) (lift 1 -2.0 (/ pi 2)) (curve 0 4.0 0)) (C (C (color 1 0 0 (C (lift -1.5 -2.0 0) (curve 0 3.0 0))) (color 1 0 0 (C (lift -1.5 0.0 0) (curve 0 3.0 0)))) (color 0 0 1 (C (lift -1.5 2.0 0) (curve 0 3.0 0))))),h_line,red,h_line,red,h_line,blue,balanced_data/var_balanced/glyphs/dim3/var4/images/2.png
(C (C (lift -1 -2.0 (/ pi 2)) (curve 0 4.0 0) (lift 1 -2.0 (/ pi 2)) (curve 0 4.0 0)) (C (C (color 1 0 0 (C (lift -1.5 -2.0 0) (curve 0 3.0 0))) (color 1 0 0 (C (lift -1.5 0.0 0) (curve 0 3.0 0)))) (color 1 0 0 (C (lift -1.5 2.0 (/ pi 7.25)) (curve -0.8 1.5 0.5) (curve 0.8 1.5 0.5))))),h_line,red,h_line,red,s_curve,red,balanced_data/var_balanced/glyphs/dim3/var4/images/3.png
(C (C (lift -1 -2.0 (/ pi 2)) (curve 0 4.0 0) (lift 1 -2.0 (/ pi 2)) (curve 0 4.0 0)) (C (C (color 1 0 0 (C (lift -1.5 -2.0 0) (curve 0 3.0 0))) (color 1 0 0 (C (lift -1.5 0.0 0) (curve 0 3.0 0)))) (color 0 1 0 (C (lift -1.5 2.0 (/ pi 7.25)) (curve -0.8 1.5 0.5) (curve 0.8 1.5 0.5))))),h_line,red,h_line,red,s_curve,green,balanced_data/var_balanced/glyphs/dim3/var4/images/4.png
(C (C (lift -1 -2.0 (/ pi 2)) (curve 0 4.0 0) (lift 1 -2.0 (/ pi 2)) (curve 0 4.0 0)) (C (C (color 1 0 0 (C (lift -1.5 -2.0 0) (curve 0 3.0 0))) (color 1 0 0 (C (lift -1.5 0.0 0) (curve 0 3.0 0)))) (color 0 0 1 (C (lift -1.5 2.0 (/ pi 7.25)) (curve -0.8 1.5 0.5) (curve 0.8 1.5 0.5))))),h_line,red,h_line,red,s_curve,blue,balanced_data/var_balanced/glyphs/dim3/var4/images/5.png
(C (C (lift -1 -2.0 (/ pi 2)) (curve 0 4.0 0) (lift 1 -2.0 (/ pi 2)) (curve 0 4.0 0)) (C (C (color 1 0 0 (C (lift -1.5 -2.0 0) (curve 0 3.0 0))) (color 1 0 0 (C (lift -1.5 0.0 0) (curve 0 3.0 0)))) (color 1 0 0 (C (lift -0.5 2.0 (/ pi 2)) (curve pi 0.314 1.0) (curve pi 0.314 1.0) (lift 0.5 2.0 (/ pi 2)) (curve pi 0.314 1.0) (curve pi 0.314 1.0))))),h_line,red,h_line,red,two_dots,red,balanced_data/var_balanced/glyphs/dim3/var4/images/6.png
(C (C (lift -1 -2.0 (/ pi 2)) (curve 0 4.0 0) (lift 1 -2.0 (/ pi 2)) (curve 0 4.0 0)) (C (C (color 1 0 0 (C (lift -1.5 -2.0 0) (curve 0 3.0 0))) (color 1 0 0 (C (lift -1.5 0.0 0) (curve 0 3.0 0)))) (color 0 1 0 (C (lift -0.5 2.0 (/ pi 2)) (curve pi 0.314 1.0) (curve pi 0.314 1.0) (lift 0.5 2.0 (/ pi 2)) (curve pi 0.314 1.0) (curve pi 0.314 1.0))))),h_line,red,h_line,red,two_dots,green,balanced_data/var_balanced/glyphs/dim3/var4/images/7.png
(C (C (lift -1 -2.0 (/ pi 2)) (curve 0 4.0 0) (lift 1 -2.0 (/ pi 2)) (curve 0 4.0 0)) (C (C (color 1 0 0 (C (lift -1.5 -2.0 0) (curve 0 3.0 0))) (color 1 0 0 (C (lift -1.5 0.0 0) (curve 0 3.0 0)))) (color 0 0 1 (C (lift -0.5 2.0 (/ pi 2)) (curve pi 0.314 1.0) (curve pi 0.314 1.0) (lift 0.5 2.0 (/ pi 2)) (curve pi 0.314 1.0) (curve pi 0.314 1.0))))),h_line,red,h_line,red,two_dots,blue,balanced_data/var_balanced/glyphs/dim3/var4/images/8.png
(C (C (lift -1 -2.0 (/ pi 2)) (curve 0 4.0 0) (lift 1 -2.0 (/ pi 2)) (curve 0 4.0 0)) (C (C (color 1 0 0 (C (lift -1.5 -2.0 0) (curve 0 3.0 0))) (color 0 1 0 (C (lift -1.5 0.0 0) (curve 0 3.0 0)))) (color 1 0 0 (C (lift -1.5 2.0 0) (curve 0 3.0 0))))),h_line,red,h_line,green,h_line,red,balanced_data/var_balanced/glyphs/dim3/var4/images/9.png
(C (C (lift -1 -2.0 (/ pi 2)) (curve 0 4.0 0) (lift 1 -2.0 (/ pi 2)) (curve 0 4.0 0)) (C (C (color 1 0 0 (C (lift -1.5 -2.0 0) (curve 0 3.0 0))) (color 0 1 0 (C (lift -1.5 0.0 0) (curve 0 3.0 0)))) (color 0 1 0 (C (lift -1.5 2.0 0) (curve 0 3.0 0))))),h_line,red,h_line,green,h_line,green,balanced_data/var_balanced/glyphs/dim3/var4/images/10.png
(C (C (lift -1 -2.0 (/ pi 2)) (curve 0 4.0 0) (lift 1 -2.0 (/ pi 2)) (curve 0 4.0 0)) (C (C (color 1 0 0 (C (lift -1.5 -2.0 0) (curve 0 3.0 0))) (color 0 1 0 (C (lift -1.5 0.0 0) (curve 0 3.0 0)))) (color 0 0 1 (C (lift -1.5 2.0 0) (curve 0 3.0 0))))),h_line,red,h_line,green,h_line,blue,balanced_data/var_balanced/glyphs/dim3/var4/images/11.png
(C (C (lift -1 -2.0 (/ pi 2)) (curve 0 4.0 0) (lift 1 -2.0 (/ pi 2)) (curve 0 4.0 0)) (C (C (color 1 0 0 (C (lift -1.5 -2.0 0) (curve 0 3.0 0))) (color 0 1 0 (C (lift -1.5 0.0 0) (curve 0 3.0 0)))) (color 1 0 0 (C (lift -1.5 2.0 (/ pi 7.25)) (curve -0.8 1.5 0.5) (curve 0.8 1.5 0.5))))),h_line,red,h_line,green,s_curve,red,balanced_data/var_balanced/glyphs/dim3/var4/images/12.png
(C (C (lift -1 -2.0 (/ pi 2)) (curve 0 4.0 0) (lift 1 -2.0 (/ pi 2)) (curve 0 4.0 0)) (C (C (color 1 0 0 (C (lift -1.5 -2.0 0) (curve 0 3.0 0))) (color 0 1 0 (C (lift -1.5 0.0 0) (curve 0 3.0 0)))) (color 0 1 0 (C (lift -1.5 2.0 (/ pi 7.25)) (curve -0.8 1.5 0.5) (curve 0.8 1.5 0.5))))),h_line,red,h_line,green,s_curve,green,balanced_data/var_balanced/glyphs/dim3/var4/images/13.png
(C (C (lift -1 -2.0 (/ pi 2)) (curve 0 4.0 0) (lift 1 -2.0 (/ pi 2)) (curve 0 4.0 0)) (C (C (color 1 0 0 (C (lift -1.5 -2.0 0) (curve 0 3.0 0))) (color 0 1 0 (C (lift -1.5 0.0 0) (curve 0 3.0 0)))) (color 0 0 1 (C (lift -1.5 2.0 (/ pi 7.25)) (curve -0.8 1.5 0.5) (curve 0.8 1.5 0.5))))),h_line,red,h_line,green,s_curve,blue,balanced_data/var_balanced/glyphs/dim3/var4/images/14.png
(C (C (lift -1 -2.0 (/ pi 2)) (curve 0 4.0 0) (lift 1 -2.0 (/ pi 2)) (curve 0 4.0 0)) (C (C (color 1 0 0 (C (lift -1.5 -2.0 0) (curve 0 3.0 0))) (color 0 1 0 (C (lift -1.5 0.0 0) (curve 0 3.0 0)))) (color 1 0 0 (C (lift -0.5 2.0 (/ pi 2)) (curve pi 0.314 1.0) (curve pi 0.314 1.0) (lift 0.5 2.0 (/ pi 2)) (curve pi 0.314 1.0) (curve pi 0.314 1.0))))),h_line,red,h_line,green,two_dots,red,balanced_data/var_balanced/glyphs/dim3/var4/images/15.png
(C (C (lift -1 -2.0 (/ pi 2)) (curve 0 4.0 0) (lift 1 -2.0 (/ pi 2)) (curve 0 4.0 0)) (C (C (color 1 0 0 (C (lift -1.5 -2.0 0) (curve 0 3.0 0))) (color 0 1 0 (C (lift -1.5 0.0 0) (curve 0 3.0 0)))) (color 0 1 0 (C (lift -0.5 2.0 (/ pi 2)) (curve pi 0.314 1.0) (curve pi 0.314 1.0) (lift 0.5 2.0 (/ pi 2)) (curve pi 0.314 1.0) (curve pi 0.314 1.0))))),h_line,red,h_line,green,two_dots,green,balanced_data/var_balanced/glyphs/dim3/var4/images/16.png
(C (C (lift -1 -2.0 (/ pi 2)) (curve 0 4.0 0) (lift 1 -2.0 (/ pi 2)) (curve 0 4.0 0)) (C (C (color 1 0 0 (C (lift -1.5 -2.0 0) (curve 0 3.0 0))) (color 0 1 0 (C (lift -1.5 0.0 0) (curve 0 3.0 0)))) (color 0 0 1 (C (lift -0.5 2.0 (/ pi 2)) (curve pi 0.314 1.0) (curve pi 0.314 1.0) (lift 0.5 2.0 (/ pi 2)) (curve pi 0.314 1.0) (curve pi 0.314 1.0))))),h_line,red,h_line,green,two_dots,blue,balanced_data/var_balanced/glyphs/dim3/var4/images/17.png
(C (C (lift -1 -2.0 (/ pi 2)) (curve 0 4.0 0) (lift 1 -2.0 (/ pi 2)) (curve 0 4.0 0)) (C (C (color 1 0 0 (C (lift -1.5 -2.0 0) (curve 0 3.0 0))) (color 0 0 1 (C (lift -1.5 0.0 0) (curve 0 3.0 0)))) (color 1 0 0 (C (lift -1.5 2.0 0) (curve 0 3.0 0))))),h_line,red,h_line,blue,h_line,red,balanced_data/var_balanced/glyphs/dim3/var4/images/18.png
(C (C (lift -1 -2.0 (/ pi 2)) (curve 0 4.0 0) (lift 1 -2.0 (/ pi 2)) (curve 0 4.0 0)) (C (C (color 1 0 0 (C (lift -1.5 -2.0 0) (curve 0 3.0 0))) (color 0 0 1 (C (lift -1.5 0.0 0) (curve 0 3.0 0)))) (color 0 1 0 (C (lift -1.5 2.0 0) (curve 0 3.0 0))))),h_line,red,h_line,blue,h_line,green,balanced_data/var_balanced/glyphs/dim3/var4/images/19.png
(C (C (lift -1 -2.0 (/ pi 2)) (curve 0 4.0 0) (lift 1 -2.0 (/ pi 2)) (curve 0 4.0 0)) (C (C (color 1 0 0 (C (lift -1.5 -2.0 0) (curve 0 3.0 0))) (color 0 0 1 (C (lift -1.5 0.0 0) (curve 0 3.0 0)))) (color 0 0 1 (C (lift -1.5 2.0 0) (curve 0 3.0 0))))),h_line,red,h_line,blue,h_line,blue,balanced_data/var_balanced/glyphs/dim3/var4/images/20.png
(C (C (lift -1 -2.0 (/ pi 2)) (curve 0 4.0 0) (lift 1 -2.0 (/ pi 2)) (curve 0 4.0 0)) (C (C (color 1 0 0 (C (lift -1.5 -2.0 0) (curve 0 3.0 0))) (color 0 0 1 (C (lift -1.5 0.0 0) (curve 0 3.0 0)))) (color 1 0 0 (C (lift -1.5 2.0 (/ pi 7.25)) (curve -0.8 1.5 0.5) (curve 0.8 1.5 0.5))))),h_line,red,h_line,blue,s_curve,red,balanced_data/var_balanced/glyphs/dim3/var4/images/21.png
(C (C (lift -1 -2.0 (/ pi 2)) (curve 0 4.0 0) (lift 1 -2.0 (/ pi 2)) (curve 0 4.0 0)) (C (C (color 1 0 0 (C (lift -1.5 -2.0 0) (curve 0 3.0 0))) (color 0 0 1 (C (lift -1.5 0.0 0) (curve 0 3.0 0)))) (color 0 1 0 (C (lift -1.5 2.0 (/ pi 7.25)) (curve -0.8 1.5 0.5) (curve 0.8 1.5 0.5))))),h_line,red,h_line,blue,s_curve,green,balanced_data/var_balanced/glyphs/dim3/var4/images/22.png
(C (C (lift -1 -2.0 (/ pi 2)) (curve 0 4.0 0) (lift 1 -2.0 (/ pi 2)) (curve 0 4.0 0)) (C (C (color 1 0 0 (C (lift -1.5 -2.0 0) (curve 0 3.0 0))) (color 0 0 1 (C (lift -1.5 0.0 0) (curve 0 3.0 0)))) (color 0 0 1 (C (lift -1.5 2.0 (/ pi 7.25)) (curve -0.8 1.5 0.5) (curve 0.8 1.5 0.5))))),h_line,red,h_line,blue,s_curve,blue,balanced_data/var_balanced/glyphs/dim3/var4/images/23.png
(C (C (lift -1 -2.0 (/ pi 2)) (curve 0 4.0 0) (lift 1 -2.0 (/ pi 2)) (curve 0 4.0 0)) (C (C (color 1 0 0 (C (lift -1.5 -2.0 0) (curve 0 3.0 0))) (color 0 0 1 (C (lift -1.5 0.0 0) (curve 0 3.0 0)))) (color 1 0 0 (C (lift -0.5 2.0 (/ pi 2)) (curve pi 0.314 1.0) (curve pi 0.314 1.0) (lift 0.5 2.0 (/ pi 2)) (curve pi 0.314 1.0) (curve pi 0.314 1.0))))),h_line,red,h_line,blue,two_dots,red,balanced_data/var_balanced/glyphs/dim3/var4/images/24.png
(C (C (lift -1 -2.0 (/ pi 2)) (curve 0 4.0 0) (lift 1 -2.0 (/ pi 2)) (curve 0 4.0 0)) (C (C (color 1 0 0 (C (lift -1.5 -2.0 0) (curve 0 3.0 0))) (color 0 0 1 (C (lift -1.5 0.0 0) (curve 0 3.0 0)))) (color 0 1 0 (C (lift -0.5 2.0 (/ pi 2)) (curve pi 0.314 1.0) (curve pi 0.314 1.0) (lift 0.5 2.0 (/ pi 2)) (curve pi 0.314 1.0) (curve pi 0.314 1.0))))),h_line,red,h_line,blue,two_dots,green,balanced_data/var_balanced/glyphs/dim3/var4/images/25.png
(C (C (lift -1 -2.0 (/ pi 2)) (curve 0 4.0 0) (lift 1 -2.0 (/ pi 2)) (curve 0 4.0 0)) (C (C (color 1 0 0 (C (lift -1.5 -2.0 0) (curve 0 3.0 0))) (color 0 0 1 (C (lift -1.5 0.0 0) (curve 0 3.0 0)))) (color 0 0 1 (C (lift -0.5 2.0 (/ pi 2)) (curve pi 0.314 1.0) (curve pi 0.314 1.0) (lift 0.5 2.0 (/ pi 2)) (curve pi 0.314 1.0) (curve pi 0.314 1.0))))),h_line,red,h_line,blue,two_dots,blue,balanced_data/var_balanced/glyphs/dim3/var4/images/26.png
(C (C (lift -1 -2.0 (/ pi 2)) (curve 0 4.0 0) (lift 1 -2.0 (/ pi 2)) (curve 0 4.0 0)) (C (C (color 1 0 0 (C (lift -1.5 -2.0 0) (curve 0 3.0 0))) (color 1 0 0 (C (lift -1.5 0.0 (/ pi 7.25)) (curve -0.8 1.5 0.5) (curve 0.8 1.5 0.5)))) (color 1 0 0 (C (lift -1.5 2.0 0) (curve 0 3.0 0))))),h_line,red,s_curve,red,h_line,red,balanced_data/var_balanced/glyphs/dim3/var4/images/27.png
(C (C (lift -1 -2.0 (/ pi 2)) (curve 0 4.0 0) (lift 1 -2.0 (/ pi 2)) (curve 0 4.0 0)) (C (C (color 1 0 0 (C (lift -1.5 -2.0 0) (curve 0 3.0 0))) (color 1 0 0 (C (lift -1.5 0.0 (/ pi 7.25)) (curve -0.8 1.5 0.5) (curve 0.8 1.5 0.5)))) (color 0 1 0 (C (lift -1.5 2.0 0) (curve 0 3.0 0))))),h_line,red,s_curve,red,h_line,green,balanced_data/var_balanced/glyphs/dim3/var4/images/28.png
(C (C (lift -1 -2.0 (/ pi 2)) (curve 0 4.0 0) (lift 1 -2.0 (/ pi 2)) (curve 0 4.0 0)) (C (C (color 1 0 0 (C (lift -1.5 -2.0 0) (curve 0 3.0 0))) (color 1 0 0 (C (lift -1.5 0.0 (/ pi 7.25)) (curve -0.8 1.5 0.5) (curve 0.8 1.5 0.5)))) (color 0 0 1 (C (lift -1.5 2.0 0) (curve 0 3.0 0))))),h_line,red,s_curve,red,h_line,blue,balanced_data/var_balanced/glyphs/dim3/var4/images/29.png
(C (C (lift -1 -2.0 (/ pi 2)) (curve 0 4.0 0) (lift 1 -2.0 (/ pi 2)) (curve 0 4.0 0)) (C (C (color 1 0 0 (C (lift -1.5 -2.0 0) (curve 0 3.0 0))) (color 1 0 0 (C (lift -1.5 0.0 (/ pi 7.25)) (curve -0.8 1.5 0.5) (curve 0.8 1.5 0.5)))) (color 1 0 0 (C (lift -1.5 2.0 (/ pi 7.25)) (curve -0.8 1.5 0.5) (curve 0.8 1.5 0.5))))),h_line,red,s_curve,red,s_curve,red,balanced_data/var_balanced/glyphs/dim3/var4/images/30.png
(C (C (lift -1 -2.0 (/ pi 2)) (curve 0 4.0 0) (lift 1 -2.0 (/ pi 2)) (curve 0 4.0 0)) (C (C (color 1 0 0 (C (lift -1.5 -2.0 0) (curve 0 3.0 0))) (color 1 0 0 (C (lift -1.5 0.0 (/ pi 7.25)) (curve -0.8 1.5 0.5) (curve 0.8 1.5 0.5)))) (color 0 1 0 (C (lift -1.5 2.0 (/ pi 7.25)) (curve -0.8 1.5 0.5) (curve 0.8 1.5 0.5))))),h_line,red,s_curve,red,s_curve,green,balanced_data/var_balanced/glyphs/dim3/var4/images/31.png
(C (C (lift -1 -2.0 (/ pi 2)) (curve 0 4.0 0) (lift 1 -2.0 (/ pi 2)) (curve 0 4.0 0)) (C (C (color 1 0 0 (C (lift -1.5 -2.0 0) (curve 0 3.0 0))) (color 1 0 0 (C (lift -1.5 0.0 (/ pi 7.25)) (curve -0.8 1.5 0.5) (curve 0.8 1.5 0.5)))) (color 0 0 1 (C (lift -1.5 2.0 (/ pi 7.25)) (curve -0.8 1.5 0.5) (curve 0.8 1.5 0.5))))),h_line,red,s_curve,red,s_curve,blue,balanced_data/var_balanced/glyphs/dim3/var4/images/32.png
(C (C (lift -1 -2.0 (/ pi 2)) (curve 0 4.0 0) (lift 1 -2.0 (/ pi 2)) (curve 0 4.0 0)) (C (C (color 1 0 0 (C (lift -1.5 -2.0 0) (curve 0 3.0 0))) (color 1 0 0 (C (lift -1.5 0.0 (/ pi 7.25)) (curve -0.8 1.5 0.5) (curve 0.8 1.5 0.5)))) (color 1 0 0 (C (lift -0.5 2.0 (/ pi 2)) (curve pi 0.314 1.0) (curve pi 0.314 1.0) (lift 0.5 2.0 (/ pi 2)) (curve pi 0.314 1.0) (curve pi 0.314 1.0))))),h_line,red,s_curve,red,two_dots,red,balanced_data/var_balanced/glyphs/dim3/var4/images/33.png
(C (C (lift -1 -2.0 (/ pi 2)) (curve 0 4.0 0) (lift 1 -2.0 (/ pi 2)) (curve 0 4.0 0)) (C (C (color 1 0 0 (C (lift -1.5 -2.0 0) (curve 0 3.0 0))) (color 1 0 0 (C (lift -1.5 0.0 (/ pi 7.25)) (curve -0.8 1.5 0.5) (curve 0.8 1.5 0.5)))) (color 0 1 0 (C (lift -0.5 2.0 (/ pi 2)) (curve pi 0.314 1.0) (curve pi 0.314 1.0) (lift 0.5 2.0 (/ pi 2)) (curve pi 0.314 1.0) (curve pi 0.314 1.0))))),h_line,red,s_curve,red,two_dots,green,balanced_data/var_balanced/glyphs/dim3/var4/images/34.png
(C (C (lift -1 -2.0 (/ pi 2)) (curve 0 4.0 0) (lift 1 -2.0 (/ pi 2)) (curve 0 4.0 0)) (C (C (color 1 0 0 (C (lift -1.5 -2.0 0) (curve 0 3.0 0))) (color 1 0 0 (C (lift -1.5 0.0 (/ pi 7.25)) (curve -0.8 1.5 0.5) (curve 0.8 1.5 0.5)))) (color 0 0 1 (C (lift -0.5 2.0 (/ pi 2)) (curve pi 0.314 1.0) (curve pi 0.314 1.0) (lift 0.5 2.0 (/ pi 2)) (curve pi 0.314 1.0) (curve pi 0.314 1.0))))),h_line,red,s_curve,red,two_dots,blue,balanced_data/var_balanced/glyphs/dim3/var4/images/35.png
(C (C (lift -1 -2.0 (/ pi 2)) (curve 0 4.0 0) (lift 1 -2.0 (/ pi 2)) (curve 0 4.0 0)) (C (C (color 1 0 0 (C (lift -1.5 -2.0 0) (curve 0 3.0 0))) (color 0 1 0 (C (lift -1.5 0.0 (/ pi 7.25)) (curve -0.8 1.5 0.5) (curve 0.8 1.5 0.5)))) (color 1 0 0 (C (lift -1.5 2.0 0) (curve 0 3.0 0))))),h_line,red,s_curve,green,h_line,red,balanced_data/var_balanced/glyphs/dim3/var4/images/36.png
(C (C (lift -1 -2.0 (/ pi 2)) (curve 0 4.0 0) (lift 1 -2.0 (/ pi 2)) (curve 0 4.0 0)) (C (C (color 1 0 0 (C (lift -1.5 -2.0 0) (curve 0 3.0 0))) (color 0 1 0 (C (lift -1.5 0.0 (/ pi 7.25)) (curve -0.8 1.5 0.5) (curve 0.8 1.5 0.5)))) (color 0 1 0 (C (lift -1.5 2.0 0) (curve 0 3.0 0))))),h_line,red,s_curve,green,h_line,green,balanced_data/var_balanced/glyphs/dim3/var4/images/37.png
(C (C (lift -1 -2.0 (/ pi 2)) (curve 0 4.0 0) (lift 1 -2.0 (/ pi 2)) (curve 0 4.0 0)) (C (C (color 1 0 0 (C (lift -1.5 -2.0 0) (curve 0 3.0 0))) (color 0 1 0 (C (lift -1.5 0.0 (/ pi 7.25)) (curve -0.8 1.5 0.5) (curve 0.8 1.5 0.5)))) (color 0 0 1 (C (lift -1.5 2.0 0) (curve 0 3.0 0))))),h_line,red,s_curve,green,h_line,blue,balanced_data/var_balanced/glyphs/dim3/var4/images/38.png
(C (C (lift -1 -2.0 (/ pi 2)) (curve 0 4.0 0) (lift 1 -2.0 (/ pi 2)) (curve 0 4.0 0)) (C (C (color 1 0 0 (C (lift -1.5 -2.0 0) (curve 0 3.0 0))) (color 0 1 0 (C (lift -1.5 0.0 (/ pi 7.25)) (curve -0.8 1.5 0.5) (curve 0.8 1.5 0.5)))) (color 1 0 0 (C (lift -1.5 2.0 (/ pi 7.25)) (curve -0.8 1.5 0.5) (curve 0.8 1.5 0.5))))),h_line,red,s_curve,green,s_curve,red,balanced_data/var_balanced/glyphs/dim3/var4/images/39.png
(C (C (lift -1 -2.0 (/ pi 2)) (curve 0 4.0 0) (lift 1 -2.0 (/ pi 2)) (curve 0 4.0 0)) (C (C (color 1 0 0 (C (lift -1.5 -2.0 0) (curve 0 3.0 0))) (color 0 1 0 (C (lift -1.5 0.0 (/ pi 7.25)) (curve -0.8 1.5 0.5) (curve 0.8 1.5 0.5)))) (color 0 1 0 (C (lift -1.5 2.0 (/ pi 7.25)) (curve -0.8 1.5 0.5) (curve 0.8 1.5 0.5))))),h_line,red,s_curve,green,s_curve,green,balanced_data/var_balanced/glyphs/dim3/var4/images/40.png
(C (C (lift -1 -2.0 (/ pi 2)) (curve 0 4.0 0) (lift 1 -2.0 (/ pi 2)) (curve 0 4.0 0)) (C (C (color 1 0 0 (C (lift -1.5 -2.0 0) (curve 0 3.0 0))) (color 0 1 0 (C (lift -1.5 0.0 (/ pi 7.25)) (curve -0.8 1.5 0.5) (curve 0.8 1.5 0.5)))) (color 0 0 1 (C (lift -1.5 2.0 (/ pi 7.25)) (curve -0.8 1.5 0.5) (curve 0.8 1.5 0.5))))),h_line,red,s_curve,green,s_curve,blue,balanced_data/var_balanced/glyphs/dim3/var4/images/41.png
(C (C (lift -1 -2.0 (/ pi 2)) (curve 0 4.0 0) (lift 1 -2.0 (/ pi 2)) (curve 0 4.0 0)) (C (C (color 1 0 0 (C (lift -1.5 -2.0 0) (curve 0 3.0 0))) (color 0 1 0 (C (lift -1.5 0.0 (/ pi 7.25)) (curve -0.8 1.5 0.5) (curve 0.8 1.5 0.5)))) (color 1 0 0 (C (lift -0.5 2.0 (/ pi 2)) (curve pi 0.314 1.0) (curve pi 0.314 1.0) (lift 0.5 2.0 (/ pi 2)) (curve pi 0.314 1.0) (curve pi 0.314 1.0))))),h_line,red,s_curve,green,two_dots,red,balanced_data/var_balanced/glyphs/dim3/var4/images/42.png
(C (C (lift -1 -2.0 (/ pi 2)) (curve 0 4.0 0) (lift 1 -2.0 (/ pi 2)) (curve 0 4.0 0)) (C (C (color 1 0 0 (C (lift -1.5 -2.0 0) (curve 0 3.0 0))) (color 0 1 0 (C (lift -1.5 0.0 (/ pi 7.25)) (curve -0.8 1.5 0.5) (curve 0.8 1.5 0.5)))) (color 0 1 0 (C (lift -0.5 2.0 (/ pi 2)) (curve pi 0.314 1.0) (curve pi 0.314 1.0) (lift 0.5 2.0 (/ pi 2)) (curve pi 0.314 1.0) (curve pi 0.314 1.0))))),h_line,red,s_curve,green,two_dots,green,balanced_data/var_balanced/glyphs/dim3/var4/images/43.png
(C (C (lift -1 -2.0 (/ pi 2)) (curve 0 4.0 0) (lift 1 -2.0 (/ pi 2)) (curve 0 4.0 0)) (C (C (color 1 0 0 (C (lift -1.5 -2.0 0) (curve 0 3.0 0))) (color 0 1 0 (C (lift -1.5 0.0 (/ pi 7.25)) (curve -0.8 1.5 0.5) (curve 0.8 1.5 0.5)))) (color 0 0 1 (C (lift -0.5 2.0 (/ pi 2)) (curve pi 0.314 1.0) (curve pi 0.314 1.0) (lift 0.5 2.0 (/ pi 2)) (curve pi 0.314 1.0) (curve pi 0.314 1.0))))),h_line,red,s_curve,green,two_dots,blue,balanced_data/var_balanced/glyphs/dim3/var4/images/44.png
(C (C (lift -1 -2.0 (/ pi 2)) (curve 0 4.0 0) (lift 1 -2.0 (/ pi 2)) (curve 0 4.0 0)) (C (C (color 1 0 0 (C (lift -1.5 -2.0 0) (curve 0 3.0 0))) (color 0 0 1 (C (lift -1.5 0.0 (/ pi 7.25)) (curve -0.8 1.5 0.5) (curve 0.8 1.5 0.5)))) (color 1 0 0 (C (lift -1.5 2.0 0) (curve 0 3.0 0))))),h_line,red,s_curve,blue,h_line,red,balanced_data/var_balanced/glyphs/dim3/var4/images/45.png
(C (C (lift -1 -2.0 (/ pi 2)) (curve 0 4.0 0) (lift 1 -2.0 (/ pi 2)) (curve 0 4.0 0)) (C (C (color 1 0 0 (C (lift -1.5 -2.0 0) (curve 0 3.0 0))) (color 0 0 1 (C (lift -1.5 0.0 (/ pi 7.25)) (curve -0.8 1.5 0.5) (curve 0.8 1.5 0.5)))) (color 0 1 0 (C (lift -1.5 2.0 0) (curve 0 3.0 0))))),h_line,red,s_curve,blue,h_line,green,balanced_data/var_balanced/glyphs/dim3/var4/images/46.png
(C (C (lift -1 -2.0 (/ pi 2)) (curve 0 4.0 0) (lift 1 -2.0 (/ pi 2)) (curve 0 4.0 0)) (C (C (color 1 0 0 (C (lift -1.5 -2.0 0) (curve 0 3.0 0))) (color 0 0 1 (C (lift -1.5 0.0 (/ pi 7.25)) (curve -0.8 1.5 0.5) (curve 0.8 1.5 0.5)))) (color 0 0 1 (C (lift -1.5 2.0 0) (curve 0 3.0 0))))),h_line,red,s_curve,blue,h_line,blue,balanced_data/var_balanced/glyphs/dim3/var4/images/47.png
(C (C (lift -1 -2.0 (/ pi 2)) (curve 0 4.0 0) (lift 1 -2.0 (/ pi 2)) (curve 0 4.0 0)) (C (C (color 1 0 0 (C (lift -1.5 -2.0 0) (curve 0 3.0 0))) (color 0 0 1 (C (lift -1.5 0.0 (/ pi 7.25)) (curve -0.8 1.5 0.5) (curve 0.8 1.5 0.5)))) (color 1 0 0 (C (lift -1.5 2.0 (/ pi 7.25)) (curve -0.8 1.5 0.5) (curve 0.8 1.5 0.5))))),h_line,red,s_curve,blue,s_curve,red,balanced_data/var_balanced/glyphs/dim3/var4/images/48.png
(C (C (lift -1 -2.0 (/ pi 2)) (curve 0 4.0 0) (lift 1 -2.0 (/ pi 2)) (curve 0 4.0 0)) (C (C (color 1 0 0 (C (lift -1.5 -2.0 0) (curve 0 3.0 0))) (color 0 0 1 (C (lift -1.5 0.0 (/ pi 7.25)) (curve -0.8 1.5 0.5) (curve 0.8 1.5 0.5)))) (color 0 1 0 (C (lift -1.5 2.0 (/ pi 7.25)) (curve -0.8 1.5 0.5) (curve 0.8 1.5 0.5))))),h_line,red,s_curve,blue,s_curve,green,balanced_data/var_balanced/glyphs/dim3/var4/images/49.png
(C (C (lift -1 -2.0 (/ pi 2)) (curve 0 4.0 0) (lift 1 -2.0 (/ pi 2)) (curve 0 4.0 0)) (C (C (color 1 0 0 (C (lift -1.5 -2.0 0) (curve 0 3.0 0))) (color 0 0 1 (C (lift -1.5 0.0 (/ pi 7.25)) (curve -0.8 1.5 0.5) (curve 0.8 1.5 0.5)))) (color 0 0 1 (C (lift -1.5 2.0 (/ pi 7.25)) (curve -0.8 1.5 0.5) (curve 0.8 1.5 0.5))))),h_line,red,s_curve,blue,s_curve,blue,balanced_data/var_balanced/glyphs/dim3/var4/images/50.png
(C (C (lift -1 -2.0 (/ pi 2)) (curve 0 4.0 0) (lift 1 -2.0 (/ pi 2)) (curve 0 4.0 0)) (C (C (color 1 0 0 (C (lift -1.5 -2.0 0) (curve 0 3.0 0))) (color 0 0 1 (C (lift -1.5 0.0 (/ pi 7.25)) (curve -0.8 1.5 0.5) (curve 0.8 1.5 0.5)))) (color 1 0 0 (C (lift -0.5 2.0 (/ pi 2)) (curve pi 0.314 1.0) (curve pi 0.314 1.0) (lift 0.5 2.0 (/ pi 2)) (curve pi 0.314 1.0) (curve pi 0.314 1.0))))),h_line,red,s_curve,blue,two_dots,red,balanced_data/var_balanced/glyphs/dim3/var4/images/51.png
(C (C (lift -1 -2.0 (/ pi 2)) (curve 0 4.0 0) (lift 1 -2.0 (/ pi 2)) (curve 0 4.0 0)) (C (C (color 1 0 0 (C (lift -1.5 -2.0 0) (curve 0 3.0 0))) (color 0 0 1 (C (lift -1.5 0.0 (/ pi 7.25)) (curve -0.8 1.5 0.5) (curve 0.8 1.5 0.5)))) (color 0 1 0 (C (lift -0.5 2.0 (/ pi 2)) (curve pi 0.314 1.0) (curve pi 0.314 1.0) (lift 0.5 2.0 (/ pi 2)) (curve pi 0.314 1.0) (curve pi 0.314 1.0))))),h_line,red,s_curve,blue,two_dots,green,balanced_data/var_balanced/glyphs/dim3/var4/images/52.png
(C (C (lift -1 -2.0 (/ pi 2)) (curve 0 4.0 0) (lift 1 -2.0 (/ pi 2)) (curve 0 4.0 0)) (C (C (color 1 0 0 (C (lift -1.5 -2.0 0) (curve 0 3.0 0))) (color 0 0 1 (C (lift -1.5 0.0 (/ pi 7.25)) (curve -0.8 1.5 0.5) (curve 0.8 1.5 0.5)))) (color 0 0 1 (C (lift -0.5 2.0 (/ pi 2)) (curve pi 0.314 1.0) (curve pi 0.314 1.0) (lift 0.5 2.0 (/ pi 2)) (curve pi 0.314 1.0) (curve pi 0.314 1.0))))),h_line,red,s_curve,blue,two_dots,blue,balanced_data/var_balanced/glyphs/dim3/var4/images/53.png
(C (C (lift -1 -2.0 (/ pi 2)) (curve 0 4.0 0) (lift 1 -2.0 (/ pi 2)) (curve 0 4.0 0)) (C (C (color 1 0 0 (C (lift -1.5 -2.0 0) (curve 0 3.0 0))) (color 1 0 0 (C (lift -0.5 0.0 (/ pi 2)) (curve pi 0.314 1.0) (curve pi 0.314 1.0) (lift 0.5 0.0 (/ pi 2)) (curve pi 0.314 1.0) (curve pi 0.314 1.0)))) (color 1 0 0 (C (lift -1.5 2.0 0) (curve 0 3.0 0))))),h_line,red,two_dots,red,h_line,red,balanced_data/var_balanced/glyphs/dim3/var4/images/54.png
(C (C (lift -1 -2.0 (/ pi 2)) (curve 0 4.0 0) (lift 1 -2.0 (/ pi 2)) (curve 0 4.0 0)) (C (C (color 1 0 0 (C (lift -1.5 -2.0 0) (curve 0 3.0 0))) (color 1 0 0 (C (lift -0.5 0.0 (/ pi 2)) (curve pi 0.314 1.0) (curve pi 0.314 1.0) (lift 0.5 0.0 (/ pi 2)) (curve pi 0.314 1.0) (curve pi 0.314 1.0)))) (color 0 1 0 (C (lift -1.5 2.0 0) (curve 0 3.0 0))))),h_line,red,two_dots,red,h_line,green,balanced_data/var_balanced/glyphs/dim3/var4/images/55.png
(C (C (lift -1 -2.0 (/ pi 2)) (curve 0 4.0 0) (lift 1 -2.0 (/ pi 2)) (curve 0 4.0 0)) (C (C (color 1 0 0 (C (lift -1.5 -2.0 0) (curve 0 3.0 0))) (color 1 0 0 (C (lift -0.5 0.0 (/ pi 2)) (curve pi 0.314 1.0) (curve pi 0.314 1.0) (lift 0.5 0.0 (/ pi 2)) (curve pi 0.314 1.0) (curve pi 0.314 1.0)))) (color 0 0 1 (C (lift -1.5 2.0 0) (curve 0 3.0 0))))),h_line,red,two_dots,red,h_line,blue,balanced_data/var_balanced/glyphs/dim3/var4/images/56.png
(C (C (lift -1 -2.0 (/ pi 2)) (curve 0 4.0 0) (lift 1 -2.0 (/ pi 2)) (curve 0 4.0 0)) (C (C (color 1 0 0 (C (lift -1.5 -2.0 0) (curve 0 3.0 0))) (color 1 0 0 (C (lift -0.5 0.0 (/ pi 2)) (curve pi 0.314 1.0) (curve pi 0.314 1.0) (lift 0.5 0.0 (/ pi 2)) (curve pi 0.314 1.0) (curve pi 0.314 1.0)))) (color 1 0 0 (C (lift -1.5 2.0 (/ pi 7.25)) (curve -0.8 1.5 0.5) (curve 0.8 1.5 0.5))))),h_line,red,two_dots,red,s_curve,red,balanced_data/var_balanced/glyphs/dim3/var4/images/57.png
(C (C (lift -1 -2.0 (/ pi 2)) (curve 0 4.0 0) (lift 1 -2.0 (/ pi 2)) (curve 0 4.0 0)) (C (C (color 1 0 0 (C (lift -1.5 -2.0 0) (curve 0 3.0 0))) (color 1 0 0 (C (lift -0.5 0.0 (/ pi 2)) (curve pi 0.314 1.0) (curve pi 0.314 1.0) (lift 0.5 0.0 (/ pi 2)) (curve pi 0.314 1.0) (curve pi 0.314 1.0)))) (color 0 1 0 (C (lift -1.5 2.0 (/ pi 7.25)) (curve -0.8 1.5 0.5) (curve 0.8 1.5 0.5))))),h_line,red,two_dots,red,s_curve,green,balanced_data/var_balanced/glyphs/dim3/var4/images/58.png
(C (C (lift -1 -2.0 (/ pi 2)) (curve 0 4.0 0) (lift 1 -2.0 (/ pi 2)) (curve 0 4.0 0)) (C (C (color 1 0 0 (C (lift -1.5 -2.0 0) (curve 0 3.0 0))) (color 1 0 0 (C (lift -0.5 0.0 (/ pi 2)) (curve pi 0.314 1.0) (curve pi 0.314 1.0) (lift 0.5 0.0 (/ pi 2)) (curve pi 0.314 1.0) (curve pi 0.314 1.0)))) (color 0 0 1 (C (lift -1.5 2.0 (/ pi 7.25)) (curve -0.8 1.5 0.5) (curve 0.8 1.5 0.5))))),h_line,red,two_dots,red,s_curve,blue,balanced_data/var_balanced/glyphs/dim3/var4/images/59.png
(C (C (lift -1 -2.0 (/ pi 2)) (curve 0 4.0 0) (lift 1 -2.0 (/ pi 2)) (curve 0 4.0 0)) (C (C (color 1 0 0 (C (lift -1.5 -2.0 0) (curve 0 3.0 0))) (color 1 0 0 (C (lift -0.5 0.0 (/ pi 2)) (curve pi 0.314 1.0) (curve pi 0.314 1.0) (lift 0.5 0.0 (/ pi 2)) (curve pi 0.314 1.0) (curve pi 0.314 1.0)))) (color 1 0 0 (C (lift -0.5 2.0 (/ pi 2)) (curve pi 0.314 1.0) (curve pi 0.314 1.0) (lift 0.5 2.0 (/ pi 2)) (curve pi 0.314 1.0) (curve pi 0.314 1.0))))),h_line,red,two_dots,red,two_dots,red,balanced_data/var_balanced/glyphs/dim3/var4/images/60.png
(C (C (lift -1 -2.0 (/ pi 2)) (curve 0 4.0 0) (lift 1 -2.0 (/ pi 2)) (curve 0 4.0 0)) (C (C (color 1 0 0 (C (lift -1.5 -2.0 0) (curve 0 3.0 0))) (color 1 0 0 (C (lift -0.5 0.0 (/ pi 2)) (curve pi 0.314 1.0) (curve pi 0.314 1.0) (lift 0.5 0.0 (/ pi 2)) (curve pi 0.314 1.0) (curve pi 0.314 1.0)))) (color 0 1 0 (C (lift -0.5 2.0 (/ pi 2)) (curve pi 0.314 1.0) (curve pi 0.314 1.0) (lift 0.5 2.0 (/ pi 2)) (curve pi 0.314 1.0) (curve pi 0.314 1.0))))),h_line,red,two_dots,red,two_dots,green,balanced_data/var_balanced/glyphs/dim3/var4/images/61.png
(C (C (lift -1 -2.0 (/ pi 2)) (curve 0 4.0 0) (lift 1 -2.0 (/ pi 2)) (curve 0 4.0 0)) (C (C (color 1 0 0 (C (lift -1.5 -2.0 0) (curve 0 3.0 0))) (color 1 0 0 (C (lift -0.5 0.0 (/ pi 2)) (curve pi 0.314 1.0) (curve pi 0.314 1.0) (lift 0.5 0.0 (/ pi 2)) (curve pi 0.314 1.0) (curve pi 0.314 1.0)))) (color 0 0 1 (C (lift -0.5 2.0 (/ pi 2)) (curve pi 0.314 1.0) (curve pi 0.314 1.0) (lift 0.5 2.0 (/ pi 2)) (curve pi 0.314 1.0) (curve pi 0.314 1.0))))),h_line,red,two_dots,red,two_dots,blue,balanced_data/var_balanced/glyphs/dim3/var4/images/62.png
(C (C (lift -1 -2.0 (/ pi 2)) (curve 0 4.0 0) (lift 1 -2.0 (/ pi 2)) (curve 0 4.0 0)) (C (C (color 1 0 0 (C (lift -1.5 -2.0 0) (curve 0 3.0 0))) (color 0 1 0 (C (lift -0.5 0.0 (/ pi 2)) (curve pi 0.314 1.0) (curve pi 0.314 1.0) (lift 0.5 0.0 (/ pi 2)) (curve pi 0.314 1.0) (curve pi 0.314 1.0)))) (color 1 0 0 (C (lift -1.5 2.0 0) (curve 0 3.0 0))))),h_line,red,two_dots,green,h_line,red,balanced_data/var_balanced/glyphs/dim3/var4/images/63.png
(C (C (lift -1 -2.0 (/ pi 2)) (curve 0 4.0 0) (lift 1 -2.0 (/ pi 2)) (curve 0 4.0 0)) (C (C (color 1 0 0 (C (lift -1.5 -2.0 0) (curve 0 3.0 0))) (color 0 1 0 (C (lift -0.5 0.0 (/ pi 2)) (curve pi 0.314 1.0) (curve pi 0.314 1.0) (lift 0.5 0.0 (/ pi 2)) (curve pi 0.314 1.0) (curve pi 0.314 1.0)))) (color 0 1 0 (C (lift -1.5 2.0 0) (curve 0 3.0 0))))),h_line,red,two_dots,green,h_line,green,balanced_data/var_balanced/glyphs/dim3/var4/images/64.png
(C (C (lift -1 -2.0 (/ pi 2)) (curve 0 4.0 0) (lift 1 -2.0 (/ pi 2)) (curve 0 4.0 0)) (C (C (color 1 0 0 (C (lift -1.5 -2.0 0) (curve 0 3.0 0))) (color 0 1 0 (C (lift -0.5 0.0 (/ pi 2)) (curve pi 0.314 1.0) (curve pi 0.314 1.0) (lift 0.5 0.0 (/ pi 2)) (curve pi 0.314 1.0) (curve pi 0.314 1.0)))) (color 0 0 1 (C (lift -1.5 2.0 0) (curve 0 3.0 0))))),h_line,red,two_dots,green,h_line,blue,balanced_data/var_balanced/glyphs/dim3/var4/images/65.png
(C (C (lift -1 -2.0 (/ pi 2)) (curve 0 4.0 0) (lift 1 -2.0 (/ pi 2)) (curve 0 4.0 0)) (C (C (color 1 0 0 (C (lift -1.5 -2.0 0) (curve 0 3.0 0))) (color 0 1 0 (C (lift -0.5 0.0 (/ pi 2)) (curve pi 0.314 1.0) (curve pi 0.314 1.0) (lift 0.5 0.0 (/ pi 2)) (curve pi 0.314 1.0) (curve pi 0.314 1.0)))) (color 1 0 0 (C (lift -1.5 2.0 (/ pi 7.25)) (curve -0.8 1.5 0.5) (curve 0.8 1.5 0.5))))),h_line,red,two_dots,green,s_curve,red,balanced_data/var_balanced/glyphs/dim3/var4/images/66.png
(C (C (lift -1 -2.0 (/ pi 2)) (curve 0 4.0 0) (lift 1 -2.0 (/ pi 2)) (curve 0 4.0 0)) (C (C (color 1 0 0 (C (lift -1.5 -2.0 0) (curve 0 3.0 0))) (color 0 1 0 (C (lift -0.5 0.0 (/ pi 2)) (curve pi 0.314 1.0) (curve pi 0.314 1.0) (lift 0.5 0.0 (/ pi 2)) (curve pi 0.314 1.0) (curve pi 0.314 1.0)))) (color 0 1 0 (C (lift -1.5 2.0 (/ pi 7.25)) (curve -0.8 1.5 0.5) (curve 0.8 1.5 0.5))))),h_line,red,two_dots,green,s_curve,green,balanced_data/var_balanced/glyphs/dim3/var4/images/67.png
(C (C (lift -1 -2.0 (/ pi 2)) (curve 0 4.0 0) (lift 1 -2.0 (/ pi 2)) (curve 0 4.0 0)) (C (C (color 1 0 0 (C (lift -1.5 -2.0 0) (curve 0 3.0 0))) (color 0 1 0 (C (lift -0.5 0.0 (/ pi 2)) (curve pi 0.314 1.0) (curve pi 0.314 1.0) (lift 0.5 0.0 (/ pi 2)) (curve pi 0.314 1.0) (curve pi 0.314 1.0)))) (color 0 0 1 (C (lift -1.5 2.0 (/ pi 7.25)) (curve -0.8 1.5 0.5) (curve 0.8 1.5 0.5))))),h_line,red,two_dots,green,s_curve,blue,balanced_data/var_balanced/glyphs/dim3/var4/images/68.png
(C (C (lift -1 -2.0 (/ pi 2)) (curve 0 4.0 0) (lift 1 -2.0 (/ pi 2)) (curve 0 4.0 0)) (C (C (color 1 0 0 (C (lift -1.5 -2.0 0) (curve 0 3.0 0))) (color 0 1 0 (C (lift -0.5 0.0 (/ pi 2)) (curve pi 0.314 1.0) (curve pi 0.314 1.0) (lift 0.5 0.0 (/ pi 2)) (curve pi 0.314 1.0) (curve pi 0.314 1.0)))) (color 1 0 0 (C (lift -0.5 2.0 (/ pi 2)) (curve pi 0.314 1.0) (curve pi 0.314 1.0) (lift 0.5 2.0 (/ pi 2)) (curve pi 0.314 1.0) (curve pi 0.314 1.0))))),h_line,red,two_dots,green,two_dots,red,balanced_data/var_balanced/glyphs/dim3/var4/images/69.png
(C (C (lift -1 -2.0 (/ pi 2)) (curve 0 4.0 0) (lift 1 -2.0 (/ pi 2)) (curve 0 4.0 0)) (C (C (color 1 0 0 (C (lift -1.5 -2.0 0) (curve 0 3.0 0))) (color 0 1 0 (C (lift -0.5 0.0 (/ pi 2)) (curve pi 0.314 1.0) (curve pi 0.314 1.0) (lift 0.5 0.0 (/ pi 2)) (curve pi 0.314 1.0) (curve pi 0.314 1.0)))) (color 0 1 0 (C (lift -0.5 2.0 (/ pi 2)) (curve pi 0.314 1.0) (curve pi 0.314 1.0) (lift 0.5 2.0 (/ pi 2)) (curve pi 0.314 1.0) (curve pi 0.314 1.0))))),h_line,red,two_dots,green,two_dots,green,balanced_data/var_balanced/glyphs/dim3/var4/images/70.png
(C (C (lift -1 -2.0 (/ pi 2)) (curve 0 4.0 0) (lift 1 -2.0 (/ pi 2)) (curve 0 4.0 0)) (C (C (color 1 0 0 (C (lift -1.5 -2.0 0) (curve 0 3.0 0))) (color 0 1 0 (C (lift -0.5 0.0 (/ pi 2)) (curve pi 0.314 1.0) (curve pi 0.314 1.0) (lift 0.5 0.0 (/ pi 2)) (curve pi 0.314 1.0) (curve pi 0.314 1.0)))) (color 0 0 1 (C (lift -0.5 2.0 (/ pi 2)) (curve pi 0.314 1.0) (curve pi 0.314 1.0) (lift 0.5 2.0 (/ pi 2)) (curve pi 0.314 1.0) (curve pi 0.314 1.0))))),h_line,red,two_dots,green,two_dots,blue,balanced_data/var_balanced/glyphs/dim3/var4/images/71.png
(C (C (lift -1 -2.0 (/ pi 2)) (curve 0 4.0 0) (lift 1 -2.0 (/ pi 2)) (curve 0 4.0 0)) (C (C (color 1 0 0 (C (lift -1.5 -2.0 0) (curve 0 3.0 0))) (color 0 0 1 (C (lift -0.5 0.0 (/ pi 2)) (curve pi 0.314 1.0) (curve pi 0.314 1.0) (lift 0.5 0.0 (/ pi 2)) (curve pi 0.314 1.0) (curve pi 0.314 1.0)))) (color 1 0 0 (C (lift -1.5 2.0 0) (curve 0 3.0 0))))),h_line,red,two_dots,blue,h_line,red,balanced_data/var_balanced/glyphs/dim3/var4/images/72.png
(C (C (lift -1 -2.0 (/ pi 2)) (curve 0 4.0 0) (lift 1 -2.0 (/ pi 2)) (curve 0 4.0 0)) (C (C (color 1 0 0 (C (lift -1.5 -2.0 0) (curve 0 3.0 0))) (color 0 0 1 (C (lift -0.5 0.0 (/ pi 2)) (curve pi 0.314 1.0) (curve pi 0.314 1.0) (lift 0.5 0.0 (/ pi 2)) (curve pi 0.314 1.0) (curve pi 0.314 1.0)))) (color 0 1 0 (C (lift -1.5 2.0 0) (curve 0 3.0 0))))),h_line,red,two_dots,blue,h_line,green,balanced_data/var_balanced/glyphs/dim3/var4/images/73.png
(C (C (lift -1 -2.0 (/ pi 2)) (curve 0 4.0 0) (lift 1 -2.0 (/ pi 2)) (curve 0 4.0 0)) (C (C (color 1 0 0 (C (lift -1.5 -2.0 0) (curve 0 3.0 0))) (color 0 0 1 (C (lift -0.5 0.0 (/ pi 2)) (curve pi 0.314 1.0) (curve pi 0.314 1.0) (lift 0.5 0.0 (/ pi 2)) (curve pi 0.314 1.0) (curve pi 0.314 1.0)))) (color 0 0 1 (C (lift -1.5 2.0 0) (curve 0 3.0 0))))),h_line,red,two_dots,blue,h_line,blue,balanced_data/var_balanced/glyphs/dim3/var4/images/74.png
(C (C (lift -1 -2.0 (/ pi 2)) (curve 0 4.0 0) (lift 1 -2.0 (/ pi 2)) (curve 0 4.0 0)) (C (C (color 1 0 0 (C (lift -1.5 -2.0 0) (curve 0 3.0 0))) (color 0 0 1 (C (lift -0.5 0.0 (/ pi 2)) (curve pi 0.314 1.0) (curve pi 0.314 1.0) (lift 0.5 0.0 (/ pi 2)) (curve pi 0.314 1.0) (curve pi 0.314 1.0)))) (color 1 0 0 (C (lift -1.5 2.0 (/ pi 7.25)) (curve -0.8 1.5 0.5) (curve 0.8 1.5 0.5))))),h_line,red,two_dots,blue,s_curve,red,balanced_data/var_balanced/glyphs/dim3/var4/images/75.png
(C (C (lift -1 -2.0 (/ pi 2)) (curve 0 4.0 0) (lift 1 -2.0 (/ pi 2)) (curve 0 4.0 0)) (C (C (color 1 0 0 (C (lift -1.5 -2.0 0) (curve 0 3.0 0))) (color 0 0 1 (C (lift -0.5 0.0 (/ pi 2)) (curve pi 0.314 1.0) (curve pi 0.314 1.0) (lift 0.5 0.0 (/ pi 2)) (curve pi 0.314 1.0) (curve pi 0.314 1.0)))) (color 0 1 0 (C (lift -1.5 2.0 (/ pi 7.25)) (curve -0.8 1.5 0.5) (curve 0.8 1.5 0.5))))),h_line,red,two_dots,blue,s_curve,green,balanced_data/var_balanced/glyphs/dim3/var4/images/76.png
(C (C (lift -1 -2.0 (/ pi 2)) (curve 0 4.0 0) (lift 1 -2.0 (/ pi 2)) (curve 0 4.0 0)) (C (C (color 1 0 0 (C (lift -1.5 -2.0 0) (curve 0 3.0 0))) (color 0 0 1 (C (lift -0.5 0.0 (/ pi 2)) (curve pi 0.314 1.0) (curve pi 0.314 1.0) (lift 0.5 0.0 (/ pi 2)) (curve pi 0.314 1.0) (curve pi 0.314 1.0)))) (color 0 0 1 (C (lift -1.5 2.0 (/ pi 7.25)) (curve -0.8 1.5 0.5) (curve 0.8 1.5 0.5))))),h_line,red,two_dots,blue,s_curve,blue,balanced_data/var_balanced/glyphs/dim3/var4/images/77.png
(C (C (lift -1 -2.0 (/ pi 2)) (curve 0 4.0 0) (lift 1 -2.0 (/ pi 2)) (curve 0 4.0 0)) (C (C (color 1 0 0 (C (lift -1.5 -2.0 0) (curve 0 3.0 0))) (color 0 0 1 (C (lift -0.5 0.0 (/ pi 2)) (curve pi 0.314 1.0) (curve pi 0.314 1.0) (lift 0.5 0.0 (/ pi 2)) (curve pi 0.314 1.0) (curve pi 0.314 1.0)))) (color 1 0 0 (C (lift -0.5 2.0 (/ pi 2)) (curve pi 0.314 1.0) (curve pi 0.314 1.0) (lift 0.5 2.0 (/ pi 2)) (curve pi 0.314 1.0) (curve pi 0.314 1.0))))),h_line,red,two_dots,blue,two_dots,red,balanced_data/var_balanced/glyphs/dim3/var4/images/78.png
(C (C (lift -1 -2.0 (/ pi 2)) (curve 0 4.0 0) (lift 1 -2.0 (/ pi 2)) (curve 0 4.0 0)) (C (C (color 1 0 0 (C (lift -1.5 -2.0 0) (curve 0 3.0 0))) (color 0 0 1 (C (lift -0.5 0.0 (/ pi 2)) (curve pi 0.314 1.0) (curve pi 0.314 1.0) (lift 0.5 0.0 (/ pi 2)) (curve pi 0.314 1.0) (curve pi 0.314 1.0)))) (color 0 1 0 (C (lift -0.5 2.0 (/ pi 2)) (curve pi 0.314 1.0) (curve pi 0.314 1.0) (lift 0.5 2.0 (/ pi 2)) (curve pi 0.314 1.0) (curve pi 0.314 1.0))))),h_line,red,two_dots,blue,two_dots,green,balanced_data/var_balanced/glyphs/dim3/var4/images/79.png
(C (C (lift -1 -2.0 (/ pi 2)) (curve 0 4.0 0) (lift 1 -2.0 (/ pi 2)) (curve 0 4.0 0)) (C (C (color 1 0 0 (C (lift -1.5 -2.0 0) (curve 0 3.0 0))) (color 0 0 1 (C (lift -0.5 0.0 (/ pi 2)) (curve pi 0.314 1.0) (curve pi 0.314 1.0) (lift 0.5 0.0 (/ pi 2)) (curve pi 0.314 1.0) (curve pi 0.314 1.0)))) (color 0 0 1 (C (lift -0.5 2.0 (/ pi 2)) (curve pi 0.314 1.0) (curve pi 0.314 1.0) (lift 0.5 2.0 (/ pi 2)) (curve pi 0.314 1.0) (curve pi 0.314 1.0))))),h_line,red,two_dots,blue,two_dots,blue,balanced_data/var_balanced/glyphs/dim3/var4/images/80.png
(C (C (lift -1 -2.0 (/ pi 2)) (curve 0 4.0 0) (lift 1 -2.0 (/ pi 2)) (curve 0 4.0 0)) (C (C (color 0 1 0 (C (lift -1.5 -2.0 0) (curve 0 3.0 0))) (color 1 0 0 (C (lift -1.5 0.0 0) (curve 0 3.0 0)))) (color 1 0 0 (C (lift -1.5 2.0 0) (curve 0 3.0 0))))),h_line,green,h_line,red,h_line,red,balanced_data/var_balanced/glyphs/dim3/var4/images/81.png
(C (C (lift -1 -2.0 (/ pi 2)) (curve 0 4.0 0) (lift 1 -2.0 (/ pi 2)) (curve 0 4.0 0)) (C (C (color 0 1 0 (C (lift -1.5 -2.0 0) (curve 0 3.0 0))) (color 1 0 0 (C (lift -1.5 0.0 0) (curve 0 3.0 0)))) (color 0 1 0 (C (lift -1.5 2.0 0) (curve 0 3.0 0))))),h_line,green,h_line,red,h_line,green,balanced_data/var_balanced/glyphs/dim3/var4/images/82.png
(C (C (lift -1 -2.0 (/ pi 2)) (curve 0 4.0 0) (lift 1 -2.0 (/ pi 2)) (curve 0 4.0 0)) (C (C (color 0 1 0 (C (lift -1.5 -2.0 0) (curve 0 3.0 0))) (color 1 0 0 (C (lift -1.5 0.0 0) (curve 0 3.0 0)))) (color 0 0 1 (C (lift -1.5 2.0 0) (curve 0 3.0 0))))),h_line,green,h_line,red,h_line,blue,balanced_data/var_balanced/glyphs/dim3/var4/images/83.png
(C (C (lift -1 -2.0 (/ pi 2)) (curve 0 4.0 0) (lift 1 -2.0 (/ pi 2)) (curve 0 4.0 0)) (C (C (color 0 1 0 (C (lift -1.5 -2.0 0) (curve 0 3.0 0))) (color 1 0 0 (C (lift -1.5 0.0 0) (curve 0 3.0 0)))) (color 1 0 0 (C (lift -1.5 2.0 (/ pi 7.25)) (curve -0.8 1.5 0.5) (curve 0.8 1.5 0.5))))),h_line,green,h_line,red,s_curve,red,balanced_data/var_balanced/glyphs/dim3/var4/images/84.png
(C (C (lift -1 -2.0 (/ pi 2)) (curve 0 4.0 0) (lift 1 -2.0 (/ pi 2)) (curve 0 4.0 0)) (C (C (color 0 1 0 (C (lift -1.5 -2.0 0) (curve 0 3.0 0))) (color 1 0 0 (C (lift -1.5 0.0 0) (curve 0 3.0 0)))) (color 0 1 0 (C (lift -1.5 2.0 (/ pi 7.25)) (curve -0.8 1.5 0.5) (curve 0.8 1.5 0.5))))),h_line,green,h_line,red,s_curve,green,balanced_data/var_balanced/glyphs/dim3/var4/images/85.png
(C (C (lift -1 -2.0 (/ pi 2)) (curve 0 4.0 0) (lift 1 -2.0 (/ pi 2)) (curve 0 4.0 0)) (C (C (color 0 1 0 (C (lift -1.5 -2.0 0) (curve 0 3.0 0))) (color 1 0 0 (C (lift -1.5 0.0 0) (curve 0 3.0 0)))) (color 0 0 1 (C (lift -1.5 2.0 (/ pi 7.25)) (curve -0.8 1.5 0.5) (curve 0.8 1.5 0.5))))),h_line,green,h_line,red,s_curve,blue,balanced_data/var_balanced/glyphs/dim3/var4/images/86.png
(C (C (lift -1 -2.0 (/ pi 2)) (curve 0 4.0 0) (lift 1 -2.0 (/ pi 2)) (curve 0 4.0 0)) (C (C (color 0 1 0 (C (lift -1.5 -2.0 0) (curve 0 3.0 0))) (color 1 0 0 (C (lift -1.5 0.0 0) (curve 0 3.0 0)))) (color 1 0 0 (C (lift -0.5 2.0 (/ pi 2)) (curve pi 0.314 1.0) (curve pi 0.314 1.0) (lift 0.5 2.0 (/ pi 2)) (curve pi 0.314 1.0) (curve pi 0.314 1.0))))),h_line,green,h_line,red,two_dots,red,balanced_data/var_balanced/glyphs/dim3/var4/images/87.png
(C (C (lift -1 -2.0 (/ pi 2)) (curve 0 4.0 0) (lift 1 -2.0 (/ pi 2)) (curve 0 4.0 0)) (C (C (color 0 1 0 (C (lift -1.5 -2.0 0) (curve 0 3.0 0))) (color 1 0 0 (C (lift -1.5 0.0 0) (curve 0 3.0 0)))) (color 0 1 0 (C (lift -0.5 2.0 (/ pi 2)) (curve pi 0.314 1.0) (curve pi 0.314 1.0) (lift 0.5 2.0 (/ pi 2)) (curve pi 0.314 1.0) (curve pi 0.314 1.0))))),h_line,green,h_line,red,two_dots,green,balanced_data/var_balanced/glyphs/dim3/var4/images/88.png
(C (C (lift -1 -2.0 (/ pi 2)) (curve 0 4.0 0) (lift 1 -2.0 (/ pi 2)) (curve 0 4.0 0)) (C (C (color 0 1 0 (C (lift -1.5 -2.0 0) (curve 0 3.0 0))) (color 1 0 0 (C (lift -1.5 0.0 0) (curve 0 3.0 0)))) (color 0 0 1 (C (lift -0.5 2.0 (/ pi 2)) (curve pi 0.314 1.0) (curve pi 0.314 1.0) (lift 0.5 2.0 (/ pi 2)) (curve pi 0.314 1.0) (curve pi 0.314 1.0))))),h_line,green,h_line,red,two_dots,blue,balanced_data/var_balanced/glyphs/dim3/var4/images/89.png
(C (C (lift -1 -2.0 (/ pi 2)) (curve 0 4.0 0) (lift 1 -2.0 (/ pi 2)) (curve 0 4.0 0)) (C (C (color 0 1 0 (C (lift -1.5 -2.0 0) (curve 0 3.0 0))) (color 0 1 0 (C (lift -1.5 0.0 0) (curve 0 3.0 0)))) (color 1 0 0 (C (lift -1.5 2.0 0) (curve 0 3.0 0))))),h_line,green,h_line,green,h_line,red,balanced_data/var_balanced/glyphs/dim3/var4/images/90.png
(C (C (lift -1 -2.0 (/ pi 2)) (curve 0 4.0 0) (lift 1 -2.0 (/ pi 2)) (curve 0 4.0 0)) (C (C (color 0 1 0 (C (lift -1.5 -2.0 0) (curve 0 3.0 0))) (color 0 1 0 (C (lift -1.5 0.0 0) (curve 0 3.0 0)))) (color 0 1 0 (C (lift -1.5 2.0 0) (curve 0 3.0 0))))),h_line,green,h_line,green,h_line,green,balanced_data/var_balanced/glyphs/dim3/var4/images/91.png
(C (C (lift -1 -2.0 (/ pi 2)) (curve 0 4.0 0) (lift 1 -2.0 (/ pi 2)) (curve 0 4.0 0)) (C (C (color 0 1 0 (C (lift -1.5 -2.0 0) (curve 0 3.0 0))) (color 0 1 0 (C (lift -1.5 0.0 0) (curve 0 3.0 0)))) (color 0 0 1 (C (lift -1.5 2.0 0) (curve 0 3.0 0))))),h_line,green,h_line,green,h_line,blue,balanced_data/var_balanced/glyphs/dim3/var4/images/92.png
(C (C (lift -1 -2.0 (/ pi 2)) (curve 0 4.0 0) (lift 1 -2.0 (/ pi 2)) (curve 0 4.0 0)) (C (C (color 0 1 0 (C (lift -1.5 -2.0 0) (curve 0 3.0 0))) (color 0 1 0 (C (lift -1.5 0.0 0) (curve 0 3.0 0)))) (color 1 0 0 (C (lift -1.5 2.0 (/ pi 7.25)) (curve -0.8 1.5 0.5) (curve 0.8 1.5 0.5))))),h_line,green,h_line,green,s_curve,red,balanced_data/var_balanced/glyphs/dim3/var4/images/93.png
(C (C (lift -1 -2.0 (/ pi 2)) (curve 0 4.0 0) (lift 1 -2.0 (/ pi 2)) (curve 0 4.0 0)) (C (C (color 0 1 0 (C (lift -1.5 -2.0 0) (curve 0 3.0 0))) (color 0 1 0 (C (lift -1.5 0.0 0) (curve 0 3.0 0)))) (color 0 1 0 (C (lift -1.5 2.0 (/ pi 7.25)) (curve -0.8 1.5 0.5) (curve 0.8 1.5 0.5))))),h_line,green,h_line,green,s_curve,green,balanced_data/var_balanced/glyphs/dim3/var4/images/94.png
(C (C (lift -1 -2.0 (/ pi 2)) (curve 0 4.0 0) (lift 1 -2.0 (/ pi 2)) (curve 0 4.0 0)) (C (C (color 0 1 0 (C (lift -1.5 -2.0 0) (curve 0 3.0 0))) (color 0 1 0 (C (lift -1.5 0.0 0) (curve 0 3.0 0)))) (color 0 0 1 (C (lift -1.5 2.0 (/ pi 7.25)) (curve -0.8 1.5 0.5) (curve 0.8 1.5 0.5))))),h_line,green,h_line,green,s_curve,blue,balanced_data/var_balanced/glyphs/dim3/var4/images/95.png
(C (C (lift -1 -2.0 (/ pi 2)) (curve 0 4.0 0) (lift 1 -2.0 (/ pi 2)) (curve 0 4.0 0)) (C (C (color 0 1 0 (C (lift -1.5 -2.0 0) (curve 0 3.0 0))) (color 0 1 0 (C (lift -1.5 0.0 0) (curve 0 3.0 0)))) (color 1 0 0 (C (lift -0.5 2.0 (/ pi 2)) (curve pi 0.314 1.0) (curve pi 0.314 1.0) (lift 0.5 2.0 (/ pi 2)) (curve pi 0.314 1.0) (curve pi 0.314 1.0))))),h_line,green,h_line,green,two_dots,red,balanced_data/var_balanced/glyphs/dim3/var4/images/96.png
(C (C (lift -1 -2.0 (/ pi 2)) (curve 0 4.0 0) (lift 1 -2.0 (/ pi 2)) (curve 0 4.0 0)) (C (C (color 0 1 0 (C (lift -1.5 -2.0 0) (curve 0 3.0 0))) (color 0 1 0 (C (lift -1.5 0.0 0) (curve 0 3.0 0)))) (color 0 1 0 (C (lift -0.5 2.0 (/ pi 2)) (curve pi 0.314 1.0) (curve pi 0.314 1.0) (lift 0.5 2.0 (/ pi 2)) (curve pi 0.314 1.0) (curve pi 0.314 1.0))))),h_line,green,h_line,green,two_dots,green,balanced_data/var_balanced/glyphs/dim3/var4/images/97.png
(C (C (lift -1 -2.0 (/ pi 2)) (curve 0 4.0 0) (lift 1 -2.0 (/ pi 2)) (curve 0 4.0 0)) (C (C (color 0 1 0 (C (lift -1.5 -2.0 0) (curve 0 3.0 0))) (color 0 1 0 (C (lift -1.5 0.0 0) (curve 0 3.0 0)))) (color 0 0 1 (C (lift -0.5 2.0 (/ pi 2)) (curve pi 0.314 1.0) (curve pi 0.314 1.0) (lift 0.5 2.0 (/ pi 2)) (curve pi 0.314 1.0) (curve pi 0.314 1.0))))),h_line,green,h_line,green,two_dots,blue,balanced_data/var_balanced/glyphs/dim3/var4/images/98.png
(C (C (lift -1 -2.0 (/ pi 2)) (curve 0 4.0 0) (lift 1 -2.0 (/ pi 2)) (curve 0 4.0 0)) (C (C (color 0 1 0 (C (lift -1.5 -2.0 0) (curve 0 3.0 0))) (color 0 0 1 (C (lift -1.5 0.0 0) (curve 0 3.0 0)))) (color 1 0 0 (C (lift -1.5 2.0 0) (curve 0 3.0 0))))),h_line,green,h_line,blue,h_line,red,balanced_data/var_balanced/glyphs/dim3/var4/images/99.png
(C (C (lift -1 -2.0 (/ pi 2)) (curve 0 4.0 0) (lift 1 -2.0 (/ pi 2)) (curve 0 4.0 0)) (C (C (color 0 1 0 (C (lift -1.5 -2.0 0) (curve 0 3.0 0))) (color 0 0 1 (C (lift -1.5 0.0 0) (curve 0 3.0 0)))) (color 0 1 0 (C (lift -1.5 2.0 0) (curve 0 3.0 0))))),h_line,green,h_line,blue,h_line,green,balanced_data/var_balanced/glyphs/dim3/var4/images/100.png
(C (C (lift -1 -2.0 (/ pi 2)) (curve 0 4.0 0) (lift 1 -2.0 (/ pi 2)) (curve 0 4.0 0)) (C (C (color 0 1 0 (C (lift -1.5 -2.0 0) (curve 0 3.0 0))) (color 0 0 1 (C (lift -1.5 0.0 0) (curve 0 3.0 0)))) (color 0 0 1 (C (lift -1.5 2.0 0) (curve 0 3.0 0))))),h_line,green,h_line,blue,h_line,blue,balanced_data/var_balanced/glyphs/dim3/var4/images/101.png
(C (C (lift -1 -2.0 (/ pi 2)) (curve 0 4.0 0) (lift 1 -2.0 (/ pi 2)) (curve 0 4.0 0)) (C (C (color 0 1 0 (C (lift -1.5 -2.0 0) (curve 0 3.0 0))) (color 0 0 1 (C (lift -1.5 0.0 0) (curve 0 3.0 0)))) (color 1 0 0 (C (lift -1.5 2.0 (/ pi 7.25)) (curve -0.8 1.5 0.5) (curve 0.8 1.5 0.5))))),h_line,green,h_line,blue,s_curve,red,balanced_data/var_balanced/glyphs/dim3/var4/images/102.png
(C (C (lift -1 -2.0 (/ pi 2)) (curve 0 4.0 0) (lift 1 -2.0 (/ pi 2)) (curve 0 4.0 0)) (C (C (color 0 1 0 (C (lift -1.5 -2.0 0) (curve 0 3.0 0))) (color 0 0 1 (C (lift -1.5 0.0 0) (curve 0 3.0 0)))) (color 0 1 0 (C (lift -1.5 2.0 (/ pi 7.25)) (curve -0.8 1.5 0.5) (curve 0.8 1.5 0.5))))),h_line,green,h_line,blue,s_curve,green,balanced_data/var_balanced/glyphs/dim3/var4/images/103.png
(C (C (lift -1 -2.0 (/ pi 2)) (curve 0 4.0 0) (lift 1 -2.0 (/ pi 2)) (curve 0 4.0 0)) (C (C (color 0 1 0 (C (lift -1.5 -2.0 0) (curve 0 3.0 0))) (color 0 0 1 (C (lift -1.5 0.0 0) (curve 0 3.0 0)))) (color 0 0 1 (C (lift -1.5 2.0 (/ pi 7.25)) (curve -0.8 1.5 0.5) (curve 0.8 1.5 0.5))))),h_line,green,h_line,blue,s_curve,blue,balanced_data/var_balanced/glyphs/dim3/var4/images/104.png
(C (C (lift -1 -2.0 (/ pi 2)) (curve 0 4.0 0) (lift 1 -2.0 (/ pi 2)) (curve 0 4.0 0)) (C (C (color 0 1 0 (C (lift -1.5 -2.0 0) (curve 0 3.0 0))) (color 0 0 1 (C (lift -1.5 0.0 0) (curve 0 3.0 0)))) (color 1 0 0 (C (lift -0.5 2.0 (/ pi 2)) (curve pi 0.314 1.0) (curve pi 0.314 1.0) (lift 0.5 2.0 (/ pi 2)) (curve pi 0.314 1.0) (curve pi 0.314 1.0))))),h_line,green,h_line,blue,two_dots,red,balanced_data/var_balanced/glyphs/dim3/var4/images/105.png
(C (C (lift -1 -2.0 (/ pi 2)) (curve 0 4.0 0) (lift 1 -2.0 (/ pi 2)) (curve 0 4.0 0)) (C (C (color 0 1 0 (C (lift -1.5 -2.0 0) (curve 0 3.0 0))) (color 0 0 1 (C (lift -1.5 0.0 0) (curve 0 3.0 0)))) (color 0 1 0 (C (lift -0.5 2.0 (/ pi 2)) (curve pi 0.314 1.0) (curve pi 0.314 1.0) (lift 0.5 2.0 (/ pi 2)) (curve pi 0.314 1.0) (curve pi 0.314 1.0))))),h_line,green,h_line,blue,two_dots,green,balanced_data/var_balanced/glyphs/dim3/var4/images/106.png
(C (C (lift -1 -2.0 (/ pi 2)) (curve 0 4.0 0) (lift 1 -2.0 (/ pi 2)) (curve 0 4.0 0)) (C (C (color 0 1 0 (C (lift -1.5 -2.0 0) (curve 0 3.0 0))) (color 0 0 1 (C (lift -1.5 0.0 0) (curve 0 3.0 0)))) (color 0 0 1 (C (lift -0.5 2.0 (/ pi 2)) (curve pi 0.314 1.0) (curve pi 0.314 1.0) (lift 0.5 2.0 (/ pi 2)) (curve pi 0.314 1.0) (curve pi 0.314 1.0))))),h_line,green,h_line,blue,two_dots,blue,balanced_data/var_balanced/glyphs/dim3/var4/images/107.png
(C (C (lift -1 -2.0 (/ pi 2)) (curve 0 4.0 0) (lift 1 -2.0 (/ pi 2)) (curve 0 4.0 0)) (C (C (color 0 1 0 (C (lift -1.5 -2.0 0) (curve 0 3.0 0))) (color 1 0 0 (C (lift -1.5 0.0 (/ pi 7.25)) (curve -0.8 1.5 0.5) (curve 0.8 1.5 0.5)))) (color 1 0 0 (C (lift -1.5 2.0 0) (curve 0 3.0 0))))),h_line,green,s_curve,red,h_line,red,balanced_data/var_balanced/glyphs/dim3/var4/images/108.png
(C (C (lift -1 -2.0 (/ pi 2)) (curve 0 4.0 0) (lift 1 -2.0 (/ pi 2)) (curve 0 4.0 0)) (C (C (color 0 1 0 (C (lift -1.5 -2.0 0) (curve 0 3.0 0))) (color 1 0 0 (C (lift -1.5 0.0 (/ pi 7.25)) (curve -0.8 1.5 0.5) (curve 0.8 1.5 0.5)))) (color 0 1 0 (C (lift -1.5 2.0 0) (curve 0 3.0 0))))),h_line,green,s_curve,red,h_line,green,balanced_data/var_balanced/glyphs/dim3/var4/images/109.png
(C (C (lift -1 -2.0 (/ pi 2)) (curve 0 4.0 0) (lift 1 -2.0 (/ pi 2)) (curve 0 4.0 0)) (C (C (color 0 1 0 (C (lift -1.5 -2.0 0) (curve 0 3.0 0))) (color 1 0 0 (C (lift -1.5 0.0 (/ pi 7.25)) (curve -0.8 1.5 0.5) (curve 0.8 1.5 0.5)))) (color 0 0 1 (C (lift -1.5 2.0 0) (curve 0 3.0 0))))),h_line,green,s_curve,red,h_line,blue,balanced_data/var_balanced/glyphs/dim3/var4/images/110.png
(C (C (lift -1 -2.0 (/ pi 2)) (curve 0 4.0 0) (lift 1 -2.0 (/ pi 2)) (curve 0 4.0 0)) (C (C (color 0 1 0 (C (lift -1.5 -2.0 0) (curve 0 3.0 0))) (color 1 0 0 (C (lift -1.5 0.0 (/ pi 7.25)) (curve -0.8 1.5 0.5) (curve 0.8 1.5 0.5)))) (color 1 0 0 (C (lift -1.5 2.0 (/ pi 7.25)) (curve -0.8 1.5 0.5) (curve 0.8 1.5 0.5))))),h_line,green,s_curve,red,s_curve,red,balanced_data/var_balanced/glyphs/dim3/var4/images/111.png
(C (C (lift -1 -2.0 (/ pi 2)) (curve 0 4.0 0) (lift 1 -2.0 (/ pi 2)) (curve 0 4.0 0)) (C (C (color 0 1 0 (C (lift -1.5 -2.0 0) (curve 0 3.0 0))) (color 1 0 0 (C (lift -1.5 0.0 (/ pi 7.25)) (curve -0.8 1.5 0.5) (curve 0.8 1.5 0.5)))) (color 0 1 0 (C (lift -1.5 2.0 (/ pi 7.25)) (curve -0.8 1.5 0.5) (curve 0.8 1.5 0.5))))),h_line,green,s_curve,red,s_curve,green,balanced_data/var_balanced/glyphs/dim3/var4/images/112.png
(C (C (lift -1 -2.0 (/ pi 2)) (curve 0 4.0 0) (lift 1 -2.0 (/ pi 2)) (curve 0 4.0 0)) (C (C (color 0 1 0 (C (lift -1.5 -2.0 0) (curve 0 3.0 0))) (color 1 0 0 (C (lift -1.5 0.0 (/ pi 7.25)) (curve -0.8 1.5 0.5) (curve 0.8 1.5 0.5)))) (color 0 0 1 (C (lift -1.5 2.0 (/ pi 7.25)) (curve -0.8 1.5 0.5) (curve 0.8 1.5 0.5))))),h_line,green,s_curve,red,s_curve,blue,balanced_data/var_balanced/glyphs/dim3/var4/images/113.png
(C (C (lift -1 -2.0 (/ pi 2)) (curve 0 4.0 0) (lift 1 -2.0 (/ pi 2)) (curve 0 4.0 0)) (C (C (color 0 1 0 (C (lift -1.5 -2.0 0) (curve 0 3.0 0))) (color 1 0 0 (C (lift -1.5 0.0 (/ pi 7.25)) (curve -0.8 1.5 0.5) (curve 0.8 1.5 0.5)))) (color 1 0 0 (C (lift -0.5 2.0 (/ pi 2)) (curve pi 0.314 1.0) (curve pi 0.314 1.0) (lift 0.5 2.0 (/ pi 2)) (curve pi 0.314 1.0) (curve pi 0.314 1.0))))),h_line,green,s_curve,red,two_dots,red,balanced_data/var_balanced/glyphs/dim3/var4/images/114.png
(C (C (lift -1 -2.0 (/ pi 2)) (curve 0 4.0 0) (lift 1 -2.0 (/ pi 2)) (curve 0 4.0 0)) (C (C (color 0 1 0 (C (lift -1.5 -2.0 0) (curve 0 3.0 0))) (color 1 0 0 (C (lift -1.5 0.0 (/ pi 7.25)) (curve -0.8 1.5 0.5) (curve 0.8 1.5 0.5)))) (color 0 1 0 (C (lift -0.5 2.0 (/ pi 2)) (curve pi 0.314 1.0) (curve pi 0.314 1.0) (lift 0.5 2.0 (/ pi 2)) (curve pi 0.314 1.0) (curve pi 0.314 1.0))))),h_line,green,s_curve,red,two_dots,green,balanced_data/var_balanced/glyphs/dim3/var4/images/115.png
(C (C (lift -1 -2.0 (/ pi 2)) (curve 0 4.0 0) (lift 1 -2.0 (/ pi 2)) (curve 0 4.0 0)) (C (C (color 0 1 0 (C (lift -1.5 -2.0 0) (curve 0 3.0 0))) (color 1 0 0 (C (lift -1.5 0.0 (/ pi 7.25)) (curve -0.8 1.5 0.5) (curve 0.8 1.5 0.5)))) (color 0 0 1 (C (lift -0.5 2.0 (/ pi 2)) (curve pi 0.314 1.0) (curve pi 0.314 1.0) (lift 0.5 2.0 (/ pi 2)) (curve pi 0.314 1.0) (curve pi 0.314 1.0))))),h_line,green,s_curve,red,two_dots,blue,balanced_data/var_balanced/glyphs/dim3/var4/images/116.png
(C (C (lift -1 -2.0 (/ pi 2)) (curve 0 4.0 0) (lift 1 -2.0 (/ pi 2)) (curve 0 4.0 0)) (C (C (color 0 1 0 (C (lift -1.5 -2.0 0) (curve 0 3.0 0))) (color 0 1 0 (C (lift -1.5 0.0 (/ pi 7.25)) (curve -0.8 1.5 0.5) (curve 0.8 1.5 0.5)))) (color 1 0 0 (C (lift -1.5 2.0 0) (curve 0 3.0 0))))),h_line,green,s_curve,green,h_line,red,balanced_data/var_balanced/glyphs/dim3/var4/images/117.png
(C (C (lift -1 -2.0 (/ pi 2)) (curve 0 4.0 0) (lift 1 -2.0 (/ pi 2)) (curve 0 4.0 0)) (C (C (color 0 1 0 (C (lift -1.5 -2.0 0) (curve 0 3.0 0))) (color 0 1 0 (C (lift -1.5 0.0 (/ pi 7.25)) (curve -0.8 1.5 0.5) (curve 0.8 1.5 0.5)))) (color 0 1 0 (C (lift -1.5 2.0 0) (curve 0 3.0 0))))),h_line,green,s_curve,green,h_line,green,balanced_data/var_balanced/glyphs/dim3/var4/images/118.png
(C (C (lift -1 -2.0 (/ pi 2)) (curve 0 4.0 0) (lift 1 -2.0 (/ pi 2)) (curve 0 4.0 0)) (C (C (color 0 1 0 (C (lift -1.5 -2.0 0) (curve 0 3.0 0))) (color 0 1 0 (C (lift -1.5 0.0 (/ pi 7.25)) (curve -0.8 1.5 0.5) (curve 0.8 1.5 0.5)))) (color 0 0 1 (C (lift -1.5 2.0 0) (curve 0 3.0 0))))),h_line,green,s_curve,green,h_line,blue,balanced_data/var_balanced/glyphs/dim3/var4/images/119.png
(C (C (lift -1 -2.0 (/ pi 2)) (curve 0 4.0 0) (lift 1 -2.0 (/ pi 2)) (curve 0 4.0 0)) (C (C (color 0 1 0 (C (lift -1.5 -2.0 0) (curve 0 3.0 0))) (color 0 1 0 (C (lift -1.5 0.0 (/ pi 7.25)) (curve -0.8 1.5 0.5) (curve 0.8 1.5 0.5)))) (color 1 0 0 (C (lift -1.5 2.0 (/ pi 7.25)) (curve -0.8 1.5 0.5) (curve 0.8 1.5 0.5))))),h_line,green,s_curve,green,s_curve,red,balanced_data/var_balanced/glyphs/dim3/var4/images/120.png
(C (C (lift -1 -2.0 (/ pi 2)) (curve 0 4.0 0) (lift 1 -2.0 (/ pi 2)) (curve 0 4.0 0)) (C (C (color 0 1 0 (C (lift -1.5 -2.0 0) (curve 0 3.0 0))) (color 0 1 0 (C (lift -1.5 0.0 (/ pi 7.25)) (curve -0.8 1.5 0.5) (curve 0.8 1.5 0.5)))) (color 0 1 0 (C (lift -1.5 2.0 (/ pi 7.25)) (curve -0.8 1.5 0.5) (curve 0.8 1.5 0.5))))),h_line,green,s_curve,green,s_curve,green,balanced_data/var_balanced/glyphs/dim3/var4/images/121.png
(C (C (lift -1 -2.0 (/ pi 2)) (curve 0 4.0 0) (lift 1 -2.0 (/ pi 2)) (curve 0 4.0 0)) (C (C (color 0 1 0 (C (lift -1.5 -2.0 0) (curve 0 3.0 0))) (color 0 1 0 (C (lift -1.5 0.0 (/ pi 7.25)) (curve -0.8 1.5 0.5) (curve 0.8 1.5 0.5)))) (color 0 0 1 (C (lift -1.5 2.0 (/ pi 7.25)) (curve -0.8 1.5 0.5) (curve 0.8 1.5 0.5))))),h_line,green,s_curve,green,s_curve,blue,balanced_data/var_balanced/glyphs/dim3/var4/images/122.png
(C (C (lift -1 -2.0 (/ pi 2)) (curve 0 4.0 0) (lift 1 -2.0 (/ pi 2)) (curve 0 4.0 0)) (C (C (color 0 1 0 (C (lift -1.5 -2.0 0) (curve 0 3.0 0))) (color 0 1 0 (C (lift -1.5 0.0 (/ pi 7.25)) (curve -0.8 1.5 0.5) (curve 0.8 1.5 0.5)))) (color 1 0 0 (C (lift -0.5 2.0 (/ pi 2)) (curve pi 0.314 1.0) (curve pi 0.314 1.0) (lift 0.5 2.0 (/ pi 2)) (curve pi 0.314 1.0) (curve pi 0.314 1.0))))),h_line,green,s_curve,green,two_dots,red,balanced_data/var_balanced/glyphs/dim3/var4/images/123.png
(C (C (lift -1 -2.0 (/ pi 2)) (curve 0 4.0 0) (lift 1 -2.0 (/ pi 2)) (curve 0 4.0 0)) (C (C (color 0 1 0 (C (lift -1.5 -2.0 0) (curve 0 3.0 0))) (color 0 1 0 (C (lift -1.5 0.0 (/ pi 7.25)) (curve -0.8 1.5 0.5) (curve 0.8 1.5 0.5)))) (color 0 1 0 (C (lift -0.5 2.0 (/ pi 2)) (curve pi 0.314 1.0) (curve pi 0.314 1.0) (lift 0.5 2.0 (/ pi 2)) (curve pi 0.314 1.0) (curve pi 0.314 1.0))))),h_line,green,s_curve,green,two_dots,green,balanced_data/var_balanced/glyphs/dim3/var4/images/124.png
(C (C (lift -1 -2.0 (/ pi 2)) (curve 0 4.0 0) (lift 1 -2.0 (/ pi 2)) (curve 0 4.0 0)) (C (C (color 0 1 0 (C (lift -1.5 -2.0 0) (curve 0 3.0 0))) (color 0 1 0 (C (lift -1.5 0.0 (/ pi 7.25)) (curve -0.8 1.5 0.5) (curve 0.8 1.5 0.5)))) (color 0 0 1 (C (lift -0.5 2.0 (/ pi 2)) (curve pi 0.314 1.0) (curve pi 0.314 1.0) (lift 0.5 2.0 (/ pi 2)) (curve pi 0.314 1.0) (curve pi 0.314 1.0))))),h_line,green,s_curve,green,two_dots,blue,balanced_data/var_balanced/glyphs/dim3/var4/images/125.png
(C (C (lift -1 -2.0 (/ pi 2)) (curve 0 4.0 0) (lift 1 -2.0 (/ pi 2)) (curve 0 4.0 0)) (C (C (color 0 1 0 (C (lift -1.5 -2.0 0) (curve 0 3.0 0))) (color 0 0 1 (C (lift -1.5 0.0 (/ pi 7.25)) (curve -0.8 1.5 0.5) (curve 0.8 1.5 0.5)))) (color 1 0 0 (C (lift -1.5 2.0 0) (curve 0 3.0 0))))),h_line,green,s_curve,blue,h_line,red,balanced_data/var_balanced/glyphs/dim3/var4/images/126.png
(C (C (lift -1 -2.0 (/ pi 2)) (curve 0 4.0 0) (lift 1 -2.0 (/ pi 2)) (curve 0 4.0 0)) (C (C (color 0 1 0 (C (lift -1.5 -2.0 0) (curve 0 3.0 0))) (color 0 0 1 (C (lift -1.5 0.0 (/ pi 7.25)) (curve -0.8 1.5 0.5) (curve 0.8 1.5 0.5)))) (color 0 1 0 (C (lift -1.5 2.0 0) (curve 0 3.0 0))))),h_line,green,s_curve,blue,h_line,green,balanced_data/var_balanced/glyphs/dim3/var4/images/127.png
(C (C (lift -1 -2.0 (/ pi 2)) (curve 0 4.0 0) (lift 1 -2.0 (/ pi 2)) (curve 0 4.0 0)) (C (C (color 0 1 0 (C (lift -1.5 -2.0 0) (curve 0 3.0 0))) (color 0 0 1 (C (lift -1.5 0.0 (/ pi 7.25)) (curve -0.8 1.5 0.5) (curve 0.8 1.5 0.5)))) (color 0 0 1 (C (lift -1.5 2.0 0) (curve 0 3.0 0))))),h_line,green,s_curve,blue,h_line,blue,balanced_data/var_balanced/glyphs/dim3/var4/images/128.png
(C (C (lift -1 -2.0 (/ pi 2)) (curve 0 4.0 0) (lift 1 -2.0 (/ pi 2)) (curve 0 4.0 0)) (C (C (color 0 1 0 (C (lift -1.5 -2.0 0) (curve 0 3.0 0))) (color 0 0 1 (C (lift -1.5 0.0 (/ pi 7.25)) (curve -0.8 1.5 0.5) (curve 0.8 1.5 0.5)))) (color 1 0 0 (C (lift -1.5 2.0 (/ pi 7.25)) (curve -0.8 1.5 0.5) (curve 0.8 1.5 0.5))))),h_line,green,s_curve,blue,s_curve,red,balanced_data/var_balanced/glyphs/dim3/var4/images/129.png
(C (C (lift -1 -2.0 (/ pi 2)) (curve 0 4.0 0) (lift 1 -2.0 (/ pi 2)) (curve 0 4.0 0)) (C (C (color 0 1 0 (C (lift -1.5 -2.0 0) (curve 0 3.0 0))) (color 0 0 1 (C (lift -1.5 0.0 (/ pi 7.25)) (curve -0.8 1.5 0.5) (curve 0.8 1.5 0.5)))) (color 0 1 0 (C (lift -1.5 2.0 (/ pi 7.25)) (curve -0.8 1.5 0.5) (curve 0.8 1.5 0.5))))),h_line,green,s_curve,blue,s_curve,green,balanced_data/var_balanced/glyphs/dim3/var4/images/130.png
(C (C (lift -1 -2.0 (/ pi 2)) (curve 0 4.0 0) (lift 1 -2.0 (/ pi 2)) (curve 0 4.0 0)) (C (C (color 0 1 0 (C (lift -1.5 -2.0 0) (curve 0 3.0 0))) (color 0 0 1 (C (lift -1.5 0.0 (/ pi 7.25)) (curve -0.8 1.5 0.5) (curve 0.8 1.5 0.5)))) (color 0 0 1 (C (lift -1.5 2.0 (/ pi 7.25)) (curve -0.8 1.5 0.5) (curve 0.8 1.5 0.5))))),h_line,green,s_curve,blue,s_curve,blue,balanced_data/var_balanced/glyphs/dim3/var4/images/131.png
(C (C (lift -1 -2.0 (/ pi 2)) (curve 0 4.0 0) (lift 1 -2.0 (/ pi 2)) (curve 0 4.0 0)) (C (C (color 0 1 0 (C (lift -1.5 -2.0 0) (curve 0 3.0 0))) (color 0 0 1 (C (lift -1.5 0.0 (/ pi 7.25)) (curve -0.8 1.5 0.5) (curve 0.8 1.5 0.5)))) (color 1 0 0 (C (lift -0.5 2.0 (/ pi 2)) (curve pi 0.314 1.0) (curve pi 0.314 1.0) (lift 0.5 2.0 (/ pi 2)) (curve pi 0.314 1.0) (curve pi 0.314 1.0))))),h_line,green,s_curve,blue,two_dots,red,balanced_data/var_balanced/glyphs/dim3/var4/images/132.png
(C (C (lift -1 -2.0 (/ pi 2)) (curve 0 4.0 0) (lift 1 -2.0 (/ pi 2)) (curve 0 4.0 0)) (C (C (color 0 1 0 (C (lift -1.5 -2.0 0) (curve 0 3.0 0))) (color 0 0 1 (C (lift -1.5 0.0 (/ pi 7.25)) (curve -0.8 1.5 0.5) (curve 0.8 1.5 0.5)))) (color 0 1 0 (C (lift -0.5 2.0 (/ pi 2)) (curve pi 0.314 1.0) (curve pi 0.314 1.0) (lift 0.5 2.0 (/ pi 2)) (curve pi 0.314 1.0) (curve pi 0.314 1.0))))),h_line,green,s_curve,blue,two_dots,green,balanced_data/var_balanced/glyphs/dim3/var4/images/133.png
(C (C (lift -1 -2.0 (/ pi 2)) (curve 0 4.0 0) (lift 1 -2.0 (/ pi 2)) (curve 0 4.0 0)) (C (C (color 0 1 0 (C (lift -1.5 -2.0 0) (curve 0 3.0 0))) (color 0 0 1 (C (lift -1.5 0.0 (/ pi 7.25)) (curve -0.8 1.5 0.5) (curve 0.8 1.5 0.5)))) (color 0 0 1 (C (lift -0.5 2.0 (/ pi 2)) (curve pi 0.314 1.0) (curve pi 0.314 1.0) (lift 0.5 2.0 (/ pi 2)) (curve pi 0.314 1.0) (curve pi 0.314 1.0))))),h_line,green,s_curve,blue,two_dots,blue,balanced_data/var_balanced/glyphs/dim3/var4/images/134.png
(C (C (lift -1 -2.0 (/ pi 2)) (curve 0 4.0 0) (lift 1 -2.0 (/ pi 2)) (curve 0 4.0 0)) (C (C (color 0 1 0 (C (lift -1.5 -2.0 0) (curve 0 3.0 0))) (color 1 0 0 (C (lift -0.5 0.0 (/ pi 2)) (curve pi 0.314 1.0) (curve pi 0.314 1.0) (lift 0.5 0.0 (/ pi 2)) (curve pi 0.314 1.0) (curve pi 0.314 1.0)))) (color 1 0 0 (C (lift -1.5 2.0 0) (curve 0 3.0 0))))),h_line,green,two_dots,red,h_line,red,balanced_data/var_balanced/glyphs/dim3/var4/images/135.png
(C (C (lift -1 -2.0 (/ pi 2)) (curve 0 4.0 0) (lift 1 -2.0 (/ pi 2)) (curve 0 4.0 0)) (C (C (color 0 1 0 (C (lift -1.5 -2.0 0) (curve 0 3.0 0))) (color 1 0 0 (C (lift -0.5 0.0 (/ pi 2)) (curve pi 0.314 1.0) (curve pi 0.314 1.0) (lift 0.5 0.0 (/ pi 2)) (curve pi 0.314 1.0) (curve pi 0.314 1.0)))) (color 0 1 0 (C (lift -1.5 2.0 0) (curve 0 3.0 0))))),h_line,green,two_dots,red,h_line,green,balanced_data/var_balanced/glyphs/dim3/var4/images/136.png
(C (C (lift -1 -2.0 (/ pi 2)) (curve 0 4.0 0) (lift 1 -2.0 (/ pi 2)) (curve 0 4.0 0)) (C (C (color 0 1 0 (C (lift -1.5 -2.0 0) (curve 0 3.0 0))) (color 1 0 0 (C (lift -0.5 0.0 (/ pi 2)) (curve pi 0.314 1.0) (curve pi 0.314 1.0) (lift 0.5 0.0 (/ pi 2)) (curve pi 0.314 1.0) (curve pi 0.314 1.0)))) (color 0 0 1 (C (lift -1.5 2.0 0) (curve 0 3.0 0))))),h_line,green,two_dots,red,h_line,blue,balanced_data/var_balanced/glyphs/dim3/var4/images/137.png
(C (C (lift -1 -2.0 (/ pi 2)) (curve 0 4.0 0) (lift 1 -2.0 (/ pi 2)) (curve 0 4.0 0)) (C (C (color 0 1 0 (C (lift -1.5 -2.0 0) (curve 0 3.0 0))) (color 1 0 0 (C (lift -0.5 0.0 (/ pi 2)) (curve pi 0.314 1.0) (curve pi 0.314 1.0) (lift 0.5 0.0 (/ pi 2)) (curve pi 0.314 1.0) (curve pi 0.314 1.0)))) (color 1 0 0 (C (lift -1.5 2.0 (/ pi 7.25)) (curve -0.8 1.5 0.5) (curve 0.8 1.5 0.5))))),h_line,green,two_dots,red,s_curve,red,balanced_data/var_balanced/glyphs/dim3/var4/images/138.png
(C (C (lift -1 -2.0 (/ pi 2)) (curve 0 4.0 0) (lift 1 -2.0 (/ pi 2)) (curve 0 4.0 0)) (C (C (color 0 1 0 (C (lift -1.5 -2.0 0) (curve 0 3.0 0))) (color 1 0 0 (C (lift -0.5 0.0 (/ pi 2)) (curve pi 0.314 1.0) (curve pi 0.314 1.0) (lift 0.5 0.0 (/ pi 2)) (curve pi 0.314 1.0) (curve pi 0.314 1.0)))) (color 0 1 0 (C (lift -1.5 2.0 (/ pi 7.25)) (curve -0.8 1.5 0.5) (curve 0.8 1.5 0.5))))),h_line,green,two_dots,red,s_curve,green,balanced_data/var_balanced/glyphs/dim3/var4/images/139.png
(C (C (lift -1 -2.0 (/ pi 2)) (curve 0 4.0 0) (lift 1 -2.0 (/ pi 2)) (curve 0 4.0 0)) (C (C (color 0 1 0 (C (lift -1.5 -2.0 0) (curve 0 3.0 0))) (color 1 0 0 (C (lift -0.5 0.0 (/ pi 2)) (curve pi 0.314 1.0) (curve pi 0.314 1.0) (lift 0.5 0.0 (/ pi 2)) (curve pi 0.314 1.0) (curve pi 0.314 1.0)))) (color 0 0 1 (C (lift -1.5 2.0 (/ pi 7.25)) (curve -0.8 1.5 0.5) (curve 0.8 1.5 0.5))))),h_line,green,two_dots,red,s_curve,blue,balanced_data/var_balanced/glyphs/dim3/var4/images/140.png
(C (C (lift -1 -2.0 (/ pi 2)) (curve 0 4.0 0) (lift 1 -2.0 (/ pi 2)) (curve 0 4.0 0)) (C (C (color 0 1 0 (C (lift -1.5 -2.0 0) (curve 0 3.0 0))) (color 1 0 0 (C (lift -0.5 0.0 (/ pi 2)) (curve pi 0.314 1.0) (curve pi 0.314 1.0) (lift 0.5 0.0 (/ pi 2)) (curve pi 0.314 1.0) (curve pi 0.314 1.0)))) (color 1 0 0 (C (lift -0.5 2.0 (/ pi 2)) (curve pi 0.314 1.0) (curve pi 0.314 1.0) (lift 0.5 2.0 (/ pi 2)) (curve pi 0.314 1.0) (curve pi 0.314 1.0))))),h_line,green,two_dots,red,two_dots,red,balanced_data/var_balanced/glyphs/dim3/var4/images/141.png
(C (C (lift -1 -2.0 (/ pi 2)) (curve 0 4.0 0) (lift 1 -2.0 (/ pi 2)) (curve 0 4.0 0)) (C (C (color 0 1 0 (C (lift -1.5 -2.0 0) (curve 0 3.0 0))) (color 1 0 0 (C (lift -0.5 0.0 (/ pi 2)) (curve pi 0.314 1.0) (curve pi 0.314 1.0) (lift 0.5 0.0 (/ pi 2)) (curve pi 0.314 1.0) (curve pi 0.314 1.0)))) (color 0 1 0 (C (lift -0.5 2.0 (/ pi 2)) (curve pi 0.314 1.0) (curve pi 0.314 1.0) (lift 0.5 2.0 (/ pi 2)) (curve pi 0.314 1.0) (curve pi 0.314 1.0))))),h_line,green,two_dots,red,two_dots,green,balanced_data/var_balanced/glyphs/dim3/var4/images/142.png
(C (C (lift -1 -2.0 (/ pi 2)) (curve 0 4.0 0) (lift 1 -2.0 (/ pi 2)) (curve 0 4.0 0)) (C (C (color 0 1 0 (C (lift -1.5 -2.0 0) (curve 0 3.0 0))) (color 1 0 0 (C (lift -0.5 0.0 (/ pi 2)) (curve pi 0.314 1.0) (curve pi 0.314 1.0) (lift 0.5 0.0 (/ pi 2)) (curve pi 0.314 1.0) (curve pi 0.314 1.0)))) (color 0 0 1 (C (lift -0.5 2.0 (/ pi 2)) (curve pi 0.314 1.0) (curve pi 0.314 1.0) (lift 0.5 2.0 (/ pi 2)) (curve pi 0.314 1.0) (curve pi 0.314 1.0))))),h_line,green,two_dots,red,two_dots,blue,balanced_data/var_balanced/glyphs/dim3/var4/images/143.png
(C (C (lift -1 -2.0 (/ pi 2)) (curve 0 4.0 0) (lift 1 -2.0 (/ pi 2)) (curve 0 4.0 0)) (C (C (color 0 1 0 (C (lift -1.5 -2.0 0) (curve 0 3.0 0))) (color 0 1 0 (C (lift -0.5 0.0 (/ pi 2)) (curve pi 0.314 1.0) (curve pi 0.314 1.0) (lift 0.5 0.0 (/ pi 2)) (curve pi 0.314 1.0) (curve pi 0.314 1.0)))) (color 1 0 0 (C (lift -1.5 2.0 0) (curve 0 3.0 0))))),h_line,green,two_dots,green,h_line,red,balanced_data/var_balanced/glyphs/dim3/var4/images/144.png
(C (C (lift -1 -2.0 (/ pi 2)) (curve 0 4.0 0) (lift 1 -2.0 (/ pi 2)) (curve 0 4.0 0)) (C (C (color 0 1 0 (C (lift -1.5 -2.0 0) (curve 0 3.0 0))) (color 0 1 0 (C (lift -0.5 0.0 (/ pi 2)) (curve pi 0.314 1.0) (curve pi 0.314 1.0) (lift 0.5 0.0 (/ pi 2)) (curve pi 0.314 1.0) (curve pi 0.314 1.0)))) (color 0 1 0 (C (lift -1.5 2.0 0) (curve 0 3.0 0))))),h_line,green,two_dots,green,h_line,green,balanced_data/var_balanced/glyphs/dim3/var4/images/145.png
(C (C (lift -1 -2.0 (/ pi 2)) (curve 0 4.0 0) (lift 1 -2.0 (/ pi 2)) (curve 0 4.0 0)) (C (C (color 0 1 0 (C (lift -1.5 -2.0 0) (curve 0 3.0 0))) (color 0 1 0 (C (lift -0.5 0.0 (/ pi 2)) (curve pi 0.314 1.0) (curve pi 0.314 1.0) (lift 0.5 0.0 (/ pi 2)) (curve pi 0.314 1.0) (curve pi 0.314 1.0)))) (color 0 0 1 (C (lift -1.5 2.0 0) (curve 0 3.0 0))))),h_line,green,two_dots,green,h_line,blue,balanced_data/var_balanced/glyphs/dim3/var4/images/146.png
(C (C (lift -1 -2.0 (/ pi 2)) (curve 0 4.0 0) (lift 1 -2.0 (/ pi 2)) (curve 0 4.0 0)) (C (C (color 0 1 0 (C (lift -1.5 -2.0 0) (curve 0 3.0 0))) (color 0 1 0 (C (lift -0.5 0.0 (/ pi 2)) (curve pi 0.314 1.0) (curve pi 0.314 1.0) (lift 0.5 0.0 (/ pi 2)) (curve pi 0.314 1.0) (curve pi 0.314 1.0)))) (color 1 0 0 (C (lift -1.5 2.0 (/ pi 7.25)) (curve -0.8 1.5 0.5) (curve 0.8 1.5 0.5))))),h_line,green,two_dots,green,s_curve,red,balanced_data/var_balanced/glyphs/dim3/var4/images/147.png
(C (C (lift -1 -2.0 (/ pi 2)) (curve 0 4.0 0) (lift 1 -2.0 (/ pi 2)) (curve 0 4.0 0)) (C (C (color 0 1 0 (C (lift -1.5 -2.0 0) (curve 0 3.0 0))) (color 0 1 0 (C (lift -0.5 0.0 (/ pi 2)) (curve pi 0.314 1.0) (curve pi 0.314 1.0) (lift 0.5 0.0 (/ pi 2)) (curve pi 0.314 1.0) (curve pi 0.314 1.0)))) (color 0 1 0 (C (lift -1.5 2.0 (/ pi 7.25)) (curve -0.8 1.5 0.5) (curve 0.8 1.5 0.5))))),h_line,green,two_dots,green,s_curve,green,balanced_data/var_balanced/glyphs/dim3/var4/images/148.png
(C (C (lift -1 -2.0 (/ pi 2)) (curve 0 4.0 0) (lift 1 -2.0 (/ pi 2)) (curve 0 4.0 0)) (C (C (color 0 1 0 (C (lift -1.5 -2.0 0) (curve 0 3.0 0))) (color 0 1 0 (C (lift -0.5 0.0 (/ pi 2)) (curve pi 0.314 1.0) (curve pi 0.314 1.0) (lift 0.5 0.0 (/ pi 2)) (curve pi 0.314 1.0) (curve pi 0.314 1.0)))) (color 0 0 1 (C (lift -1.5 2.0 (/ pi 7.25)) (curve -0.8 1.5 0.5) (curve 0.8 1.5 0.5))))),h_line,green,two_dots,green,s_curve,blue,balanced_data/var_balanced/glyphs/dim3/var4/images/149.png
(C (C (lift -1 -2.0 (/ pi 2)) (curve 0 4.0 0) (lift 1 -2.0 (/ pi 2)) (curve 0 4.0 0)) (C (C (color 0 1 0 (C (lift -1.5 -2.0 0) (curve 0 3.0 0))) (color 0 1 0 (C (lift -0.5 0.0 (/ pi 2)) (curve pi 0.314 1.0) (curve pi 0.314 1.0) (lift 0.5 0.0 (/ pi 2)) (curve pi 0.314 1.0) (curve pi 0.314 1.0)))) (color 1 0 0 (C (lift -0.5 2.0 (/ pi 2)) (curve pi 0.314 1.0) (curve pi 0.314 1.0) (lift 0.5 2.0 (/ pi 2)) (curve pi 0.314 1.0) (curve pi 0.314 1.0))))),h_line,green,two_dots,green,two_dots,red,balanced_data/var_balanced/glyphs/dim3/var4/images/150.png
(C (C (lift -1 -2.0 (/ pi 2)) (curve 0 4.0 0) (lift 1 -2.0 (/ pi 2)) (curve 0 4.0 0)) (C (C (color 0 1 0 (C (lift -1.5 -2.0 0) (curve 0 3.0 0))) (color 0 1 0 (C (lift -0.5 0.0 (/ pi 2)) (curve pi 0.314 1.0) (curve pi 0.314 1.0) (lift 0.5 0.0 (/ pi 2)) (curve pi 0.314 1.0) (curve pi 0.314 1.0)))) (color 0 1 0 (C (lift -0.5 2.0 (/ pi 2)) (curve pi 0.314 1.0) (curve pi 0.314 1.0) (lift 0.5 2.0 (/ pi 2)) (curve pi 0.314 1.0) (curve pi 0.314 1.0))))),h_line,green,two_dots,green,two_dots,green,balanced_data/var_balanced/glyphs/dim3/var4/images/151.png
(C (C (lift -1 -2.0 (/ pi 2)) (curve 0 4.0 0) (lift 1 -2.0 (/ pi 2)) (curve 0 4.0 0)) (C (C (color 0 1 0 (C (lift -1.5 -2.0 0) (curve 0 3.0 0))) (color 0 1 0 (C (lift -0.5 0.0 (/ pi 2)) (curve pi 0.314 1.0) (curve pi 0.314 1.0) (lift 0.5 0.0 (/ pi 2)) (curve pi 0.314 1.0) (curve pi 0.314 1.0)))) (color 0 0 1 (C (lift -0.5 2.0 (/ pi 2)) (curve pi 0.314 1.0) (curve pi 0.314 1.0) (lift 0.5 2.0 (/ pi 2)) (curve pi 0.314 1.0) (curve pi 0.314 1.0))))),h_line,green,two_dots,green,two_dots,blue,balanced_data/var_balanced/glyphs/dim3/var4/images/152.png
(C (C (lift -1 -2.0 (/ pi 2)) (curve 0 4.0 0) (lift 1 -2.0 (/ pi 2)) (curve 0 4.0 0)) (C (C (color 0 1 0 (C (lift -1.5 -2.0 0) (curve 0 3.0 0))) (color 0 0 1 (C (lift -0.5 0.0 (/ pi 2)) (curve pi 0.314 1.0) (curve pi 0.314 1.0) (lift 0.5 0.0 (/ pi 2)) (curve pi 0.314 1.0) (curve pi 0.314 1.0)))) (color 1 0 0 (C (lift -1.5 2.0 0) (curve 0 3.0 0))))),h_line,green,two_dots,blue,h_line,red,balanced_data/var_balanced/glyphs/dim3/var4/images/153.png
(C (C (lift -1 -2.0 (/ pi 2)) (curve 0 4.0 0) (lift 1 -2.0 (/ pi 2)) (curve 0 4.0 0)) (C (C (color 0 1 0 (C (lift -1.5 -2.0 0) (curve 0 3.0 0))) (color 0 0 1 (C (lift -0.5 0.0 (/ pi 2)) (curve pi 0.314 1.0) (curve pi 0.314 1.0) (lift 0.5 0.0 (/ pi 2)) (curve pi 0.314 1.0) (curve pi 0.314 1.0)))) (color 0 1 0 (C (lift -1.5 2.0 0) (curve 0 3.0 0))))),h_line,green,two_dots,blue,h_line,green,balanced_data/var_balanced/glyphs/dim3/var4/images/154.png
(C (C (lift -1 -2.0 (/ pi 2)) (curve 0 4.0 0) (lift 1 -2.0 (/ pi 2)) (curve 0 4.0 0)) (C (C (color 0 1 0 (C (lift -1.5 -2.0 0) (curve 0 3.0 0))) (color 0 0 1 (C (lift -0.5 0.0 (/ pi 2)) (curve pi 0.314 1.0) (curve pi 0.314 1.0) (lift 0.5 0.0 (/ pi 2)) (curve pi 0.314 1.0) (curve pi 0.314 1.0)))) (color 0 0 1 (C (lift -1.5 2.0 0) (curve 0 3.0 0))))),h_line,green,two_dots,blue,h_line,blue,balanced_data/var_balanced/glyphs/dim3/var4/images/155.png
(C (C (lift -1 -2.0 (/ pi 2)) (curve 0 4.0 0) (lift 1 -2.0 (/ pi 2)) (curve 0 4.0 0)) (C (C (color 0 1 0 (C (lift -1.5 -2.0 0) (curve 0 3.0 0))) (color 0 0 1 (C (lift -0.5 0.0 (/ pi 2)) (curve pi 0.314 1.0) (curve pi 0.314 1.0) (lift 0.5 0.0 (/ pi 2)) (curve pi 0.314 1.0) (curve pi 0.314 1.0)))) (color 1 0 0 (C (lift -1.5 2.0 (/ pi 7.25)) (curve -0.8 1.5 0.5) (curve 0.8 1.5 0.5))))),h_line,green,two_dots,blue,s_curve,red,balanced_data/var_balanced/glyphs/dim3/var4/images/156.png
(C (C (lift -1 -2.0 (/ pi 2)) (curve 0 4.0 0) (lift 1 -2.0 (/ pi 2)) (curve 0 4.0 0)) (C (C (color 0 1 0 (C (lift -1.5 -2.0 0) (curve 0 3.0 0))) (color 0 0 1 (C (lift -0.5 0.0 (/ pi 2)) (curve pi 0.314 1.0) (curve pi 0.314 1.0) (lift 0.5 0.0 (/ pi 2)) (curve pi 0.314 1.0) (curve pi 0.314 1.0)))) (color 0 1 0 (C (lift -1.5 2.0 (/ pi 7.25)) (curve -0.8 1.5 0.5) (curve 0.8 1.5 0.5))))),h_line,green,two_dots,blue,s_curve,green,balanced_data/var_balanced/glyphs/dim3/var4/images/157.png
(C (C (lift -1 -2.0 (/ pi 2)) (curve 0 4.0 0) (lift 1 -2.0 (/ pi 2)) (curve 0 4.0 0)) (C (C (color 0 1 0 (C (lift -1.5 -2.0 0) (curve 0 3.0 0))) (color 0 0 1 (C (lift -0.5 0.0 (/ pi 2)) (curve pi 0.314 1.0) (curve pi 0.314 1.0) (lift 0.5 0.0 (/ pi 2)) (curve pi 0.314 1.0) (curve pi 0.314 1.0)))) (color 0 0 1 (C (lift -1.5 2.0 (/ pi 7.25)) (curve -0.8 1.5 0.5) (curve 0.8 1.5 0.5))))),h_line,green,two_dots,blue,s_curve,blue,balanced_data/var_balanced/glyphs/dim3/var4/images/158.png
(C (C (lift -1 -2.0 (/ pi 2)) (curve 0 4.0 0) (lift 1 -2.0 (/ pi 2)) (curve 0 4.0 0)) (C (C (color 0 1 0 (C (lift -1.5 -2.0 0) (curve 0 3.0 0))) (color 0 0 1 (C (lift -0.5 0.0 (/ pi 2)) (curve pi 0.314 1.0) (curve pi 0.314 1.0) (lift 0.5 0.0 (/ pi 2)) (curve pi 0.314 1.0) (curve pi 0.314 1.0)))) (color 1 0 0 (C (lift -0.5 2.0 (/ pi 2)) (curve pi 0.314 1.0) (curve pi 0.314 1.0) (lift 0.5 2.0 (/ pi 2)) (curve pi 0.314 1.0) (curve pi 0.314 1.0))))),h_line,green,two_dots,blue,two_dots,red,balanced_data/var_balanced/glyphs/dim3/var4/images/159.png
(C (C (lift -1 -2.0 (/ pi 2)) (curve 0 4.0 0) (lift 1 -2.0 (/ pi 2)) (curve 0 4.0 0)) (C (C (color 0 1 0 (C (lift -1.5 -2.0 0) (curve 0 3.0 0))) (color 0 0 1 (C (lift -0.5 0.0 (/ pi 2)) (curve pi 0.314 1.0) (curve pi 0.314 1.0) (lift 0.5 0.0 (/ pi 2)) (curve pi 0.314 1.0) (curve pi 0.314 1.0)))) (color 0 1 0 (C (lift -0.5 2.0 (/ pi 2)) (curve pi 0.314 1.0) (curve pi 0.314 1.0) (lift 0.5 2.0 (/ pi 2)) (curve pi 0.314 1.0) (curve pi 0.314 1.0))))),h_line,green,two_dots,blue,two_dots,green,balanced_data/var_balanced/glyphs/dim3/var4/images/160.png
(C (C (lift -1 -2.0 (/ pi 2)) (curve 0 4.0 0) (lift 1 -2.0 (/ pi 2)) (curve 0 4.0 0)) (C (C (color 0 1 0 (C (lift -1.5 -2.0 0) (curve 0 3.0 0))) (color 0 0 1 (C (lift -0.5 0.0 (/ pi 2)) (curve pi 0.314 1.0) (curve pi 0.314 1.0) (lift 0.5 0.0 (/ pi 2)) (curve pi 0.314 1.0) (curve pi 0.314 1.0)))) (color 0 0 1 (C (lift -0.5 2.0 (/ pi 2)) (curve pi 0.314 1.0) (curve pi 0.314 1.0) (lift 0.5 2.0 (/ pi 2)) (curve pi 0.314 1.0) (curve pi 0.314 1.0))))),h_line,green,two_dots,blue,two_dots,blue,balanced_data/var_balanced/glyphs/dim3/var4/images/161.png
(C (C (lift -1 -2.0 (/ pi 2)) (curve 0 4.0 0) (lift 1 -2.0 (/ pi 2)) (curve 0 4.0 0)) (C (C (color 0 0 1 (C (lift -1.5 -2.0 0) (curve 0 3.0 0))) (color 1 0 0 (C (lift -1.5 0.0 0) (curve 0 3.0 0)))) (color 1 0 0 (C (lift -1.5 2.0 0) (curve 0 3.0 0))))),h_line,blue,h_line,red,h_line,red,balanced_data/var_balanced/glyphs/dim3/var4/images/162.png
(C (C (lift -1 -2.0 (/ pi 2)) (curve 0 4.0 0) (lift 1 -2.0 (/ pi 2)) (curve 0 4.0 0)) (C (C (color 0 0 1 (C (lift -1.5 -2.0 0) (curve 0 3.0 0))) (color 1 0 0 (C (lift -1.5 0.0 0) (curve 0 3.0 0)))) (color 0 1 0 (C (lift -1.5 2.0 0) (curve 0 3.0 0))))),h_line,blue,h_line,red,h_line,green,balanced_data/var_balanced/glyphs/dim3/var4/images/163.png
(C (C (lift -1 -2.0 (/ pi 2)) (curve 0 4.0 0) (lift 1 -2.0 (/ pi 2)) (curve 0 4.0 0)) (C (C (color 0 0 1 (C (lift -1.5 -2.0 0) (curve 0 3.0 0))) (color 1 0 0 (C (lift -1.5 0.0 0) (curve 0 3.0 0)))) (color 0 0 1 (C (lift -1.5 2.0 0) (curve 0 3.0 0))))),h_line,blue,h_line,red,h_line,blue,balanced_data/var_balanced/glyphs/dim3/var4/images/164.png
(C (C (lift -1 -2.0 (/ pi 2)) (curve 0 4.0 0) (lift 1 -2.0 (/ pi 2)) (curve 0 4.0 0)) (C (C (color 0 0 1 (C (lift -1.5 -2.0 0) (curve 0 3.0 0))) (color 1 0 0 (C (lift -1.5 0.0 0) (curve 0 3.0 0)))) (color 1 0 0 (C (lift -1.5 2.0 (/ pi 7.25)) (curve -0.8 1.5 0.5) (curve 0.8 1.5 0.5))))),h_line,blue,h_line,red,s_curve,red,balanced_data/var_balanced/glyphs/dim3/var4/images/165.png
(C (C (lift -1 -2.0 (/ pi 2)) (curve 0 4.0 0) (lift 1 -2.0 (/ pi 2)) (curve 0 4.0 0)) (C (C (color 0 0 1 (C (lift -1.5 -2.0 0) (curve 0 3.0 0))) (color 1 0 0 (C (lift -1.5 0.0 0) (curve 0 3.0 0)))) (color 0 1 0 (C (lift -1.5 2.0 (/ pi 7.25)) (curve -0.8 1.5 0.5) (curve 0.8 1.5 0.5))))),h_line,blue,h_line,red,s_curve,green,balanced_data/var_balanced/glyphs/dim3/var4/images/166.png
(C (C (lift -1 -2.0 (/ pi 2)) (curve 0 4.0 0) (lift 1 -2.0 (/ pi 2)) (curve 0 4.0 0)) (C (C (color 0 0 1 (C (lift -1.5 -2.0 0) (curve 0 3.0 0))) (color 1 0 0 (C (lift -1.5 0.0 0) (curve 0 3.0 0)))) (color 0 0 1 (C (lift -1.5 2.0 (/ pi 7.25)) (curve -0.8 1.5 0.5) (curve 0.8 1.5 0.5))))),h_line,blue,h_line,red,s_curve,blue,balanced_data/var_balanced/glyphs/dim3/var4/images/167.png
(C (C (lift -1 -2.0 (/ pi 2)) (curve 0 4.0 0) (lift 1 -2.0 (/ pi 2)) (curve 0 4.0 0)) (C (C (color 0 0 1 (C (lift -1.5 -2.0 0) (curve 0 3.0 0))) (color 1 0 0 (C (lift -1.5 0.0 0) (curve 0 3.0 0)))) (color 1 0 0 (C (lift -0.5 2.0 (/ pi 2)) (curve pi 0.314 1.0) (curve pi 0.314 1.0) (lift 0.5 2.0 (/ pi 2)) (curve pi 0.314 1.0) (curve pi 0.314 1.0))))),h_line,blue,h_line,red,two_dots,red,balanced_data/var_balanced/glyphs/dim3/var4/images/168.png
(C (C (lift -1 -2.0 (/ pi 2)) (curve 0 4.0 0) (lift 1 -2.0 (/ pi 2)) (curve 0 4.0 0)) (C (C (color 0 0 1 (C (lift -1.5 -2.0 0) (curve 0 3.0 0))) (color 1 0 0 (C (lift -1.5 0.0 0) (curve 0 3.0 0)))) (color 0 1 0 (C (lift -0.5 2.0 (/ pi 2)) (curve pi 0.314 1.0) (curve pi 0.314 1.0) (lift 0.5 2.0 (/ pi 2)) (curve pi 0.314 1.0) (curve pi 0.314 1.0))))),h_line,blue,h_line,red,two_dots,green,balanced_data/var_balanced/glyphs/dim3/var4/images/169.png
(C (C (lift -1 -2.0 (/ pi 2)) (curve 0 4.0 0) (lift 1 -2.0 (/ pi 2)) (curve 0 4.0 0)) (C (C (color 0 0 1 (C (lift -1.5 -2.0 0) (curve 0 3.0 0))) (color 1 0 0 (C (lift -1.5 0.0 0) (curve 0 3.0 0)))) (color 0 0 1 (C (lift -0.5 2.0 (/ pi 2)) (curve pi 0.314 1.0) (curve pi 0.314 1.0) (lift 0.5 2.0 (/ pi 2)) (curve pi 0.314 1.0) (curve pi 0.314 1.0))))),h_line,blue,h_line,red,two_dots,blue,balanced_data/var_balanced/glyphs/dim3/var4/images/170.png
(C (C (lift -1 -2.0 (/ pi 2)) (curve 0 4.0 0) (lift 1 -2.0 (/ pi 2)) (curve 0 4.0 0)) (C (C (color 0 0 1 (C (lift -1.5 -2.0 0) (curve 0 3.0 0))) (color 0 1 0 (C (lift -1.5 0.0 0) (curve 0 3.0 0)))) (color 1 0 0 (C (lift -1.5 2.0 0) (curve 0 3.0 0))))),h_line,blue,h_line,green,h_line,red,balanced_data/var_balanced/glyphs/dim3/var4/images/171.png
(C (C (lift -1 -2.0 (/ pi 2)) (curve 0 4.0 0) (lift 1 -2.0 (/ pi 2)) (curve 0 4.0 0)) (C (C (color 0 0 1 (C (lift -1.5 -2.0 0) (curve 0 3.0 0))) (color 0 1 0 (C (lift -1.5 0.0 0) (curve 0 3.0 0)))) (color 0 1 0 (C (lift -1.5 2.0 0) (curve 0 3.0 0))))),h_line,blue,h_line,green,h_line,green,balanced_data/var_balanced/glyphs/dim3/var4/images/172.png
(C (C (lift -1 -2.0 (/ pi 2)) (curve 0 4.0 0) (lift 1 -2.0 (/ pi 2)) (curve 0 4.0 0)) (C (C (color 0 0 1 (C (lift -1.5 -2.0 0) (curve 0 3.0 0))) (color 0 1 0 (C (lift -1.5 0.0 0) (curve 0 3.0 0)))) (color 0 0 1 (C (lift -1.5 2.0 0) (curve 0 3.0 0))))),h_line,blue,h_line,green,h_line,blue,balanced_data/var_balanced/glyphs/dim3/var4/images/173.png
(C (C (lift -1 -2.0 (/ pi 2)) (curve 0 4.0 0) (lift 1 -2.0 (/ pi 2)) (curve 0 4.0 0)) (C (C (color 0 0 1 (C (lift -1.5 -2.0 0) (curve 0 3.0 0))) (color 0 1 0 (C (lift -1.5 0.0 0) (curve 0 3.0 0)))) (color 1 0 0 (C (lift -1.5 2.0 (/ pi 7.25)) (curve -0.8 1.5 0.5) (curve 0.8 1.5 0.5))))),h_line,blue,h_line,green,s_curve,red,balanced_data/var_balanced/glyphs/dim3/var4/images/174.png
(C (C (lift -1 -2.0 (/ pi 2)) (curve 0 4.0 0) (lift 1 -2.0 (/ pi 2)) (curve 0 4.0 0)) (C (C (color 0 0 1 (C (lift -1.5 -2.0 0) (curve 0 3.0 0))) (color 0 1 0 (C (lift -1.5 0.0 0) (curve 0 3.0 0)))) (color 0 1 0 (C (lift -1.5 2.0 (/ pi 7.25)) (curve -0.8 1.5 0.5) (curve 0.8 1.5 0.5))))),h_line,blue,h_line,green,s_curve,green,balanced_data/var_balanced/glyphs/dim3/var4/images/175.png
(C (C (lift -1 -2.0 (/ pi 2)) (curve 0 4.0 0) (lift 1 -2.0 (/ pi 2)) (curve 0 4.0 0)) (C (C (color 0 0 1 (C (lift -1.5 -2.0 0) (curve 0 3.0 0))) (color 0 1 0 (C (lift -1.5 0.0 0) (curve 0 3.0 0)))) (color 0 0 1 (C (lift -1.5 2.0 (/ pi 7.25)) (curve -0.8 1.5 0.5) (curve 0.8 1.5 0.5))))),h_line,blue,h_line,green,s_curve,blue,balanced_data/var_balanced/glyphs/dim3/var4/images/176.png
(C (C (lift -1 -2.0 (/ pi 2)) (curve 0 4.0 0) (lift 1 -2.0 (/ pi 2)) (curve 0 4.0 0)) (C (C (color 0 0 1 (C (lift -1.5 -2.0 0) (curve 0 3.0 0))) (color 0 1 0 (C (lift -1.5 0.0 0) (curve 0 3.0 0)))) (color 1 0 0 (C (lift -0.5 2.0 (/ pi 2)) (curve pi 0.314 1.0) (curve pi 0.314 1.0) (lift 0.5 2.0 (/ pi 2)) (curve pi 0.314 1.0) (curve pi 0.314 1.0))))),h_line,blue,h_line,green,two_dots,red,balanced_data/var_balanced/glyphs/dim3/var4/images/177.png
(C (C (lift -1 -2.0 (/ pi 2)) (curve 0 4.0 0) (lift 1 -2.0 (/ pi 2)) (curve 0 4.0 0)) (C (C (color 0 0 1 (C (lift -1.5 -2.0 0) (curve 0 3.0 0))) (color 0 1 0 (C (lift -1.5 0.0 0) (curve 0 3.0 0)))) (color 0 1 0 (C (lift -0.5 2.0 (/ pi 2)) (curve pi 0.314 1.0) (curve pi 0.314 1.0) (lift 0.5 2.0 (/ pi 2)) (curve pi 0.314 1.0) (curve pi 0.314 1.0))))),h_line,blue,h_line,green,two_dots,green,balanced_data/var_balanced/glyphs/dim3/var4/images/178.png
(C (C (lift -1 -2.0 (/ pi 2)) (curve 0 4.0 0) (lift 1 -2.0 (/ pi 2)) (curve 0 4.0 0)) (C (C (color 0 0 1 (C (lift -1.5 -2.0 0) (curve 0 3.0 0))) (color 0 1 0 (C (lift -1.5 0.0 0) (curve 0 3.0 0)))) (color 0 0 1 (C (lift -0.5 2.0 (/ pi 2)) (curve pi 0.314 1.0) (curve pi 0.314 1.0) (lift 0.5 2.0 (/ pi 2)) (curve pi 0.314 1.0) (curve pi 0.314 1.0))))),h_line,blue,h_line,green,two_dots,blue,balanced_data/var_balanced/glyphs/dim3/var4/images/179.png
(C (C (lift -1 -2.0 (/ pi 2)) (curve 0 4.0 0) (lift 1 -2.0 (/ pi 2)) (curve 0 4.0 0)) (C (C (color 0 0 1 (C (lift -1.5 -2.0 0) (curve 0 3.0 0))) (color 0 0 1 (C (lift -1.5 0.0 0) (curve 0 3.0 0)))) (color 1 0 0 (C (lift -1.5 2.0 0) (curve 0 3.0 0))))),h_line,blue,h_line,blue,h_line,red,balanced_data/var_balanced/glyphs/dim3/var4/images/180.png
(C (C (lift -1 -2.0 (/ pi 2)) (curve 0 4.0 0) (lift 1 -2.0 (/ pi 2)) (curve 0 4.0 0)) (C (C (color 0 0 1 (C (lift -1.5 -2.0 0) (curve 0 3.0 0))) (color 0 0 1 (C (lift -1.5 0.0 0) (curve 0 3.0 0)))) (color 0 1 0 (C (lift -1.5 2.0 0) (curve 0 3.0 0))))),h_line,blue,h_line,blue,h_line,green,balanced_data/var_balanced/glyphs/dim3/var4/images/181.png
(C (C (lift -1 -2.0 (/ pi 2)) (curve 0 4.0 0) (lift 1 -2.0 (/ pi 2)) (curve 0 4.0 0)) (C (C (color 0 0 1 (C (lift -1.5 -2.0 0) (curve 0 3.0 0))) (color 0 0 1 (C (lift -1.5 0.0 0) (curve 0 3.0 0)))) (color 0 0 1 (C (lift -1.5 2.0 0) (curve 0 3.0 0))))),h_line,blue,h_line,blue,h_line,blue,balanced_data/var_balanced/glyphs/dim3/var4/images/182.png
(C (C (lift -1 -2.0 (/ pi 2)) (curve 0 4.0 0) (lift 1 -2.0 (/ pi 2)) (curve 0 4.0 0)) (C (C (color 0 0 1 (C (lift -1.5 -2.0 0) (curve 0 3.0 0))) (color 0 0 1 (C (lift -1.5 0.0 0) (curve 0 3.0 0)))) (color 1 0 0 (C (lift -1.5 2.0 (/ pi 7.25)) (curve -0.8 1.5 0.5) (curve 0.8 1.5 0.5))))),h_line,blue,h_line,blue,s_curve,red,balanced_data/var_balanced/glyphs/dim3/var4/images/183.png
(C (C (lift -1 -2.0 (/ pi 2)) (curve 0 4.0 0) (lift 1 -2.0 (/ pi 2)) (curve 0 4.0 0)) (C (C (color 0 0 1 (C (lift -1.5 -2.0 0) (curve 0 3.0 0))) (color 0 0 1 (C (lift -1.5 0.0 0) (curve 0 3.0 0)))) (color 0 1 0 (C (lift -1.5 2.0 (/ pi 7.25)) (curve -0.8 1.5 0.5) (curve 0.8 1.5 0.5))))),h_line,blue,h_line,blue,s_curve,green,balanced_data/var_balanced/glyphs/dim3/var4/images/184.png
(C (C (lift -1 -2.0 (/ pi 2)) (curve 0 4.0 0) (lift 1 -2.0 (/ pi 2)) (curve 0 4.0 0)) (C (C (color 0 0 1 (C (lift -1.5 -2.0 0) (curve 0 3.0 0))) (color 0 0 1 (C (lift -1.5 0.0 0) (curve 0 3.0 0)))) (color 0 0 1 (C (lift -1.5 2.0 (/ pi 7.25)) (curve -0.8 1.5 0.5) (curve 0.8 1.5 0.5))))),h_line,blue,h_line,blue,s_curve,blue,balanced_data/var_balanced/glyphs/dim3/var4/images/185.png
(C (C (lift -1 -2.0 (/ pi 2)) (curve 0 4.0 0) (lift 1 -2.0 (/ pi 2)) (curve 0 4.0 0)) (C (C (color 0 0 1 (C (lift -1.5 -2.0 0) (curve 0 3.0 0))) (color 0 0 1 (C (lift -1.5 0.0 0) (curve 0 3.0 0)))) (color 1 0 0 (C (lift -0.5 2.0 (/ pi 2)) (curve pi 0.314 1.0) (curve pi 0.314 1.0) (lift 0.5 2.0 (/ pi 2)) (curve pi 0.314 1.0) (curve pi 0.314 1.0))))),h_line,blue,h_line,blue,two_dots,red,balanced_data/var_balanced/glyphs/dim3/var4/images/186.png
(C (C (lift -1 -2.0 (/ pi 2)) (curve 0 4.0 0) (lift 1 -2.0 (/ pi 2)) (curve 0 4.0 0)) (C (C (color 0 0 1 (C (lift -1.5 -2.0 0) (curve 0 3.0 0))) (color 0 0 1 (C (lift -1.5 0.0 0) (curve 0 3.0 0)))) (color 0 1 0 (C (lift -0.5 2.0 (/ pi 2)) (curve pi 0.314 1.0) (curve pi 0.314 1.0) (lift 0.5 2.0 (/ pi 2)) (curve pi 0.314 1.0) (curve pi 0.314 1.0))))),h_line,blue,h_line,blue,two_dots,green,balanced_data/var_balanced/glyphs/dim3/var4/images/187.png
(C (C (lift -1 -2.0 (/ pi 2)) (curve 0 4.0 0) (lift 1 -2.0 (/ pi 2)) (curve 0 4.0 0)) (C (C (color 0 0 1 (C (lift -1.5 -2.0 0) (curve 0 3.0 0))) (color 0 0 1 (C (lift -1.5 0.0 0) (curve 0 3.0 0)))) (color 0 0 1 (C (lift -0.5 2.0 (/ pi 2)) (curve pi 0.314 1.0) (curve pi 0.314 1.0) (lift 0.5 2.0 (/ pi 2)) (curve pi 0.314 1.0) (curve pi 0.314 1.0))))),h_line,blue,h_line,blue,two_dots,blue,balanced_data/var_balanced/glyphs/dim3/var4/images/188.png
(C (C (lift -1 -2.0 (/ pi 2)) (curve 0 4.0 0) (lift 1 -2.0 (/ pi 2)) (curve 0 4.0 0)) (C (C (color 0 0 1 (C (lift -1.5 -2.0 0) (curve 0 3.0 0))) (color 1 0 0 (C (lift -1.5 0.0 (/ pi 7.25)) (curve -0.8 1.5 0.5) (curve 0.8 1.5 0.5)))) (color 1 0 0 (C (lift -1.5 2.0 0) (curve 0 3.0 0))))),h_line,blue,s_curve,red,h_line,red,balanced_data/var_balanced/glyphs/dim3/var4/images/189.png
(C (C (lift -1 -2.0 (/ pi 2)) (curve 0 4.0 0) (lift 1 -2.0 (/ pi 2)) (curve 0 4.0 0)) (C (C (color 0 0 1 (C (lift -1.5 -2.0 0) (curve 0 3.0 0))) (color 1 0 0 (C (lift -1.5 0.0 (/ pi 7.25)) (curve -0.8 1.5 0.5) (curve 0.8 1.5 0.5)))) (color 0 1 0 (C (lift -1.5 2.0 0) (curve 0 3.0 0))))),h_line,blue,s_curve,red,h_line,green,balanced_data/var_balanced/glyphs/dim3/var4/images/190.png
(C (C (lift -1 -2.0 (/ pi 2)) (curve 0 4.0 0) (lift 1 -2.0 (/ pi 2)) (curve 0 4.0 0)) (C (C (color 0 0 1 (C (lift -1.5 -2.0 0) (curve 0 3.0 0))) (color 1 0 0 (C (lift -1.5 0.0 (/ pi 7.25)) (curve -0.8 1.5 0.5) (curve 0.8 1.5 0.5)))) (color 0 0 1 (C (lift -1.5 2.0 0) (curve 0 3.0 0))))),h_line,blue,s_curve,red,h_line,blue,balanced_data/var_balanced/glyphs/dim3/var4/images/191.png
(C (C (lift -1 -2.0 (/ pi 2)) (curve 0 4.0 0) (lift 1 -2.0 (/ pi 2)) (curve 0 4.0 0)) (C (C (color 0 0 1 (C (lift -1.5 -2.0 0) (curve 0 3.0 0))) (color 1 0 0 (C (lift -1.5 0.0 (/ pi 7.25)) (curve -0.8 1.5 0.5) (curve 0.8 1.5 0.5)))) (color 1 0 0 (C (lift -1.5 2.0 (/ pi 7.25)) (curve -0.8 1.5 0.5) (curve 0.8 1.5 0.5))))),h_line,blue,s_curve,red,s_curve,red,balanced_data/var_balanced/glyphs/dim3/var4/images/192.png
(C (C (lift -1 -2.0 (/ pi 2)) (curve 0 4.0 0) (lift 1 -2.0 (/ pi 2)) (curve 0 4.0 0)) (C (C (color 0 0 1 (C (lift -1.5 -2.0 0) (curve 0 3.0 0))) (color 1 0 0 (C (lift -1.5 0.0 (/ pi 7.25)) (curve -0.8 1.5 0.5) (curve 0.8 1.5 0.5)))) (color 0 1 0 (C (lift -1.5 2.0 (/ pi 7.25)) (curve -0.8 1.5 0.5) (curve 0.8 1.5 0.5))))),h_line,blue,s_curve,red,s_curve,green,balanced_data/var_balanced/glyphs/dim3/var4/images/193.png
(C (C (lift -1 -2.0 (/ pi 2)) (curve 0 4.0 0) (lift 1 -2.0 (/ pi 2)) (curve 0 4.0 0)) (C (C (color 0 0 1 (C (lift -1.5 -2.0 0) (curve 0 3.0 0))) (color 1 0 0 (C (lift -1.5 0.0 (/ pi 7.25)) (curve -0.8 1.5 0.5) (curve 0.8 1.5 0.5)))) (color 0 0 1 (C (lift -1.5 2.0 (/ pi 7.25)) (curve -0.8 1.5 0.5) (curve 0.8 1.5 0.5))))),h_line,blue,s_curve,red,s_curve,blue,balanced_data/var_balanced/glyphs/dim3/var4/images/194.png
(C (C (lift -1 -2.0 (/ pi 2)) (curve 0 4.0 0) (lift 1 -2.0 (/ pi 2)) (curve 0 4.0 0)) (C (C (color 0 0 1 (C (lift -1.5 -2.0 0) (curve 0 3.0 0))) (color 1 0 0 (C (lift -1.5 0.0 (/ pi 7.25)) (curve -0.8 1.5 0.5) (curve 0.8 1.5 0.5)))) (color 1 0 0 (C (lift -0.5 2.0 (/ pi 2)) (curve pi 0.314 1.0) (curve pi 0.314 1.0) (lift 0.5 2.0 (/ pi 2)) (curve pi 0.314 1.0) (curve pi 0.314 1.0))))),h_line,blue,s_curve,red,two_dots,red,balanced_data/var_balanced/glyphs/dim3/var4/images/195.png
(C (C (lift -1 -2.0 (/ pi 2)) (curve 0 4.0 0) (lift 1 -2.0 (/ pi 2)) (curve 0 4.0 0)) (C (C (color 0 0 1 (C (lift -1.5 -2.0 0) (curve 0 3.0 0))) (color 1 0 0 (C (lift -1.5 0.0 (/ pi 7.25)) (curve -0.8 1.5 0.5) (curve 0.8 1.5 0.5)))) (color 0 1 0 (C (lift -0.5 2.0 (/ pi 2)) (curve pi 0.314 1.0) (curve pi 0.314 1.0) (lift 0.5 2.0 (/ pi 2)) (curve pi 0.314 1.0) (curve pi 0.314 1.0))))),h_line,blue,s_curve,red,two_dots,green,balanced_data/var_balanced/glyphs/dim3/var4/images/196.png
(C (C (lift -1 -2.0 (/ pi 2)) (curve 0 4.0 0) (lift 1 -2.0 (/ pi 2)) (curve 0 4.0 0)) (C (C (color 0 0 1 (C (lift -1.5 -2.0 0) (curve 0 3.0 0))) (color 1 0 0 (C (lift -1.5 0.0 (/ pi 7.25)) (curve -0.8 1.5 0.5) (curve 0.8 1.5 0.5)))) (color 0 0 1 (C (lift -0.5 2.0 (/ pi 2)) (curve pi 0.314 1.0) (curve pi 0.314 1.0) (lift 0.5 2.0 (/ pi 2)) (curve pi 0.314 1.0) (curve pi 0.314 1.0))))),h_line,blue,s_curve,red,two_dots,blue,balanced_data/var_balanced/glyphs/dim3/var4/images/197.png
(C (C (lift -1 -2.0 (/ pi 2)) (curve 0 4.0 0) (lift 1 -2.0 (/ pi 2)) (curve 0 4.0 0)) (C (C (color 0 0 1 (C (lift -1.5 -2.0 0) (curve 0 3.0 0))) (color 0 1 0 (C (lift -1.5 0.0 (/ pi 7.25)) (curve -0.8 1.5 0.5) (curve 0.8 1.5 0.5)))) (color 1 0 0 (C (lift -1.5 2.0 0) (curve 0 3.0 0))))),h_line,blue,s_curve,green,h_line,red,balanced_data/var_balanced/glyphs/dim3/var4/images/198.png
(C (C (lift -1 -2.0 (/ pi 2)) (curve 0 4.0 0) (lift 1 -2.0 (/ pi 2)) (curve 0 4.0 0)) (C (C (color 0 0 1 (C (lift -1.5 -2.0 0) (curve 0 3.0 0))) (color 0 1 0 (C (lift -1.5 0.0 (/ pi 7.25)) (curve -0.8 1.5 0.5) (curve 0.8 1.5 0.5)))) (color 0 1 0 (C (lift -1.5 2.0 0) (curve 0 3.0 0))))),h_line,blue,s_curve,green,h_line,green,balanced_data/var_balanced/glyphs/dim3/var4/images/199.png
(C (C (lift -1 -2.0 (/ pi 2)) (curve 0 4.0 0) (lift 1 -2.0 (/ pi 2)) (curve 0 4.0 0)) (C (C (color 0 0 1 (C (lift -1.5 -2.0 0) (curve 0 3.0 0))) (color 0 1 0 (C (lift -1.5 0.0 (/ pi 7.25)) (curve -0.8 1.5 0.5) (curve 0.8 1.5 0.5)))) (color 0 0 1 (C (lift -1.5 2.0 0) (curve 0 3.0 0))))),h_line,blue,s_curve,green,h_line,blue,balanced_data/var_balanced/glyphs/dim3/var4/images/200.png
(C (C (lift -1 -2.0 (/ pi 2)) (curve 0 4.0 0) (lift 1 -2.0 (/ pi 2)) (curve 0 4.0 0)) (C (C (color 0 0 1 (C (lift -1.5 -2.0 0) (curve 0 3.0 0))) (color 0 1 0 (C (lift -1.5 0.0 (/ pi 7.25)) (curve -0.8 1.5 0.5) (curve 0.8 1.5 0.5)))) (color 1 0 0 (C (lift -1.5 2.0 (/ pi 7.25)) (curve -0.8 1.5 0.5) (curve 0.8 1.5 0.5))))),h_line,blue,s_curve,green,s_curve,red,balanced_data/var_balanced/glyphs/dim3/var4/images/201.png
(C (C (lift -1 -2.0 (/ pi 2)) (curve 0 4.0 0) (lift 1 -2.0 (/ pi 2)) (curve 0 4.0 0)) (C (C (color 0 0 1 (C (lift -1.5 -2.0 0) (curve 0 3.0 0))) (color 0 1 0 (C (lift -1.5 0.0 (/ pi 7.25)) (curve -0.8 1.5 0.5) (curve 0.8 1.5 0.5)))) (color 0 1 0 (C (lift -1.5 2.0 (/ pi 7.25)) (curve -0.8 1.5 0.5) (curve 0.8 1.5 0.5))))),h_line,blue,s_curve,green,s_curve,green,balanced_data/var_balanced/glyphs/dim3/var4/images/202.png
(C (C (lift -1 -2.0 (/ pi 2)) (curve 0 4.0 0) (lift 1 -2.0 (/ pi 2)) (curve 0 4.0 0)) (C (C (color 0 0 1 (C (lift -1.5 -2.0 0) (curve 0 3.0 0))) (color 0 1 0 (C (lift -1.5 0.0 (/ pi 7.25)) (curve -0.8 1.5 0.5) (curve 0.8 1.5 0.5)))) (color 0 0 1 (C (lift -1.5 2.0 (/ pi 7.25)) (curve -0.8 1.5 0.5) (curve 0.8 1.5 0.5))))),h_line,blue,s_curve,green,s_curve,blue,balanced_data/var_balanced/glyphs/dim3/var4/images/203.png
(C (C (lift -1 -2.0 (/ pi 2)) (curve 0 4.0 0) (lift 1 -2.0 (/ pi 2)) (curve 0 4.0 0)) (C (C (color 0 0 1 (C (lift -1.5 -2.0 0) (curve 0 3.0 0))) (color 0 1 0 (C (lift -1.5 0.0 (/ pi 7.25)) (curve -0.8 1.5 0.5) (curve 0.8 1.5 0.5)))) (color 1 0 0 (C (lift -0.5 2.0 (/ pi 2)) (curve pi 0.314 1.0) (curve pi 0.314 1.0) (lift 0.5 2.0 (/ pi 2)) (curve pi 0.314 1.0) (curve pi 0.314 1.0))))),h_line,blue,s_curve,green,two_dots,red,balanced_data/var_balanced/glyphs/dim3/var4/images/204.png
(C (C (lift -1 -2.0 (/ pi 2)) (curve 0 4.0 0) (lift 1 -2.0 (/ pi 2)) (curve 0 4.0 0)) (C (C (color 0 0 1 (C (lift -1.5 -2.0 0) (curve 0 3.0 0))) (color 0 1 0 (C (lift -1.5 0.0 (/ pi 7.25)) (curve -0.8 1.5 0.5) (curve 0.8 1.5 0.5)))) (color 0 1 0 (C (lift -0.5 2.0 (/ pi 2)) (curve pi 0.314 1.0) (curve pi 0.314 1.0) (lift 0.5 2.0 (/ pi 2)) (curve pi 0.314 1.0) (curve pi 0.314 1.0))))),h_line,blue,s_curve,green,two_dots,green,balanced_data/var_balanced/glyphs/dim3/var4/images/205.png
(C (C (lift -1 -2.0 (/ pi 2)) (curve 0 4.0 0) (lift 1 -2.0 (/ pi 2)) (curve 0 4.0 0)) (C (C (color 0 0 1 (C (lift -1.5 -2.0 0) (curve 0 3.0 0))) (color 0 1 0 (C (lift -1.5 0.0 (/ pi 7.25)) (curve -0.8 1.5 0.5) (curve 0.8 1.5 0.5)))) (color 0 0 1 (C (lift -0.5 2.0 (/ pi 2)) (curve pi 0.314 1.0) (curve pi 0.314 1.0) (lift 0.5 2.0 (/ pi 2)) (curve pi 0.314 1.0) (curve pi 0.314 1.0))))),h_line,blue,s_curve,green,two_dots,blue,balanced_data/var_balanced/glyphs/dim3/var4/images/206.png
(C (C (lift -1 -2.0 (/ pi 2)) (curve 0 4.0 0) (lift 1 -2.0 (/ pi 2)) (curve 0 4.0 0)) (C (C (color 0 0 1 (C (lift -1.5 -2.0 0) (curve 0 3.0 0))) (color 0 0 1 (C (lift -1.5 0.0 (/ pi 7.25)) (curve -0.8 1.5 0.5) (curve 0.8 1.5 0.5)))) (color 1 0 0 (C (lift -1.5 2.0 0) (curve 0 3.0 0))))),h_line,blue,s_curve,blue,h_line,red,balanced_data/var_balanced/glyphs/dim3/var4/images/207.png
(C (C (lift -1 -2.0 (/ pi 2)) (curve 0 4.0 0) (lift 1 -2.0 (/ pi 2)) (curve 0 4.0 0)) (C (C (color 0 0 1 (C (lift -1.5 -2.0 0) (curve 0 3.0 0))) (color 0 0 1 (C (lift -1.5 0.0 (/ pi 7.25)) (curve -0.8 1.5 0.5) (curve 0.8 1.5 0.5)))) (color 0 1 0 (C (lift -1.5 2.0 0) (curve 0 3.0 0))))),h_line,blue,s_curve,blue,h_line,green,balanced_data/var_balanced/glyphs/dim3/var4/images/208.png
(C (C (lift -1 -2.0 (/ pi 2)) (curve 0 4.0 0) (lift 1 -2.0 (/ pi 2)) (curve 0 4.0 0)) (C (C (color 0 0 1 (C (lift -1.5 -2.0 0) (curve 0 3.0 0))) (color 0 0 1 (C (lift -1.5 0.0 (/ pi 7.25)) (curve -0.8 1.5 0.5) (curve 0.8 1.5 0.5)))) (color 0 0 1 (C (lift -1.5 2.0 0) (curve 0 3.0 0))))),h_line,blue,s_curve,blue,h_line,blue,balanced_data/var_balanced/glyphs/dim3/var4/images/209.png
(C (C (lift -1 -2.0 (/ pi 2)) (curve 0 4.0 0) (lift 1 -2.0 (/ pi 2)) (curve 0 4.0 0)) (C (C (color 0 0 1 (C (lift -1.5 -2.0 0) (curve 0 3.0 0))) (color 0 0 1 (C (lift -1.5 0.0 (/ pi 7.25)) (curve -0.8 1.5 0.5) (curve 0.8 1.5 0.5)))) (color 1 0 0 (C (lift -1.5 2.0 (/ pi 7.25)) (curve -0.8 1.5 0.5) (curve 0.8 1.5 0.5))))),h_line,blue,s_curve,blue,s_curve,red,balanced_data/var_balanced/glyphs/dim3/var4/images/210.png
(C (C (lift -1 -2.0 (/ pi 2)) (curve 0 4.0 0) (lift 1 -2.0 (/ pi 2)) (curve 0 4.0 0)) (C (C (color 0 0 1 (C (lift -1.5 -2.0 0) (curve 0 3.0 0))) (color 0 0 1 (C (lift -1.5 0.0 (/ pi 7.25)) (curve -0.8 1.5 0.5) (curve 0.8 1.5 0.5)))) (color 0 1 0 (C (lift -1.5 2.0 (/ pi 7.25)) (curve -0.8 1.5 0.5) (curve 0.8 1.5 0.5))))),h_line,blue,s_curve,blue,s_curve,green,balanced_data/var_balanced/glyphs/dim3/var4/images/211.png
(C (C (lift -1 -2.0 (/ pi 2)) (curve 0 4.0 0) (lift 1 -2.0 (/ pi 2)) (curve 0 4.0 0)) (C (C (color 0 0 1 (C (lift -1.5 -2.0 0) (curve 0 3.0 0))) (color 0 0 1 (C (lift -1.5 0.0 (/ pi 7.25)) (curve -0.8 1.5 0.5) (curve 0.8 1.5 0.5)))) (color 0 0 1 (C (lift -1.5 2.0 (/ pi 7.25)) (curve -0.8 1.5 0.5) (curve 0.8 1.5 0.5))))),h_line,blue,s_curve,blue,s_curve,blue,balanced_data/var_balanced/glyphs/dim3/var4/images/212.png
(C (C (lift -1 -2.0 (/ pi 2)) (curve 0 4.0 0) (lift 1 -2.0 (/ pi 2)) (curve 0 4.0 0)) (C (C (color 0 0 1 (C (lift -1.5 -2.0 0) (curve 0 3.0 0))) (color 0 0 1 (C (lift -1.5 0.0 (/ pi 7.25)) (curve -0.8 1.5 0.5) (curve 0.8 1.5 0.5)))) (color 1 0 0 (C (lift -0.5 2.0 (/ pi 2)) (curve pi 0.314 1.0) (curve pi 0.314 1.0) (lift 0.5 2.0 (/ pi 2)) (curve pi 0.314 1.0) (curve pi 0.314 1.0))))),h_line,blue,s_curve,blue,two_dots,red,balanced_data/var_balanced/glyphs/dim3/var4/images/213.png
(C (C (lift -1 -2.0 (/ pi 2)) (curve 0 4.0 0) (lift 1 -2.0 (/ pi 2)) (curve 0 4.0 0)) (C (C (color 0 0 1 (C (lift -1.5 -2.0 0) (curve 0 3.0 0))) (color 0 0 1 (C (lift -1.5 0.0 (/ pi 7.25)) (curve -0.8 1.5 0.5) (curve 0.8 1.5 0.5)))) (color 0 1 0 (C (lift -0.5 2.0 (/ pi 2)) (curve pi 0.314 1.0) (curve pi 0.314 1.0) (lift 0.5 2.0 (/ pi 2)) (curve pi 0.314 1.0) (curve pi 0.314 1.0))))),h_line,blue,s_curve,blue,two_dots,green,balanced_data/var_balanced/glyphs/dim3/var4/images/214.png
(C (C (lift -1 -2.0 (/ pi 2)) (curve 0 4.0 0) (lift 1 -2.0 (/ pi 2)) (curve 0 4.0 0)) (C (C (color 0 0 1 (C (lift -1.5 -2.0 0) (curve 0 3.0 0))) (color 0 0 1 (C (lift -1.5 0.0 (/ pi 7.25)) (curve -0.8 1.5 0.5) (curve 0.8 1.5 0.5)))) (color 0 0 1 (C (lift -0.5 2.0 (/ pi 2)) (curve pi 0.314 1.0) (curve pi 0.314 1.0) (lift 0.5 2.0 (/ pi 2)) (curve pi 0.314 1.0) (curve pi 0.314 1.0))))),h_line,blue,s_curve,blue,two_dots,blue,balanced_data/var_balanced/glyphs/dim3/var4/images/215.png
(C (C (lift -1 -2.0 (/ pi 2)) (curve 0 4.0 0) (lift 1 -2.0 (/ pi 2)) (curve 0 4.0 0)) (C (C (color 0 0 1 (C (lift -1.5 -2.0 0) (curve 0 3.0 0))) (color 1 0 0 (C (lift -0.5 0.0 (/ pi 2)) (curve pi 0.314 1.0) (curve pi 0.314 1.0) (lift 0.5 0.0 (/ pi 2)) (curve pi 0.314 1.0) (curve pi 0.314 1.0)))) (color 1 0 0 (C (lift -1.5 2.0 0) (curve 0 3.0 0))))),h_line,blue,two_dots,red,h_line,red,balanced_data/var_balanced/glyphs/dim3/var4/images/216.png
(C (C (lift -1 -2.0 (/ pi 2)) (curve 0 4.0 0) (lift 1 -2.0 (/ pi 2)) (curve 0 4.0 0)) (C (C (color 0 0 1 (C (lift -1.5 -2.0 0) (curve 0 3.0 0))) (color 1 0 0 (C (lift -0.5 0.0 (/ pi 2)) (curve pi 0.314 1.0) (curve pi 0.314 1.0) (lift 0.5 0.0 (/ pi 2)) (curve pi 0.314 1.0) (curve pi 0.314 1.0)))) (color 0 1 0 (C (lift -1.5 2.0 0) (curve 0 3.0 0))))),h_line,blue,two_dots,red,h_line,green,balanced_data/var_balanced/glyphs/dim3/var4/images/217.png
(C (C (lift -1 -2.0 (/ pi 2)) (curve 0 4.0 0) (lift 1 -2.0 (/ pi 2)) (curve 0 4.0 0)) (C (C (color 0 0 1 (C (lift -1.5 -2.0 0) (curve 0 3.0 0))) (color 1 0 0 (C (lift -0.5 0.0 (/ pi 2)) (curve pi 0.314 1.0) (curve pi 0.314 1.0) (lift 0.5 0.0 (/ pi 2)) (curve pi 0.314 1.0) (curve pi 0.314 1.0)))) (color 0 0 1 (C (lift -1.5 2.0 0) (curve 0 3.0 0))))),h_line,blue,two_dots,red,h_line,blue,balanced_data/var_balanced/glyphs/dim3/var4/images/218.png
(C (C (lift -1 -2.0 (/ pi 2)) (curve 0 4.0 0) (lift 1 -2.0 (/ pi 2)) (curve 0 4.0 0)) (C (C (color 0 0 1 (C (lift -1.5 -2.0 0) (curve 0 3.0 0))) (color 1 0 0 (C (lift -0.5 0.0 (/ pi 2)) (curve pi 0.314 1.0) (curve pi 0.314 1.0) (lift 0.5 0.0 (/ pi 2)) (curve pi 0.314 1.0) (curve pi 0.314 1.0)))) (color 1 0 0 (C (lift -1.5 2.0 (/ pi 7.25)) (curve -0.8 1.5 0.5) (curve 0.8 1.5 0.5))))),h_line,blue,two_dots,red,s_curve,red,balanced_data/var_balanced/glyphs/dim3/var4/images/219.png
(C (C (lift -1 -2.0 (/ pi 2)) (curve 0 4.0 0) (lift 1 -2.0 (/ pi 2)) (curve 0 4.0 0)) (C (C (color 0 0 1 (C (lift -1.5 -2.0 0) (curve 0 3.0 0))) (color 1 0 0 (C (lift -0.5 0.0 (/ pi 2)) (curve pi 0.314 1.0) (curve pi 0.314 1.0) (lift 0.5 0.0 (/ pi 2)) (curve pi 0.314 1.0) (curve pi 0.314 1.0)))) (color 0 1 0 (C (lift -1.5 2.0 (/ pi 7.25)) (curve -0.8 1.5 0.5) (curve 0.8 1.5 0.5))))),h_line,blue,two_dots,red,s_curve,green,balanced_data/var_balanced/glyphs/dim3/var4/images/220.png
(C (C (lift -1 -2.0 (/ pi 2)) (curve 0 4.0 0) (lift 1 -2.0 (/ pi 2)) (curve 0 4.0 0)) (C (C (color 0 0 1 (C (lift -1.5 -2.0 0) (curve 0 3.0 0))) (color 1 0 0 (C (lift -0.5 0.0 (/ pi 2)) (curve pi 0.314 1.0) (curve pi 0.314 1.0) (lift 0.5 0.0 (/ pi 2)) (curve pi 0.314 1.0) (curve pi 0.314 1.0)))) (color 0 0 1 (C (lift -1.5 2.0 (/ pi 7.25)) (curve -0.8 1.5 0.5) (curve 0.8 1.5 0.5))))),h_line,blue,two_dots,red,s_curve,blue,balanced_data/var_balanced/glyphs/dim3/var4/images/221.png
(C (C (lift -1 -2.0 (/ pi 2)) (curve 0 4.0 0) (lift 1 -2.0 (/ pi 2)) (curve 0 4.0 0)) (C (C (color 0 0 1 (C (lift -1.5 -2.0 0) (curve 0 3.0 0))) (color 1 0 0 (C (lift -0.5 0.0 (/ pi 2)) (curve pi 0.314 1.0) (curve pi 0.314 1.0) (lift 0.5 0.0 (/ pi 2)) (curve pi 0.314 1.0) (curve pi 0.314 1.0)))) (color 1 0 0 (C (lift -0.5 2.0 (/ pi 2)) (curve pi 0.314 1.0) (curve pi 0.314 1.0) (lift 0.5 2.0 (/ pi 2)) (curve pi 0.314 1.0) (curve pi 0.314 1.0))))),h_line,blue,two_dots,red,two_dots,red,balanced_data/var_balanced/glyphs/dim3/var4/images/222.png
(C (C (lift -1 -2.0 (/ pi 2)) (curve 0 4.0 0) (lift 1 -2.0 (/ pi 2)) (curve 0 4.0 0)) (C (C (color 0 0 1 (C (lift -1.5 -2.0 0) (curve 0 3.0 0))) (color 1 0 0 (C (lift -0.5 0.0 (/ pi 2)) (curve pi 0.314 1.0) (curve pi 0.314 1.0) (lift 0.5 0.0 (/ pi 2)) (curve pi 0.314 1.0) (curve pi 0.314 1.0)))) (color 0 1 0 (C (lift -0.5 2.0 (/ pi 2)) (curve pi 0.314 1.0) (curve pi 0.314 1.0) (lift 0.5 2.0 (/ pi 2)) (curve pi 0.314 1.0) (curve pi 0.314 1.0))))),h_line,blue,two_dots,red,two_dots,green,balanced_data/var_balanced/glyphs/dim3/var4/images/223.png
(C (C (lift -1 -2.0 (/ pi 2)) (curve 0 4.0 0) (lift 1 -2.0 (/ pi 2)) (curve 0 4.0 0)) (C (C (color 0 0 1 (C (lift -1.5 -2.0 0) (curve 0 3.0 0))) (color 1 0 0 (C (lift -0.5 0.0 (/ pi 2)) (curve pi 0.314 1.0) (curve pi 0.314 1.0) (lift 0.5 0.0 (/ pi 2)) (curve pi 0.314 1.0) (curve pi 0.314 1.0)))) (color 0 0 1 (C (lift -0.5 2.0 (/ pi 2)) (curve pi 0.314 1.0) (curve pi 0.314 1.0) (lift 0.5 2.0 (/ pi 2)) (curve pi 0.314 1.0) (curve pi 0.314 1.0))))),h_line,blue,two_dots,red,two_dots,blue,balanced_data/var_balanced/glyphs/dim3/var4/images/224.png
(C (C (lift -1 -2.0 (/ pi 2)) (curve 0 4.0 0) (lift 1 -2.0 (/ pi 2)) (curve 0 4.0 0)) (C (C (color 0 0 1 (C (lift -1.5 -2.0 0) (curve 0 3.0 0))) (color 0 1 0 (C (lift -0.5 0.0 (/ pi 2)) (curve pi 0.314 1.0) (curve pi 0.314 1.0) (lift 0.5 0.0 (/ pi 2)) (curve pi 0.314 1.0) (curve pi 0.314 1.0)))) (color 1 0 0 (C (lift -1.5 2.0 0) (curve 0 3.0 0))))),h_line,blue,two_dots,green,h_line,red,balanced_data/var_balanced/glyphs/dim3/var4/images/225.png
(C (C (lift -1 -2.0 (/ pi 2)) (curve 0 4.0 0) (lift 1 -2.0 (/ pi 2)) (curve 0 4.0 0)) (C (C (color 0 0 1 (C (lift -1.5 -2.0 0) (curve 0 3.0 0))) (color 0 1 0 (C (lift -0.5 0.0 (/ pi 2)) (curve pi 0.314 1.0) (curve pi 0.314 1.0) (lift 0.5 0.0 (/ pi 2)) (curve pi 0.314 1.0) (curve pi 0.314 1.0)))) (color 0 1 0 (C (lift -1.5 2.0 0) (curve 0 3.0 0))))),h_line,blue,two_dots,green,h_line,green,balanced_data/var_balanced/glyphs/dim3/var4/images/226.png
(C (C (lift -1 -2.0 (/ pi 2)) (curve 0 4.0 0) (lift 1 -2.0 (/ pi 2)) (curve 0 4.0 0)) (C (C (color 0 0 1 (C (lift -1.5 -2.0 0) (curve 0 3.0 0))) (color 0 1 0 (C (lift -0.5 0.0 (/ pi 2)) (curve pi 0.314 1.0) (curve pi 0.314 1.0) (lift 0.5 0.0 (/ pi 2)) (curve pi 0.314 1.0) (curve pi 0.314 1.0)))) (color 0 0 1 (C (lift -1.5 2.0 0) (curve 0 3.0 0))))),h_line,blue,two_dots,green,h_line,blue,balanced_data/var_balanced/glyphs/dim3/var4/images/227.png
(C (C (lift -1 -2.0 (/ pi 2)) (curve 0 4.0 0) (lift 1 -2.0 (/ pi 2)) (curve 0 4.0 0)) (C (C (color 0 0 1 (C (lift -1.5 -2.0 0) (curve 0 3.0 0))) (color 0 1 0 (C (lift -0.5 0.0 (/ pi 2)) (curve pi 0.314 1.0) (curve pi 0.314 1.0) (lift 0.5 0.0 (/ pi 2)) (curve pi 0.314 1.0) (curve pi 0.314 1.0)))) (color 1 0 0 (C (lift -1.5 2.0 (/ pi 7.25)) (curve -0.8 1.5 0.5) (curve 0.8 1.5 0.5))))),h_line,blue,two_dots,green,s_curve,red,balanced_data/var_balanced/glyphs/dim3/var4/images/228.png
(C (C (lift -1 -2.0 (/ pi 2)) (curve 0 4.0 0) (lift 1 -2.0 (/ pi 2)) (curve 0 4.0 0)) (C (C (color 0 0 1 (C (lift -1.5 -2.0 0) (curve 0 3.0 0))) (color 0 1 0 (C (lift -0.5 0.0 (/ pi 2)) (curve pi 0.314 1.0) (curve pi 0.314 1.0) (lift 0.5 0.0 (/ pi 2)) (curve pi 0.314 1.0) (curve pi 0.314 1.0)))) (color 0 1 0 (C (lift -1.5 2.0 (/ pi 7.25)) (curve -0.8 1.5 0.5) (curve 0.8 1.5 0.5))))),h_line,blue,two_dots,green,s_curve,green,balanced_data/var_balanced/glyphs/dim3/var4/images/229.png
(C (C (lift -1 -2.0 (/ pi 2)) (curve 0 4.0 0) (lift 1 -2.0 (/ pi 2)) (curve 0 4.0 0)) (C (C (color 0 0 1 (C (lift -1.5 -2.0 0) (curve 0 3.0 0))) (color 0 1 0 (C (lift -0.5 0.0 (/ pi 2)) (curve pi 0.314 1.0) (curve pi 0.314 1.0) (lift 0.5 0.0 (/ pi 2)) (curve pi 0.314 1.0) (curve pi 0.314 1.0)))) (color 0 0 1 (C (lift -1.5 2.0 (/ pi 7.25)) (curve -0.8 1.5 0.5) (curve 0.8 1.5 0.5))))),h_line,blue,two_dots,green,s_curve,blue,balanced_data/var_balanced/glyphs/dim3/var4/images/230.png
(C (C (lift -1 -2.0 (/ pi 2)) (curve 0 4.0 0) (lift 1 -2.0 (/ pi 2)) (curve 0 4.0 0)) (C (C (color 0 0 1 (C (lift -1.5 -2.0 0) (curve 0 3.0 0))) (color 0 1 0 (C (lift -0.5 0.0 (/ pi 2)) (curve pi 0.314 1.0) (curve pi 0.314 1.0) (lift 0.5 0.0 (/ pi 2)) (curve pi 0.314 1.0) (curve pi 0.314 1.0)))) (color 1 0 0 (C (lift -0.5 2.0 (/ pi 2)) (curve pi 0.314 1.0) (curve pi 0.314 1.0) (lift 0.5 2.0 (/ pi 2)) (curve pi 0.314 1.0) (curve pi 0.314 1.0))))),h_line,blue,two_dots,green,two_dots,red,balanced_data/var_balanced/glyphs/dim3/var4/images/231.png
(C (C (lift -1 -2.0 (/ pi 2)) (curve 0 4.0 0) (lift 1 -2.0 (/ pi 2)) (curve 0 4.0 0)) (C (C (color 0 0 1 (C (lift -1.5 -2.0 0) (curve 0 3.0 0))) (color 0 1 0 (C (lift -0.5 0.0 (/ pi 2)) (curve pi 0.314 1.0) (curve pi 0.314 1.0) (lift 0.5 0.0 (/ pi 2)) (curve pi 0.314 1.0) (curve pi 0.314 1.0)))) (color 0 1 0 (C (lift -0.5 2.0 (/ pi 2)) (curve pi 0.314 1.0) (curve pi 0.314 1.0) (lift 0.5 2.0 (/ pi 2)) (curve pi 0.314 1.0) (curve pi 0.314 1.0))))),h_line,blue,two_dots,green,two_dots,green,balanced_data/var_balanced/glyphs/dim3/var4/images/232.png
(C (C (lift -1 -2.0 (/ pi 2)) (curve 0 4.0 0) (lift 1 -2.0 (/ pi 2)) (curve 0 4.0 0)) (C (C (color 0 0 1 (C (lift -1.5 -2.0 0) (curve 0 3.0 0))) (color 0 1 0 (C (lift -0.5 0.0 (/ pi 2)) (curve pi 0.314 1.0) (curve pi 0.314 1.0) (lift 0.5 0.0 (/ pi 2)) (curve pi 0.314 1.0) (curve pi 0.314 1.0)))) (color 0 0 1 (C (lift -0.5 2.0 (/ pi 2)) (curve pi 0.314 1.0) (curve pi 0.314 1.0) (lift 0.5 2.0 (/ pi 2)) (curve pi 0.314 1.0) (curve pi 0.314 1.0))))),h_line,blue,two_dots,green,two_dots,blue,balanced_data/var_balanced/glyphs/dim3/var4/images/233.png
(C (C (lift -1 -2.0 (/ pi 2)) (curve 0 4.0 0) (lift 1 -2.0 (/ pi 2)) (curve 0 4.0 0)) (C (C (color 0 0 1 (C (lift -1.5 -2.0 0) (curve 0 3.0 0))) (color 0 0 1 (C (lift -0.5 0.0 (/ pi 2)) (curve pi 0.314 1.0) (curve pi 0.314 1.0) (lift 0.5 0.0 (/ pi 2)) (curve pi 0.314 1.0) (curve pi 0.314 1.0)))) (color 1 0 0 (C (lift -1.5 2.0 0) (curve 0 3.0 0))))),h_line,blue,two_dots,blue,h_line,red,balanced_data/var_balanced/glyphs/dim3/var4/images/234.png
(C (C (lift -1 -2.0 (/ pi 2)) (curve 0 4.0 0) (lift 1 -2.0 (/ pi 2)) (curve 0 4.0 0)) (C (C (color 0 0 1 (C (lift -1.5 -2.0 0) (curve 0 3.0 0))) (color 0 0 1 (C (lift -0.5 0.0 (/ pi 2)) (curve pi 0.314 1.0) (curve pi 0.314 1.0) (lift 0.5 0.0 (/ pi 2)) (curve pi 0.314 1.0) (curve pi 0.314 1.0)))) (color 0 1 0 (C (lift -1.5 2.0 0) (curve 0 3.0 0))))),h_line,blue,two_dots,blue,h_line,green,balanced_data/var_balanced/glyphs/dim3/var4/images/235.png
(C (C (lift -1 -2.0 (/ pi 2)) (curve 0 4.0 0) (lift 1 -2.0 (/ pi 2)) (curve 0 4.0 0)) (C (C (color 0 0 1 (C (lift -1.5 -2.0 0) (curve 0 3.0 0))) (color 0 0 1 (C (lift -0.5 0.0 (/ pi 2)) (curve pi 0.314 1.0) (curve pi 0.314 1.0) (lift 0.5 0.0 (/ pi 2)) (curve pi 0.314 1.0) (curve pi 0.314 1.0)))) (color 0 0 1 (C (lift -1.5 2.0 0) (curve 0 3.0 0))))),h_line,blue,two_dots,blue,h_line,blue,balanced_data/var_balanced/glyphs/dim3/var4/images/236.png
(C (C (lift -1 -2.0 (/ pi 2)) (curve 0 4.0 0) (lift 1 -2.0 (/ pi 2)) (curve 0 4.0 0)) (C (C (color 0 0 1 (C (lift -1.5 -2.0 0) (curve 0 3.0 0))) (color 0 0 1 (C (lift -0.5 0.0 (/ pi 2)) (curve pi 0.314 1.0) (curve pi 0.314 1.0) (lift 0.5 0.0 (/ pi 2)) (curve pi 0.314 1.0) (curve pi 0.314 1.0)))) (color 1 0 0 (C (lift -1.5 2.0 (/ pi 7.25)) (curve -0.8 1.5 0.5) (curve 0.8 1.5 0.5))))),h_line,blue,two_dots,blue,s_curve,red,balanced_data/var_balanced/glyphs/dim3/var4/images/237.png
(C (C (lift -1 -2.0 (/ pi 2)) (curve 0 4.0 0) (lift 1 -2.0 (/ pi 2)) (curve 0 4.0 0)) (C (C (color 0 0 1 (C (lift -1.5 -2.0 0) (curve 0 3.0 0))) (color 0 0 1 (C (lift -0.5 0.0 (/ pi 2)) (curve pi 0.314 1.0) (curve pi 0.314 1.0) (lift 0.5 0.0 (/ pi 2)) (curve pi 0.314 1.0) (curve pi 0.314 1.0)))) (color 0 1 0 (C (lift -1.5 2.0 (/ pi 7.25)) (curve -0.8 1.5 0.5) (curve 0.8 1.5 0.5))))),h_line,blue,two_dots,blue,s_curve,green,balanced_data/var_balanced/glyphs/dim3/var4/images/238.png
(C (C (lift -1 -2.0 (/ pi 2)) (curve 0 4.0 0) (lift 1 -2.0 (/ pi 2)) (curve 0 4.0 0)) (C (C (color 0 0 1 (C (lift -1.5 -2.0 0) (curve 0 3.0 0))) (color 0 0 1 (C (lift -0.5 0.0 (/ pi 2)) (curve pi 0.314 1.0) (curve pi 0.314 1.0) (lift 0.5 0.0 (/ pi 2)) (curve pi 0.314 1.0) (curve pi 0.314 1.0)))) (color 0 0 1 (C (lift -1.5 2.0 (/ pi 7.25)) (curve -0.8 1.5 0.5) (curve 0.8 1.5 0.5))))),h_line,blue,two_dots,blue,s_curve,blue,balanced_data/var_balanced/glyphs/dim3/var4/images/239.png
(C (C (lift -1 -2.0 (/ pi 2)) (curve 0 4.0 0) (lift 1 -2.0 (/ pi 2)) (curve 0 4.0 0)) (C (C (color 0 0 1 (C (lift -1.5 -2.0 0) (curve 0 3.0 0))) (color 0 0 1 (C (lift -0.5 0.0 (/ pi 2)) (curve pi 0.314 1.0) (curve pi 0.314 1.0) (lift 0.5 0.0 (/ pi 2)) (curve pi 0.314 1.0) (curve pi 0.314 1.0)))) (color 1 0 0 (C (lift -0.5 2.0 (/ pi 2)) (curve pi 0.314 1.0) (curve pi 0.314 1.0) (lift 0.5 2.0 (/ pi 2)) (curve pi 0.314 1.0) (curve pi 0.314 1.0))))),h_line,blue,two_dots,blue,two_dots,red,balanced_data/var_balanced/glyphs/dim3/var4/images/240.png
(C (C (lift -1 -2.0 (/ pi 2)) (curve 0 4.0 0) (lift 1 -2.0 (/ pi 2)) (curve 0 4.0 0)) (C (C (color 0 0 1 (C (lift -1.5 -2.0 0) (curve 0 3.0 0))) (color 0 0 1 (C (lift -0.5 0.0 (/ pi 2)) (curve pi 0.314 1.0) (curve pi 0.314 1.0) (lift 0.5 0.0 (/ pi 2)) (curve pi 0.314 1.0) (curve pi 0.314 1.0)))) (color 0 1 0 (C (lift -0.5 2.0 (/ pi 2)) (curve pi 0.314 1.0) (curve pi 0.314 1.0) (lift 0.5 2.0 (/ pi 2)) (curve pi 0.314 1.0) (curve pi 0.314 1.0))))),h_line,blue,two_dots,blue,two_dots,green,balanced_data/var_balanced/glyphs/dim3/var4/images/241.png
(C (C (lift -1 -2.0 (/ pi 2)) (curve 0 4.0 0) (lift 1 -2.0 (/ pi 2)) (curve 0 4.0 0)) (C (C (color 0 0 1 (C (lift -1.5 -2.0 0) (curve 0 3.0 0))) (color 0 0 1 (C (lift -0.5 0.0 (/ pi 2)) (curve pi 0.314 1.0) (curve pi 0.314 1.0) (lift 0.5 0.0 (/ pi 2)) (curve pi 0.314 1.0) (curve pi 0.314 1.0)))) (color 0 0 1 (C (lift -0.5 2.0 (/ pi 2)) (curve pi 0.314 1.0) (curve pi 0.314 1.0) (lift 0.5 2.0 (/ pi 2)) (curve pi 0.314 1.0) (curve pi 0.314 1.0))))),h_line,blue,two_dots,blue,two_dots,blue,balanced_data/var_balanced/glyphs/dim3/var4/images/242.png
(C (C (lift -1 -2.0 (/ pi 2)) (curve 0 4.0 0) (lift 1 -2.0 (/ pi 2)) (curve 0 4.0 0)) (C (C (color 1 0 0 (C (lift -1.5 -2.0 (/ pi 7.25)) (curve -0.8 1.5 0.5) (curve 0.8 1.5 0.5))) (color 1 0 0 (C (lift -1.5 0.0 0) (curve 0 3.0 0)))) (color 1 0 0 (C (lift -1.5 2.0 0) (curve 0 3.0 0))))),s_curve,red,h_line,red,h_line,red,balanced_data/var_balanced/glyphs/dim3/var4/images/243.png
(C (C (lift -1 -2.0 (/ pi 2)) (curve 0 4.0 0) (lift 1 -2.0 (/ pi 2)) (curve 0 4.0 0)) (C (C (color 1 0 0 (C (lift -1.5 -2.0 (/ pi 7.25)) (curve -0.8 1.5 0.5) (curve 0.8 1.5 0.5))) (color 1 0 0 (C (lift -1.5 0.0 0) (curve 0 3.0 0)))) (color 0 1 0 (C (lift -1.5 2.0 0) (curve 0 3.0 0))))),s_curve,red,h_line,red,h_line,green,balanced_data/var_balanced/glyphs/dim3/var4/images/244.png
(C (C (lift -1 -2.0 (/ pi 2)) (curve 0 4.0 0) (lift 1 -2.0 (/ pi 2)) (curve 0 4.0 0)) (C (C (color 1 0 0 (C (lift -1.5 -2.0 (/ pi 7.25)) (curve -0.8 1.5 0.5) (curve 0.8 1.5 0.5))) (color 1 0 0 (C (lift -1.5 0.0 0) (curve 0 3.0 0)))) (color 0 0 1 (C (lift -1.5 2.0 0) (curve 0 3.0 0))))),s_curve,red,h_line,red,h_line,blue,balanced_data/var_balanced/glyphs/dim3/var4/images/245.png
(C (C (lift -1 -2.0 (/ pi 2)) (curve 0 4.0 0) (lift 1 -2.0 (/ pi 2)) (curve 0 4.0 0)) (C (C (color 1 0 0 (C (lift -1.5 -2.0 (/ pi 7.25)) (curve -0.8 1.5 0.5) (curve 0.8 1.5 0.5))) (color 1 0 0 (C (lift -1.5 0.0 0) (curve 0 3.0 0)))) (color 1 0 0 (C (lift -1.5 2.0 (/ pi 7.25)) (curve -0.8 1.5 0.5) (curve 0.8 1.5 0.5))))),s_curve,red,h_line,red,s_curve,red,balanced_data/var_balanced/glyphs/dim3/var4/images/246.png
(C (C (lift -1 -2.0 (/ pi 2)) (curve 0 4.0 0) (lift 1 -2.0 (/ pi 2)) (curve 0 4.0 0)) (C (C (color 1 0 0 (C (lift -1.5 -2.0 (/ pi 7.25)) (curve -0.8 1.5 0.5) (curve 0.8 1.5 0.5))) (color 1 0 0 (C (lift -1.5 0.0 0) (curve 0 3.0 0)))) (color 0 1 0 (C (lift -1.5 2.0 (/ pi 7.25)) (curve -0.8 1.5 0.5) (curve 0.8 1.5 0.5))))),s_curve,red,h_line,red,s_curve,green,balanced_data/var_balanced/glyphs/dim3/var4/images/247.png
(C (C (lift -1 -2.0 (/ pi 2)) (curve 0 4.0 0) (lift 1 -2.0 (/ pi 2)) (curve 0 4.0 0)) (C (C (color 1 0 0 (C (lift -1.5 -2.0 (/ pi 7.25)) (curve -0.8 1.5 0.5) (curve 0.8 1.5 0.5))) (color 1 0 0 (C (lift -1.5 0.0 0) (curve 0 3.0 0)))) (color 0 0 1 (C (lift -1.5 2.0 (/ pi 7.25)) (curve -0.8 1.5 0.5) (curve 0.8 1.5 0.5))))),s_curve,red,h_line,red,s_curve,blue,balanced_data/var_balanced/glyphs/dim3/var4/images/248.png
(C (C (lift -1 -2.0 (/ pi 2)) (curve 0 4.0 0) (lift 1 -2.0 (/ pi 2)) (curve 0 4.0 0)) (C (C (color 1 0 0 (C (lift -1.5 -2.0 (/ pi 7.25)) (curve -0.8 1.5 0.5) (curve 0.8 1.5 0.5))) (color 1 0 0 (C (lift -1.5 0.0 0) (curve 0 3.0 0)))) (color 1 0 0 (C (lift -0.5 2.0 (/ pi 2)) (curve pi 0.314 1.0) (curve pi 0.314 1.0) (lift 0.5 2.0 (/ pi 2)) (curve pi 0.314 1.0) (curve pi 0.314 1.0))))),s_curve,red,h_line,red,two_dots,red,balanced_data/var_balanced/glyphs/dim3/var4/images/249.png
(C (C (lift -1 -2.0 (/ pi 2)) (curve 0 4.0 0) (lift 1 -2.0 (/ pi 2)) (curve 0 4.0 0)) (C (C (color 1 0 0 (C (lift -1.5 -2.0 (/ pi 7.25)) (curve -0.8 1.5 0.5) (curve 0.8 1.5 0.5))) (color 1 0 0 (C (lift -1.5 0.0 0) (curve 0 3.0 0)))) (color 0 1 0 (C (lift -0.5 2.0 (/ pi 2)) (curve pi 0.314 1.0) (curve pi 0.314 1.0) (lift 0.5 2.0 (/ pi 2)) (curve pi 0.314 1.0) (curve pi 0.314 1.0))))),s_curve,red,h_line,red,two_dots,green,balanced_data/var_balanced/glyphs/dim3/var4/images/250.png
(C (C (lift -1 -2.0 (/ pi 2)) (curve 0 4.0 0) (lift 1 -2.0 (/ pi 2)) (curve 0 4.0 0)) (C (C (color 1 0 0 (C (lift -1.5 -2.0 (/ pi 7.25)) (curve -0.8 1.5 0.5) (curve 0.8 1.5 0.5))) (color 1 0 0 (C (lift -1.5 0.0 0) (curve 0 3.0 0)))) (color 0 0 1 (C (lift -0.5 2.0 (/ pi 2)) (curve pi 0.314 1.0) (curve pi 0.314 1.0) (lift 0.5 2.0 (/ pi 2)) (curve pi 0.314 1.0) (curve pi 0.314 1.0))))),s_curve,red,h_line,red,two_dots,blue,balanced_data/var_balanced/glyphs/dim3/var4/images/251.png
(C (C (lift -1 -2.0 (/ pi 2)) (curve 0 4.0 0) (lift 1 -2.0 (/ pi 2)) (curve 0 4.0 0)) (C (C (color 1 0 0 (C (lift -1.5 -2.0 (/ pi 7.25)) (curve -0.8 1.5 0.5) (curve 0.8 1.5 0.5))) (color 0 1 0 (C (lift -1.5 0.0 0) (curve 0 3.0 0)))) (color 1 0 0 (C (lift -1.5 2.0 0) (curve 0 3.0 0))))),s_curve,red,h_line,green,h_line,red,balanced_data/var_balanced/glyphs/dim3/var4/images/252.png
(C (C (lift -1 -2.0 (/ pi 2)) (curve 0 4.0 0) (lift 1 -2.0 (/ pi 2)) (curve 0 4.0 0)) (C (C (color 1 0 0 (C (lift -1.5 -2.0 (/ pi 7.25)) (curve -0.8 1.5 0.5) (curve 0.8 1.5 0.5))) (color 0 1 0 (C (lift -1.5 0.0 0) (curve 0 3.0 0)))) (color 0 1 0 (C (lift -1.5 2.0 0) (curve 0 3.0 0))))),s_curve,red,h_line,green,h_line,green,balanced_data/var_balanced/glyphs/dim3/var4/images/253.png
(C (C (lift -1 -2.0 (/ pi 2)) (curve 0 4.0 0) (lift 1 -2.0 (/ pi 2)) (curve 0 4.0 0)) (C (C (color 1 0 0 (C (lift -1.5 -2.0 (/ pi 7.25)) (curve -0.8 1.5 0.5) (curve 0.8 1.5 0.5))) (color 0 1 0 (C (lift -1.5 0.0 0) (curve 0 3.0 0)))) (color 0 0 1 (C (lift -1.5 2.0 0) (curve 0 3.0 0))))),s_curve,red,h_line,green,h_line,blue,balanced_data/var_balanced/glyphs/dim3/var4/images/254.png
(C (C (lift -1 -2.0 (/ pi 2)) (curve 0 4.0 0) (lift 1 -2.0 (/ pi 2)) (curve 0 4.0 0)) (C (C (color 1 0 0 (C (lift -1.5 -2.0 (/ pi 7.25)) (curve -0.8 1.5 0.5) (curve 0.8 1.5 0.5))) (color 0 1 0 (C (lift -1.5 0.0 0) (curve 0 3.0 0)))) (color 1 0 0 (C (lift -1.5 2.0 (/ pi 7.25)) (curve -0.8 1.5 0.5) (curve 0.8 1.5 0.5))))),s_curve,red,h_line,green,s_curve,red,balanced_data/var_balanced/glyphs/dim3/var4/images/255.png
(C (C (lift -1 -2.0 (/ pi 2)) (curve 0 4.0 0) (lift 1 -2.0 (/ pi 2)) (curve 0 4.0 0)) (C (C (color 1 0 0 (C (lift -1.5 -2.0 (/ pi 7.25)) (curve -0.8 1.5 0.5) (curve 0.8 1.5 0.5))) (color 0 1 0 (C (lift -1.5 0.0 0) (curve 0 3.0 0)))) (color 0 1 0 (C (lift -1.5 2.0 (/ pi 7.25)) (curve -0.8 1.5 0.5) (curve 0.8 1.5 0.5))))),s_curve,red,h_line,green,s_curve,green,balanced_data/var_balanced/glyphs/dim3/var4/images/256.png
(C (C (lift -1 -2.0 (/ pi 2)) (curve 0 4.0 0) (lift 1 -2.0 (/ pi 2)) (curve 0 4.0 0)) (C (C (color 1 0 0 (C (lift -1.5 -2.0 (/ pi 7.25)) (curve -0.8 1.5 0.5) (curve 0.8 1.5 0.5))) (color 0 1 0 (C (lift -1.5 0.0 0) (curve 0 3.0 0)))) (color 0 0 1 (C (lift -1.5 2.0 (/ pi 7.25)) (curve -0.8 1.5 0.5) (curve 0.8 1.5 0.5))))),s_curve,red,h_line,green,s_curve,blue,balanced_data/var_balanced/glyphs/dim3/var4/images/257.png
(C (C (lift -1 -2.0 (/ pi 2)) (curve 0 4.0 0) (lift 1 -2.0 (/ pi 2)) (curve 0 4.0 0)) (C (C (color 1 0 0 (C (lift -1.5 -2.0 (/ pi 7.25)) (curve -0.8 1.5 0.5) (curve 0.8 1.5 0.5))) (color 0 1 0 (C (lift -1.5 0.0 0) (curve 0 3.0 0)))) (color 1 0 0 (C (lift -0.5 2.0 (/ pi 2)) (curve pi 0.314 1.0) (curve pi 0.314 1.0) (lift 0.5 2.0 (/ pi 2)) (curve pi 0.314 1.0) (curve pi 0.314 1.0))))),s_curve,red,h_line,green,two_dots,red,balanced_data/var_balanced/glyphs/dim3/var4/images/258.png
(C (C (lift -1 -2.0 (/ pi 2)) (curve 0 4.0 0) (lift 1 -2.0 (/ pi 2)) (curve 0 4.0 0)) (C (C (color 1 0 0 (C (lift -1.5 -2.0 (/ pi 7.25)) (curve -0.8 1.5 0.5) (curve 0.8 1.5 0.5))) (color 0 1 0 (C (lift -1.5 0.0 0) (curve 0 3.0 0)))) (color 0 1 0 (C (lift -0.5 2.0 (/ pi 2)) (curve pi 0.314 1.0) (curve pi 0.314 1.0) (lift 0.5 2.0 (/ pi 2)) (curve pi 0.314 1.0) (curve pi 0.314 1.0))))),s_curve,red,h_line,green,two_dots,green,balanced_data/var_balanced/glyphs/dim3/var4/images/259.png
(C (C (lift -1 -2.0 (/ pi 2)) (curve 0 4.0 0) (lift 1 -2.0 (/ pi 2)) (curve 0 4.0 0)) (C (C (color 1 0 0 (C (lift -1.5 -2.0 (/ pi 7.25)) (curve -0.8 1.5 0.5) (curve 0.8 1.5 0.5))) (color 0 1 0 (C (lift -1.5 0.0 0) (curve 0 3.0 0)))) (color 0 0 1 (C (lift -0.5 2.0 (/ pi 2)) (curve pi 0.314 1.0) (curve pi 0.314 1.0) (lift 0.5 2.0 (/ pi 2)) (curve pi 0.314 1.0) (curve pi 0.314 1.0))))),s_curve,red,h_line,green,two_dots,blue,balanced_data/var_balanced/glyphs/dim3/var4/images/260.png
(C (C (lift -1 -2.0 (/ pi 2)) (curve 0 4.0 0) (lift 1 -2.0 (/ pi 2)) (curve 0 4.0 0)) (C (C (color 1 0 0 (C (lift -1.5 -2.0 (/ pi 7.25)) (curve -0.8 1.5 0.5) (curve 0.8 1.5 0.5))) (color 0 0 1 (C (lift -1.5 0.0 0) (curve 0 3.0 0)))) (color 1 0 0 (C (lift -1.5 2.0 0) (curve 0 3.0 0))))),s_curve,red,h_line,blue,h_line,red,balanced_data/var_balanced/glyphs/dim3/var4/images/261.png
(C (C (lift -1 -2.0 (/ pi 2)) (curve 0 4.0 0) (lift 1 -2.0 (/ pi 2)) (curve 0 4.0 0)) (C (C (color 1 0 0 (C (lift -1.5 -2.0 (/ pi 7.25)) (curve -0.8 1.5 0.5) (curve 0.8 1.5 0.5))) (color 0 0 1 (C (lift -1.5 0.0 0) (curve 0 3.0 0)))) (color 0 1 0 (C (lift -1.5 2.0 0) (curve 0 3.0 0))))),s_curve,red,h_line,blue,h_line,green,balanced_data/var_balanced/glyphs/dim3/var4/images/262.png
(C (C (lift -1 -2.0 (/ pi 2)) (curve 0 4.0 0) (lift 1 -2.0 (/ pi 2)) (curve 0 4.0 0)) (C (C (color 1 0 0 (C (lift -1.5 -2.0 (/ pi 7.25)) (curve -0.8 1.5 0.5) (curve 0.8 1.5 0.5))) (color 0 0 1 (C (lift -1.5 0.0 0) (curve 0 3.0 0)))) (color 0 0 1 (C (lift -1.5 2.0 0) (curve 0 3.0 0))))),s_curve,red,h_line,blue,h_line,blue,balanced_data/var_balanced/glyphs/dim3/var4/images/263.png
(C (C (lift -1 -2.0 (/ pi 2)) (curve 0 4.0 0) (lift 1 -2.0 (/ pi 2)) (curve 0 4.0 0)) (C (C (color 1 0 0 (C (lift -1.5 -2.0 (/ pi 7.25)) (curve -0.8 1.5 0.5) (curve 0.8 1.5 0.5))) (color 0 0 1 (C (lift -1.5 0.0 0) (curve 0 3.0 0)))) (color 1 0 0 (C (lift -1.5 2.0 (/ pi 7.25)) (curve -0.8 1.5 0.5) (curve 0.8 1.5 0.5))))),s_curve,red,h_line,blue,s_curve,red,balanced_data/var_balanced/glyphs/dim3/var4/images/264.png
(C (C (lift -1 -2.0 (/ pi 2)) (curve 0 4.0 0) (lift 1 -2.0 (/ pi 2)) (curve 0 4.0 0)) (C (C (color 1 0 0 (C (lift -1.5 -2.0 (/ pi 7.25)) (curve -0.8 1.5 0.5) (curve 0.8 1.5 0.5))) (color 0 0 1 (C (lift -1.5 0.0 0) (curve 0 3.0 0)))) (color 0 1 0 (C (lift -1.5 2.0 (/ pi 7.25)) (curve -0.8 1.5 0.5) (curve 0.8 1.5 0.5))))),s_curve,red,h_line,blue,s_curve,green,balanced_data/var_balanced/glyphs/dim3/var4/images/265.png
(C (C (lift -1 -2.0 (/ pi 2)) (curve 0 4.0 0) (lift 1 -2.0 (/ pi 2)) (curve 0 4.0 0)) (C (C (color 1 0 0 (C (lift -1.5 -2.0 (/ pi 7.25)) (curve -0.8 1.5 0.5) (curve 0.8 1.5 0.5))) (color 0 0 1 (C (lift -1.5 0.0 0) (curve 0 3.0 0)))) (color 0 0 1 (C (lift -1.5 2.0 (/ pi 7.25)) (curve -0.8 1.5 0.5) (curve 0.8 1.5 0.5))))),s_curve,red,h_line,blue,s_curve,blue,balanced_data/var_balanced/glyphs/dim3/var4/images/266.png
(C (C (lift -1 -2.0 (/ pi 2)) (curve 0 4.0 0) (lift 1 -2.0 (/ pi 2)) (curve 0 4.0 0)) (C (C (color 1 0 0 (C (lift -1.5 -2.0 (/ pi 7.25)) (curve -0.8 1.5 0.5) (curve 0.8 1.5 0.5))) (color 0 0 1 (C (lift -1.5 0.0 0) (curve 0 3.0 0)))) (color 1 0 0 (C (lift -0.5 2.0 (/ pi 2)) (curve pi 0.314 1.0) (curve pi 0.314 1.0) (lift 0.5 2.0 (/ pi 2)) (curve pi 0.314 1.0) (curve pi 0.314 1.0))))),s_curve,red,h_line,blue,two_dots,red,balanced_data/var_balanced/glyphs/dim3/var4/images/267.png
(C (C (lift -1 -2.0 (/ pi 2)) (curve 0 4.0 0) (lift 1 -2.0 (/ pi 2)) (curve 0 4.0 0)) (C (C (color 1 0 0 (C (lift -1.5 -2.0 (/ pi 7.25)) (curve -0.8 1.5 0.5) (curve 0.8 1.5 0.5))) (color 0 0 1 (C (lift -1.5 0.0 0) (curve 0 3.0 0)))) (color 0 1 0 (C (lift -0.5 2.0 (/ pi 2)) (curve pi 0.314 1.0) (curve pi 0.314 1.0) (lift 0.5 2.0 (/ pi 2)) (curve pi 0.314 1.0) (curve pi 0.314 1.0))))),s_curve,red,h_line,blue,two_dots,green,balanced_data/var_balanced/glyphs/dim3/var4/images/268.png
(C (C (lift -1 -2.0 (/ pi 2)) (curve 0 4.0 0) (lift 1 -2.0 (/ pi 2)) (curve 0 4.0 0)) (C (C (color 1 0 0 (C (lift -1.5 -2.0 (/ pi 7.25)) (curve -0.8 1.5 0.5) (curve 0.8 1.5 0.5))) (color 0 0 1 (C (lift -1.5 0.0 0) (curve 0 3.0 0)))) (color 0 0 1 (C (lift -0.5 2.0 (/ pi 2)) (curve pi 0.314 1.0) (curve pi 0.314 1.0) (lift 0.5 2.0 (/ pi 2)) (curve pi 0.314 1.0) (curve pi 0.314 1.0))))),s_curve,red,h_line,blue,two_dots,blue,balanced_data/var_balanced/glyphs/dim3/var4/images/269.png
(C (C (lift -1 -2.0 (/ pi 2)) (curve 0 4.0 0) (lift 1 -2.0 (/ pi 2)) (curve 0 4.0 0)) (C (C (color 1 0 0 (C (lift -1.5 -2.0 (/ pi 7.25)) (curve -0.8 1.5 0.5) (curve 0.8 1.5 0.5))) (color 1 0 0 (C (lift -1.5 0.0 (/ pi 7.25)) (curve -0.8 1.5 0.5) (curve 0.8 1.5 0.5)))) (color 1 0 0 (C (lift -1.5 2.0 0) (curve 0 3.0 0))))),s_curve,red,s_curve,red,h_line,red,balanced_data/var_balanced/glyphs/dim3/var4/images/270.png
(C (C (lift -1 -2.0 (/ pi 2)) (curve 0 4.0 0) (lift 1 -2.0 (/ pi 2)) (curve 0 4.0 0)) (C (C (color 1 0 0 (C (lift -1.5 -2.0 (/ pi 7.25)) (curve -0.8 1.5 0.5) (curve 0.8 1.5 0.5))) (color 1 0 0 (C (lift -1.5 0.0 (/ pi 7.25)) (curve -0.8 1.5 0.5) (curve 0.8 1.5 0.5)))) (color 0 1 0 (C (lift -1.5 2.0 0) (curve 0 3.0 0))))),s_curve,red,s_curve,red,h_line,green,balanced_data/var_balanced/glyphs/dim3/var4/images/271.png
(C (C (lift -1 -2.0 (/ pi 2)) (curve 0 4.0 0) (lift 1 -2.0 (/ pi 2)) (curve 0 4.0 0)) (C (C (color 1 0 0 (C (lift -1.5 -2.0 (/ pi 7.25)) (curve -0.8 1.5 0.5) (curve 0.8 1.5 0.5))) (color 1 0 0 (C (lift -1.5 0.0 (/ pi 7.25)) (curve -0.8 1.5 0.5) (curve 0.8 1.5 0.5)))) (color 0 0 1 (C (lift -1.5 2.0 0) (curve 0 3.0 0))))),s_curve,red,s_curve,red,h_line,blue,balanced_data/var_balanced/glyphs/dim3/var4/images/272.png
(C (C (lift -1 -2.0 (/ pi 2)) (curve 0 4.0 0) (lift 1 -2.0 (/ pi 2)) (curve 0 4.0 0)) (C (C (color 1 0 0 (C (lift -1.5 -2.0 (/ pi 7.25)) (curve -0.8 1.5 0.5) (curve 0.8 1.5 0.5))) (color 1 0 0 (C (lift -1.5 0.0 (/ pi 7.25)) (curve -0.8 1.5 0.5) (curve 0.8 1.5 0.5)))) (color 1 0 0 (C (lift -1.5 2.0 (/ pi 7.25)) (curve -0.8 1.5 0.5) (curve 0.8 1.5 0.5))))),s_curve,red,s_curve,red,s_curve,red,balanced_data/var_balanced/glyphs/dim3/var4/images/273.png
(C (C (lift -1 -2.0 (/ pi 2)) (curve 0 4.0 0) (lift 1 -2.0 (/ pi 2)) (curve 0 4.0 0)) (C (C (color 1 0 0 (C (lift -1.5 -2.0 (/ pi 7.25)) (curve -0.8 1.5 0.5) (curve 0.8 1.5 0.5))) (color 1 0 0 (C (lift -1.5 0.0 (/ pi 7.25)) (curve -0.8 1.5 0.5) (curve 0.8 1.5 0.5)))) (color 0 1 0 (C (lift -1.5 2.0 (/ pi 7.25)) (curve -0.8 1.5 0.5) (curve 0.8 1.5 0.5))))),s_curve,red,s_curve,red,s_curve,green,balanced_data/var_balanced/glyphs/dim3/var4/images/274.png
(C (C (lift -1 -2.0 (/ pi 2)) (curve 0 4.0 0) (lift 1 -2.0 (/ pi 2)) (curve 0 4.0 0)) (C (C (color 1 0 0 (C (lift -1.5 -2.0 (/ pi 7.25)) (curve -0.8 1.5 0.5) (curve 0.8 1.5 0.5))) (color 1 0 0 (C (lift -1.5 0.0 (/ pi 7.25)) (curve -0.8 1.5 0.5) (curve 0.8 1.5 0.5)))) (color 0 0 1 (C (lift -1.5 2.0 (/ pi 7.25)) (curve -0.8 1.5 0.5) (curve 0.8 1.5 0.5))))),s_curve,red,s_curve,red,s_curve,blue,balanced_data/var_balanced/glyphs/dim3/var4/images/275.png
(C (C (lift -1 -2.0 (/ pi 2)) (curve 0 4.0 0) (lift 1 -2.0 (/ pi 2)) (curve 0 4.0 0)) (C (C (color 1 0 0 (C (lift -1.5 -2.0 (/ pi 7.25)) (curve -0.8 1.5 0.5) (curve 0.8 1.5 0.5))) (color 1 0 0 (C (lift -1.5 0.0 (/ pi 7.25)) (curve -0.8 1.5 0.5) (curve 0.8 1.5 0.5)))) (color 1 0 0 (C (lift -0.5 2.0 (/ pi 2)) (curve pi 0.314 1.0) (curve pi 0.314 1.0) (lift 0.5 2.0 (/ pi 2)) (curve pi 0.314 1.0) (curve pi 0.314 1.0))))),s_curve,red,s_curve,red,two_dots,red,balanced_data/var_balanced/glyphs/dim3/var4/images/276.png
(C (C (lift -1 -2.0 (/ pi 2)) (curve 0 4.0 0) (lift 1 -2.0 (/ pi 2)) (curve 0 4.0 0)) (C (C (color 1 0 0 (C (lift -1.5 -2.0 (/ pi 7.25)) (curve -0.8 1.5 0.5) (curve 0.8 1.5 0.5))) (color 1 0 0 (C (lift -1.5 0.0 (/ pi 7.25)) (curve -0.8 1.5 0.5) (curve 0.8 1.5 0.5)))) (color 0 1 0 (C (lift -0.5 2.0 (/ pi 2)) (curve pi 0.314 1.0) (curve pi 0.314 1.0) (lift 0.5 2.0 (/ pi 2)) (curve pi 0.314 1.0) (curve pi 0.314 1.0))))),s_curve,red,s_curve,red,two_dots,green,balanced_data/var_balanced/glyphs/dim3/var4/images/277.png
(C (C (lift -1 -2.0 (/ pi 2)) (curve 0 4.0 0) (lift 1 -2.0 (/ pi 2)) (curve 0 4.0 0)) (C (C (color 1 0 0 (C (lift -1.5 -2.0 (/ pi 7.25)) (curve -0.8 1.5 0.5) (curve 0.8 1.5 0.5))) (color 1 0 0 (C (lift -1.5 0.0 (/ pi 7.25)) (curve -0.8 1.5 0.5) (curve 0.8 1.5 0.5)))) (color 0 0 1 (C (lift -0.5 2.0 (/ pi 2)) (curve pi 0.314 1.0) (curve pi 0.314 1.0) (lift 0.5 2.0 (/ pi 2)) (curve pi 0.314 1.0) (curve pi 0.314 1.0))))),s_curve,red,s_curve,red,two_dots,blue,balanced_data/var_balanced/glyphs/dim3/var4/images/278.png
(C (C (lift -1 -2.0 (/ pi 2)) (curve 0 4.0 0) (lift 1 -2.0 (/ pi 2)) (curve 0 4.0 0)) (C (C (color 1 0 0 (C (lift -1.5 -2.0 (/ pi 7.25)) (curve -0.8 1.5 0.5) (curve 0.8 1.5 0.5))) (color 0 1 0 (C (lift -1.5 0.0 (/ pi 7.25)) (curve -0.8 1.5 0.5) (curve 0.8 1.5 0.5)))) (color 1 0 0 (C (lift -1.5 2.0 0) (curve 0 3.0 0))))),s_curve,red,s_curve,green,h_line,red,balanced_data/var_balanced/glyphs/dim3/var4/images/279.png
(C (C (lift -1 -2.0 (/ pi 2)) (curve 0 4.0 0) (lift 1 -2.0 (/ pi 2)) (curve 0 4.0 0)) (C (C (color 1 0 0 (C (lift -1.5 -2.0 (/ pi 7.25)) (curve -0.8 1.5 0.5) (curve 0.8 1.5 0.5))) (color 0 1 0 (C (lift -1.5 0.0 (/ pi 7.25)) (curve -0.8 1.5 0.5) (curve 0.8 1.5 0.5)))) (color 0 1 0 (C (lift -1.5 2.0 0) (curve 0 3.0 0))))),s_curve,red,s_curve,green,h_line,green,balanced_data/var_balanced/glyphs/dim3/var4/images/280.png
(C (C (lift -1 -2.0 (/ pi 2)) (curve 0 4.0 0) (lift 1 -2.0 (/ pi 2)) (curve 0 4.0 0)) (C (C (color 1 0 0 (C (lift -1.5 -2.0 (/ pi 7.25)) (curve -0.8 1.5 0.5) (curve 0.8 1.5 0.5))) (color 0 1 0 (C (lift -1.5 0.0 (/ pi 7.25)) (curve -0.8 1.5 0.5) (curve 0.8 1.5 0.5)))) (color 0 0 1 (C (lift -1.5 2.0 0) (curve 0 3.0 0))))),s_curve,red,s_curve,green,h_line,blue,balanced_data/var_balanced/glyphs/dim3/var4/images/281.png
(C (C (lift -1 -2.0 (/ pi 2)) (curve 0 4.0 0) (lift 1 -2.0 (/ pi 2)) (curve 0 4.0 0)) (C (C (color 1 0 0 (C (lift -1.5 -2.0 (/ pi 7.25)) (curve -0.8 1.5 0.5) (curve 0.8 1.5 0.5))) (color 0 1 0 (C (lift -1.5 0.0 (/ pi 7.25)) (curve -0.8 1.5 0.5) (curve 0.8 1.5 0.5)))) (color 1 0 0 (C (lift -1.5 2.0 (/ pi 7.25)) (curve -0.8 1.5 0.5) (curve 0.8 1.5 0.5))))),s_curve,red,s_curve,green,s_curve,red,balanced_data/var_balanced/glyphs/dim3/var4/images/282.png
(C (C (lift -1 -2.0 (/ pi 2)) (curve 0 4.0 0) (lift 1 -2.0 (/ pi 2)) (curve 0 4.0 0)) (C (C (color 1 0 0 (C (lift -1.5 -2.0 (/ pi 7.25)) (curve -0.8 1.5 0.5) (curve 0.8 1.5 0.5))) (color 0 1 0 (C (lift -1.5 0.0 (/ pi 7.25)) (curve -0.8 1.5 0.5) (curve 0.8 1.5 0.5)))) (color 0 1 0 (C (lift -1.5 2.0 (/ pi 7.25)) (curve -0.8 1.5 0.5) (curve 0.8 1.5 0.5))))),s_curve,red,s_curve,green,s_curve,green,balanced_data/var_balanced/glyphs/dim3/var4/images/283.png
(C (C (lift -1 -2.0 (/ pi 2)) (curve 0 4.0 0) (lift 1 -2.0 (/ pi 2)) (curve 0 4.0 0)) (C (C (color 1 0 0 (C (lift -1.5 -2.0 (/ pi 7.25)) (curve -0.8 1.5 0.5) (curve 0.8 1.5 0.5))) (color 0 1 0 (C (lift -1.5 0.0 (/ pi 7.25)) (curve -0.8 1.5 0.5) (curve 0.8 1.5 0.5)))) (color 0 0 1 (C (lift -1.5 2.0 (/ pi 7.25)) (curve -0.8 1.5 0.5) (curve 0.8 1.5 0.5))))),s_curve,red,s_curve,green,s_curve,blue,balanced_data/var_balanced/glyphs/dim3/var4/images/284.png
(C (C (lift -1 -2.0 (/ pi 2)) (curve 0 4.0 0) (lift 1 -2.0 (/ pi 2)) (curve 0 4.0 0)) (C (C (color 1 0 0 (C (lift -1.5 -2.0 (/ pi 7.25)) (curve -0.8 1.5 0.5) (curve 0.8 1.5 0.5))) (color 0 1 0 (C (lift -1.5 0.0 (/ pi 7.25)) (curve -0.8 1.5 0.5) (curve 0.8 1.5 0.5)))) (color 1 0 0 (C (lift -0.5 2.0 (/ pi 2)) (curve pi 0.314 1.0) (curve pi 0.314 1.0) (lift 0.5 2.0 (/ pi 2)) (curve pi 0.314 1.0) (curve pi 0.314 1.0))))),s_curve,red,s_curve,green,two_dots,red,balanced_data/var_balanced/glyphs/dim3/var4/images/285.png
(C (C (lift -1 -2.0 (/ pi 2)) (curve 0 4.0 0) (lift 1 -2.0 (/ pi 2)) (curve 0 4.0 0)) (C (C (color 1 0 0 (C (lift -1.5 -2.0 (/ pi 7.25)) (curve -0.8 1.5 0.5) (curve 0.8 1.5 0.5))) (color 0 1 0 (C (lift -1.5 0.0 (/ pi 7.25)) (curve -0.8 1.5 0.5) (curve 0.8 1.5 0.5)))) (color 0 1 0 (C (lift -0.5 2.0 (/ pi 2)) (curve pi 0.314 1.0) (curve pi 0.314 1.0) (lift 0.5 2.0 (/ pi 2)) (curve pi 0.314 1.0) (curve pi 0.314 1.0))))),s_curve,red,s_curve,green,two_dots,green,balanced_data/var_balanced/glyphs/dim3/var4/images/286.png
(C (C (lift -1 -2.0 (/ pi 2)) (curve 0 4.0 0) (lift 1 -2.0 (/ pi 2)) (curve 0 4.0 0)) (C (C (color 1 0 0 (C (lift -1.5 -2.0 (/ pi 7.25)) (curve -0.8 1.5 0.5) (curve 0.8 1.5 0.5))) (color 0 1 0 (C (lift -1.5 0.0 (/ pi 7.25)) (curve -0.8 1.5 0.5) (curve 0.8 1.5 0.5)))) (color 0 0 1 (C (lift -0.5 2.0 (/ pi 2)) (curve pi 0.314 1.0) (curve pi 0.314 1.0) (lift 0.5 2.0 (/ pi 2)) (curve pi 0.314 1.0) (curve pi 0.314 1.0))))),s_curve,red,s_curve,green,two_dots,blue,balanced_data/var_balanced/glyphs/dim3/var4/images/287.png
(C (C (lift -1 -2.0 (/ pi 2)) (curve 0 4.0 0) (lift 1 -2.0 (/ pi 2)) (curve 0 4.0 0)) (C (C (color 1 0 0 (C (lift -1.5 -2.0 (/ pi 7.25)) (curve -0.8 1.5 0.5) (curve 0.8 1.5 0.5))) (color 0 0 1 (C (lift -1.5 0.0 (/ pi 7.25)) (curve -0.8 1.5 0.5) (curve 0.8 1.5 0.5)))) (color 1 0 0 (C (lift -1.5 2.0 0) (curve 0 3.0 0))))),s_curve,red,s_curve,blue,h_line,red,balanced_data/var_balanced/glyphs/dim3/var4/images/288.png
(C (C (lift -1 -2.0 (/ pi 2)) (curve 0 4.0 0) (lift 1 -2.0 (/ pi 2)) (curve 0 4.0 0)) (C (C (color 1 0 0 (C (lift -1.5 -2.0 (/ pi 7.25)) (curve -0.8 1.5 0.5) (curve 0.8 1.5 0.5))) (color 0 0 1 (C (lift -1.5 0.0 (/ pi 7.25)) (curve -0.8 1.5 0.5) (curve 0.8 1.5 0.5)))) (color 0 1 0 (C (lift -1.5 2.0 0) (curve 0 3.0 0))))),s_curve,red,s_curve,blue,h_line,green,balanced_data/var_balanced/glyphs/dim3/var4/images/289.png
(C (C (lift -1 -2.0 (/ pi 2)) (curve 0 4.0 0) (lift 1 -2.0 (/ pi 2)) (curve 0 4.0 0)) (C (C (color 1 0 0 (C (lift -1.5 -2.0 (/ pi 7.25)) (curve -0.8 1.5 0.5) (curve 0.8 1.5 0.5))) (color 0 0 1 (C (lift -1.5 0.0 (/ pi 7.25)) (curve -0.8 1.5 0.5) (curve 0.8 1.5 0.5)))) (color 0 0 1 (C (lift -1.5 2.0 0) (curve 0 3.0 0))))),s_curve,red,s_curve,blue,h_line,blue,balanced_data/var_balanced/glyphs/dim3/var4/images/290.png
(C (C (lift -1 -2.0 (/ pi 2)) (curve 0 4.0 0) (lift 1 -2.0 (/ pi 2)) (curve 0 4.0 0)) (C (C (color 1 0 0 (C (lift -1.5 -2.0 (/ pi 7.25)) (curve -0.8 1.5 0.5) (curve 0.8 1.5 0.5))) (color 0 0 1 (C (lift -1.5 0.0 (/ pi 7.25)) (curve -0.8 1.5 0.5) (curve 0.8 1.5 0.5)))) (color 1 0 0 (C (lift -1.5 2.0 (/ pi 7.25)) (curve -0.8 1.5 0.5) (curve 0.8 1.5 0.5))))),s_curve,red,s_curve,blue,s_curve,red,balanced_data/var_balanced/glyphs/dim3/var4/images/291.png
(C (C (lift -1 -2.0 (/ pi 2)) (curve 0 4.0 0) (lift 1 -2.0 (/ pi 2)) (curve 0 4.0 0)) (C (C (color 1 0 0 (C (lift -1.5 -2.0 (/ pi 7.25)) (curve -0.8 1.5 0.5) (curve 0.8 1.5 0.5))) (color 0 0 1 (C (lift -1.5 0.0 (/ pi 7.25)) (curve -0.8 1.5 0.5) (curve 0.8 1.5 0.5)))) (color 0 1 0 (C (lift -1.5 2.0 (/ pi 7.25)) (curve -0.8 1.5 0.5) (curve 0.8 1.5 0.5))))),s_curve,red,s_curve,blue,s_curve,green,balanced_data/var_balanced/glyphs/dim3/var4/images/292.png
(C (C (lift -1 -2.0 (/ pi 2)) (curve 0 4.0 0) (lift 1 -2.0 (/ pi 2)) (curve 0 4.0 0)) (C (C (color 1 0 0 (C (lift -1.5 -2.0 (/ pi 7.25)) (curve -0.8 1.5 0.5) (curve 0.8 1.5 0.5))) (color 0 0 1 (C (lift -1.5 0.0 (/ pi 7.25)) (curve -0.8 1.5 0.5) (curve 0.8 1.5 0.5)))) (color 0 0 1 (C (lift -1.5 2.0 (/ pi 7.25)) (curve -0.8 1.5 0.5) (curve 0.8 1.5 0.5))))),s_curve,red,s_curve,blue,s_curve,blue,balanced_data/var_balanced/glyphs/dim3/var4/images/293.png
(C (C (lift -1 -2.0 (/ pi 2)) (curve 0 4.0 0) (lift 1 -2.0 (/ pi 2)) (curve 0 4.0 0)) (C (C (color 1 0 0 (C (lift -1.5 -2.0 (/ pi 7.25)) (curve -0.8 1.5 0.5) (curve 0.8 1.5 0.5))) (color 0 0 1 (C (lift -1.5 0.0 (/ pi 7.25)) (curve -0.8 1.5 0.5) (curve 0.8 1.5 0.5)))) (color 1 0 0 (C (lift -0.5 2.0 (/ pi 2)) (curve pi 0.314 1.0) (curve pi 0.314 1.0) (lift 0.5 2.0 (/ pi 2)) (curve pi 0.314 1.0) (curve pi 0.314 1.0))))),s_curve,red,s_curve,blue,two_dots,red,balanced_data/var_balanced/glyphs/dim3/var4/images/294.png
(C (C (lift -1 -2.0 (/ pi 2)) (curve 0 4.0 0) (lift 1 -2.0 (/ pi 2)) (curve 0 4.0 0)) (C (C (color 1 0 0 (C (lift -1.5 -2.0 (/ pi 7.25)) (curve -0.8 1.5 0.5) (curve 0.8 1.5 0.5))) (color 0 0 1 (C (lift -1.5 0.0 (/ pi 7.25)) (curve -0.8 1.5 0.5) (curve 0.8 1.5 0.5)))) (color 0 1 0 (C (lift -0.5 2.0 (/ pi 2)) (curve pi 0.314 1.0) (curve pi 0.314 1.0) (lift 0.5 2.0 (/ pi 2)) (curve pi 0.314 1.0) (curve pi 0.314 1.0))))),s_curve,red,s_curve,blue,two_dots,green,balanced_data/var_balanced/glyphs/dim3/var4/images/295.png
(C (C (lift -1 -2.0 (/ pi 2)) (curve 0 4.0 0) (lift 1 -2.0 (/ pi 2)) (curve 0 4.0 0)) (C (C (color 1 0 0 (C (lift -1.5 -2.0 (/ pi 7.25)) (curve -0.8 1.5 0.5) (curve 0.8 1.5 0.5))) (color 0 0 1 (C (lift -1.5 0.0 (/ pi 7.25)) (curve -0.8 1.5 0.5) (curve 0.8 1.5 0.5)))) (color 0 0 1 (C (lift -0.5 2.0 (/ pi 2)) (curve pi 0.314 1.0) (curve pi 0.314 1.0) (lift 0.5 2.0 (/ pi 2)) (curve pi 0.314 1.0) (curve pi 0.314 1.0))))),s_curve,red,s_curve,blue,two_dots,blue,balanced_data/var_balanced/glyphs/dim3/var4/images/296.png
(C (C (lift -1 -2.0 (/ pi 2)) (curve 0 4.0 0) (lift 1 -2.0 (/ pi 2)) (curve 0 4.0 0)) (C (C (color 1 0 0 (C (lift -1.5 -2.0 (/ pi 7.25)) (curve -0.8 1.5 0.5) (curve 0.8 1.5 0.5))) (color 1 0 0 (C (lift -0.5 0.0 (/ pi 2)) (curve pi 0.314 1.0) (curve pi 0.314 1.0) (lift 0.5 0.0 (/ pi 2)) (curve pi 0.314 1.0) (curve pi 0.314 1.0)))) (color 1 0 0 (C (lift -1.5 2.0 0) (curve 0 3.0 0))))),s_curve,red,two_dots,red,h_line,red,balanced_data/var_balanced/glyphs/dim3/var4/images/297.png
(C (C (lift -1 -2.0 (/ pi 2)) (curve 0 4.0 0) (lift 1 -2.0 (/ pi 2)) (curve 0 4.0 0)) (C (C (color 1 0 0 (C (lift -1.5 -2.0 (/ pi 7.25)) (curve -0.8 1.5 0.5) (curve 0.8 1.5 0.5))) (color 1 0 0 (C (lift -0.5 0.0 (/ pi 2)) (curve pi 0.314 1.0) (curve pi 0.314 1.0) (lift 0.5 0.0 (/ pi 2)) (curve pi 0.314 1.0) (curve pi 0.314 1.0)))) (color 0 1 0 (C (lift -1.5 2.0 0) (curve 0 3.0 0))))),s_curve,red,two_dots,red,h_line,green,balanced_data/var_balanced/glyphs/dim3/var4/images/298.png
(C (C (lift -1 -2.0 (/ pi 2)) (curve 0 4.0 0) (lift 1 -2.0 (/ pi 2)) (curve 0 4.0 0)) (C (C (color 1 0 0 (C (lift -1.5 -2.0 (/ pi 7.25)) (curve -0.8 1.5 0.5) (curve 0.8 1.5 0.5))) (color 1 0 0 (C (lift -0.5 0.0 (/ pi 2)) (curve pi 0.314 1.0) (curve pi 0.314 1.0) (lift 0.5 0.0 (/ pi 2)) (curve pi 0.314 1.0) (curve pi 0.314 1.0)))) (color 0 0 1 (C (lift -1.5 2.0 0) (curve 0 3.0 0))))),s_curve,red,two_dots,red,h_line,blue,balanced_data/var_balanced/glyphs/dim3/var4/images/299.png
(C (C (lift -1 -2.0 (/ pi 2)) (curve 0 4.0 0) (lift 1 -2.0 (/ pi 2)) (curve 0 4.0 0)) (C (C (color 1 0 0 (C (lift -1.5 -2.0 (/ pi 7.25)) (curve -0.8 1.5 0.5) (curve 0.8 1.5 0.5))) (color 1 0 0 (C (lift -0.5 0.0 (/ pi 2)) (curve pi 0.314 1.0) (curve pi 0.314 1.0) (lift 0.5 0.0 (/ pi 2)) (curve pi 0.314 1.0) (curve pi 0.314 1.0)))) (color 1 0 0 (C (lift -1.5 2.0 (/ pi 7.25)) (curve -0.8 1.5 0.5) (curve 0.8 1.5 0.5))))),s_curve,red,two_dots,red,s_curve,red,balanced_data/var_balanced/glyphs/dim3/var4/images/300.png
(C (C (lift -1 -2.0 (/ pi 2)) (curve 0 4.0 0) (lift 1 -2.0 (/ pi 2)) (curve 0 4.0 0)) (C (C (color 1 0 0 (C (lift -1.5 -2.0 (/ pi 7.25)) (curve -0.8 1.5 0.5) (curve 0.8 1.5 0.5))) (color 1 0 0 (C (lift -0.5 0.0 (/ pi 2)) (curve pi 0.314 1.0) (curve pi 0.314 1.0) (lift 0.5 0.0 (/ pi 2)) (curve pi 0.314 1.0) (curve pi 0.314 1.0)))) (color 0 1 0 (C (lift -1.5 2.0 (/ pi 7.25)) (curve -0.8 1.5 0.5) (curve 0.8 1.5 0.5))))),s_curve,red,two_dots,red,s_curve,green,balanced_data/var_balanced/glyphs/dim3/var4/images/301.png
(C (C (lift -1 -2.0 (/ pi 2)) (curve 0 4.0 0) (lift 1 -2.0 (/ pi 2)) (curve 0 4.0 0)) (C (C (color 1 0 0 (C (lift -1.5 -2.0 (/ pi 7.25)) (curve -0.8 1.5 0.5) (curve 0.8 1.5 0.5))) (color 1 0 0 (C (lift -0.5 0.0 (/ pi 2)) (curve pi 0.314 1.0) (curve pi 0.314 1.0) (lift 0.5 0.0 (/ pi 2)) (curve pi 0.314 1.0) (curve pi 0.314 1.0)))) (color 0 0 1 (C (lift -1.5 2.0 (/ pi 7.25)) (curve -0.8 1.5 0.5) (curve 0.8 1.5 0.5))))),s_curve,red,two_dots,red,s_curve,blue,balanced_data/var_balanced/glyphs/dim3/var4/images/302.png
(C (C (lift -1 -2.0 (/ pi 2)) (curve 0 4.0 0) (lift 1 -2.0 (/ pi 2)) (curve 0 4.0 0)) (C (C (color 1 0 0 (C (lift -1.5 -2.0 (/ pi 7.25)) (curve -0.8 1.5 0.5) (curve 0.8 1.5 0.5))) (color 1 0 0 (C (lift -0.5 0.0 (/ pi 2)) (curve pi 0.314 1.0) (curve pi 0.314 1.0) (lift 0.5 0.0 (/ pi 2)) (curve pi 0.314 1.0) (curve pi 0.314 1.0)))) (color 1 0 0 (C (lift -0.5 2.0 (/ pi 2)) (curve pi 0.314 1.0) (curve pi 0.314 1.0) (lift 0.5 2.0 (/ pi 2)) (curve pi 0.314 1.0) (curve pi 0.314 1.0))))),s_curve,red,two_dots,red,two_dots,red,balanced_data/var_balanced/glyphs/dim3/var4/images/303.png
(C (C (lift -1 -2.0 (/ pi 2)) (curve 0 4.0 0) (lift 1 -2.0 (/ pi 2)) (curve 0 4.0 0)) (C (C (color 1 0 0 (C (lift -1.5 -2.0 (/ pi 7.25)) (curve -0.8 1.5 0.5) (curve 0.8 1.5 0.5))) (color 1 0 0 (C (lift -0.5 0.0 (/ pi 2)) (curve pi 0.314 1.0) (curve pi 0.314 1.0) (lift 0.5 0.0 (/ pi 2)) (curve pi 0.314 1.0) (curve pi 0.314 1.0)))) (color 0 1 0 (C (lift -0.5 2.0 (/ pi 2)) (curve pi 0.314 1.0) (curve pi 0.314 1.0) (lift 0.5 2.0 (/ pi 2)) (curve pi 0.314 1.0) (curve pi 0.314 1.0))))),s_curve,red,two_dots,red,two_dots,green,balanced_data/var_balanced/glyphs/dim3/var4/images/304.png
(C (C (lift -1 -2.0 (/ pi 2)) (curve 0 4.0 0) (lift 1 -2.0 (/ pi 2)) (curve 0 4.0 0)) (C (C (color 1 0 0 (C (lift -1.5 -2.0 (/ pi 7.25)) (curve -0.8 1.5 0.5) (curve 0.8 1.5 0.5))) (color 1 0 0 (C (lift -0.5 0.0 (/ pi 2)) (curve pi 0.314 1.0) (curve pi 0.314 1.0) (lift 0.5 0.0 (/ pi 2)) (curve pi 0.314 1.0) (curve pi 0.314 1.0)))) (color 0 0 1 (C (lift -0.5 2.0 (/ pi 2)) (curve pi 0.314 1.0) (curve pi 0.314 1.0) (lift 0.5 2.0 (/ pi 2)) (curve pi 0.314 1.0) (curve pi 0.314 1.0))))),s_curve,red,two_dots,red,two_dots,blue,balanced_data/var_balanced/glyphs/dim3/var4/images/305.png
(C (C (lift -1 -2.0 (/ pi 2)) (curve 0 4.0 0) (lift 1 -2.0 (/ pi 2)) (curve 0 4.0 0)) (C (C (color 1 0 0 (C (lift -1.5 -2.0 (/ pi 7.25)) (curve -0.8 1.5 0.5) (curve 0.8 1.5 0.5))) (color 0 1 0 (C (lift -0.5 0.0 (/ pi 2)) (curve pi 0.314 1.0) (curve pi 0.314 1.0) (lift 0.5 0.0 (/ pi 2)) (curve pi 0.314 1.0) (curve pi 0.314 1.0)))) (color 1 0 0 (C (lift -1.5 2.0 0) (curve 0 3.0 0))))),s_curve,red,two_dots,green,h_line,red,balanced_data/var_balanced/glyphs/dim3/var4/images/306.png
(C (C (lift -1 -2.0 (/ pi 2)) (curve 0 4.0 0) (lift 1 -2.0 (/ pi 2)) (curve 0 4.0 0)) (C (C (color 1 0 0 (C (lift -1.5 -2.0 (/ pi 7.25)) (curve -0.8 1.5 0.5) (curve 0.8 1.5 0.5))) (color 0 1 0 (C (lift -0.5 0.0 (/ pi 2)) (curve pi 0.314 1.0) (curve pi 0.314 1.0) (lift 0.5 0.0 (/ pi 2)) (curve pi 0.314 1.0) (curve pi 0.314 1.0)))) (color 0 1 0 (C (lift -1.5 2.0 0) (curve 0 3.0 0))))),s_curve,red,two_dots,green,h_line,green,balanced_data/var_balanced/glyphs/dim3/var4/images/307.png
(C (C (lift -1 -2.0 (/ pi 2)) (curve 0 4.0 0) (lift 1 -2.0 (/ pi 2)) (curve 0 4.0 0)) (C (C (color 1 0 0 (C (lift -1.5 -2.0 (/ pi 7.25)) (curve -0.8 1.5 0.5) (curve 0.8 1.5 0.5))) (color 0 1 0 (C (lift -0.5 0.0 (/ pi 2)) (curve pi 0.314 1.0) (curve pi 0.314 1.0) (lift 0.5 0.0 (/ pi 2)) (curve pi 0.314 1.0) (curve pi 0.314 1.0)))) (color 0 0 1 (C (lift -1.5 2.0 0) (curve 0 3.0 0))))),s_curve,red,two_dots,green,h_line,blue,balanced_data/var_balanced/glyphs/dim3/var4/images/308.png
(C (C (lift -1 -2.0 (/ pi 2)) (curve 0 4.0 0) (lift 1 -2.0 (/ pi 2)) (curve 0 4.0 0)) (C (C (color 1 0 0 (C (lift -1.5 -2.0 (/ pi 7.25)) (curve -0.8 1.5 0.5) (curve 0.8 1.5 0.5))) (color 0 1 0 (C (lift -0.5 0.0 (/ pi 2)) (curve pi 0.314 1.0) (curve pi 0.314 1.0) (lift 0.5 0.0 (/ pi 2)) (curve pi 0.314 1.0) (curve pi 0.314 1.0)))) (color 1 0 0 (C (lift -1.5 2.0 (/ pi 7.25)) (curve -0.8 1.5 0.5) (curve 0.8 1.5 0.5))))),s_curve,red,two_dots,green,s_curve,red,balanced_data/var_balanced/glyphs/dim3/var4/images/309.png
(C (C (lift -1 -2.0 (/ pi 2)) (curve 0 4.0 0) (lift 1 -2.0 (/ pi 2)) (curve 0 4.0 0)) (C (C (color 1 0 0 (C (lift -1.5 -2.0 (/ pi 7.25)) (curve -0.8 1.5 0.5) (curve 0.8 1.5 0.5))) (color 0 1 0 (C (lift -0.5 0.0 (/ pi 2)) (curve pi 0.314 1.0) (curve pi 0.314 1.0) (lift 0.5 0.0 (/ pi 2)) (curve pi 0.314 1.0) (curve pi 0.314 1.0)))) (color 0 1 0 (C (lift -1.5 2.0 (/ pi 7.25)) (curve -0.8 1.5 0.5) (curve 0.8 1.5 0.5))))),s_curve,red,two_dots,green,s_curve,green,balanced_data/var_balanced/glyphs/dim3/var4/images/310.png
(C (C (lift -1 -2.0 (/ pi 2)) (curve 0 4.0 0) (lift 1 -2.0 (/ pi 2)) (curve 0 4.0 0)) (C (C (color 1 0 0 (C (lift -1.5 -2.0 (/ pi 7.25)) (curve -0.8 1.5 0.5) (curve 0.8 1.5 0.5))) (color 0 1 0 (C (lift -0.5 0.0 (/ pi 2)) (curve pi 0.314 1.0) (curve pi 0.314 1.0) (lift 0.5 0.0 (/ pi 2)) (curve pi 0.314 1.0) (curve pi 0.314 1.0)))) (color 0 0 1 (C (lift -1.5 2.0 (/ pi 7.25)) (curve -0.8 1.5 0.5) (curve 0.8 1.5 0.5))))),s_curve,red,two_dots,green,s_curve,blue,balanced_data/var_balanced/glyphs/dim3/var4/images/311.png
(C (C (lift -1 -2.0 (/ pi 2)) (curve 0 4.0 0) (lift 1 -2.0 (/ pi 2)) (curve 0 4.0 0)) (C (C (color 1 0 0 (C (lift -1.5 -2.0 (/ pi 7.25)) (curve -0.8 1.5 0.5) (curve 0.8 1.5 0.5))) (color 0 1 0 (C (lift -0.5 0.0 (/ pi 2)) (curve pi 0.314 1.0) (curve pi 0.314 1.0) (lift 0.5 0.0 (/ pi 2)) (curve pi 0.314 1.0) (curve pi 0.314 1.0)))) (color 1 0 0 (C (lift -0.5 2.0 (/ pi 2)) (curve pi 0.314 1.0) (curve pi 0.314 1.0) (lift 0.5 2.0 (/ pi 2)) (curve pi 0.314 1.0) (curve pi 0.314 1.0))))),s_curve,red,two_dots,green,two_dots,red,balanced_data/var_balanced/glyphs/dim3/var4/images/312.png
(C (C (lift -1 -2.0 (/ pi 2)) (curve 0 4.0 0) (lift 1 -2.0 (/ pi 2)) (curve 0 4.0 0)) (C (C (color 1 0 0 (C (lift -1.5 -2.0 (/ pi 7.25)) (curve -0.8 1.5 0.5) (curve 0.8 1.5 0.5))) (color 0 1 0 (C (lift -0.5 0.0 (/ pi 2)) (curve pi 0.314 1.0) (curve pi 0.314 1.0) (lift 0.5 0.0 (/ pi 2)) (curve pi 0.314 1.0) (curve pi 0.314 1.0)))) (color 0 1 0 (C (lift -0.5 2.0 (/ pi 2)) (curve pi 0.314 1.0) (curve pi 0.314 1.0) (lift 0.5 2.0 (/ pi 2)) (curve pi 0.314 1.0) (curve pi 0.314 1.0))))),s_curve,red,two_dots,green,two_dots,green,balanced_data/var_balanced/glyphs/dim3/var4/images/313.png
(C (C (lift -1 -2.0 (/ pi 2)) (curve 0 4.0 0) (lift 1 -2.0 (/ pi 2)) (curve 0 4.0 0)) (C (C (color 1 0 0 (C (lift -1.5 -2.0 (/ pi 7.25)) (curve -0.8 1.5 0.5) (curve 0.8 1.5 0.5))) (color 0 1 0 (C (lift -0.5 0.0 (/ pi 2)) (curve pi 0.314 1.0) (curve pi 0.314 1.0) (lift 0.5 0.0 (/ pi 2)) (curve pi 0.314 1.0) (curve pi 0.314 1.0)))) (color 0 0 1 (C (lift -0.5 2.0 (/ pi 2)) (curve pi 0.314 1.0) (curve pi 0.314 1.0) (lift 0.5 2.0 (/ pi 2)) (curve pi 0.314 1.0) (curve pi 0.314 1.0))))),s_curve,red,two_dots,green,two_dots,blue,balanced_data/var_balanced/glyphs/dim3/var4/images/314.png
(C (C (lift -1 -2.0 (/ pi 2)) (curve 0 4.0 0) (lift 1 -2.0 (/ pi 2)) (curve 0 4.0 0)) (C (C (color 1 0 0 (C (lift -1.5 -2.0 (/ pi 7.25)) (curve -0.8 1.5 0.5) (curve 0.8 1.5 0.5))) (color 0 0 1 (C (lift -0.5 0.0 (/ pi 2)) (curve pi 0.314 1.0) (curve pi 0.314 1.0) (lift 0.5 0.0 (/ pi 2)) (curve pi 0.314 1.0) (curve pi 0.314 1.0)))) (color 1 0 0 (C (lift -1.5 2.0 0) (curve 0 3.0 0))))),s_curve,red,two_dots,blue,h_line,red,balanced_data/var_balanced/glyphs/dim3/var4/images/315.png
(C (C (lift -1 -2.0 (/ pi 2)) (curve 0 4.0 0) (lift 1 -2.0 (/ pi 2)) (curve 0 4.0 0)) (C (C (color 1 0 0 (C (lift -1.5 -2.0 (/ pi 7.25)) (curve -0.8 1.5 0.5) (curve 0.8 1.5 0.5))) (color 0 0 1 (C (lift -0.5 0.0 (/ pi 2)) (curve pi 0.314 1.0) (curve pi 0.314 1.0) (lift 0.5 0.0 (/ pi 2)) (curve pi 0.314 1.0) (curve pi 0.314 1.0)))) (color 0 1 0 (C (lift -1.5 2.0 0) (curve 0 3.0 0))))),s_curve,red,two_dots,blue,h_line,green,balanced_data/var_balanced/glyphs/dim3/var4/images/316.png
(C (C (lift -1 -2.0 (/ pi 2)) (curve 0 4.0 0) (lift 1 -2.0 (/ pi 2)) (curve 0 4.0 0)) (C (C (color 1 0 0 (C (lift -1.5 -2.0 (/ pi 7.25)) (curve -0.8 1.5 0.5) (curve 0.8 1.5 0.5))) (color 0 0 1 (C (lift -0.5 0.0 (/ pi 2)) (curve pi 0.314 1.0) (curve pi 0.314 1.0) (lift 0.5 0.0 (/ pi 2)) (curve pi 0.314 1.0) (curve pi 0.314 1.0)))) (color 0 0 1 (C (lift -1.5 2.0 0) (curve 0 3.0 0))))),s_curve,red,two_dots,blue,h_line,blue,balanced_data/var_balanced/glyphs/dim3/var4/images/317.png
(C (C (lift -1 -2.0 (/ pi 2)) (curve 0 4.0 0) (lift 1 -2.0 (/ pi 2)) (curve 0 4.0 0)) (C (C (color 1 0 0 (C (lift -1.5 -2.0 (/ pi 7.25)) (curve -0.8 1.5 0.5) (curve 0.8 1.5 0.5))) (color 0 0 1 (C (lift -0.5 0.0 (/ pi 2)) (curve pi 0.314 1.0) (curve pi 0.314 1.0) (lift 0.5 0.0 (/ pi 2)) (curve pi 0.314 1.0) (curve pi 0.314 1.0)))) (color 1 0 0 (C (lift -1.5 2.0 (/ pi 7.25)) (curve -0.8 1.5 0.5) (curve 0.8 1.5 0.5))))),s_curve,red,two_dots,blue,s_curve,red,balanced_data/var_balanced/glyphs/dim3/var4/images/318.png
(C (C (lift -1 -2.0 (/ pi 2)) (curve 0 4.0 0) (lift 1 -2.0 (/ pi 2)) (curve 0 4.0 0)) (C (C (color 1 0 0 (C (lift -1.5 -2.0 (/ pi 7.25)) (curve -0.8 1.5 0.5) (curve 0.8 1.5 0.5))) (color 0 0 1 (C (lift -0.5 0.0 (/ pi 2)) (curve pi 0.314 1.0) (curve pi 0.314 1.0) (lift 0.5 0.0 (/ pi 2)) (curve pi 0.314 1.0) (curve pi 0.314 1.0)))) (color 0 1 0 (C (lift -1.5 2.0 (/ pi 7.25)) (curve -0.8 1.5 0.5) (curve 0.8 1.5 0.5))))),s_curve,red,two_dots,blue,s_curve,green,balanced_data/var_balanced/glyphs/dim3/var4/images/319.png
(C (C (lift -1 -2.0 (/ pi 2)) (curve 0 4.0 0) (lift 1 -2.0 (/ pi 2)) (curve 0 4.0 0)) (C (C (color 1 0 0 (C (lift -1.5 -2.0 (/ pi 7.25)) (curve -0.8 1.5 0.5) (curve 0.8 1.5 0.5))) (color 0 0 1 (C (lift -0.5 0.0 (/ pi 2)) (curve pi 0.314 1.0) (curve pi 0.314 1.0) (lift 0.5 0.0 (/ pi 2)) (curve pi 0.314 1.0) (curve pi 0.314 1.0)))) (color 0 0 1 (C (lift -1.5 2.0 (/ pi 7.25)) (curve -0.8 1.5 0.5) (curve 0.8 1.5 0.5))))),s_curve,red,two_dots,blue,s_curve,blue,balanced_data/var_balanced/glyphs/dim3/var4/images/320.png
(C (C (lift -1 -2.0 (/ pi 2)) (curve 0 4.0 0) (lift 1 -2.0 (/ pi 2)) (curve 0 4.0 0)) (C (C (color 1 0 0 (C (lift -1.5 -2.0 (/ pi 7.25)) (curve -0.8 1.5 0.5) (curve 0.8 1.5 0.5))) (color 0 0 1 (C (lift -0.5 0.0 (/ pi 2)) (curve pi 0.314 1.0) (curve pi 0.314 1.0) (lift 0.5 0.0 (/ pi 2)) (curve pi 0.314 1.0) (curve pi 0.314 1.0)))) (color 1 0 0 (C (lift -0.5 2.0 (/ pi 2)) (curve pi 0.314 1.0) (curve pi 0.314 1.0) (lift 0.5 2.0 (/ pi 2)) (curve pi 0.314 1.0) (curve pi 0.314 1.0))))),s_curve,red,two_dots,blue,two_dots,red,balanced_data/var_balanced/glyphs/dim3/var4/images/321.png
(C (C (lift -1 -2.0 (/ pi 2)) (curve 0 4.0 0) (lift 1 -2.0 (/ pi 2)) (curve 0 4.0 0)) (C (C (color 1 0 0 (C (lift -1.5 -2.0 (/ pi 7.25)) (curve -0.8 1.5 0.5) (curve 0.8 1.5 0.5))) (color 0 0 1 (C (lift -0.5 0.0 (/ pi 2)) (curve pi 0.314 1.0) (curve pi 0.314 1.0) (lift 0.5 0.0 (/ pi 2)) (curve pi 0.314 1.0) (curve pi 0.314 1.0)))) (color 0 1 0 (C (lift -0.5 2.0 (/ pi 2)) (curve pi 0.314 1.0) (curve pi 0.314 1.0) (lift 0.5 2.0 (/ pi 2)) (curve pi 0.314 1.0) (curve pi 0.314 1.0))))),s_curve,red,two_dots,blue,two_dots,green,balanced_data/var_balanced/glyphs/dim3/var4/images/322.png
(C (C (lift -1 -2.0 (/ pi 2)) (curve 0 4.0 0) (lift 1 -2.0 (/ pi 2)) (curve 0 4.0 0)) (C (C (color 1 0 0 (C (lift -1.5 -2.0 (/ pi 7.25)) (curve -0.8 1.5 0.5) (curve 0.8 1.5 0.5))) (color 0 0 1 (C (lift -0.5 0.0 (/ pi 2)) (curve pi 0.314 1.0) (curve pi 0.314 1.0) (lift 0.5 0.0 (/ pi 2)) (curve pi 0.314 1.0) (curve pi 0.314 1.0)))) (color 0 0 1 (C (lift -0.5 2.0 (/ pi 2)) (curve pi 0.314 1.0) (curve pi 0.314 1.0) (lift 0.5 2.0 (/ pi 2)) (curve pi 0.314 1.0) (curve pi 0.314 1.0))))),s_curve,red,two_dots,blue,two_dots,blue,balanced_data/var_balanced/glyphs/dim3/var4/images/323.png
(C (C (lift -1 -2.0 (/ pi 2)) (curve 0 4.0 0) (lift 1 -2.0 (/ pi 2)) (curve 0 4.0 0)) (C (C (color 0 1 0 (C (lift -1.5 -2.0 (/ pi 7.25)) (curve -0.8 1.5 0.5) (curve 0.8 1.5 0.5))) (color 1 0 0 (C (lift -1.5 0.0 0) (curve 0 3.0 0)))) (color 1 0 0 (C (lift -1.5 2.0 0) (curve 0 3.0 0))))),s_curve,green,h_line,red,h_line,red,balanced_data/var_balanced/glyphs/dim3/var4/images/324.png
(C (C (lift -1 -2.0 (/ pi 2)) (curve 0 4.0 0) (lift 1 -2.0 (/ pi 2)) (curve 0 4.0 0)) (C (C (color 0 1 0 (C (lift -1.5 -2.0 (/ pi 7.25)) (curve -0.8 1.5 0.5) (curve 0.8 1.5 0.5))) (color 1 0 0 (C (lift -1.5 0.0 0) (curve 0 3.0 0)))) (color 0 1 0 (C (lift -1.5 2.0 0) (curve 0 3.0 0))))),s_curve,green,h_line,red,h_line,green,balanced_data/var_balanced/glyphs/dim3/var4/images/325.png
(C (C (lift -1 -2.0 (/ pi 2)) (curve 0 4.0 0) (lift 1 -2.0 (/ pi 2)) (curve 0 4.0 0)) (C (C (color 0 1 0 (C (lift -1.5 -2.0 (/ pi 7.25)) (curve -0.8 1.5 0.5) (curve 0.8 1.5 0.5))) (color 1 0 0 (C (lift -1.5 0.0 0) (curve 0 3.0 0)))) (color 0 0 1 (C (lift -1.5 2.0 0) (curve 0 3.0 0))))),s_curve,green,h_line,red,h_line,blue,balanced_data/var_balanced/glyphs/dim3/var4/images/326.png
(C (C (lift -1 -2.0 (/ pi 2)) (curve 0 4.0 0) (lift 1 -2.0 (/ pi 2)) (curve 0 4.0 0)) (C (C (color 0 1 0 (C (lift -1.5 -2.0 (/ pi 7.25)) (curve -0.8 1.5 0.5) (curve 0.8 1.5 0.5))) (color 1 0 0 (C (lift -1.5 0.0 0) (curve 0 3.0 0)))) (color 1 0 0 (C (lift -1.5 2.0 (/ pi 7.25)) (curve -0.8 1.5 0.5) (curve 0.8 1.5 0.5))))),s_curve,green,h_line,red,s_curve,red,balanced_data/var_balanced/glyphs/dim3/var4/images/327.png
(C (C (lift -1 -2.0 (/ pi 2)) (curve 0 4.0 0) (lift 1 -2.0 (/ pi 2)) (curve 0 4.0 0)) (C (C (color 0 1 0 (C (lift -1.5 -2.0 (/ pi 7.25)) (curve -0.8 1.5 0.5) (curve 0.8 1.5 0.5))) (color 1 0 0 (C (lift -1.5 0.0 0) (curve 0 3.0 0)))) (color 0 1 0 (C (lift -1.5 2.0 (/ pi 7.25)) (curve -0.8 1.5 0.5) (curve 0.8 1.5 0.5))))),s_curve,green,h_line,red,s_curve,green,balanced_data/var_balanced/glyphs/dim3/var4/images/328.png
(C (C (lift -1 -2.0 (/ pi 2)) (curve 0 4.0 0) (lift 1 -2.0 (/ pi 2)) (curve 0 4.0 0)) (C (C (color 0 1 0 (C (lift -1.5 -2.0 (/ pi 7.25)) (curve -0.8 1.5 0.5) (curve 0.8 1.5 0.5))) (color 1 0 0 (C (lift -1.5 0.0 0) (curve 0 3.0 0)))) (color 0 0 1 (C (lift -1.5 2.0 (/ pi 7.25)) (curve -0.8 1.5 0.5) (curve 0.8 1.5 0.5))))),s_curve,green,h_line,red,s_curve,blue,balanced_data/var_balanced/glyphs/dim3/var4/images/329.png
(C (C (lift -1 -2.0 (/ pi 2)) (curve 0 4.0 0) (lift 1 -2.0 (/ pi 2)) (curve 0 4.0 0)) (C (C (color 0 1 0 (C (lift -1.5 -2.0 (/ pi 7.25)) (curve -0.8 1.5 0.5) (curve 0.8 1.5 0.5))) (color 1 0 0 (C (lift -1.5 0.0 0) (curve 0 3.0 0)))) (color 1 0 0 (C (lift -0.5 2.0 (/ pi 2)) (curve pi 0.314 1.0) (curve pi 0.314 1.0) (lift 0.5 2.0 (/ pi 2)) (curve pi 0.314 1.0) (curve pi 0.314 1.0))))),s_curve,green,h_line,red,two_dots,red,balanced_data/var_balanced/glyphs/dim3/var4/images/330.png
(C (C (lift -1 -2.0 (/ pi 2)) (curve 0 4.0 0) (lift 1 -2.0 (/ pi 2)) (curve 0 4.0 0)) (C (C (color 0 1 0 (C (lift -1.5 -2.0 (/ pi 7.25)) (curve -0.8 1.5 0.5) (curve 0.8 1.5 0.5))) (color 1 0 0 (C (lift -1.5 0.0 0) (curve 0 3.0 0)))) (color 0 1 0 (C (lift -0.5 2.0 (/ pi 2)) (curve pi 0.314 1.0) (curve pi 0.314 1.0) (lift 0.5 2.0 (/ pi 2)) (curve pi 0.314 1.0) (curve pi 0.314 1.0))))),s_curve,green,h_line,red,two_dots,green,balanced_data/var_balanced/glyphs/dim3/var4/images/331.png
(C (C (lift -1 -2.0 (/ pi 2)) (curve 0 4.0 0) (lift 1 -2.0 (/ pi 2)) (curve 0 4.0 0)) (C (C (color 0 1 0 (C (lift -1.5 -2.0 (/ pi 7.25)) (curve -0.8 1.5 0.5) (curve 0.8 1.5 0.5))) (color 1 0 0 (C (lift -1.5 0.0 0) (curve 0 3.0 0)))) (color 0 0 1 (C (lift -0.5 2.0 (/ pi 2)) (curve pi 0.314 1.0) (curve pi 0.314 1.0) (lift 0.5 2.0 (/ pi 2)) (curve pi 0.314 1.0) (curve pi 0.314 1.0))))),s_curve,green,h_line,red,two_dots,blue,balanced_data/var_balanced/glyphs/dim3/var4/images/332.png
(C (C (lift -1 -2.0 (/ pi 2)) (curve 0 4.0 0) (lift 1 -2.0 (/ pi 2)) (curve 0 4.0 0)) (C (C (color 0 1 0 (C (lift -1.5 -2.0 (/ pi 7.25)) (curve -0.8 1.5 0.5) (curve 0.8 1.5 0.5))) (color 0 1 0 (C (lift -1.5 0.0 0) (curve 0 3.0 0)))) (color 1 0 0 (C (lift -1.5 2.0 0) (curve 0 3.0 0))))),s_curve,green,h_line,green,h_line,red,balanced_data/var_balanced/glyphs/dim3/var4/images/333.png
(C (C (lift -1 -2.0 (/ pi 2)) (curve 0 4.0 0) (lift 1 -2.0 (/ pi 2)) (curve 0 4.0 0)) (C (C (color 0 1 0 (C (lift -1.5 -2.0 (/ pi 7.25)) (curve -0.8 1.5 0.5) (curve 0.8 1.5 0.5))) (color 0 1 0 (C (lift -1.5 0.0 0) (curve 0 3.0 0)))) (color 0 1 0 (C (lift -1.5 2.0 0) (curve 0 3.0 0))))),s_curve,green,h_line,green,h_line,green,balanced_data/var_balanced/glyphs/dim3/var4/images/334.png
(C (C (lift -1 -2.0 (/ pi 2)) (curve 0 4.0 0) (lift 1 -2.0 (/ pi 2)) (curve 0 4.0 0)) (C (C (color 0 1 0 (C (lift -1.5 -2.0 (/ pi 7.25)) (curve -0.8 1.5 0.5) (curve 0.8 1.5 0.5))) (color 0 1 0 (C (lift -1.5 0.0 0) (curve 0 3.0 0)))) (color 0 0 1 (C (lift -1.5 2.0 0) (curve 0 3.0 0))))),s_curve,green,h_line,green,h_line,blue,balanced_data/var_balanced/glyphs/dim3/var4/images/335.png
(C (C (lift -1 -2.0 (/ pi 2)) (curve 0 4.0 0) (lift 1 -2.0 (/ pi 2)) (curve 0 4.0 0)) (C (C (color 0 1 0 (C (lift -1.5 -2.0 (/ pi 7.25)) (curve -0.8 1.5 0.5) (curve 0.8 1.5 0.5))) (color 0 1 0 (C (lift -1.5 0.0 0) (curve 0 3.0 0)))) (color 1 0 0 (C (lift -1.5 2.0 (/ pi 7.25)) (curve -0.8 1.5 0.5) (curve 0.8 1.5 0.5))))),s_curve,green,h_line,green,s_curve,red,balanced_data/var_balanced/glyphs/dim3/var4/images/336.png
(C (C (lift -1 -2.0 (/ pi 2)) (curve 0 4.0 0) (lift 1 -2.0 (/ pi 2)) (curve 0 4.0 0)) (C (C (color 0 1 0 (C (lift -1.5 -2.0 (/ pi 7.25)) (curve -0.8 1.5 0.5) (curve 0.8 1.5 0.5))) (color 0 1 0 (C (lift -1.5 0.0 0) (curve 0 3.0 0)))) (color 0 1 0 (C (lift -1.5 2.0 (/ pi 7.25)) (curve -0.8 1.5 0.5) (curve 0.8 1.5 0.5))))),s_curve,green,h_line,green,s_curve,green,balanced_data/var_balanced/glyphs/dim3/var4/images/337.png
(C (C (lift -1 -2.0 (/ pi 2)) (curve 0 4.0 0) (lift 1 -2.0 (/ pi 2)) (curve 0 4.0 0)) (C (C (color 0 1 0 (C (lift -1.5 -2.0 (/ pi 7.25)) (curve -0.8 1.5 0.5) (curve 0.8 1.5 0.5))) (color 0 1 0 (C (lift -1.5 0.0 0) (curve 0 3.0 0)))) (color 0 0 1 (C (lift -1.5 2.0 (/ pi 7.25)) (curve -0.8 1.5 0.5) (curve 0.8 1.5 0.5))))),s_curve,green,h_line,green,s_curve,blue,balanced_data/var_balanced/glyphs/dim3/var4/images/338.png
(C (C (lift -1 -2.0 (/ pi 2)) (curve 0 4.0 0) (lift 1 -2.0 (/ pi 2)) (curve 0 4.0 0)) (C (C (color 0 1 0 (C (lift -1.5 -2.0 (/ pi 7.25)) (curve -0.8 1.5 0.5) (curve 0.8 1.5 0.5))) (color 0 1 0 (C (lift -1.5 0.0 0) (curve 0 3.0 0)))) (color 1 0 0 (C (lift -0.5 2.0 (/ pi 2)) (curve pi 0.314 1.0) (curve pi 0.314 1.0) (lift 0.5 2.0 (/ pi 2)) (curve pi 0.314 1.0) (curve pi 0.314 1.0))))),s_curve,green,h_line,green,two_dots,red,balanced_data/var_balanced/glyphs/dim3/var4/images/339.png
(C (C (lift -1 -2.0 (/ pi 2)) (curve 0 4.0 0) (lift 1 -2.0 (/ pi 2)) (curve 0 4.0 0)) (C (C (color 0 1 0 (C (lift -1.5 -2.0 (/ pi 7.25)) (curve -0.8 1.5 0.5) (curve 0.8 1.5 0.5))) (color 0 1 0 (C (lift -1.5 0.0 0) (curve 0 3.0 0)))) (color 0 1 0 (C (lift -0.5 2.0 (/ pi 2)) (curve pi 0.314 1.0) (curve pi 0.314 1.0) (lift 0.5 2.0 (/ pi 2)) (curve pi 0.314 1.0) (curve pi 0.314 1.0))))),s_curve,green,h_line,green,two_dots,green,balanced_data/var_balanced/glyphs/dim3/var4/images/340.png
(C (C (lift -1 -2.0 (/ pi 2)) (curve 0 4.0 0) (lift 1 -2.0 (/ pi 2)) (curve 0 4.0 0)) (C (C (color 0 1 0 (C (lift -1.5 -2.0 (/ pi 7.25)) (curve -0.8 1.5 0.5) (curve 0.8 1.5 0.5))) (color 0 1 0 (C (lift -1.5 0.0 0) (curve 0 3.0 0)))) (color 0 0 1 (C (lift -0.5 2.0 (/ pi 2)) (curve pi 0.314 1.0) (curve pi 0.314 1.0) (lift 0.5 2.0 (/ pi 2)) (curve pi 0.314 1.0) (curve pi 0.314 1.0))))),s_curve,green,h_line,green,two_dots,blue,balanced_data/var_balanced/glyphs/dim3/var4/images/341.png
(C (C (lift -1 -2.0 (/ pi 2)) (curve 0 4.0 0) (lift 1 -2.0 (/ pi 2)) (curve 0 4.0 0)) (C (C (color 0 1 0 (C (lift -1.5 -2.0 (/ pi 7.25)) (curve -0.8 1.5 0.5) (curve 0.8 1.5 0.5))) (color 0 0 1 (C (lift -1.5 0.0 0) (curve 0 3.0 0)))) (color 1 0 0 (C (lift -1.5 2.0 0) (curve 0 3.0 0))))),s_curve,green,h_line,blue,h_line,red,balanced_data/var_balanced/glyphs/dim3/var4/images/342.png
(C (C (lift -1 -2.0 (/ pi 2)) (curve 0 4.0 0) (lift 1 -2.0 (/ pi 2)) (curve 0 4.0 0)) (C (C (color 0 1 0 (C (lift -1.5 -2.0 (/ pi 7.25)) (curve -0.8 1.5 0.5) (curve 0.8 1.5 0.5))) (color 0 0 1 (C (lift -1.5 0.0 0) (curve 0 3.0 0)))) (color 0 1 0 (C (lift -1.5 2.0 0) (curve 0 3.0 0))))),s_curve,green,h_line,blue,h_line,green,balanced_data/var_balanced/glyphs/dim3/var4/images/343.png
(C (C (lift -1 -2.0 (/ pi 2)) (curve 0 4.0 0) (lift 1 -2.0 (/ pi 2)) (curve 0 4.0 0)) (C (C (color 0 1 0 (C (lift -1.5 -2.0 (/ pi 7.25)) (curve -0.8 1.5 0.5) (curve 0.8 1.5 0.5))) (color 0 0 1 (C (lift -1.5 0.0 0) (curve 0 3.0 0)))) (color 0 0 1 (C (lift -1.5 2.0 0) (curve 0 3.0 0))))),s_curve,green,h_line,blue,h_line,blue,balanced_data/var_balanced/glyphs/dim3/var4/images/344.png
(C (C (lift -1 -2.0 (/ pi 2)) (curve 0 4.0 0) (lift 1 -2.0 (/ pi 2)) (curve 0 4.0 0)) (C (C (color 0 1 0 (C (lift -1.5 -2.0 (/ pi 7.25)) (curve -0.8 1.5 0.5) (curve 0.8 1.5 0.5))) (color 0 0 1 (C (lift -1.5 0.0 0) (curve 0 3.0 0)))) (color 1 0 0 (C (lift -1.5 2.0 (/ pi 7.25)) (curve -0.8 1.5 0.5) (curve 0.8 1.5 0.5))))),s_curve,green,h_line,blue,s_curve,red,balanced_data/var_balanced/glyphs/dim3/var4/images/345.png
(C (C (lift -1 -2.0 (/ pi 2)) (curve 0 4.0 0) (lift 1 -2.0 (/ pi 2)) (curve 0 4.0 0)) (C (C (color 0 1 0 (C (lift -1.5 -2.0 (/ pi 7.25)) (curve -0.8 1.5 0.5) (curve 0.8 1.5 0.5))) (color 0 0 1 (C (lift -1.5 0.0 0) (curve 0 3.0 0)))) (color 0 1 0 (C (lift -1.5 2.0 (/ pi 7.25)) (curve -0.8 1.5 0.5) (curve 0.8 1.5 0.5))))),s_curve,green,h_line,blue,s_curve,green,balanced_data/var_balanced/glyphs/dim3/var4/images/346.png
(C (C (lift -1 -2.0 (/ pi 2)) (curve 0 4.0 0) (lift 1 -2.0 (/ pi 2)) (curve 0 4.0 0)) (C (C (color 0 1 0 (C (lift -1.5 -2.0 (/ pi 7.25)) (curve -0.8 1.5 0.5) (curve 0.8 1.5 0.5))) (color 0 0 1 (C (lift -1.5 0.0 0) (curve 0 3.0 0)))) (color 0 0 1 (C (lift -1.5 2.0 (/ pi 7.25)) (curve -0.8 1.5 0.5) (curve 0.8 1.5 0.5))))),s_curve,green,h_line,blue,s_curve,blue,balanced_data/var_balanced/glyphs/dim3/var4/images/347.png
(C (C (lift -1 -2.0 (/ pi 2)) (curve 0 4.0 0) (lift 1 -2.0 (/ pi 2)) (curve 0 4.0 0)) (C (C (color 0 1 0 (C (lift -1.5 -2.0 (/ pi 7.25)) (curve -0.8 1.5 0.5) (curve 0.8 1.5 0.5))) (color 0 0 1 (C (lift -1.5 0.0 0) (curve 0 3.0 0)))) (color 1 0 0 (C (lift -0.5 2.0 (/ pi 2)) (curve pi 0.314 1.0) (curve pi 0.314 1.0) (lift 0.5 2.0 (/ pi 2)) (curve pi 0.314 1.0) (curve pi 0.314 1.0))))),s_curve,green,h_line,blue,two_dots,red,balanced_data/var_balanced/glyphs/dim3/var4/images/348.png
(C (C (lift -1 -2.0 (/ pi 2)) (curve 0 4.0 0) (lift 1 -2.0 (/ pi 2)) (curve 0 4.0 0)) (C (C (color 0 1 0 (C (lift -1.5 -2.0 (/ pi 7.25)) (curve -0.8 1.5 0.5) (curve 0.8 1.5 0.5))) (color 0 0 1 (C (lift -1.5 0.0 0) (curve 0 3.0 0)))) (color 0 1 0 (C (lift -0.5 2.0 (/ pi 2)) (curve pi 0.314 1.0) (curve pi 0.314 1.0) (lift 0.5 2.0 (/ pi 2)) (curve pi 0.314 1.0) (curve pi 0.314 1.0))))),s_curve,green,h_line,blue,two_dots,green,balanced_data/var_balanced/glyphs/dim3/var4/images/349.png
(C (C (lift -1 -2.0 (/ pi 2)) (curve 0 4.0 0) (lift 1 -2.0 (/ pi 2)) (curve 0 4.0 0)) (C (C (color 0 1 0 (C (lift -1.5 -2.0 (/ pi 7.25)) (curve -0.8 1.5 0.5) (curve 0.8 1.5 0.5))) (color 0 0 1 (C (lift -1.5 0.0 0) (curve 0 3.0 0)))) (color 0 0 1 (C (lift -0.5 2.0 (/ pi 2)) (curve pi 0.314 1.0) (curve pi 0.314 1.0) (lift 0.5 2.0 (/ pi 2)) (curve pi 0.314 1.0) (curve pi 0.314 1.0))))),s_curve,green,h_line,blue,two_dots,blue,balanced_data/var_balanced/glyphs/dim3/var4/images/350.png
(C (C (lift -1 -2.0 (/ pi 2)) (curve 0 4.0 0) (lift 1 -2.0 (/ pi 2)) (curve 0 4.0 0)) (C (C (color 0 1 0 (C (lift -1.5 -2.0 (/ pi 7.25)) (curve -0.8 1.5 0.5) (curve 0.8 1.5 0.5))) (color 1 0 0 (C (lift -1.5 0.0 (/ pi 7.25)) (curve -0.8 1.5 0.5) (curve 0.8 1.5 0.5)))) (color 1 0 0 (C (lift -1.5 2.0 0) (curve 0 3.0 0))))),s_curve,green,s_curve,red,h_line,red,balanced_data/var_balanced/glyphs/dim3/var4/images/351.png
(C (C (lift -1 -2.0 (/ pi 2)) (curve 0 4.0 0) (lift 1 -2.0 (/ pi 2)) (curve 0 4.0 0)) (C (C (color 0 1 0 (C (lift -1.5 -2.0 (/ pi 7.25)) (curve -0.8 1.5 0.5) (curve 0.8 1.5 0.5))) (color 1 0 0 (C (lift -1.5 0.0 (/ pi 7.25)) (curve -0.8 1.5 0.5) (curve 0.8 1.5 0.5)))) (color 0 1 0 (C (lift -1.5 2.0 0) (curve 0 3.0 0))))),s_curve,green,s_curve,red,h_line,green,balanced_data/var_balanced/glyphs/dim3/var4/images/352.png
(C (C (lift -1 -2.0 (/ pi 2)) (curve 0 4.0 0) (lift 1 -2.0 (/ pi 2)) (curve 0 4.0 0)) (C (C (color 0 1 0 (C (lift -1.5 -2.0 (/ pi 7.25)) (curve -0.8 1.5 0.5) (curve 0.8 1.5 0.5))) (color 1 0 0 (C (lift -1.5 0.0 (/ pi 7.25)) (curve -0.8 1.5 0.5) (curve 0.8 1.5 0.5)))) (color 0 0 1 (C (lift -1.5 2.0 0) (curve 0 3.0 0))))),s_curve,green,s_curve,red,h_line,blue,balanced_data/var_balanced/glyphs/dim3/var4/images/353.png
(C (C (lift -1 -2.0 (/ pi 2)) (curve 0 4.0 0) (lift 1 -2.0 (/ pi 2)) (curve 0 4.0 0)) (C (C (color 0 1 0 (C (lift -1.5 -2.0 (/ pi 7.25)) (curve -0.8 1.5 0.5) (curve 0.8 1.5 0.5))) (color 1 0 0 (C (lift -1.5 0.0 (/ pi 7.25)) (curve -0.8 1.5 0.5) (curve 0.8 1.5 0.5)))) (color 1 0 0 (C (lift -1.5 2.0 (/ pi 7.25)) (curve -0.8 1.5 0.5) (curve 0.8 1.5 0.5))))),s_curve,green,s_curve,red,s_curve,red,balanced_data/var_balanced/glyphs/dim3/var4/images/354.png
(C (C (lift -1 -2.0 (/ pi 2)) (curve 0 4.0 0) (lift 1 -2.0 (/ pi 2)) (curve 0 4.0 0)) (C (C (color 0 1 0 (C (lift -1.5 -2.0 (/ pi 7.25)) (curve -0.8 1.5 0.5) (curve 0.8 1.5 0.5))) (color 1 0 0 (C (lift -1.5 0.0 (/ pi 7.25)) (curve -0.8 1.5 0.5) (curve 0.8 1.5 0.5)))) (color 0 1 0 (C (lift -1.5 2.0 (/ pi 7.25)) (curve -0.8 1.5 0.5) (curve 0.8 1.5 0.5))))),s_curve,green,s_curve,red,s_curve,green,balanced_data/var_balanced/glyphs/dim3/var4/images/355.png
(C (C (lift -1 -2.0 (/ pi 2)) (curve 0 4.0 0) (lift 1 -2.0 (/ pi 2)) (curve 0 4.0 0)) (C (C (color 0 1 0 (C (lift -1.5 -2.0 (/ pi 7.25)) (curve -0.8 1.5 0.5) (curve 0.8 1.5 0.5))) (color 1 0 0 (C (lift -1.5 0.0 (/ pi 7.25)) (curve -0.8 1.5 0.5) (curve 0.8 1.5 0.5)))) (color 0 0 1 (C (lift -1.5 2.0 (/ pi 7.25)) (curve -0.8 1.5 0.5) (curve 0.8 1.5 0.5))))),s_curve,green,s_curve,red,s_curve,blue,balanced_data/var_balanced/glyphs/dim3/var4/images/356.png
(C (C (lift -1 -2.0 (/ pi 2)) (curve 0 4.0 0) (lift 1 -2.0 (/ pi 2)) (curve 0 4.0 0)) (C (C (color 0 1 0 (C (lift -1.5 -2.0 (/ pi 7.25)) (curve -0.8 1.5 0.5) (curve 0.8 1.5 0.5))) (color 1 0 0 (C (lift -1.5 0.0 (/ pi 7.25)) (curve -0.8 1.5 0.5) (curve 0.8 1.5 0.5)))) (color 1 0 0 (C (lift -0.5 2.0 (/ pi 2)) (curve pi 0.314 1.0) (curve pi 0.314 1.0) (lift 0.5 2.0 (/ pi 2)) (curve pi 0.314 1.0) (curve pi 0.314 1.0))))),s_curve,green,s_curve,red,two_dots,red,balanced_data/var_balanced/glyphs/dim3/var4/images/357.png
(C (C (lift -1 -2.0 (/ pi 2)) (curve 0 4.0 0) (lift 1 -2.0 (/ pi 2)) (curve 0 4.0 0)) (C (C (color 0 1 0 (C (lift -1.5 -2.0 (/ pi 7.25)) (curve -0.8 1.5 0.5) (curve 0.8 1.5 0.5))) (color 1 0 0 (C (lift -1.5 0.0 (/ pi 7.25)) (curve -0.8 1.5 0.5) (curve 0.8 1.5 0.5)))) (color 0 1 0 (C (lift -0.5 2.0 (/ pi 2)) (curve pi 0.314 1.0) (curve pi 0.314 1.0) (lift 0.5 2.0 (/ pi 2)) (curve pi 0.314 1.0) (curve pi 0.314 1.0))))),s_curve,green,s_curve,red,two_dots,green,balanced_data/var_balanced/glyphs/dim3/var4/images/358.png
(C (C (lift -1 -2.0 (/ pi 2)) (curve 0 4.0 0) (lift 1 -2.0 (/ pi 2)) (curve 0 4.0 0)) (C (C (color 0 1 0 (C (lift -1.5 -2.0 (/ pi 7.25)) (curve -0.8 1.5 0.5) (curve 0.8 1.5 0.5))) (color 1 0 0 (C (lift -1.5 0.0 (/ pi 7.25)) (curve -0.8 1.5 0.5) (curve 0.8 1.5 0.5)))) (color 0 0 1 (C (lift -0.5 2.0 (/ pi 2)) (curve pi 0.314 1.0) (curve pi 0.314 1.0) (lift 0.5 2.0 (/ pi 2)) (curve pi 0.314 1.0) (curve pi 0.314 1.0))))),s_curve,green,s_curve,red,two_dots,blue,balanced_data/var_balanced/glyphs/dim3/var4/images/359.png
(C (C (lift -1 -2.0 (/ pi 2)) (curve 0 4.0 0) (lift 1 -2.0 (/ pi 2)) (curve 0 4.0 0)) (C (C (color 0 1 0 (C (lift -1.5 -2.0 (/ pi 7.25)) (curve -0.8 1.5 0.5) (curve 0.8 1.5 0.5))) (color 0 1 0 (C (lift -1.5 0.0 (/ pi 7.25)) (curve -0.8 1.5 0.5) (curve 0.8 1.5 0.5)))) (color 1 0 0 (C (lift -1.5 2.0 0) (curve 0 3.0 0))))),s_curve,green,s_curve,green,h_line,red,balanced_data/var_balanced/glyphs/dim3/var4/images/360.png
(C (C (lift -1 -2.0 (/ pi 2)) (curve 0 4.0 0) (lift 1 -2.0 (/ pi 2)) (curve 0 4.0 0)) (C (C (color 0 1 0 (C (lift -1.5 -2.0 (/ pi 7.25)) (curve -0.8 1.5 0.5) (curve 0.8 1.5 0.5))) (color 0 1 0 (C (lift -1.5 0.0 (/ pi 7.25)) (curve -0.8 1.5 0.5) (curve 0.8 1.5 0.5)))) (color 0 1 0 (C (lift -1.5 2.0 0) (curve 0 3.0 0))))),s_curve,green,s_curve,green,h_line,green,balanced_data/var_balanced/glyphs/dim3/var4/images/361.png
(C (C (lift -1 -2.0 (/ pi 2)) (curve 0 4.0 0) (lift 1 -2.0 (/ pi 2)) (curve 0 4.0 0)) (C (C (color 0 1 0 (C (lift -1.5 -2.0 (/ pi 7.25)) (curve -0.8 1.5 0.5) (curve 0.8 1.5 0.5))) (color 0 1 0 (C (lift -1.5 0.0 (/ pi 7.25)) (curve -0.8 1.5 0.5) (curve 0.8 1.5 0.5)))) (color 0 0 1 (C (lift -1.5 2.0 0) (curve 0 3.0 0))))),s_curve,green,s_curve,green,h_line,blue,balanced_data/var_balanced/glyphs/dim3/var4/images/362.png
(C (C (lift -1 -2.0 (/ pi 2)) (curve 0 4.0 0) (lift 1 -2.0 (/ pi 2)) (curve 0 4.0 0)) (C (C (color 0 1 0 (C (lift -1.5 -2.0 (/ pi 7.25)) (curve -0.8 1.5 0.5) (curve 0.8 1.5 0.5))) (color 0 1 0 (C (lift -1.5 0.0 (/ pi 7.25)) (curve -0.8 1.5 0.5) (curve 0.8 1.5 0.5)))) (color 1 0 0 (C (lift -1.5 2.0 (/ pi 7.25)) (curve -0.8 1.5 0.5) (curve 0.8 1.5 0.5))))),s_curve,green,s_curve,green,s_curve,red,balanced_data/var_balanced/glyphs/dim3/var4/images/363.png
(C (C (lift -1 -2.0 (/ pi 2)) (curve 0 4.0 0) (lift 1 -2.0 (/ pi 2)) (curve 0 4.0 0)) (C (C (color 0 1 0 (C (lift -1.5 -2.0 (/ pi 7.25)) (curve -0.8 1.5 0.5) (curve 0.8 1.5 0.5))) (color 0 1 0 (C (lift -1.5 0.0 (/ pi 7.25)) (curve -0.8 1.5 0.5) (curve 0.8 1.5 0.5)))) (color 0 1 0 (C (lift -1.5 2.0 (/ pi 7.25)) (curve -0.8 1.5 0.5) (curve 0.8 1.5 0.5))))),s_curve,green,s_curve,green,s_curve,green,balanced_data/var_balanced/glyphs/dim3/var4/images/364.png
(C (C (lift -1 -2.0 (/ pi 2)) (curve 0 4.0 0) (lift 1 -2.0 (/ pi 2)) (curve 0 4.0 0)) (C (C (color 0 1 0 (C (lift -1.5 -2.0 (/ pi 7.25)) (curve -0.8 1.5 0.5) (curve 0.8 1.5 0.5))) (color 0 1 0 (C (lift -1.5 0.0 (/ pi 7.25)) (curve -0.8 1.5 0.5) (curve 0.8 1.5 0.5)))) (color 0 0 1 (C (lift -1.5 2.0 (/ pi 7.25)) (curve -0.8 1.5 0.5) (curve 0.8 1.5 0.5))))),s_curve,green,s_curve,green,s_curve,blue,balanced_data/var_balanced/glyphs/dim3/var4/images/365.png
(C (C (lift -1 -2.0 (/ pi 2)) (curve 0 4.0 0) (lift 1 -2.0 (/ pi 2)) (curve 0 4.0 0)) (C (C (color 0 1 0 (C (lift -1.5 -2.0 (/ pi 7.25)) (curve -0.8 1.5 0.5) (curve 0.8 1.5 0.5))) (color 0 1 0 (C (lift -1.5 0.0 (/ pi 7.25)) (curve -0.8 1.5 0.5) (curve 0.8 1.5 0.5)))) (color 1 0 0 (C (lift -0.5 2.0 (/ pi 2)) (curve pi 0.314 1.0) (curve pi 0.314 1.0) (lift 0.5 2.0 (/ pi 2)) (curve pi 0.314 1.0) (curve pi 0.314 1.0))))),s_curve,green,s_curve,green,two_dots,red,balanced_data/var_balanced/glyphs/dim3/var4/images/366.png
(C (C (lift -1 -2.0 (/ pi 2)) (curve 0 4.0 0) (lift 1 -2.0 (/ pi 2)) (curve 0 4.0 0)) (C (C (color 0 1 0 (C (lift -1.5 -2.0 (/ pi 7.25)) (curve -0.8 1.5 0.5) (curve 0.8 1.5 0.5))) (color 0 1 0 (C (lift -1.5 0.0 (/ pi 7.25)) (curve -0.8 1.5 0.5) (curve 0.8 1.5 0.5)))) (color 0 1 0 (C (lift -0.5 2.0 (/ pi 2)) (curve pi 0.314 1.0) (curve pi 0.314 1.0) (lift 0.5 2.0 (/ pi 2)) (curve pi 0.314 1.0) (curve pi 0.314 1.0))))),s_curve,green,s_curve,green,two_dots,green,balanced_data/var_balanced/glyphs/dim3/var4/images/367.png
(C (C (lift -1 -2.0 (/ pi 2)) (curve 0 4.0 0) (lift 1 -2.0 (/ pi 2)) (curve 0 4.0 0)) (C (C (color 0 1 0 (C (lift -1.5 -2.0 (/ pi 7.25)) (curve -0.8 1.5 0.5) (curve 0.8 1.5 0.5))) (color 0 1 0 (C (lift -1.5 0.0 (/ pi 7.25)) (curve -0.8 1.5 0.5) (curve 0.8 1.5 0.5)))) (color 0 0 1 (C (lift -0.5 2.0 (/ pi 2)) (curve pi 0.314 1.0) (curve pi 0.314 1.0) (lift 0.5 2.0 (/ pi 2)) (curve pi 0.314 1.0) (curve pi 0.314 1.0))))),s_curve,green,s_curve,green,two_dots,blue,balanced_data/var_balanced/glyphs/dim3/var4/images/368.png
(C (C (lift -1 -2.0 (/ pi 2)) (curve 0 4.0 0) (lift 1 -2.0 (/ pi 2)) (curve 0 4.0 0)) (C (C (color 0 1 0 (C (lift -1.5 -2.0 (/ pi 7.25)) (curve -0.8 1.5 0.5) (curve 0.8 1.5 0.5))) (color 0 0 1 (C (lift -1.5 0.0 (/ pi 7.25)) (curve -0.8 1.5 0.5) (curve 0.8 1.5 0.5)))) (color 1 0 0 (C (lift -1.5 2.0 0) (curve 0 3.0 0))))),s_curve,green,s_curve,blue,h_line,red,balanced_data/var_balanced/glyphs/dim3/var4/images/369.png
(C (C (lift -1 -2.0 (/ pi 2)) (curve 0 4.0 0) (lift 1 -2.0 (/ pi 2)) (curve 0 4.0 0)) (C (C (color 0 1 0 (C (lift -1.5 -2.0 (/ pi 7.25)) (curve -0.8 1.5 0.5) (curve 0.8 1.5 0.5))) (color 0 0 1 (C (lift -1.5 0.0 (/ pi 7.25)) (curve -0.8 1.5 0.5) (curve 0.8 1.5 0.5)))) (color 0 1 0 (C (lift -1.5 2.0 0) (curve 0 3.0 0))))),s_curve,green,s_curve,blue,h_line,green,balanced_data/var_balanced/glyphs/dim3/var4/images/370.png
(C (C (lift -1 -2.0 (/ pi 2)) (curve 0 4.0 0) (lift 1 -2.0 (/ pi 2)) (curve 0 4.0 0)) (C (C (color 0 1 0 (C (lift -1.5 -2.0 (/ pi 7.25)) (curve -0.8 1.5 0.5) (curve 0.8 1.5 0.5))) (color 0 0 1 (C (lift -1.5 0.0 (/ pi 7.25)) (curve -0.8 1.5 0.5) (curve 0.8 1.5 0.5)))) (color 0 0 1 (C (lift -1.5 2.0 0) (curve 0 3.0 0))))),s_curve,green,s_curve,blue,h_line,blue,balanced_data/var_balanced/glyphs/dim3/var4/images/371.png
(C (C (lift -1 -2.0 (/ pi 2)) (curve 0 4.0 0) (lift 1 -2.0 (/ pi 2)) (curve 0 4.0 0)) (C (C (color 0 1 0 (C (lift -1.5 -2.0 (/ pi 7.25)) (curve -0.8 1.5 0.5) (curve 0.8 1.5 0.5))) (color 0 0 1 (C (lift -1.5 0.0 (/ pi 7.25)) (curve -0.8 1.5 0.5) (curve 0.8 1.5 0.5)))) (color 1 0 0 (C (lift -1.5 2.0 (/ pi 7.25)) (curve -0.8 1.5 0.5) (curve 0.8 1.5 0.5))))),s_curve,green,s_curve,blue,s_curve,red,balanced_data/var_balanced/glyphs/dim3/var4/images/372.png
(C (C (lift -1 -2.0 (/ pi 2)) (curve 0 4.0 0) (lift 1 -2.0 (/ pi 2)) (curve 0 4.0 0)) (C (C (color 0 1 0 (C (lift -1.5 -2.0 (/ pi 7.25)) (curve -0.8 1.5 0.5) (curve 0.8 1.5 0.5))) (color 0 0 1 (C (lift -1.5 0.0 (/ pi 7.25)) (curve -0.8 1.5 0.5) (curve 0.8 1.5 0.5)))) (color 0 1 0 (C (lift -1.5 2.0 (/ pi 7.25)) (curve -0.8 1.5 0.5) (curve 0.8 1.5 0.5))))),s_curve,green,s_curve,blue,s_curve,green,balanced_data/var_balanced/glyphs/dim3/var4/images/373.png
(C (C (lift -1 -2.0 (/ pi 2)) (curve 0 4.0 0) (lift 1 -2.0 (/ pi 2)) (curve 0 4.0 0)) (C (C (color 0 1 0 (C (lift -1.5 -2.0 (/ pi 7.25)) (curve -0.8 1.5 0.5) (curve 0.8 1.5 0.5))) (color 0 0 1 (C (lift -1.5 0.0 (/ pi 7.25)) (curve -0.8 1.5 0.5) (curve 0.8 1.5 0.5)))) (color 0 0 1 (C (lift -1.5 2.0 (/ pi 7.25)) (curve -0.8 1.5 0.5) (curve 0.8 1.5 0.5))))),s_curve,green,s_curve,blue,s_curve,blue,balanced_data/var_balanced/glyphs/dim3/var4/images/374.png
(C (C (lift -1 -2.0 (/ pi 2)) (curve 0 4.0 0) (lift 1 -2.0 (/ pi 2)) (curve 0 4.0 0)) (C (C (color 0 1 0 (C (lift -1.5 -2.0 (/ pi 7.25)) (curve -0.8 1.5 0.5) (curve 0.8 1.5 0.5))) (color 0 0 1 (C (lift -1.5 0.0 (/ pi 7.25)) (curve -0.8 1.5 0.5) (curve 0.8 1.5 0.5)))) (color 1 0 0 (C (lift -0.5 2.0 (/ pi 2)) (curve pi 0.314 1.0) (curve pi 0.314 1.0) (lift 0.5 2.0 (/ pi 2)) (curve pi 0.314 1.0) (curve pi 0.314 1.0))))),s_curve,green,s_curve,blue,two_dots,red,balanced_data/var_balanced/glyphs/dim3/var4/images/375.png
(C (C (lift -1 -2.0 (/ pi 2)) (curve 0 4.0 0) (lift 1 -2.0 (/ pi 2)) (curve 0 4.0 0)) (C (C (color 0 1 0 (C (lift -1.5 -2.0 (/ pi 7.25)) (curve -0.8 1.5 0.5) (curve 0.8 1.5 0.5))) (color 0 0 1 (C (lift -1.5 0.0 (/ pi 7.25)) (curve -0.8 1.5 0.5) (curve 0.8 1.5 0.5)))) (color 0 1 0 (C (lift -0.5 2.0 (/ pi 2)) (curve pi 0.314 1.0) (curve pi 0.314 1.0) (lift 0.5 2.0 (/ pi 2)) (curve pi 0.314 1.0) (curve pi 0.314 1.0))))),s_curve,green,s_curve,blue,two_dots,green,balanced_data/var_balanced/glyphs/dim3/var4/images/376.png
(C (C (lift -1 -2.0 (/ pi 2)) (curve 0 4.0 0) (lift 1 -2.0 (/ pi 2)) (curve 0 4.0 0)) (C (C (color 0 1 0 (C (lift -1.5 -2.0 (/ pi 7.25)) (curve -0.8 1.5 0.5) (curve 0.8 1.5 0.5))) (color 0 0 1 (C (lift -1.5 0.0 (/ pi 7.25)) (curve -0.8 1.5 0.5) (curve 0.8 1.5 0.5)))) (color 0 0 1 (C (lift -0.5 2.0 (/ pi 2)) (curve pi 0.314 1.0) (curve pi 0.314 1.0) (lift 0.5 2.0 (/ pi 2)) (curve pi 0.314 1.0) (curve pi 0.314 1.0))))),s_curve,green,s_curve,blue,two_dots,blue,balanced_data/var_balanced/glyphs/dim3/var4/images/377.png
(C (C (lift -1 -2.0 (/ pi 2)) (curve 0 4.0 0) (lift 1 -2.0 (/ pi 2)) (curve 0 4.0 0)) (C (C (color 0 1 0 (C (lift -1.5 -2.0 (/ pi 7.25)) (curve -0.8 1.5 0.5) (curve 0.8 1.5 0.5))) (color 1 0 0 (C (lift -0.5 0.0 (/ pi 2)) (curve pi 0.314 1.0) (curve pi 0.314 1.0) (lift 0.5 0.0 (/ pi 2)) (curve pi 0.314 1.0) (curve pi 0.314 1.0)))) (color 1 0 0 (C (lift -1.5 2.0 0) (curve 0 3.0 0))))),s_curve,green,two_dots,red,h_line,red,balanced_data/var_balanced/glyphs/dim3/var4/images/378.png
(C (C (lift -1 -2.0 (/ pi 2)) (curve 0 4.0 0) (lift 1 -2.0 (/ pi 2)) (curve 0 4.0 0)) (C (C (color 0 1 0 (C (lift -1.5 -2.0 (/ pi 7.25)) (curve -0.8 1.5 0.5) (curve 0.8 1.5 0.5))) (color 1 0 0 (C (lift -0.5 0.0 (/ pi 2)) (curve pi 0.314 1.0) (curve pi 0.314 1.0) (lift 0.5 0.0 (/ pi 2)) (curve pi 0.314 1.0) (curve pi 0.314 1.0)))) (color 0 1 0 (C (lift -1.5 2.0 0) (curve 0 3.0 0))))),s_curve,green,two_dots,red,h_line,green,balanced_data/var_balanced/glyphs/dim3/var4/images/379.png
(C (C (lift -1 -2.0 (/ pi 2)) (curve 0 4.0 0) (lift 1 -2.0 (/ pi 2)) (curve 0 4.0 0)) (C (C (color 0 1 0 (C (lift -1.5 -2.0 (/ pi 7.25)) (curve -0.8 1.5 0.5) (curve 0.8 1.5 0.5))) (color 1 0 0 (C (lift -0.5 0.0 (/ pi 2)) (curve pi 0.314 1.0) (curve pi 0.314 1.0) (lift 0.5 0.0 (/ pi 2)) (curve pi 0.314 1.0) (curve pi 0.314 1.0)))) (color 0 0 1 (C (lift -1.5 2.0 0) (curve 0 3.0 0))))),s_curve,green,two_dots,red,h_line,blue,balanced_data/var_balanced/glyphs/dim3/var4/images/380.png
(C (C (lift -1 -2.0 (/ pi 2)) (curve 0 4.0 0) (lift 1 -2.0 (/ pi 2)) (curve 0 4.0 0)) (C (C (color 0 1 0 (C (lift -1.5 -2.0 (/ pi 7.25)) (curve -0.8 1.5 0.5) (curve 0.8 1.5 0.5))) (color 1 0 0 (C (lift -0.5 0.0 (/ pi 2)) (curve pi 0.314 1.0) (curve pi 0.314 1.0) (lift 0.5 0.0 (/ pi 2)) (curve pi 0.314 1.0) (curve pi 0.314 1.0)))) (color 1 0 0 (C (lift -1.5 2.0 (/ pi 7.25)) (curve -0.8 1.5 0.5) (curve 0.8 1.5 0.5))))),s_curve,green,two_dots,red,s_curve,red,balanced_data/var_balanced/glyphs/dim3/var4/images/381.png
(C (C (lift -1 -2.0 (/ pi 2)) (curve 0 4.0 0) (lift 1 -2.0 (/ pi 2)) (curve 0 4.0 0)) (C (C (color 0 1 0 (C (lift -1.5 -2.0 (/ pi 7.25)) (curve -0.8 1.5 0.5) (curve 0.8 1.5 0.5))) (color 1 0 0 (C (lift -0.5 0.0 (/ pi 2)) (curve pi 0.314 1.0) (curve pi 0.314 1.0) (lift 0.5 0.0 (/ pi 2)) (curve pi 0.314 1.0) (curve pi 0.314 1.0)))) (color 0 1 0 (C (lift -1.5 2.0 (/ pi 7.25)) (curve -0.8 1.5 0.5) (curve 0.8 1.5 0.5))))),s_curve,green,two_dots,red,s_curve,green,balanced_data/var_balanced/glyphs/dim3/var4/images/382.png
(C (C (lift -1 -2.0 (/ pi 2)) (curve 0 4.0 0) (lift 1 -2.0 (/ pi 2)) (curve 0 4.0 0)) (C (C (color 0 1 0 (C (lift -1.5 -2.0 (/ pi 7.25)) (curve -0.8 1.5 0.5) (curve 0.8 1.5 0.5))) (color 1 0 0 (C (lift -0.5 0.0 (/ pi 2)) (curve pi 0.314 1.0) (curve pi 0.314 1.0) (lift 0.5 0.0 (/ pi 2)) (curve pi 0.314 1.0) (curve pi 0.314 1.0)))) (color 0 0 1 (C (lift -1.5 2.0 (/ pi 7.25)) (curve -0.8 1.5 0.5) (curve 0.8 1.5 0.5))))),s_curve,green,two_dots,red,s_curve,blue,balanced_data/var_balanced/glyphs/dim3/var4/images/383.png
(C (C (lift -1 -2.0 (/ pi 2)) (curve 0 4.0 0) (lift 1 -2.0 (/ pi 2)) (curve 0 4.0 0)) (C (C (color 0 1 0 (C (lift -1.5 -2.0 (/ pi 7.25)) (curve -0.8 1.5 0.5) (curve 0.8 1.5 0.5))) (color 1 0 0 (C (lift -0.5 0.0 (/ pi 2)) (curve pi 0.314 1.0) (curve pi 0.314 1.0) (lift 0.5 0.0 (/ pi 2)) (curve pi 0.314 1.0) (curve pi 0.314 1.0)))) (color 1 0 0 (C (lift -0.5 2.0 (/ pi 2)) (curve pi 0.314 1.0) (curve pi 0.314 1.0) (lift 0.5 2.0 (/ pi 2)) (curve pi 0.314 1.0) (curve pi 0.314 1.0))))),s_curve,green,two_dots,red,two_dots,red,balanced_data/var_balanced/glyphs/dim3/var4/images/384.png
(C (C (lift -1 -2.0 (/ pi 2)) (curve 0 4.0 0) (lift 1 -2.0 (/ pi 2)) (curve 0 4.0 0)) (C (C (color 0 1 0 (C (lift -1.5 -2.0 (/ pi 7.25)) (curve -0.8 1.5 0.5) (curve 0.8 1.5 0.5))) (color 1 0 0 (C (lift -0.5 0.0 (/ pi 2)) (curve pi 0.314 1.0) (curve pi 0.314 1.0) (lift 0.5 0.0 (/ pi 2)) (curve pi 0.314 1.0) (curve pi 0.314 1.0)))) (color 0 1 0 (C (lift -0.5 2.0 (/ pi 2)) (curve pi 0.314 1.0) (curve pi 0.314 1.0) (lift 0.5 2.0 (/ pi 2)) (curve pi 0.314 1.0) (curve pi 0.314 1.0))))),s_curve,green,two_dots,red,two_dots,green,balanced_data/var_balanced/glyphs/dim3/var4/images/385.png
(C (C (lift -1 -2.0 (/ pi 2)) (curve 0 4.0 0) (lift 1 -2.0 (/ pi 2)) (curve 0 4.0 0)) (C (C (color 0 1 0 (C (lift -1.5 -2.0 (/ pi 7.25)) (curve -0.8 1.5 0.5) (curve 0.8 1.5 0.5))) (color 1 0 0 (C (lift -0.5 0.0 (/ pi 2)) (curve pi 0.314 1.0) (curve pi 0.314 1.0) (lift 0.5 0.0 (/ pi 2)) (curve pi 0.314 1.0) (curve pi 0.314 1.0)))) (color 0 0 1 (C (lift -0.5 2.0 (/ pi 2)) (curve pi 0.314 1.0) (curve pi 0.314 1.0) (lift 0.5 2.0 (/ pi 2)) (curve pi 0.314 1.0) (curve pi 0.314 1.0))))),s_curve,green,two_dots,red,two_dots,blue,balanced_data/var_balanced/glyphs/dim3/var4/images/386.png
(C (C (lift -1 -2.0 (/ pi 2)) (curve 0 4.0 0) (lift 1 -2.0 (/ pi 2)) (curve 0 4.0 0)) (C (C (color 0 1 0 (C (lift -1.5 -2.0 (/ pi 7.25)) (curve -0.8 1.5 0.5) (curve 0.8 1.5 0.5))) (color 0 1 0 (C (lift -0.5 0.0 (/ pi 2)) (curve pi 0.314 1.0) (curve pi 0.314 1.0) (lift 0.5 0.0 (/ pi 2)) (curve pi 0.314 1.0) (curve pi 0.314 1.0)))) (color 1 0 0 (C (lift -1.5 2.0 0) (curve 0 3.0 0))))),s_curve,green,two_dots,green,h_line,red,balanced_data/var_balanced/glyphs/dim3/var4/images/387.png
(C (C (lift -1 -2.0 (/ pi 2)) (curve 0 4.0 0) (lift 1 -2.0 (/ pi 2)) (curve 0 4.0 0)) (C (C (color 0 1 0 (C (lift -1.5 -2.0 (/ pi 7.25)) (curve -0.8 1.5 0.5) (curve 0.8 1.5 0.5))) (color 0 1 0 (C (lift -0.5 0.0 (/ pi 2)) (curve pi 0.314 1.0) (curve pi 0.314 1.0) (lift 0.5 0.0 (/ pi 2)) (curve pi 0.314 1.0) (curve pi 0.314 1.0)))) (color 0 1 0 (C (lift -1.5 2.0 0) (curve 0 3.0 0))))),s_curve,green,two_dots,green,h_line,green,balanced_data/var_balanced/glyphs/dim3/var4/images/388.png
(C (C (lift -1 -2.0 (/ pi 2)) (curve 0 4.0 0) (lift 1 -2.0 (/ pi 2)) (curve 0 4.0 0)) (C (C (color 0 1 0 (C (lift -1.5 -2.0 (/ pi 7.25)) (curve -0.8 1.5 0.5) (curve 0.8 1.5 0.5))) (color 0 1 0 (C (lift -0.5 0.0 (/ pi 2)) (curve pi 0.314 1.0) (curve pi 0.314 1.0) (lift 0.5 0.0 (/ pi 2)) (curve pi 0.314 1.0) (curve pi 0.314 1.0)))) (color 0 0 1 (C (lift -1.5 2.0 0) (curve 0 3.0 0))))),s_curve,green,two_dots,green,h_line,blue,balanced_data/var_balanced/glyphs/dim3/var4/images/389.png
(C (C (lift -1 -2.0 (/ pi 2)) (curve 0 4.0 0) (lift 1 -2.0 (/ pi 2)) (curve 0 4.0 0)) (C (C (color 0 1 0 (C (lift -1.5 -2.0 (/ pi 7.25)) (curve -0.8 1.5 0.5) (curve 0.8 1.5 0.5))) (color 0 1 0 (C (lift -0.5 0.0 (/ pi 2)) (curve pi 0.314 1.0) (curve pi 0.314 1.0) (lift 0.5 0.0 (/ pi 2)) (curve pi 0.314 1.0) (curve pi 0.314 1.0)))) (color 1 0 0 (C (lift -1.5 2.0 (/ pi 7.25)) (curve -0.8 1.5 0.5) (curve 0.8 1.5 0.5))))),s_curve,green,two_dots,green,s_curve,red,balanced_data/var_balanced/glyphs/dim3/var4/images/390.png
(C (C (lift -1 -2.0 (/ pi 2)) (curve 0 4.0 0) (lift 1 -2.0 (/ pi 2)) (curve 0 4.0 0)) (C (C (color 0 1 0 (C (lift -1.5 -2.0 (/ pi 7.25)) (curve -0.8 1.5 0.5) (curve 0.8 1.5 0.5))) (color 0 1 0 (C (lift -0.5 0.0 (/ pi 2)) (curve pi 0.314 1.0) (curve pi 0.314 1.0) (lift 0.5 0.0 (/ pi 2)) (curve pi 0.314 1.0) (curve pi 0.314 1.0)))) (color 0 1 0 (C (lift -1.5 2.0 (/ pi 7.25)) (curve -0.8 1.5 0.5) (curve 0.8 1.5 0.5))))),s_curve,green,two_dots,green,s_curve,green,balanced_data/var_balanced/glyphs/dim3/var4/images/391.png
(C (C (lift -1 -2.0 (/ pi 2)) (curve 0 4.0 0) (lift 1 -2.0 (/ pi 2)) (curve 0 4.0 0)) (C (C (color 0 1 0 (C (lift -1.5 -2.0 (/ pi 7.25)) (curve -0.8 1.5 0.5) (curve 0.8 1.5 0.5))) (color 0 1 0 (C (lift -0.5 0.0 (/ pi 2)) (curve pi 0.314 1.0) (curve pi 0.314 1.0) (lift 0.5 0.0 (/ pi 2)) (curve pi 0.314 1.0) (curve pi 0.314 1.0)))) (color 0 0 1 (C (lift -1.5 2.0 (/ pi 7.25)) (curve -0.8 1.5 0.5) (curve 0.8 1.5 0.5))))),s_curve,green,two_dots,green,s_curve,blue,balanced_data/var_balanced/glyphs/dim3/var4/images/392.png
(C (C (lift -1 -2.0 (/ pi 2)) (curve 0 4.0 0) (lift 1 -2.0 (/ pi 2)) (curve 0 4.0 0)) (C (C (color 0 1 0 (C (lift -1.5 -2.0 (/ pi 7.25)) (curve -0.8 1.5 0.5) (curve 0.8 1.5 0.5))) (color 0 1 0 (C (lift -0.5 0.0 (/ pi 2)) (curve pi 0.314 1.0) (curve pi 0.314 1.0) (lift 0.5 0.0 (/ pi 2)) (curve pi 0.314 1.0) (curve pi 0.314 1.0)))) (color 1 0 0 (C (lift -0.5 2.0 (/ pi 2)) (curve pi 0.314 1.0) (curve pi 0.314 1.0) (lift 0.5 2.0 (/ pi 2)) (curve pi 0.314 1.0) (curve pi 0.314 1.0))))),s_curve,green,two_dots,green,two_dots,red,balanced_data/var_balanced/glyphs/dim3/var4/images/393.png
(C (C (lift -1 -2.0 (/ pi 2)) (curve 0 4.0 0) (lift 1 -2.0 (/ pi 2)) (curve 0 4.0 0)) (C (C (color 0 1 0 (C (lift -1.5 -2.0 (/ pi 7.25)) (curve -0.8 1.5 0.5) (curve 0.8 1.5 0.5))) (color 0 1 0 (C (lift -0.5 0.0 (/ pi 2)) (curve pi 0.314 1.0) (curve pi 0.314 1.0) (lift 0.5 0.0 (/ pi 2)) (curve pi 0.314 1.0) (curve pi 0.314 1.0)))) (color 0 1 0 (C (lift -0.5 2.0 (/ pi 2)) (curve pi 0.314 1.0) (curve pi 0.314 1.0) (lift 0.5 2.0 (/ pi 2)) (curve pi 0.314 1.0) (curve pi 0.314 1.0))))),s_curve,green,two_dots,green,two_dots,green,balanced_data/var_balanced/glyphs/dim3/var4/images/394.png
(C (C (lift -1 -2.0 (/ pi 2)) (curve 0 4.0 0) (lift 1 -2.0 (/ pi 2)) (curve 0 4.0 0)) (C (C (color 0 1 0 (C (lift -1.5 -2.0 (/ pi 7.25)) (curve -0.8 1.5 0.5) (curve 0.8 1.5 0.5))) (color 0 1 0 (C (lift -0.5 0.0 (/ pi 2)) (curve pi 0.314 1.0) (curve pi 0.314 1.0) (lift 0.5 0.0 (/ pi 2)) (curve pi 0.314 1.0) (curve pi 0.314 1.0)))) (color 0 0 1 (C (lift -0.5 2.0 (/ pi 2)) (curve pi 0.314 1.0) (curve pi 0.314 1.0) (lift 0.5 2.0 (/ pi 2)) (curve pi 0.314 1.0) (curve pi 0.314 1.0))))),s_curve,green,two_dots,green,two_dots,blue,balanced_data/var_balanced/glyphs/dim3/var4/images/395.png
(C (C (lift -1 -2.0 (/ pi 2)) (curve 0 4.0 0) (lift 1 -2.0 (/ pi 2)) (curve 0 4.0 0)) (C (C (color 0 1 0 (C (lift -1.5 -2.0 (/ pi 7.25)) (curve -0.8 1.5 0.5) (curve 0.8 1.5 0.5))) (color 0 0 1 (C (lift -0.5 0.0 (/ pi 2)) (curve pi 0.314 1.0) (curve pi 0.314 1.0) (lift 0.5 0.0 (/ pi 2)) (curve pi 0.314 1.0) (curve pi 0.314 1.0)))) (color 1 0 0 (C (lift -1.5 2.0 0) (curve 0 3.0 0))))),s_curve,green,two_dots,blue,h_line,red,balanced_data/var_balanced/glyphs/dim3/var4/images/396.png
(C (C (lift -1 -2.0 (/ pi 2)) (curve 0 4.0 0) (lift 1 -2.0 (/ pi 2)) (curve 0 4.0 0)) (C (C (color 0 1 0 (C (lift -1.5 -2.0 (/ pi 7.25)) (curve -0.8 1.5 0.5) (curve 0.8 1.5 0.5))) (color 0 0 1 (C (lift -0.5 0.0 (/ pi 2)) (curve pi 0.314 1.0) (curve pi 0.314 1.0) (lift 0.5 0.0 (/ pi 2)) (curve pi 0.314 1.0) (curve pi 0.314 1.0)))) (color 0 1 0 (C (lift -1.5 2.0 0) (curve 0 3.0 0))))),s_curve,green,two_dots,blue,h_line,green,balanced_data/var_balanced/glyphs/dim3/var4/images/397.png
(C (C (lift -1 -2.0 (/ pi 2)) (curve 0 4.0 0) (lift 1 -2.0 (/ pi 2)) (curve 0 4.0 0)) (C (C (color 0 1 0 (C (lift -1.5 -2.0 (/ pi 7.25)) (curve -0.8 1.5 0.5) (curve 0.8 1.5 0.5))) (color 0 0 1 (C (lift -0.5 0.0 (/ pi 2)) (curve pi 0.314 1.0) (curve pi 0.314 1.0) (lift 0.5 0.0 (/ pi 2)) (curve pi 0.314 1.0) (curve pi 0.314 1.0)))) (color 0 0 1 (C (lift -1.5 2.0 0) (curve 0 3.0 0))))),s_curve,green,two_dots,blue,h_line,blue,balanced_data/var_balanced/glyphs/dim3/var4/images/398.png
(C (C (lift -1 -2.0 (/ pi 2)) (curve 0 4.0 0) (lift 1 -2.0 (/ pi 2)) (curve 0 4.0 0)) (C (C (color 0 1 0 (C (lift -1.5 -2.0 (/ pi 7.25)) (curve -0.8 1.5 0.5) (curve 0.8 1.5 0.5))) (color 0 0 1 (C (lift -0.5 0.0 (/ pi 2)) (curve pi 0.314 1.0) (curve pi 0.314 1.0) (lift 0.5 0.0 (/ pi 2)) (curve pi 0.314 1.0) (curve pi 0.314 1.0)))) (color 1 0 0 (C (lift -1.5 2.0 (/ pi 7.25)) (curve -0.8 1.5 0.5) (curve 0.8 1.5 0.5))))),s_curve,green,two_dots,blue,s_curve,red,balanced_data/var_balanced/glyphs/dim3/var4/images/399.png
(C (C (lift -1 -2.0 (/ pi 2)) (curve 0 4.0 0) (lift 1 -2.0 (/ pi 2)) (curve 0 4.0 0)) (C (C (color 0 1 0 (C (lift -1.5 -2.0 (/ pi 7.25)) (curve -0.8 1.5 0.5) (curve 0.8 1.5 0.5))) (color 0 0 1 (C (lift -0.5 0.0 (/ pi 2)) (curve pi 0.314 1.0) (curve pi 0.314 1.0) (lift 0.5 0.0 (/ pi 2)) (curve pi 0.314 1.0) (curve pi 0.314 1.0)))) (color 0 1 0 (C (lift -1.5 2.0 (/ pi 7.25)) (curve -0.8 1.5 0.5) (curve 0.8 1.5 0.5))))),s_curve,green,two_dots,blue,s_curve,green,balanced_data/var_balanced/glyphs/dim3/var4/images/400.png
(C (C (lift -1 -2.0 (/ pi 2)) (curve 0 4.0 0) (lift 1 -2.0 (/ pi 2)) (curve 0 4.0 0)) (C (C (color 0 1 0 (C (lift -1.5 -2.0 (/ pi 7.25)) (curve -0.8 1.5 0.5) (curve 0.8 1.5 0.5))) (color 0 0 1 (C (lift -0.5 0.0 (/ pi 2)) (curve pi 0.314 1.0) (curve pi 0.314 1.0) (lift 0.5 0.0 (/ pi 2)) (curve pi 0.314 1.0) (curve pi 0.314 1.0)))) (color 0 0 1 (C (lift -1.5 2.0 (/ pi 7.25)) (curve -0.8 1.5 0.5) (curve 0.8 1.5 0.5))))),s_curve,green,two_dots,blue,s_curve,blue,balanced_data/var_balanced/glyphs/dim3/var4/images/401.png
(C (C (lift -1 -2.0 (/ pi 2)) (curve 0 4.0 0) (lift 1 -2.0 (/ pi 2)) (curve 0 4.0 0)) (C (C (color 0 1 0 (C (lift -1.5 -2.0 (/ pi 7.25)) (curve -0.8 1.5 0.5) (curve 0.8 1.5 0.5))) (color 0 0 1 (C (lift -0.5 0.0 (/ pi 2)) (curve pi 0.314 1.0) (curve pi 0.314 1.0) (lift 0.5 0.0 (/ pi 2)) (curve pi 0.314 1.0) (curve pi 0.314 1.0)))) (color 1 0 0 (C (lift -0.5 2.0 (/ pi 2)) (curve pi 0.314 1.0) (curve pi 0.314 1.0) (lift 0.5 2.0 (/ pi 2)) (curve pi 0.314 1.0) (curve pi 0.314 1.0))))),s_curve,green,two_dots,blue,two_dots,red,balanced_data/var_balanced/glyphs/dim3/var4/images/402.png
(C (C (lift -1 -2.0 (/ pi 2)) (curve 0 4.0 0) (lift 1 -2.0 (/ pi 2)) (curve 0 4.0 0)) (C (C (color 0 1 0 (C (lift -1.5 -2.0 (/ pi 7.25)) (curve -0.8 1.5 0.5) (curve 0.8 1.5 0.5))) (color 0 0 1 (C (lift -0.5 0.0 (/ pi 2)) (curve pi 0.314 1.0) (curve pi 0.314 1.0) (lift 0.5 0.0 (/ pi 2)) (curve pi 0.314 1.0) (curve pi 0.314 1.0)))) (color 0 1 0 (C (lift -0.5 2.0 (/ pi 2)) (curve pi 0.314 1.0) (curve pi 0.314 1.0) (lift 0.5 2.0 (/ pi 2)) (curve pi 0.314 1.0) (curve pi 0.314 1.0))))),s_curve,green,two_dots,blue,two_dots,green,balanced_data/var_balanced/glyphs/dim3/var4/images/403.png
(C (C (lift -1 -2.0 (/ pi 2)) (curve 0 4.0 0) (lift 1 -2.0 (/ pi 2)) (curve 0 4.0 0)) (C (C (color 0 1 0 (C (lift -1.5 -2.0 (/ pi 7.25)) (curve -0.8 1.5 0.5) (curve 0.8 1.5 0.5))) (color 0 0 1 (C (lift -0.5 0.0 (/ pi 2)) (curve pi 0.314 1.0) (curve pi 0.314 1.0) (lift 0.5 0.0 (/ pi 2)) (curve pi 0.314 1.0) (curve pi 0.314 1.0)))) (color 0 0 1 (C (lift -0.5 2.0 (/ pi 2)) (curve pi 0.314 1.0) (curve pi 0.314 1.0) (lift 0.5 2.0 (/ pi 2)) (curve pi 0.314 1.0) (curve pi 0.314 1.0))))),s_curve,green,two_dots,blue,two_dots,blue,balanced_data/var_balanced/glyphs/dim3/var4/images/404.png
(C (C (lift -1 -2.0 (/ pi 2)) (curve 0 4.0 0) (lift 1 -2.0 (/ pi 2)) (curve 0 4.0 0)) (C (C (color 0 0 1 (C (lift -1.5 -2.0 (/ pi 7.25)) (curve -0.8 1.5 0.5) (curve 0.8 1.5 0.5))) (color 1 0 0 (C (lift -1.5 0.0 0) (curve 0 3.0 0)))) (color 1 0 0 (C (lift -1.5 2.0 0) (curve 0 3.0 0))))),s_curve,blue,h_line,red,h_line,red,balanced_data/var_balanced/glyphs/dim3/var4/images/405.png
(C (C (lift -1 -2.0 (/ pi 2)) (curve 0 4.0 0) (lift 1 -2.0 (/ pi 2)) (curve 0 4.0 0)) (C (C (color 0 0 1 (C (lift -1.5 -2.0 (/ pi 7.25)) (curve -0.8 1.5 0.5) (curve 0.8 1.5 0.5))) (color 1 0 0 (C (lift -1.5 0.0 0) (curve 0 3.0 0)))) (color 0 1 0 (C (lift -1.5 2.0 0) (curve 0 3.0 0))))),s_curve,blue,h_line,red,h_line,green,balanced_data/var_balanced/glyphs/dim3/var4/images/406.png
(C (C (lift -1 -2.0 (/ pi 2)) (curve 0 4.0 0) (lift 1 -2.0 (/ pi 2)) (curve 0 4.0 0)) (C (C (color 0 0 1 (C (lift -1.5 -2.0 (/ pi 7.25)) (curve -0.8 1.5 0.5) (curve 0.8 1.5 0.5))) (color 1 0 0 (C (lift -1.5 0.0 0) (curve 0 3.0 0)))) (color 0 0 1 (C (lift -1.5 2.0 0) (curve 0 3.0 0))))),s_curve,blue,h_line,red,h_line,blue,balanced_data/var_balanced/glyphs/dim3/var4/images/407.png
(C (C (lift -1 -2.0 (/ pi 2)) (curve 0 4.0 0) (lift 1 -2.0 (/ pi 2)) (curve 0 4.0 0)) (C (C (color 0 0 1 (C (lift -1.5 -2.0 (/ pi 7.25)) (curve -0.8 1.5 0.5) (curve 0.8 1.5 0.5))) (color 1 0 0 (C (lift -1.5 0.0 0) (curve 0 3.0 0)))) (color 1 0 0 (C (lift -1.5 2.0 (/ pi 7.25)) (curve -0.8 1.5 0.5) (curve 0.8 1.5 0.5))))),s_curve,blue,h_line,red,s_curve,red,balanced_data/var_balanced/glyphs/dim3/var4/images/408.png
(C (C (lift -1 -2.0 (/ pi 2)) (curve 0 4.0 0) (lift 1 -2.0 (/ pi 2)) (curve 0 4.0 0)) (C (C (color 0 0 1 (C (lift -1.5 -2.0 (/ pi 7.25)) (curve -0.8 1.5 0.5) (curve 0.8 1.5 0.5))) (color 1 0 0 (C (lift -1.5 0.0 0) (curve 0 3.0 0)))) (color 0 1 0 (C (lift -1.5 2.0 (/ pi 7.25)) (curve -0.8 1.5 0.5) (curve 0.8 1.5 0.5))))),s_curve,blue,h_line,red,s_curve,green,balanced_data/var_balanced/glyphs/dim3/var4/images/409.png
(C (C (lift -1 -2.0 (/ pi 2)) (curve 0 4.0 0) (lift 1 -2.0 (/ pi 2)) (curve 0 4.0 0)) (C (C (color 0 0 1 (C (lift -1.5 -2.0 (/ pi 7.25)) (curve -0.8 1.5 0.5) (curve 0.8 1.5 0.5))) (color 1 0 0 (C (lift -1.5 0.0 0) (curve 0 3.0 0)))) (color 0 0 1 (C (lift -1.5 2.0 (/ pi 7.25)) (curve -0.8 1.5 0.5) (curve 0.8 1.5 0.5))))),s_curve,blue,h_line,red,s_curve,blue,balanced_data/var_balanced/glyphs/dim3/var4/images/410.png
(C (C (lift -1 -2.0 (/ pi 2)) (curve 0 4.0 0) (lift 1 -2.0 (/ pi 2)) (curve 0 4.0 0)) (C (C (color 0 0 1 (C (lift -1.5 -2.0 (/ pi 7.25)) (curve -0.8 1.5 0.5) (curve 0.8 1.5 0.5))) (color 1 0 0 (C (lift -1.5 0.0 0) (curve 0 3.0 0)))) (color 1 0 0 (C (lift -0.5 2.0 (/ pi 2)) (curve pi 0.314 1.0) (curve pi 0.314 1.0) (lift 0.5 2.0 (/ pi 2)) (curve pi 0.314 1.0) (curve pi 0.314 1.0))))),s_curve,blue,h_line,red,two_dots,red,balanced_data/var_balanced/glyphs/dim3/var4/images/411.png
(C (C (lift -1 -2.0 (/ pi 2)) (curve 0 4.0 0) (lift 1 -2.0 (/ pi 2)) (curve 0 4.0 0)) (C (C (color 0 0 1 (C (lift -1.5 -2.0 (/ pi 7.25)) (curve -0.8 1.5 0.5) (curve 0.8 1.5 0.5))) (color 1 0 0 (C (lift -1.5 0.0 0) (curve 0 3.0 0)))) (color 0 1 0 (C (lift -0.5 2.0 (/ pi 2)) (curve pi 0.314 1.0) (curve pi 0.314 1.0) (lift 0.5 2.0 (/ pi 2)) (curve pi 0.314 1.0) (curve pi 0.314 1.0))))),s_curve,blue,h_line,red,two_dots,green,balanced_data/var_balanced/glyphs/dim3/var4/images/412.png
(C (C (lift -1 -2.0 (/ pi 2)) (curve 0 4.0 0) (lift 1 -2.0 (/ pi 2)) (curve 0 4.0 0)) (C (C (color 0 0 1 (C (lift -1.5 -2.0 (/ pi 7.25)) (curve -0.8 1.5 0.5) (curve 0.8 1.5 0.5))) (color 1 0 0 (C (lift -1.5 0.0 0) (curve 0 3.0 0)))) (color 0 0 1 (C (lift -0.5 2.0 (/ pi 2)) (curve pi 0.314 1.0) (curve pi 0.314 1.0) (lift 0.5 2.0 (/ pi 2)) (curve pi 0.314 1.0) (curve pi 0.314 1.0))))),s_curve,blue,h_line,red,two_dots,blue,balanced_data/var_balanced/glyphs/dim3/var4/images/413.png
(C (C (lift -1 -2.0 (/ pi 2)) (curve 0 4.0 0) (lift 1 -2.0 (/ pi 2)) (curve 0 4.0 0)) (C (C (color 0 0 1 (C (lift -1.5 -2.0 (/ pi 7.25)) (curve -0.8 1.5 0.5) (curve 0.8 1.5 0.5))) (color 0 1 0 (C (lift -1.5 0.0 0) (curve 0 3.0 0)))) (color 1 0 0 (C (lift -1.5 2.0 0) (curve 0 3.0 0))))),s_curve,blue,h_line,green,h_line,red,balanced_data/var_balanced/glyphs/dim3/var4/images/414.png
(C (C (lift -1 -2.0 (/ pi 2)) (curve 0 4.0 0) (lift 1 -2.0 (/ pi 2)) (curve 0 4.0 0)) (C (C (color 0 0 1 (C (lift -1.5 -2.0 (/ pi 7.25)) (curve -0.8 1.5 0.5) (curve 0.8 1.5 0.5))) (color 0 1 0 (C (lift -1.5 0.0 0) (curve 0 3.0 0)))) (color 0 1 0 (C (lift -1.5 2.0 0) (curve 0 3.0 0))))),s_curve,blue,h_line,green,h_line,green,balanced_data/var_balanced/glyphs/dim3/var4/images/415.png
(C (C (lift -1 -2.0 (/ pi 2)) (curve 0 4.0 0) (lift 1 -2.0 (/ pi 2)) (curve 0 4.0 0)) (C (C (color 0 0 1 (C (lift -1.5 -2.0 (/ pi 7.25)) (curve -0.8 1.5 0.5) (curve 0.8 1.5 0.5))) (color 0 1 0 (C (lift -1.5 0.0 0) (curve 0 3.0 0)))) (color 0 0 1 (C (lift -1.5 2.0 0) (curve 0 3.0 0))))),s_curve,blue,h_line,green,h_line,blue,balanced_data/var_balanced/glyphs/dim3/var4/images/416.png
(C (C (lift -1 -2.0 (/ pi 2)) (curve 0 4.0 0) (lift 1 -2.0 (/ pi 2)) (curve 0 4.0 0)) (C (C (color 0 0 1 (C (lift -1.5 -2.0 (/ pi 7.25)) (curve -0.8 1.5 0.5) (curve 0.8 1.5 0.5))) (color 0 1 0 (C (lift -1.5 0.0 0) (curve 0 3.0 0)))) (color 1 0 0 (C (lift -1.5 2.0 (/ pi 7.25)) (curve -0.8 1.5 0.5) (curve 0.8 1.5 0.5))))),s_curve,blue,h_line,green,s_curve,red,balanced_data/var_balanced/glyphs/dim3/var4/images/417.png
(C (C (lift -1 -2.0 (/ pi 2)) (curve 0 4.0 0) (lift 1 -2.0 (/ pi 2)) (curve 0 4.0 0)) (C (C (color 0 0 1 (C (lift -1.5 -2.0 (/ pi 7.25)) (curve -0.8 1.5 0.5) (curve 0.8 1.5 0.5))) (color 0 1 0 (C (lift -1.5 0.0 0) (curve 0 3.0 0)))) (color 0 1 0 (C (lift -1.5 2.0 (/ pi 7.25)) (curve -0.8 1.5 0.5) (curve 0.8 1.5 0.5))))),s_curve,blue,h_line,green,s_curve,green,balanced_data/var_balanced/glyphs/dim3/var4/images/418.png
(C (C (lift -1 -2.0 (/ pi 2)) (curve 0 4.0 0) (lift 1 -2.0 (/ pi 2)) (curve 0 4.0 0)) (C (C (color 0 0 1 (C (lift -1.5 -2.0 (/ pi 7.25)) (curve -0.8 1.5 0.5) (curve 0.8 1.5 0.5))) (color 0 1 0 (C (lift -1.5 0.0 0) (curve 0 3.0 0)))) (color 0 0 1 (C (lift -1.5 2.0 (/ pi 7.25)) (curve -0.8 1.5 0.5) (curve 0.8 1.5 0.5))))),s_curve,blue,h_line,green,s_curve,blue,balanced_data/var_balanced/glyphs/dim3/var4/images/419.png
(C (C (lift -1 -2.0 (/ pi 2)) (curve 0 4.0 0) (lift 1 -2.0 (/ pi 2)) (curve 0 4.0 0)) (C (C (color 0 0 1 (C (lift -1.5 -2.0 (/ pi 7.25)) (curve -0.8 1.5 0.5) (curve 0.8 1.5 0.5))) (color 0 1 0 (C (lift -1.5 0.0 0) (curve 0 3.0 0)))) (color 1 0 0 (C (lift -0.5 2.0 (/ pi 2)) (curve pi 0.314 1.0) (curve pi 0.314 1.0) (lift 0.5 2.0 (/ pi 2)) (curve pi 0.314 1.0) (curve pi 0.314 1.0))))),s_curve,blue,h_line,green,two_dots,red,balanced_data/var_balanced/glyphs/dim3/var4/images/420.png
(C (C (lift -1 -2.0 (/ pi 2)) (curve 0 4.0 0) (lift 1 -2.0 (/ pi 2)) (curve 0 4.0 0)) (C (C (color 0 0 1 (C (lift -1.5 -2.0 (/ pi 7.25)) (curve -0.8 1.5 0.5) (curve 0.8 1.5 0.5))) (color 0 1 0 (C (lift -1.5 0.0 0) (curve 0 3.0 0)))) (color 0 1 0 (C (lift -0.5 2.0 (/ pi 2)) (curve pi 0.314 1.0) (curve pi 0.314 1.0) (lift 0.5 2.0 (/ pi 2)) (curve pi 0.314 1.0) (curve pi 0.314 1.0))))),s_curve,blue,h_line,green,two_dots,green,balanced_data/var_balanced/glyphs/dim3/var4/images/421.png
(C (C (lift -1 -2.0 (/ pi 2)) (curve 0 4.0 0) (lift 1 -2.0 (/ pi 2)) (curve 0 4.0 0)) (C (C (color 0 0 1 (C (lift -1.5 -2.0 (/ pi 7.25)) (curve -0.8 1.5 0.5) (curve 0.8 1.5 0.5))) (color 0 1 0 (C (lift -1.5 0.0 0) (curve 0 3.0 0)))) (color 0 0 1 (C (lift -0.5 2.0 (/ pi 2)) (curve pi 0.314 1.0) (curve pi 0.314 1.0) (lift 0.5 2.0 (/ pi 2)) (curve pi 0.314 1.0) (curve pi 0.314 1.0))))),s_curve,blue,h_line,green,two_dots,blue,balanced_data/var_balanced/glyphs/dim3/var4/images/422.png
(C (C (lift -1 -2.0 (/ pi 2)) (curve 0 4.0 0) (lift 1 -2.0 (/ pi 2)) (curve 0 4.0 0)) (C (C (color 0 0 1 (C (lift -1.5 -2.0 (/ pi 7.25)) (curve -0.8 1.5 0.5) (curve 0.8 1.5 0.5))) (color 0 0 1 (C (lift -1.5 0.0 0) (curve 0 3.0 0)))) (color 1 0 0 (C (lift -1.5 2.0 0) (curve 0 3.0 0))))),s_curve,blue,h_line,blue,h_line,red,balanced_data/var_balanced/glyphs/dim3/var4/images/423.png
(C (C (lift -1 -2.0 (/ pi 2)) (curve 0 4.0 0) (lift 1 -2.0 (/ pi 2)) (curve 0 4.0 0)) (C (C (color 0 0 1 (C (lift -1.5 -2.0 (/ pi 7.25)) (curve -0.8 1.5 0.5) (curve 0.8 1.5 0.5))) (color 0 0 1 (C (lift -1.5 0.0 0) (curve 0 3.0 0)))) (color 0 1 0 (C (lift -1.5 2.0 0) (curve 0 3.0 0))))),s_curve,blue,h_line,blue,h_line,green,balanced_data/var_balanced/glyphs/dim3/var4/images/424.png
(C (C (lift -1 -2.0 (/ pi 2)) (curve 0 4.0 0) (lift 1 -2.0 (/ pi 2)) (curve 0 4.0 0)) (C (C (color 0 0 1 (C (lift -1.5 -2.0 (/ pi 7.25)) (curve -0.8 1.5 0.5) (curve 0.8 1.5 0.5))) (color 0 0 1 (C (lift -1.5 0.0 0) (curve 0 3.0 0)))) (color 0 0 1 (C (lift -1.5 2.0 0) (curve 0 3.0 0))))),s_curve,blue,h_line,blue,h_line,blue,balanced_data/var_balanced/glyphs/dim3/var4/images/425.png
(C (C (lift -1 -2.0 (/ pi 2)) (curve 0 4.0 0) (lift 1 -2.0 (/ pi 2)) (curve 0 4.0 0)) (C (C (color 0 0 1 (C (lift -1.5 -2.0 (/ pi 7.25)) (curve -0.8 1.5 0.5) (curve 0.8 1.5 0.5))) (color 0 0 1 (C (lift -1.5 0.0 0) (curve 0 3.0 0)))) (color 1 0 0 (C (lift -1.5 2.0 (/ pi 7.25)) (curve -0.8 1.5 0.5) (curve 0.8 1.5 0.5))))),s_curve,blue,h_line,blue,s_curve,red,balanced_data/var_balanced/glyphs/dim3/var4/images/426.png
(C (C (lift -1 -2.0 (/ pi 2)) (curve 0 4.0 0) (lift 1 -2.0 (/ pi 2)) (curve 0 4.0 0)) (C (C (color 0 0 1 (C (lift -1.5 -2.0 (/ pi 7.25)) (curve -0.8 1.5 0.5) (curve 0.8 1.5 0.5))) (color 0 0 1 (C (lift -1.5 0.0 0) (curve 0 3.0 0)))) (color 0 1 0 (C (lift -1.5 2.0 (/ pi 7.25)) (curve -0.8 1.5 0.5) (curve 0.8 1.5 0.5))))),s_curve,blue,h_line,blue,s_curve,green,balanced_data/var_balanced/glyphs/dim3/var4/images/427.png
(C (C (lift -1 -2.0 (/ pi 2)) (curve 0 4.0 0) (lift 1 -2.0 (/ pi 2)) (curve 0 4.0 0)) (C (C (color 0 0 1 (C (lift -1.5 -2.0 (/ pi 7.25)) (curve -0.8 1.5 0.5) (curve 0.8 1.5 0.5))) (color 0 0 1 (C (lift -1.5 0.0 0) (curve 0 3.0 0)))) (color 0 0 1 (C (lift -1.5 2.0 (/ pi 7.25)) (curve -0.8 1.5 0.5) (curve 0.8 1.5 0.5))))),s_curve,blue,h_line,blue,s_curve,blue,balanced_data/var_balanced/glyphs/dim3/var4/images/428.png
(C (C (lift -1 -2.0 (/ pi 2)) (curve 0 4.0 0) (lift 1 -2.0 (/ pi 2)) (curve 0 4.0 0)) (C (C (color 0 0 1 (C (lift -1.5 -2.0 (/ pi 7.25)) (curve -0.8 1.5 0.5) (curve 0.8 1.5 0.5))) (color 0 0 1 (C (lift -1.5 0.0 0) (curve 0 3.0 0)))) (color 1 0 0 (C (lift -0.5 2.0 (/ pi 2)) (curve pi 0.314 1.0) (curve pi 0.314 1.0) (lift 0.5 2.0 (/ pi 2)) (curve pi 0.314 1.0) (curve pi 0.314 1.0))))),s_curve,blue,h_line,blue,two_dots,red,balanced_data/var_balanced/glyphs/dim3/var4/images/429.png
(C (C (lift -1 -2.0 (/ pi 2)) (curve 0 4.0 0) (lift 1 -2.0 (/ pi 2)) (curve 0 4.0 0)) (C (C (color 0 0 1 (C (lift -1.5 -2.0 (/ pi 7.25)) (curve -0.8 1.5 0.5) (curve 0.8 1.5 0.5))) (color 0 0 1 (C (lift -1.5 0.0 0) (curve 0 3.0 0)))) (color 0 1 0 (C (lift -0.5 2.0 (/ pi 2)) (curve pi 0.314 1.0) (curve pi 0.314 1.0) (lift 0.5 2.0 (/ pi 2)) (curve pi 0.314 1.0) (curve pi 0.314 1.0))))),s_curve,blue,h_line,blue,two_dots,green,balanced_data/var_balanced/glyphs/dim3/var4/images/430.png
(C (C (lift -1 -2.0 (/ pi 2)) (curve 0 4.0 0) (lift 1 -2.0 (/ pi 2)) (curve 0 4.0 0)) (C (C (color 0 0 1 (C (lift -1.5 -2.0 (/ pi 7.25)) (curve -0.8 1.5 0.5) (curve 0.8 1.5 0.5))) (color 0 0 1 (C (lift -1.5 0.0 0) (curve 0 3.0 0)))) (color 0 0 1 (C (lift -0.5 2.0 (/ pi 2)) (curve pi 0.314 1.0) (curve pi 0.314 1.0) (lift 0.5 2.0 (/ pi 2)) (curve pi 0.314 1.0) (curve pi 0.314 1.0))))),s_curve,blue,h_line,blue,two_dots,blue,balanced_data/var_balanced/glyphs/dim3/var4/images/431.png
(C (C (lift -1 -2.0 (/ pi 2)) (curve 0 4.0 0) (lift 1 -2.0 (/ pi 2)) (curve 0 4.0 0)) (C (C (color 0 0 1 (C (lift -1.5 -2.0 (/ pi 7.25)) (curve -0.8 1.5 0.5) (curve 0.8 1.5 0.5))) (color 1 0 0 (C (lift -1.5 0.0 (/ pi 7.25)) (curve -0.8 1.5 0.5) (curve 0.8 1.5 0.5)))) (color 1 0 0 (C (lift -1.5 2.0 0) (curve 0 3.0 0))))),s_curve,blue,s_curve,red,h_line,red,balanced_data/var_balanced/glyphs/dim3/var4/images/432.png
(C (C (lift -1 -2.0 (/ pi 2)) (curve 0 4.0 0) (lift 1 -2.0 (/ pi 2)) (curve 0 4.0 0)) (C (C (color 0 0 1 (C (lift -1.5 -2.0 (/ pi 7.25)) (curve -0.8 1.5 0.5) (curve 0.8 1.5 0.5))) (color 1 0 0 (C (lift -1.5 0.0 (/ pi 7.25)) (curve -0.8 1.5 0.5) (curve 0.8 1.5 0.5)))) (color 0 1 0 (C (lift -1.5 2.0 0) (curve 0 3.0 0))))),s_curve,blue,s_curve,red,h_line,green,balanced_data/var_balanced/glyphs/dim3/var4/images/433.png
(C (C (lift -1 -2.0 (/ pi 2)) (curve 0 4.0 0) (lift 1 -2.0 (/ pi 2)) (curve 0 4.0 0)) (C (C (color 0 0 1 (C (lift -1.5 -2.0 (/ pi 7.25)) (curve -0.8 1.5 0.5) (curve 0.8 1.5 0.5))) (color 1 0 0 (C (lift -1.5 0.0 (/ pi 7.25)) (curve -0.8 1.5 0.5) (curve 0.8 1.5 0.5)))) (color 0 0 1 (C (lift -1.5 2.0 0) (curve 0 3.0 0))))),s_curve,blue,s_curve,red,h_line,blue,balanced_data/var_balanced/glyphs/dim3/var4/images/434.png
(C (C (lift -1 -2.0 (/ pi 2)) (curve 0 4.0 0) (lift 1 -2.0 (/ pi 2)) (curve 0 4.0 0)) (C (C (color 0 0 1 (C (lift -1.5 -2.0 (/ pi 7.25)) (curve -0.8 1.5 0.5) (curve 0.8 1.5 0.5))) (color 1 0 0 (C (lift -1.5 0.0 (/ pi 7.25)) (curve -0.8 1.5 0.5) (curve 0.8 1.5 0.5)))) (color 1 0 0 (C (lift -1.5 2.0 (/ pi 7.25)) (curve -0.8 1.5 0.5) (curve 0.8 1.5 0.5))))),s_curve,blue,s_curve,red,s_curve,red,balanced_data/var_balanced/glyphs/dim3/var4/images/435.png
(C (C (lift -1 -2.0 (/ pi 2)) (curve 0 4.0 0) (lift 1 -2.0 (/ pi 2)) (curve 0 4.0 0)) (C (C (color 0 0 1 (C (lift -1.5 -2.0 (/ pi 7.25)) (curve -0.8 1.5 0.5) (curve 0.8 1.5 0.5))) (color 1 0 0 (C (lift -1.5 0.0 (/ pi 7.25)) (curve -0.8 1.5 0.5) (curve 0.8 1.5 0.5)))) (color 0 1 0 (C (lift -1.5 2.0 (/ pi 7.25)) (curve -0.8 1.5 0.5) (curve 0.8 1.5 0.5))))),s_curve,blue,s_curve,red,s_curve,green,balanced_data/var_balanced/glyphs/dim3/var4/images/436.png
(C (C (lift -1 -2.0 (/ pi 2)) (curve 0 4.0 0) (lift 1 -2.0 (/ pi 2)) (curve 0 4.0 0)) (C (C (color 0 0 1 (C (lift -1.5 -2.0 (/ pi 7.25)) (curve -0.8 1.5 0.5) (curve 0.8 1.5 0.5))) (color 1 0 0 (C (lift -1.5 0.0 (/ pi 7.25)) (curve -0.8 1.5 0.5) (curve 0.8 1.5 0.5)))) (color 0 0 1 (C (lift -1.5 2.0 (/ pi 7.25)) (curve -0.8 1.5 0.5) (curve 0.8 1.5 0.5))))),s_curve,blue,s_curve,red,s_curve,blue,balanced_data/var_balanced/glyphs/dim3/var4/images/437.png
(C (C (lift -1 -2.0 (/ pi 2)) (curve 0 4.0 0) (lift 1 -2.0 (/ pi 2)) (curve 0 4.0 0)) (C (C (color 0 0 1 (C (lift -1.5 -2.0 (/ pi 7.25)) (curve -0.8 1.5 0.5) (curve 0.8 1.5 0.5))) (color 1 0 0 (C (lift -1.5 0.0 (/ pi 7.25)) (curve -0.8 1.5 0.5) (curve 0.8 1.5 0.5)))) (color 1 0 0 (C (lift -0.5 2.0 (/ pi 2)) (curve pi 0.314 1.0) (curve pi 0.314 1.0) (lift 0.5 2.0 (/ pi 2)) (curve pi 0.314 1.0) (curve pi 0.314 1.0))))),s_curve,blue,s_curve,red,two_dots,red,balanced_data/var_balanced/glyphs/dim3/var4/images/438.png
(C (C (lift -1 -2.0 (/ pi 2)) (curve 0 4.0 0) (lift 1 -2.0 (/ pi 2)) (curve 0 4.0 0)) (C (C (color 0 0 1 (C (lift -1.5 -2.0 (/ pi 7.25)) (curve -0.8 1.5 0.5) (curve 0.8 1.5 0.5))) (color 1 0 0 (C (lift -1.5 0.0 (/ pi 7.25)) (curve -0.8 1.5 0.5) (curve 0.8 1.5 0.5)))) (color 0 1 0 (C (lift -0.5 2.0 (/ pi 2)) (curve pi 0.314 1.0) (curve pi 0.314 1.0) (lift 0.5 2.0 (/ pi 2)) (curve pi 0.314 1.0) (curve pi 0.314 1.0))))),s_curve,blue,s_curve,red,two_dots,green,balanced_data/var_balanced/glyphs/dim3/var4/images/439.png
(C (C (lift -1 -2.0 (/ pi 2)) (curve 0 4.0 0) (lift 1 -2.0 (/ pi 2)) (curve 0 4.0 0)) (C (C (color 0 0 1 (C (lift -1.5 -2.0 (/ pi 7.25)) (curve -0.8 1.5 0.5) (curve 0.8 1.5 0.5))) (color 1 0 0 (C (lift -1.5 0.0 (/ pi 7.25)) (curve -0.8 1.5 0.5) (curve 0.8 1.5 0.5)))) (color 0 0 1 (C (lift -0.5 2.0 (/ pi 2)) (curve pi 0.314 1.0) (curve pi 0.314 1.0) (lift 0.5 2.0 (/ pi 2)) (curve pi 0.314 1.0) (curve pi 0.314 1.0))))),s_curve,blue,s_curve,red,two_dots,blue,balanced_data/var_balanced/glyphs/dim3/var4/images/440.png
(C (C (lift -1 -2.0 (/ pi 2)) (curve 0 4.0 0) (lift 1 -2.0 (/ pi 2)) (curve 0 4.0 0)) (C (C (color 0 0 1 (C (lift -1.5 -2.0 (/ pi 7.25)) (curve -0.8 1.5 0.5) (curve 0.8 1.5 0.5))) (color 0 1 0 (C (lift -1.5 0.0 (/ pi 7.25)) (curve -0.8 1.5 0.5) (curve 0.8 1.5 0.5)))) (color 1 0 0 (C (lift -1.5 2.0 0) (curve 0 3.0 0))))),s_curve,blue,s_curve,green,h_line,red,balanced_data/var_balanced/glyphs/dim3/var4/images/441.png
(C (C (lift -1 -2.0 (/ pi 2)) (curve 0 4.0 0) (lift 1 -2.0 (/ pi 2)) (curve 0 4.0 0)) (C (C (color 0 0 1 (C (lift -1.5 -2.0 (/ pi 7.25)) (curve -0.8 1.5 0.5) (curve 0.8 1.5 0.5))) (color 0 1 0 (C (lift -1.5 0.0 (/ pi 7.25)) (curve -0.8 1.5 0.5) (curve 0.8 1.5 0.5)))) (color 0 1 0 (C (lift -1.5 2.0 0) (curve 0 3.0 0))))),s_curve,blue,s_curve,green,h_line,green,balanced_data/var_balanced/glyphs/dim3/var4/images/442.png
(C (C (lift -1 -2.0 (/ pi 2)) (curve 0 4.0 0) (lift 1 -2.0 (/ pi 2)) (curve 0 4.0 0)) (C (C (color 0 0 1 (C (lift -1.5 -2.0 (/ pi 7.25)) (curve -0.8 1.5 0.5) (curve 0.8 1.5 0.5))) (color 0 1 0 (C (lift -1.5 0.0 (/ pi 7.25)) (curve -0.8 1.5 0.5) (curve 0.8 1.5 0.5)))) (color 0 0 1 (C (lift -1.5 2.0 0) (curve 0 3.0 0))))),s_curve,blue,s_curve,green,h_line,blue,balanced_data/var_balanced/glyphs/dim3/var4/images/443.png
(C (C (lift -1 -2.0 (/ pi 2)) (curve 0 4.0 0) (lift 1 -2.0 (/ pi 2)) (curve 0 4.0 0)) (C (C (color 0 0 1 (C (lift -1.5 -2.0 (/ pi 7.25)) (curve -0.8 1.5 0.5) (curve 0.8 1.5 0.5))) (color 0 1 0 (C (lift -1.5 0.0 (/ pi 7.25)) (curve -0.8 1.5 0.5) (curve 0.8 1.5 0.5)))) (color 1 0 0 (C (lift -1.5 2.0 (/ pi 7.25)) (curve -0.8 1.5 0.5) (curve 0.8 1.5 0.5))))),s_curve,blue,s_curve,green,s_curve,red,balanced_data/var_balanced/glyphs/dim3/var4/images/444.png
(C (C (lift -1 -2.0 (/ pi 2)) (curve 0 4.0 0) (lift 1 -2.0 (/ pi 2)) (curve 0 4.0 0)) (C (C (color 0 0 1 (C (lift -1.5 -2.0 (/ pi 7.25)) (curve -0.8 1.5 0.5) (curve 0.8 1.5 0.5))) (color 0 1 0 (C (lift -1.5 0.0 (/ pi 7.25)) (curve -0.8 1.5 0.5) (curve 0.8 1.5 0.5)))) (color 0 1 0 (C (lift -1.5 2.0 (/ pi 7.25)) (curve -0.8 1.5 0.5) (curve 0.8 1.5 0.5))))),s_curve,blue,s_curve,green,s_curve,green,balanced_data/var_balanced/glyphs/dim3/var4/images/445.png
(C (C (lift -1 -2.0 (/ pi 2)) (curve 0 4.0 0) (lift 1 -2.0 (/ pi 2)) (curve 0 4.0 0)) (C (C (color 0 0 1 (C (lift -1.5 -2.0 (/ pi 7.25)) (curve -0.8 1.5 0.5) (curve 0.8 1.5 0.5))) (color 0 1 0 (C (lift -1.5 0.0 (/ pi 7.25)) (curve -0.8 1.5 0.5) (curve 0.8 1.5 0.5)))) (color 0 0 1 (C (lift -1.5 2.0 (/ pi 7.25)) (curve -0.8 1.5 0.5) (curve 0.8 1.5 0.5))))),s_curve,blue,s_curve,green,s_curve,blue,balanced_data/var_balanced/glyphs/dim3/var4/images/446.png
(C (C (lift -1 -2.0 (/ pi 2)) (curve 0 4.0 0) (lift 1 -2.0 (/ pi 2)) (curve 0 4.0 0)) (C (C (color 0 0 1 (C (lift -1.5 -2.0 (/ pi 7.25)) (curve -0.8 1.5 0.5) (curve 0.8 1.5 0.5))) (color 0 1 0 (C (lift -1.5 0.0 (/ pi 7.25)) (curve -0.8 1.5 0.5) (curve 0.8 1.5 0.5)))) (color 1 0 0 (C (lift -0.5 2.0 (/ pi 2)) (curve pi 0.314 1.0) (curve pi 0.314 1.0) (lift 0.5 2.0 (/ pi 2)) (curve pi 0.314 1.0) (curve pi 0.314 1.0))))),s_curve,blue,s_curve,green,two_dots,red,balanced_data/var_balanced/glyphs/dim3/var4/images/447.png
(C (C (lift -1 -2.0 (/ pi 2)) (curve 0 4.0 0) (lift 1 -2.0 (/ pi 2)) (curve 0 4.0 0)) (C (C (color 0 0 1 (C (lift -1.5 -2.0 (/ pi 7.25)) (curve -0.8 1.5 0.5) (curve 0.8 1.5 0.5))) (color 0 1 0 (C (lift -1.5 0.0 (/ pi 7.25)) (curve -0.8 1.5 0.5) (curve 0.8 1.5 0.5)))) (color 0 1 0 (C (lift -0.5 2.0 (/ pi 2)) (curve pi 0.314 1.0) (curve pi 0.314 1.0) (lift 0.5 2.0 (/ pi 2)) (curve pi 0.314 1.0) (curve pi 0.314 1.0))))),s_curve,blue,s_curve,green,two_dots,green,balanced_data/var_balanced/glyphs/dim3/var4/images/448.png
(C (C (lift -1 -2.0 (/ pi 2)) (curve 0 4.0 0) (lift 1 -2.0 (/ pi 2)) (curve 0 4.0 0)) (C (C (color 0 0 1 (C (lift -1.5 -2.0 (/ pi 7.25)) (curve -0.8 1.5 0.5) (curve 0.8 1.5 0.5))) (color 0 1 0 (C (lift -1.5 0.0 (/ pi 7.25)) (curve -0.8 1.5 0.5) (curve 0.8 1.5 0.5)))) (color 0 0 1 (C (lift -0.5 2.0 (/ pi 2)) (curve pi 0.314 1.0) (curve pi 0.314 1.0) (lift 0.5 2.0 (/ pi 2)) (curve pi 0.314 1.0) (curve pi 0.314 1.0))))),s_curve,blue,s_curve,green,two_dots,blue,balanced_data/var_balanced/glyphs/dim3/var4/images/449.png
(C (C (lift -1 -2.0 (/ pi 2)) (curve 0 4.0 0) (lift 1 -2.0 (/ pi 2)) (curve 0 4.0 0)) (C (C (color 0 0 1 (C (lift -1.5 -2.0 (/ pi 7.25)) (curve -0.8 1.5 0.5) (curve 0.8 1.5 0.5))) (color 0 0 1 (C (lift -1.5 0.0 (/ pi 7.25)) (curve -0.8 1.5 0.5) (curve 0.8 1.5 0.5)))) (color 1 0 0 (C (lift -1.5 2.0 0) (curve 0 3.0 0))))),s_curve,blue,s_curve,blue,h_line,red,balanced_data/var_balanced/glyphs/dim3/var4/images/450.png
(C (C (lift -1 -2.0 (/ pi 2)) (curve 0 4.0 0) (lift 1 -2.0 (/ pi 2)) (curve 0 4.0 0)) (C (C (color 0 0 1 (C (lift -1.5 -2.0 (/ pi 7.25)) (curve -0.8 1.5 0.5) (curve 0.8 1.5 0.5))) (color 0 0 1 (C (lift -1.5 0.0 (/ pi 7.25)) (curve -0.8 1.5 0.5) (curve 0.8 1.5 0.5)))) (color 0 1 0 (C (lift -1.5 2.0 0) (curve 0 3.0 0))))),s_curve,blue,s_curve,blue,h_line,green,balanced_data/var_balanced/glyphs/dim3/var4/images/451.png
(C (C (lift -1 -2.0 (/ pi 2)) (curve 0 4.0 0) (lift 1 -2.0 (/ pi 2)) (curve 0 4.0 0)) (C (C (color 0 0 1 (C (lift -1.5 -2.0 (/ pi 7.25)) (curve -0.8 1.5 0.5) (curve 0.8 1.5 0.5))) (color 0 0 1 (C (lift -1.5 0.0 (/ pi 7.25)) (curve -0.8 1.5 0.5) (curve 0.8 1.5 0.5)))) (color 0 0 1 (C (lift -1.5 2.0 0) (curve 0 3.0 0))))),s_curve,blue,s_curve,blue,h_line,blue,balanced_data/var_balanced/glyphs/dim3/var4/images/452.png
(C (C (lift -1 -2.0 (/ pi 2)) (curve 0 4.0 0) (lift 1 -2.0 (/ pi 2)) (curve 0 4.0 0)) (C (C (color 0 0 1 (C (lift -1.5 -2.0 (/ pi 7.25)) (curve -0.8 1.5 0.5) (curve 0.8 1.5 0.5))) (color 0 0 1 (C (lift -1.5 0.0 (/ pi 7.25)) (curve -0.8 1.5 0.5) (curve 0.8 1.5 0.5)))) (color 1 0 0 (C (lift -1.5 2.0 (/ pi 7.25)) (curve -0.8 1.5 0.5) (curve 0.8 1.5 0.5))))),s_curve,blue,s_curve,blue,s_curve,red,balanced_data/var_balanced/glyphs/dim3/var4/images/453.png
(C (C (lift -1 -2.0 (/ pi 2)) (curve 0 4.0 0) (lift 1 -2.0 (/ pi 2)) (curve 0 4.0 0)) (C (C (color 0 0 1 (C (lift -1.5 -2.0 (/ pi 7.25)) (curve -0.8 1.5 0.5) (curve 0.8 1.5 0.5))) (color 0 0 1 (C (lift -1.5 0.0 (/ pi 7.25)) (curve -0.8 1.5 0.5) (curve 0.8 1.5 0.5)))) (color 0 1 0 (C (lift -1.5 2.0 (/ pi 7.25)) (curve -0.8 1.5 0.5) (curve 0.8 1.5 0.5))))),s_curve,blue,s_curve,blue,s_curve,green,balanced_data/var_balanced/glyphs/dim3/var4/images/454.png
(C (C (lift -1 -2.0 (/ pi 2)) (curve 0 4.0 0) (lift 1 -2.0 (/ pi 2)) (curve 0 4.0 0)) (C (C (color 0 0 1 (C (lift -1.5 -2.0 (/ pi 7.25)) (curve -0.8 1.5 0.5) (curve 0.8 1.5 0.5))) (color 0 0 1 (C (lift -1.5 0.0 (/ pi 7.25)) (curve -0.8 1.5 0.5) (curve 0.8 1.5 0.5)))) (color 0 0 1 (C (lift -1.5 2.0 (/ pi 7.25)) (curve -0.8 1.5 0.5) (curve 0.8 1.5 0.5))))),s_curve,blue,s_curve,blue,s_curve,blue,balanced_data/var_balanced/glyphs/dim3/var4/images/455.png
(C (C (lift -1 -2.0 (/ pi 2)) (curve 0 4.0 0) (lift 1 -2.0 (/ pi 2)) (curve 0 4.0 0)) (C (C (color 0 0 1 (C (lift -1.5 -2.0 (/ pi 7.25)) (curve -0.8 1.5 0.5) (curve 0.8 1.5 0.5))) (color 0 0 1 (C (lift -1.5 0.0 (/ pi 7.25)) (curve -0.8 1.5 0.5) (curve 0.8 1.5 0.5)))) (color 1 0 0 (C (lift -0.5 2.0 (/ pi 2)) (curve pi 0.314 1.0) (curve pi 0.314 1.0) (lift 0.5 2.0 (/ pi 2)) (curve pi 0.314 1.0) (curve pi 0.314 1.0))))),s_curve,blue,s_curve,blue,two_dots,red,balanced_data/var_balanced/glyphs/dim3/var4/images/456.png
(C (C (lift -1 -2.0 (/ pi 2)) (curve 0 4.0 0) (lift 1 -2.0 (/ pi 2)) (curve 0 4.0 0)) (C (C (color 0 0 1 (C (lift -1.5 -2.0 (/ pi 7.25)) (curve -0.8 1.5 0.5) (curve 0.8 1.5 0.5))) (color 0 0 1 (C (lift -1.5 0.0 (/ pi 7.25)) (curve -0.8 1.5 0.5) (curve 0.8 1.5 0.5)))) (color 0 1 0 (C (lift -0.5 2.0 (/ pi 2)) (curve pi 0.314 1.0) (curve pi 0.314 1.0) (lift 0.5 2.0 (/ pi 2)) (curve pi 0.314 1.0) (curve pi 0.314 1.0))))),s_curve,blue,s_curve,blue,two_dots,green,balanced_data/var_balanced/glyphs/dim3/var4/images/457.png
(C (C (lift -1 -2.0 (/ pi 2)) (curve 0 4.0 0) (lift 1 -2.0 (/ pi 2)) (curve 0 4.0 0)) (C (C (color 0 0 1 (C (lift -1.5 -2.0 (/ pi 7.25)) (curve -0.8 1.5 0.5) (curve 0.8 1.5 0.5))) (color 0 0 1 (C (lift -1.5 0.0 (/ pi 7.25)) (curve -0.8 1.5 0.5) (curve 0.8 1.5 0.5)))) (color 0 0 1 (C (lift -0.5 2.0 (/ pi 2)) (curve pi 0.314 1.0) (curve pi 0.314 1.0) (lift 0.5 2.0 (/ pi 2)) (curve pi 0.314 1.0) (curve pi 0.314 1.0))))),s_curve,blue,s_curve,blue,two_dots,blue,balanced_data/var_balanced/glyphs/dim3/var4/images/458.png
(C (C (lift -1 -2.0 (/ pi 2)) (curve 0 4.0 0) (lift 1 -2.0 (/ pi 2)) (curve 0 4.0 0)) (C (C (color 0 0 1 (C (lift -1.5 -2.0 (/ pi 7.25)) (curve -0.8 1.5 0.5) (curve 0.8 1.5 0.5))) (color 1 0 0 (C (lift -0.5 0.0 (/ pi 2)) (curve pi 0.314 1.0) (curve pi 0.314 1.0) (lift 0.5 0.0 (/ pi 2)) (curve pi 0.314 1.0) (curve pi 0.314 1.0)))) (color 1 0 0 (C (lift -1.5 2.0 0) (curve 0 3.0 0))))),s_curve,blue,two_dots,red,h_line,red,balanced_data/var_balanced/glyphs/dim3/var4/images/459.png
(C (C (lift -1 -2.0 (/ pi 2)) (curve 0 4.0 0) (lift 1 -2.0 (/ pi 2)) (curve 0 4.0 0)) (C (C (color 0 0 1 (C (lift -1.5 -2.0 (/ pi 7.25)) (curve -0.8 1.5 0.5) (curve 0.8 1.5 0.5))) (color 1 0 0 (C (lift -0.5 0.0 (/ pi 2)) (curve pi 0.314 1.0) (curve pi 0.314 1.0) (lift 0.5 0.0 (/ pi 2)) (curve pi 0.314 1.0) (curve pi 0.314 1.0)))) (color 0 1 0 (C (lift -1.5 2.0 0) (curve 0 3.0 0))))),s_curve,blue,two_dots,red,h_line,green,balanced_data/var_balanced/glyphs/dim3/var4/images/460.png
(C (C (lift -1 -2.0 (/ pi 2)) (curve 0 4.0 0) (lift 1 -2.0 (/ pi 2)) (curve 0 4.0 0)) (C (C (color 0 0 1 (C (lift -1.5 -2.0 (/ pi 7.25)) (curve -0.8 1.5 0.5) (curve 0.8 1.5 0.5))) (color 1 0 0 (C (lift -0.5 0.0 (/ pi 2)) (curve pi 0.314 1.0) (curve pi 0.314 1.0) (lift 0.5 0.0 (/ pi 2)) (curve pi 0.314 1.0) (curve pi 0.314 1.0)))) (color 0 0 1 (C (lift -1.5 2.0 0) (curve 0 3.0 0))))),s_curve,blue,two_dots,red,h_line,blue,balanced_data/var_balanced/glyphs/dim3/var4/images/461.png
(C (C (lift -1 -2.0 (/ pi 2)) (curve 0 4.0 0) (lift 1 -2.0 (/ pi 2)) (curve 0 4.0 0)) (C (C (color 0 0 1 (C (lift -1.5 -2.0 (/ pi 7.25)) (curve -0.8 1.5 0.5) (curve 0.8 1.5 0.5))) (color 1 0 0 (C (lift -0.5 0.0 (/ pi 2)) (curve pi 0.314 1.0) (curve pi 0.314 1.0) (lift 0.5 0.0 (/ pi 2)) (curve pi 0.314 1.0) (curve pi 0.314 1.0)))) (color 1 0 0 (C (lift -1.5 2.0 (/ pi 7.25)) (curve -0.8 1.5 0.5) (curve 0.8 1.5 0.5))))),s_curve,blue,two_dots,red,s_curve,red,balanced_data/var_balanced/glyphs/dim3/var4/images/462.png
(C (C (lift -1 -2.0 (/ pi 2)) (curve 0 4.0 0) (lift 1 -2.0 (/ pi 2)) (curve 0 4.0 0)) (C (C (color 0 0 1 (C (lift -1.5 -2.0 (/ pi 7.25)) (curve -0.8 1.5 0.5) (curve 0.8 1.5 0.5))) (color 1 0 0 (C (lift -0.5 0.0 (/ pi 2)) (curve pi 0.314 1.0) (curve pi 0.314 1.0) (lift 0.5 0.0 (/ pi 2)) (curve pi 0.314 1.0) (curve pi 0.314 1.0)))) (color 0 1 0 (C (lift -1.5 2.0 (/ pi 7.25)) (curve -0.8 1.5 0.5) (curve 0.8 1.5 0.5))))),s_curve,blue,two_dots,red,s_curve,green,balanced_data/var_balanced/glyphs/dim3/var4/images/463.png
(C (C (lift -1 -2.0 (/ pi 2)) (curve 0 4.0 0) (lift 1 -2.0 (/ pi 2)) (curve 0 4.0 0)) (C (C (color 0 0 1 (C (lift -1.5 -2.0 (/ pi 7.25)) (curve -0.8 1.5 0.5) (curve 0.8 1.5 0.5))) (color 1 0 0 (C (lift -0.5 0.0 (/ pi 2)) (curve pi 0.314 1.0) (curve pi 0.314 1.0) (lift 0.5 0.0 (/ pi 2)) (curve pi 0.314 1.0) (curve pi 0.314 1.0)))) (color 0 0 1 (C (lift -1.5 2.0 (/ pi 7.25)) (curve -0.8 1.5 0.5) (curve 0.8 1.5 0.5))))),s_curve,blue,two_dots,red,s_curve,blue,balanced_data/var_balanced/glyphs/dim3/var4/images/464.png
(C (C (lift -1 -2.0 (/ pi 2)) (curve 0 4.0 0) (lift 1 -2.0 (/ pi 2)) (curve 0 4.0 0)) (C (C (color 0 0 1 (C (lift -1.5 -2.0 (/ pi 7.25)) (curve -0.8 1.5 0.5) (curve 0.8 1.5 0.5))) (color 1 0 0 (C (lift -0.5 0.0 (/ pi 2)) (curve pi 0.314 1.0) (curve pi 0.314 1.0) (lift 0.5 0.0 (/ pi 2)) (curve pi 0.314 1.0) (curve pi 0.314 1.0)))) (color 1 0 0 (C (lift -0.5 2.0 (/ pi 2)) (curve pi 0.314 1.0) (curve pi 0.314 1.0) (lift 0.5 2.0 (/ pi 2)) (curve pi 0.314 1.0) (curve pi 0.314 1.0))))),s_curve,blue,two_dots,red,two_dots,red,balanced_data/var_balanced/glyphs/dim3/var4/images/465.png
(C (C (lift -1 -2.0 (/ pi 2)) (curve 0 4.0 0) (lift 1 -2.0 (/ pi 2)) (curve 0 4.0 0)) (C (C (color 0 0 1 (C (lift -1.5 -2.0 (/ pi 7.25)) (curve -0.8 1.5 0.5) (curve 0.8 1.5 0.5))) (color 1 0 0 (C (lift -0.5 0.0 (/ pi 2)) (curve pi 0.314 1.0) (curve pi 0.314 1.0) (lift 0.5 0.0 (/ pi 2)) (curve pi 0.314 1.0) (curve pi 0.314 1.0)))) (color 0 1 0 (C (lift -0.5 2.0 (/ pi 2)) (curve pi 0.314 1.0) (curve pi 0.314 1.0) (lift 0.5 2.0 (/ pi 2)) (curve pi 0.314 1.0) (curve pi 0.314 1.0))))),s_curve,blue,two_dots,red,two_dots,green,balanced_data/var_balanced/glyphs/dim3/var4/images/466.png
(C (C (lift -1 -2.0 (/ pi 2)) (curve 0 4.0 0) (lift 1 -2.0 (/ pi 2)) (curve 0 4.0 0)) (C (C (color 0 0 1 (C (lift -1.5 -2.0 (/ pi 7.25)) (curve -0.8 1.5 0.5) (curve 0.8 1.5 0.5))) (color 1 0 0 (C (lift -0.5 0.0 (/ pi 2)) (curve pi 0.314 1.0) (curve pi 0.314 1.0) (lift 0.5 0.0 (/ pi 2)) (curve pi 0.314 1.0) (curve pi 0.314 1.0)))) (color 0 0 1 (C (lift -0.5 2.0 (/ pi 2)) (curve pi 0.314 1.0) (curve pi 0.314 1.0) (lift 0.5 2.0 (/ pi 2)) (curve pi 0.314 1.0) (curve pi 0.314 1.0))))),s_curve,blue,two_dots,red,two_dots,blue,balanced_data/var_balanced/glyphs/dim3/var4/images/467.png
(C (C (lift -1 -2.0 (/ pi 2)) (curve 0 4.0 0) (lift 1 -2.0 (/ pi 2)) (curve 0 4.0 0)) (C (C (color 0 0 1 (C (lift -1.5 -2.0 (/ pi 7.25)) (curve -0.8 1.5 0.5) (curve 0.8 1.5 0.5))) (color 0 1 0 (C (lift -0.5 0.0 (/ pi 2)) (curve pi 0.314 1.0) (curve pi 0.314 1.0) (lift 0.5 0.0 (/ pi 2)) (curve pi 0.314 1.0) (curve pi 0.314 1.0)))) (color 1 0 0 (C (lift -1.5 2.0 0) (curve 0 3.0 0))))),s_curve,blue,two_dots,green,h_line,red,balanced_data/var_balanced/glyphs/dim3/var4/images/468.png
(C (C (lift -1 -2.0 (/ pi 2)) (curve 0 4.0 0) (lift 1 -2.0 (/ pi 2)) (curve 0 4.0 0)) (C (C (color 0 0 1 (C (lift -1.5 -2.0 (/ pi 7.25)) (curve -0.8 1.5 0.5) (curve 0.8 1.5 0.5))) (color 0 1 0 (C (lift -0.5 0.0 (/ pi 2)) (curve pi 0.314 1.0) (curve pi 0.314 1.0) (lift 0.5 0.0 (/ pi 2)) (curve pi 0.314 1.0) (curve pi 0.314 1.0)))) (color 0 1 0 (C (lift -1.5 2.0 0) (curve 0 3.0 0))))),s_curve,blue,two_dots,green,h_line,green,balanced_data/var_balanced/glyphs/dim3/var4/images/469.png
(C (C (lift -1 -2.0 (/ pi 2)) (curve 0 4.0 0) (lift 1 -2.0 (/ pi 2)) (curve 0 4.0 0)) (C (C (color 0 0 1 (C (lift -1.5 -2.0 (/ pi 7.25)) (curve -0.8 1.5 0.5) (curve 0.8 1.5 0.5))) (color 0 1 0 (C (lift -0.5 0.0 (/ pi 2)) (curve pi 0.314 1.0) (curve pi 0.314 1.0) (lift 0.5 0.0 (/ pi 2)) (curve pi 0.314 1.0) (curve pi 0.314 1.0)))) (color 0 0 1 (C (lift -1.5 2.0 0) (curve 0 3.0 0))))),s_curve,blue,two_dots,green,h_line,blue,balanced_data/var_balanced/glyphs/dim3/var4/images/470.png
(C (C (lift -1 -2.0 (/ pi 2)) (curve 0 4.0 0) (lift 1 -2.0 (/ pi 2)) (curve 0 4.0 0)) (C (C (color 0 0 1 (C (lift -1.5 -2.0 (/ pi 7.25)) (curve -0.8 1.5 0.5) (curve 0.8 1.5 0.5))) (color 0 1 0 (C (lift -0.5 0.0 (/ pi 2)) (curve pi 0.314 1.0) (curve pi 0.314 1.0) (lift 0.5 0.0 (/ pi 2)) (curve pi 0.314 1.0) (curve pi 0.314 1.0)))) (color 1 0 0 (C (lift -1.5 2.0 (/ pi 7.25)) (curve -0.8 1.5 0.5) (curve 0.8 1.5 0.5))))),s_curve,blue,two_dots,green,s_curve,red,balanced_data/var_balanced/glyphs/dim3/var4/images/471.png
(C (C (lift -1 -2.0 (/ pi 2)) (curve 0 4.0 0) (lift 1 -2.0 (/ pi 2)) (curve 0 4.0 0)) (C (C (color 0 0 1 (C (lift -1.5 -2.0 (/ pi 7.25)) (curve -0.8 1.5 0.5) (curve 0.8 1.5 0.5))) (color 0 1 0 (C (lift -0.5 0.0 (/ pi 2)) (curve pi 0.314 1.0) (curve pi 0.314 1.0) (lift 0.5 0.0 (/ pi 2)) (curve pi 0.314 1.0) (curve pi 0.314 1.0)))) (color 0 1 0 (C (lift -1.5 2.0 (/ pi 7.25)) (curve -0.8 1.5 0.5) (curve 0.8 1.5 0.5))))),s_curve,blue,two_dots,green,s_curve,green,balanced_data/var_balanced/glyphs/dim3/var4/images/472.png
(C (C (lift -1 -2.0 (/ pi 2)) (curve 0 4.0 0) (lift 1 -2.0 (/ pi 2)) (curve 0 4.0 0)) (C (C (color 0 0 1 (C (lift -1.5 -2.0 (/ pi 7.25)) (curve -0.8 1.5 0.5) (curve 0.8 1.5 0.5))) (color 0 1 0 (C (lift -0.5 0.0 (/ pi 2)) (curve pi 0.314 1.0) (curve pi 0.314 1.0) (lift 0.5 0.0 (/ pi 2)) (curve pi 0.314 1.0) (curve pi 0.314 1.0)))) (color 0 0 1 (C (lift -1.5 2.0 (/ pi 7.25)) (curve -0.8 1.5 0.5) (curve 0.8 1.5 0.5))))),s_curve,blue,two_dots,green,s_curve,blue,balanced_data/var_balanced/glyphs/dim3/var4/images/473.png
(C (C (lift -1 -2.0 (/ pi 2)) (curve 0 4.0 0) (lift 1 -2.0 (/ pi 2)) (curve 0 4.0 0)) (C (C (color 0 0 1 (C (lift -1.5 -2.0 (/ pi 7.25)) (curve -0.8 1.5 0.5) (curve 0.8 1.5 0.5))) (color 0 1 0 (C (lift -0.5 0.0 (/ pi 2)) (curve pi 0.314 1.0) (curve pi 0.314 1.0) (lift 0.5 0.0 (/ pi 2)) (curve pi 0.314 1.0) (curve pi 0.314 1.0)))) (color 1 0 0 (C (lift -0.5 2.0 (/ pi 2)) (curve pi 0.314 1.0) (curve pi 0.314 1.0) (lift 0.5 2.0 (/ pi 2)) (curve pi 0.314 1.0) (curve pi 0.314 1.0))))),s_curve,blue,two_dots,green,two_dots,red,balanced_data/var_balanced/glyphs/dim3/var4/images/474.png
(C (C (lift -1 -2.0 (/ pi 2)) (curve 0 4.0 0) (lift 1 -2.0 (/ pi 2)) (curve 0 4.0 0)) (C (C (color 0 0 1 (C (lift -1.5 -2.0 (/ pi 7.25)) (curve -0.8 1.5 0.5) (curve 0.8 1.5 0.5))) (color 0 1 0 (C (lift -0.5 0.0 (/ pi 2)) (curve pi 0.314 1.0) (curve pi 0.314 1.0) (lift 0.5 0.0 (/ pi 2)) (curve pi 0.314 1.0) (curve pi 0.314 1.0)))) (color 0 1 0 (C (lift -0.5 2.0 (/ pi 2)) (curve pi 0.314 1.0) (curve pi 0.314 1.0) (lift 0.5 2.0 (/ pi 2)) (curve pi 0.314 1.0) (curve pi 0.314 1.0))))),s_curve,blue,two_dots,green,two_dots,green,balanced_data/var_balanced/glyphs/dim3/var4/images/475.png
(C (C (lift -1 -2.0 (/ pi 2)) (curve 0 4.0 0) (lift 1 -2.0 (/ pi 2)) (curve 0 4.0 0)) (C (C (color 0 0 1 (C (lift -1.5 -2.0 (/ pi 7.25)) (curve -0.8 1.5 0.5) (curve 0.8 1.5 0.5))) (color 0 1 0 (C (lift -0.5 0.0 (/ pi 2)) (curve pi 0.314 1.0) (curve pi 0.314 1.0) (lift 0.5 0.0 (/ pi 2)) (curve pi 0.314 1.0) (curve pi 0.314 1.0)))) (color 0 0 1 (C (lift -0.5 2.0 (/ pi 2)) (curve pi 0.314 1.0) (curve pi 0.314 1.0) (lift 0.5 2.0 (/ pi 2)) (curve pi 0.314 1.0) (curve pi 0.314 1.0))))),s_curve,blue,two_dots,green,two_dots,blue,balanced_data/var_balanced/glyphs/dim3/var4/images/476.png
(C (C (lift -1 -2.0 (/ pi 2)) (curve 0 4.0 0) (lift 1 -2.0 (/ pi 2)) (curve 0 4.0 0)) (C (C (color 0 0 1 (C (lift -1.5 -2.0 (/ pi 7.25)) (curve -0.8 1.5 0.5) (curve 0.8 1.5 0.5))) (color 0 0 1 (C (lift -0.5 0.0 (/ pi 2)) (curve pi 0.314 1.0) (curve pi 0.314 1.0) (lift 0.5 0.0 (/ pi 2)) (curve pi 0.314 1.0) (curve pi 0.314 1.0)))) (color 1 0 0 (C (lift -1.5 2.0 0) (curve 0 3.0 0))))),s_curve,blue,two_dots,blue,h_line,red,balanced_data/var_balanced/glyphs/dim3/var4/images/477.png
(C (C (lift -1 -2.0 (/ pi 2)) (curve 0 4.0 0) (lift 1 -2.0 (/ pi 2)) (curve 0 4.0 0)) (C (C (color 0 0 1 (C (lift -1.5 -2.0 (/ pi 7.25)) (curve -0.8 1.5 0.5) (curve 0.8 1.5 0.5))) (color 0 0 1 (C (lift -0.5 0.0 (/ pi 2)) (curve pi 0.314 1.0) (curve pi 0.314 1.0) (lift 0.5 0.0 (/ pi 2)) (curve pi 0.314 1.0) (curve pi 0.314 1.0)))) (color 0 1 0 (C (lift -1.5 2.0 0) (curve 0 3.0 0))))),s_curve,blue,two_dots,blue,h_line,green,balanced_data/var_balanced/glyphs/dim3/var4/images/478.png
(C (C (lift -1 -2.0 (/ pi 2)) (curve 0 4.0 0) (lift 1 -2.0 (/ pi 2)) (curve 0 4.0 0)) (C (C (color 0 0 1 (C (lift -1.5 -2.0 (/ pi 7.25)) (curve -0.8 1.5 0.5) (curve 0.8 1.5 0.5))) (color 0 0 1 (C (lift -0.5 0.0 (/ pi 2)) (curve pi 0.314 1.0) (curve pi 0.314 1.0) (lift 0.5 0.0 (/ pi 2)) (curve pi 0.314 1.0) (curve pi 0.314 1.0)))) (color 0 0 1 (C (lift -1.5 2.0 0) (curve 0 3.0 0))))),s_curve,blue,two_dots,blue,h_line,blue,balanced_data/var_balanced/glyphs/dim3/var4/images/479.png
(C (C (lift -1 -2.0 (/ pi 2)) (curve 0 4.0 0) (lift 1 -2.0 (/ pi 2)) (curve 0 4.0 0)) (C (C (color 0 0 1 (C (lift -1.5 -2.0 (/ pi 7.25)) (curve -0.8 1.5 0.5) (curve 0.8 1.5 0.5))) (color 0 0 1 (C (lift -0.5 0.0 (/ pi 2)) (curve pi 0.314 1.0) (curve pi 0.314 1.0) (lift 0.5 0.0 (/ pi 2)) (curve pi 0.314 1.0) (curve pi 0.314 1.0)))) (color 1 0 0 (C (lift -1.5 2.0 (/ pi 7.25)) (curve -0.8 1.5 0.5) (curve 0.8 1.5 0.5))))),s_curve,blue,two_dots,blue,s_curve,red,balanced_data/var_balanced/glyphs/dim3/var4/images/480.png
(C (C (lift -1 -2.0 (/ pi 2)) (curve 0 4.0 0) (lift 1 -2.0 (/ pi 2)) (curve 0 4.0 0)) (C (C (color 0 0 1 (C (lift -1.5 -2.0 (/ pi 7.25)) (curve -0.8 1.5 0.5) (curve 0.8 1.5 0.5))) (color 0 0 1 (C (lift -0.5 0.0 (/ pi 2)) (curve pi 0.314 1.0) (curve pi 0.314 1.0) (lift 0.5 0.0 (/ pi 2)) (curve pi 0.314 1.0) (curve pi 0.314 1.0)))) (color 0 1 0 (C (lift -1.5 2.0 (/ pi 7.25)) (curve -0.8 1.5 0.5) (curve 0.8 1.5 0.5))))),s_curve,blue,two_dots,blue,s_curve,green,balanced_data/var_balanced/glyphs/dim3/var4/images/481.png
(C (C (lift -1 -2.0 (/ pi 2)) (curve 0 4.0 0) (lift 1 -2.0 (/ pi 2)) (curve 0 4.0 0)) (C (C (color 0 0 1 (C (lift -1.5 -2.0 (/ pi 7.25)) (curve -0.8 1.5 0.5) (curve 0.8 1.5 0.5))) (color 0 0 1 (C (lift -0.5 0.0 (/ pi 2)) (curve pi 0.314 1.0) (curve pi 0.314 1.0) (lift 0.5 0.0 (/ pi 2)) (curve pi 0.314 1.0) (curve pi 0.314 1.0)))) (color 0 0 1 (C (lift -1.5 2.0 (/ pi 7.25)) (curve -0.8 1.5 0.5) (curve 0.8 1.5 0.5))))),s_curve,blue,two_dots,blue,s_curve,blue,balanced_data/var_balanced/glyphs/dim3/var4/images/482.png
(C (C (lift -1 -2.0 (/ pi 2)) (curve 0 4.0 0) (lift 1 -2.0 (/ pi 2)) (curve 0 4.0 0)) (C (C (color 0 0 1 (C (lift -1.5 -2.0 (/ pi 7.25)) (curve -0.8 1.5 0.5) (curve 0.8 1.5 0.5))) (color 0 0 1 (C (lift -0.5 0.0 (/ pi 2)) (curve pi 0.314 1.0) (curve pi 0.314 1.0) (lift 0.5 0.0 (/ pi 2)) (curve pi 0.314 1.0) (curve pi 0.314 1.0)))) (color 1 0 0 (C (lift -0.5 2.0 (/ pi 2)) (curve pi 0.314 1.0) (curve pi 0.314 1.0) (lift 0.5 2.0 (/ pi 2)) (curve pi 0.314 1.0) (curve pi 0.314 1.0))))),s_curve,blue,two_dots,blue,two_dots,red,balanced_data/var_balanced/glyphs/dim3/var4/images/483.png
(C (C (lift -1 -2.0 (/ pi 2)) (curve 0 4.0 0) (lift 1 -2.0 (/ pi 2)) (curve 0 4.0 0)) (C (C (color 0 0 1 (C (lift -1.5 -2.0 (/ pi 7.25)) (curve -0.8 1.5 0.5) (curve 0.8 1.5 0.5))) (color 0 0 1 (C (lift -0.5 0.0 (/ pi 2)) (curve pi 0.314 1.0) (curve pi 0.314 1.0) (lift 0.5 0.0 (/ pi 2)) (curve pi 0.314 1.0) (curve pi 0.314 1.0)))) (color 0 1 0 (C (lift -0.5 2.0 (/ pi 2)) (curve pi 0.314 1.0) (curve pi 0.314 1.0) (lift 0.5 2.0 (/ pi 2)) (curve pi 0.314 1.0) (curve pi 0.314 1.0))))),s_curve,blue,two_dots,blue,two_dots,green,balanced_data/var_balanced/glyphs/dim3/var4/images/484.png
(C (C (lift -1 -2.0 (/ pi 2)) (curve 0 4.0 0) (lift 1 -2.0 (/ pi 2)) (curve 0 4.0 0)) (C (C (color 0 0 1 (C (lift -1.5 -2.0 (/ pi 7.25)) (curve -0.8 1.5 0.5) (curve 0.8 1.5 0.5))) (color 0 0 1 (C (lift -0.5 0.0 (/ pi 2)) (curve pi 0.314 1.0) (curve pi 0.314 1.0) (lift 0.5 0.0 (/ pi 2)) (curve pi 0.314 1.0) (curve pi 0.314 1.0)))) (color 0 0 1 (C (lift -0.5 2.0 (/ pi 2)) (curve pi 0.314 1.0) (curve pi 0.314 1.0) (lift 0.5 2.0 (/ pi 2)) (curve pi 0.314 1.0) (curve pi 0.314 1.0))))),s_curve,blue,two_dots,blue,two_dots,blue,balanced_data/var_balanced/glyphs/dim3/var4/images/485.png
(C (C (lift -1 -2.0 (/ pi 2)) (curve 0 4.0 0) (lift 1 -2.0 (/ pi 2)) (curve 0 4.0 0)) (C (C (color 1 0 0 (C (lift -0.5 -2.0 (/ pi 2)) (curve pi 0.314 1.0) (curve pi 0.314 1.0) (lift 0.5 -2.0 (/ pi 2)) (curve pi 0.314 1.0) (curve pi 0.314 1.0))) (color 1 0 0 (C (lift -1.5 0.0 0) (curve 0 3.0 0)))) (color 1 0 0 (C (lift -1.5 2.0 0) (curve 0 3.0 0))))),two_dots,red,h_line,red,h_line,red,balanced_data/var_balanced/glyphs/dim3/var4/images/486.png
(C (C (lift -1 -2.0 (/ pi 2)) (curve 0 4.0 0) (lift 1 -2.0 (/ pi 2)) (curve 0 4.0 0)) (C (C (color 1 0 0 (C (lift -0.5 -2.0 (/ pi 2)) (curve pi 0.314 1.0) (curve pi 0.314 1.0) (lift 0.5 -2.0 (/ pi 2)) (curve pi 0.314 1.0) (curve pi 0.314 1.0))) (color 1 0 0 (C (lift -1.5 0.0 0) (curve 0 3.0 0)))) (color 0 1 0 (C (lift -1.5 2.0 0) (curve 0 3.0 0))))),two_dots,red,h_line,red,h_line,green,balanced_data/var_balanced/glyphs/dim3/var4/images/487.png
(C (C (lift -1 -2.0 (/ pi 2)) (curve 0 4.0 0) (lift 1 -2.0 (/ pi 2)) (curve 0 4.0 0)) (C (C (color 1 0 0 (C (lift -0.5 -2.0 (/ pi 2)) (curve pi 0.314 1.0) (curve pi 0.314 1.0) (lift 0.5 -2.0 (/ pi 2)) (curve pi 0.314 1.0) (curve pi 0.314 1.0))) (color 1 0 0 (C (lift -1.5 0.0 0) (curve 0 3.0 0)))) (color 0 0 1 (C (lift -1.5 2.0 0) (curve 0 3.0 0))))),two_dots,red,h_line,red,h_line,blue,balanced_data/var_balanced/glyphs/dim3/var4/images/488.png
(C (C (lift -1 -2.0 (/ pi 2)) (curve 0 4.0 0) (lift 1 -2.0 (/ pi 2)) (curve 0 4.0 0)) (C (C (color 1 0 0 (C (lift -0.5 -2.0 (/ pi 2)) (curve pi 0.314 1.0) (curve pi 0.314 1.0) (lift 0.5 -2.0 (/ pi 2)) (curve pi 0.314 1.0) (curve pi 0.314 1.0))) (color 1 0 0 (C (lift -1.5 0.0 0) (curve 0 3.0 0)))) (color 1 0 0 (C (lift -1.5 2.0 (/ pi 7.25)) (curve -0.8 1.5 0.5) (curve 0.8 1.5 0.5))))),two_dots,red,h_line,red,s_curve,red,balanced_data/var_balanced/glyphs/dim3/var4/images/489.png
(C (C (lift -1 -2.0 (/ pi 2)) (curve 0 4.0 0) (lift 1 -2.0 (/ pi 2)) (curve 0 4.0 0)) (C (C (color 1 0 0 (C (lift -0.5 -2.0 (/ pi 2)) (curve pi 0.314 1.0) (curve pi 0.314 1.0) (lift 0.5 -2.0 (/ pi 2)) (curve pi 0.314 1.0) (curve pi 0.314 1.0))) (color 1 0 0 (C (lift -1.5 0.0 0) (curve 0 3.0 0)))) (color 0 1 0 (C (lift -1.5 2.0 (/ pi 7.25)) (curve -0.8 1.5 0.5) (curve 0.8 1.5 0.5))))),two_dots,red,h_line,red,s_curve,green,balanced_data/var_balanced/glyphs/dim3/var4/images/490.png
(C (C (lift -1 -2.0 (/ pi 2)) (curve 0 4.0 0) (lift 1 -2.0 (/ pi 2)) (curve 0 4.0 0)) (C (C (color 1 0 0 (C (lift -0.5 -2.0 (/ pi 2)) (curve pi 0.314 1.0) (curve pi 0.314 1.0) (lift 0.5 -2.0 (/ pi 2)) (curve pi 0.314 1.0) (curve pi 0.314 1.0))) (color 1 0 0 (C (lift -1.5 0.0 0) (curve 0 3.0 0)))) (color 0 0 1 (C (lift -1.5 2.0 (/ pi 7.25)) (curve -0.8 1.5 0.5) (curve 0.8 1.5 0.5))))),two_dots,red,h_line,red,s_curve,blue,balanced_data/var_balanced/glyphs/dim3/var4/images/491.png
(C (C (lift -1 -2.0 (/ pi 2)) (curve 0 4.0 0) (lift 1 -2.0 (/ pi 2)) (curve 0 4.0 0)) (C (C (color 1 0 0 (C (lift -0.5 -2.0 (/ pi 2)) (curve pi 0.314 1.0) (curve pi 0.314 1.0) (lift 0.5 -2.0 (/ pi 2)) (curve pi 0.314 1.0) (curve pi 0.314 1.0))) (color 1 0 0 (C (lift -1.5 0.0 0) (curve 0 3.0 0)))) (color 1 0 0 (C (lift -0.5 2.0 (/ pi 2)) (curve pi 0.314 1.0) (curve pi 0.314 1.0) (lift 0.5 2.0 (/ pi 2)) (curve pi 0.314 1.0) (curve pi 0.314 1.0))))),two_dots,red,h_line,red,two_dots,red,balanced_data/var_balanced/glyphs/dim3/var4/images/492.png
(C (C (lift -1 -2.0 (/ pi 2)) (curve 0 4.0 0) (lift 1 -2.0 (/ pi 2)) (curve 0 4.0 0)) (C (C (color 1 0 0 (C (lift -0.5 -2.0 (/ pi 2)) (curve pi 0.314 1.0) (curve pi 0.314 1.0) (lift 0.5 -2.0 (/ pi 2)) (curve pi 0.314 1.0) (curve pi 0.314 1.0))) (color 1 0 0 (C (lift -1.5 0.0 0) (curve 0 3.0 0)))) (color 0 1 0 (C (lift -0.5 2.0 (/ pi 2)) (curve pi 0.314 1.0) (curve pi 0.314 1.0) (lift 0.5 2.0 (/ pi 2)) (curve pi 0.314 1.0) (curve pi 0.314 1.0))))),two_dots,red,h_line,red,two_dots,green,balanced_data/var_balanced/glyphs/dim3/var4/images/493.png
(C (C (lift -1 -2.0 (/ pi 2)) (curve 0 4.0 0) (lift 1 -2.0 (/ pi 2)) (curve 0 4.0 0)) (C (C (color 1 0 0 (C (lift -0.5 -2.0 (/ pi 2)) (curve pi 0.314 1.0) (curve pi 0.314 1.0) (lift 0.5 -2.0 (/ pi 2)) (curve pi 0.314 1.0) (curve pi 0.314 1.0))) (color 1 0 0 (C (lift -1.5 0.0 0) (curve 0 3.0 0)))) (color 0 0 1 (C (lift -0.5 2.0 (/ pi 2)) (curve pi 0.314 1.0) (curve pi 0.314 1.0) (lift 0.5 2.0 (/ pi 2)) (curve pi 0.314 1.0) (curve pi 0.314 1.0))))),two_dots,red,h_line,red,two_dots,blue,balanced_data/var_balanced/glyphs/dim3/var4/images/494.png
(C (C (lift -1 -2.0 (/ pi 2)) (curve 0 4.0 0) (lift 1 -2.0 (/ pi 2)) (curve 0 4.0 0)) (C (C (color 1 0 0 (C (lift -0.5 -2.0 (/ pi 2)) (curve pi 0.314 1.0) (curve pi 0.314 1.0) (lift 0.5 -2.0 (/ pi 2)) (curve pi 0.314 1.0) (curve pi 0.314 1.0))) (color 0 1 0 (C (lift -1.5 0.0 0) (curve 0 3.0 0)))) (color 1 0 0 (C (lift -1.5 2.0 0) (curve 0 3.0 0))))),two_dots,red,h_line,green,h_line,red,balanced_data/var_balanced/glyphs/dim3/var4/images/495.png
(C (C (lift -1 -2.0 (/ pi 2)) (curve 0 4.0 0) (lift 1 -2.0 (/ pi 2)) (curve 0 4.0 0)) (C (C (color 1 0 0 (C (lift -0.5 -2.0 (/ pi 2)) (curve pi 0.314 1.0) (curve pi 0.314 1.0) (lift 0.5 -2.0 (/ pi 2)) (curve pi 0.314 1.0) (curve pi 0.314 1.0))) (color 0 1 0 (C (lift -1.5 0.0 0) (curve 0 3.0 0)))) (color 0 1 0 (C (lift -1.5 2.0 0) (curve 0 3.0 0))))),two_dots,red,h_line,green,h_line,green,balanced_data/var_balanced/glyphs/dim3/var4/images/496.png
(C (C (lift -1 -2.0 (/ pi 2)) (curve 0 4.0 0) (lift 1 -2.0 (/ pi 2)) (curve 0 4.0 0)) (C (C (color 1 0 0 (C (lift -0.5 -2.0 (/ pi 2)) (curve pi 0.314 1.0) (curve pi 0.314 1.0) (lift 0.5 -2.0 (/ pi 2)) (curve pi 0.314 1.0) (curve pi 0.314 1.0))) (color 0 1 0 (C (lift -1.5 0.0 0) (curve 0 3.0 0)))) (color 0 0 1 (C (lift -1.5 2.0 0) (curve 0 3.0 0))))),two_dots,red,h_line,green,h_line,blue,balanced_data/var_balanced/glyphs/dim3/var4/images/497.png
(C (C (lift -1 -2.0 (/ pi 2)) (curve 0 4.0 0) (lift 1 -2.0 (/ pi 2)) (curve 0 4.0 0)) (C (C (color 1 0 0 (C (lift -0.5 -2.0 (/ pi 2)) (curve pi 0.314 1.0) (curve pi 0.314 1.0) (lift 0.5 -2.0 (/ pi 2)) (curve pi 0.314 1.0) (curve pi 0.314 1.0))) (color 0 1 0 (C (lift -1.5 0.0 0) (curve 0 3.0 0)))) (color 1 0 0 (C (lift -1.5 2.0 (/ pi 7.25)) (curve -0.8 1.5 0.5) (curve 0.8 1.5 0.5))))),two_dots,red,h_line,green,s_curve,red,balanced_data/var_balanced/glyphs/dim3/var4/images/498.png
(C (C (lift -1 -2.0 (/ pi 2)) (curve 0 4.0 0) (lift 1 -2.0 (/ pi 2)) (curve 0 4.0 0)) (C (C (color 1 0 0 (C (lift -0.5 -2.0 (/ pi 2)) (curve pi 0.314 1.0) (curve pi 0.314 1.0) (lift 0.5 -2.0 (/ pi 2)) (curve pi 0.314 1.0) (curve pi 0.314 1.0))) (color 0 1 0 (C (lift -1.5 0.0 0) (curve 0 3.0 0)))) (color 0 1 0 (C (lift -1.5 2.0 (/ pi 7.25)) (curve -0.8 1.5 0.5) (curve 0.8 1.5 0.5))))),two_dots,red,h_line,green,s_curve,green,balanced_data/var_balanced/glyphs/dim3/var4/images/499.png
(C (C (lift -1 -2.0 (/ pi 2)) (curve 0 4.0 0) (lift 1 -2.0 (/ pi 2)) (curve 0 4.0 0)) (C (C (color 1 0 0 (C (lift -0.5 -2.0 (/ pi 2)) (curve pi 0.314 1.0) (curve pi 0.314 1.0) (lift 0.5 -2.0 (/ pi 2)) (curve pi 0.314 1.0) (curve pi 0.314 1.0))) (color 0 1 0 (C (lift -1.5 0.0 0) (curve 0 3.0 0)))) (color 0 0 1 (C (lift -1.5 2.0 (/ pi 7.25)) (curve -0.8 1.5 0.5) (curve 0.8 1.5 0.5))))),two_dots,red,h_line,green,s_curve,blue,balanced_data/var_balanced/glyphs/dim3/var4/images/500.png
(C (C (lift -1 -2.0 (/ pi 2)) (curve 0 4.0 0) (lift 1 -2.0 (/ pi 2)) (curve 0 4.0 0)) (C (C (color 1 0 0 (C (lift -0.5 -2.0 (/ pi 2)) (curve pi 0.314 1.0) (curve pi 0.314 1.0) (lift 0.5 -2.0 (/ pi 2)) (curve pi 0.314 1.0) (curve pi 0.314 1.0))) (color 0 1 0 (C (lift -1.5 0.0 0) (curve 0 3.0 0)))) (color 1 0 0 (C (lift -0.5 2.0 (/ pi 2)) (curve pi 0.314 1.0) (curve pi 0.314 1.0) (lift 0.5 2.0 (/ pi 2)) (curve pi 0.314 1.0) (curve pi 0.314 1.0))))),two_dots,red,h_line,green,two_dots,red,balanced_data/var_balanced/glyphs/dim3/var4/images/501.png
(C (C (lift -1 -2.0 (/ pi 2)) (curve 0 4.0 0) (lift 1 -2.0 (/ pi 2)) (curve 0 4.0 0)) (C (C (color 1 0 0 (C (lift -0.5 -2.0 (/ pi 2)) (curve pi 0.314 1.0) (curve pi 0.314 1.0) (lift 0.5 -2.0 (/ pi 2)) (curve pi 0.314 1.0) (curve pi 0.314 1.0))) (color 0 1 0 (C (lift -1.5 0.0 0) (curve 0 3.0 0)))) (color 0 1 0 (C (lift -0.5 2.0 (/ pi 2)) (curve pi 0.314 1.0) (curve pi 0.314 1.0) (lift 0.5 2.0 (/ pi 2)) (curve pi 0.314 1.0) (curve pi 0.314 1.0))))),two_dots,red,h_line,green,two_dots,green,balanced_data/var_balanced/glyphs/dim3/var4/images/502.png
(C (C (lift -1 -2.0 (/ pi 2)) (curve 0 4.0 0) (lift 1 -2.0 (/ pi 2)) (curve 0 4.0 0)) (C (C (color 1 0 0 (C (lift -0.5 -2.0 (/ pi 2)) (curve pi 0.314 1.0) (curve pi 0.314 1.0) (lift 0.5 -2.0 (/ pi 2)) (curve pi 0.314 1.0) (curve pi 0.314 1.0))) (color 0 1 0 (C (lift -1.5 0.0 0) (curve 0 3.0 0)))) (color 0 0 1 (C (lift -0.5 2.0 (/ pi 2)) (curve pi 0.314 1.0) (curve pi 0.314 1.0) (lift 0.5 2.0 (/ pi 2)) (curve pi 0.314 1.0) (curve pi 0.314 1.0))))),two_dots,red,h_line,green,two_dots,blue,balanced_data/var_balanced/glyphs/dim3/var4/images/503.png
(C (C (lift -1 -2.0 (/ pi 2)) (curve 0 4.0 0) (lift 1 -2.0 (/ pi 2)) (curve 0 4.0 0)) (C (C (color 1 0 0 (C (lift -0.5 -2.0 (/ pi 2)) (curve pi 0.314 1.0) (curve pi 0.314 1.0) (lift 0.5 -2.0 (/ pi 2)) (curve pi 0.314 1.0) (curve pi 0.314 1.0))) (color 0 0 1 (C (lift -1.5 0.0 0) (curve 0 3.0 0)))) (color 1 0 0 (C (lift -1.5 2.0 0) (curve 0 3.0 0))))),two_dots,red,h_line,blue,h_line,red,balanced_data/var_balanced/glyphs/dim3/var4/images/504.png
(C (C (lift -1 -2.0 (/ pi 2)) (curve 0 4.0 0) (lift 1 -2.0 (/ pi 2)) (curve 0 4.0 0)) (C (C (color 1 0 0 (C (lift -0.5 -2.0 (/ pi 2)) (curve pi 0.314 1.0) (curve pi 0.314 1.0) (lift 0.5 -2.0 (/ pi 2)) (curve pi 0.314 1.0) (curve pi 0.314 1.0))) (color 0 0 1 (C (lift -1.5 0.0 0) (curve 0 3.0 0)))) (color 0 1 0 (C (lift -1.5 2.0 0) (curve 0 3.0 0))))),two_dots,red,h_line,blue,h_line,green,balanced_data/var_balanced/glyphs/dim3/var4/images/505.png
(C (C (lift -1 -2.0 (/ pi 2)) (curve 0 4.0 0) (lift 1 -2.0 (/ pi 2)) (curve 0 4.0 0)) (C (C (color 1 0 0 (C (lift -0.5 -2.0 (/ pi 2)) (curve pi 0.314 1.0) (curve pi 0.314 1.0) (lift 0.5 -2.0 (/ pi 2)) (curve pi 0.314 1.0) (curve pi 0.314 1.0))) (color 0 0 1 (C (lift -1.5 0.0 0) (curve 0 3.0 0)))) (color 0 0 1 (C (lift -1.5 2.0 0) (curve 0 3.0 0))))),two_dots,red,h_line,blue,h_line,blue,balanced_data/var_balanced/glyphs/dim3/var4/images/506.png
(C (C (lift -1 -2.0 (/ pi 2)) (curve 0 4.0 0) (lift 1 -2.0 (/ pi 2)) (curve 0 4.0 0)) (C (C (color 1 0 0 (C (lift -0.5 -2.0 (/ pi 2)) (curve pi 0.314 1.0) (curve pi 0.314 1.0) (lift 0.5 -2.0 (/ pi 2)) (curve pi 0.314 1.0) (curve pi 0.314 1.0))) (color 0 0 1 (C (lift -1.5 0.0 0) (curve 0 3.0 0)))) (color 1 0 0 (C (lift -1.5 2.0 (/ pi 7.25)) (curve -0.8 1.5 0.5) (curve 0.8 1.5 0.5))))),two_dots,red,h_line,blue,s_curve,red,balanced_data/var_balanced/glyphs/dim3/var4/images/507.png
(C (C (lift -1 -2.0 (/ pi 2)) (curve 0 4.0 0) (lift 1 -2.0 (/ pi 2)) (curve 0 4.0 0)) (C (C (color 1 0 0 (C (lift -0.5 -2.0 (/ pi 2)) (curve pi 0.314 1.0) (curve pi 0.314 1.0) (lift 0.5 -2.0 (/ pi 2)) (curve pi 0.314 1.0) (curve pi 0.314 1.0))) (color 0 0 1 (C (lift -1.5 0.0 0) (curve 0 3.0 0)))) (color 0 1 0 (C (lift -1.5 2.0 (/ pi 7.25)) (curve -0.8 1.5 0.5) (curve 0.8 1.5 0.5))))),two_dots,red,h_line,blue,s_curve,green,balanced_data/var_balanced/glyphs/dim3/var4/images/508.png
(C (C (lift -1 -2.0 (/ pi 2)) (curve 0 4.0 0) (lift 1 -2.0 (/ pi 2)) (curve 0 4.0 0)) (C (C (color 1 0 0 (C (lift -0.5 -2.0 (/ pi 2)) (curve pi 0.314 1.0) (curve pi 0.314 1.0) (lift 0.5 -2.0 (/ pi 2)) (curve pi 0.314 1.0) (curve pi 0.314 1.0))) (color 0 0 1 (C (lift -1.5 0.0 0) (curve 0 3.0 0)))) (color 0 0 1 (C (lift -1.5 2.0 (/ pi 7.25)) (curve -0.8 1.5 0.5) (curve 0.8 1.5 0.5))))),two_dots,red,h_line,blue,s_curve,blue,balanced_data/var_balanced/glyphs/dim3/var4/images/509.png
(C (C (lift -1 -2.0 (/ pi 2)) (curve 0 4.0 0) (lift 1 -2.0 (/ pi 2)) (curve 0 4.0 0)) (C (C (color 1 0 0 (C (lift -0.5 -2.0 (/ pi 2)) (curve pi 0.314 1.0) (curve pi 0.314 1.0) (lift 0.5 -2.0 (/ pi 2)) (curve pi 0.314 1.0) (curve pi 0.314 1.0))) (color 0 0 1 (C (lift -1.5 0.0 0) (curve 0 3.0 0)))) (color 1 0 0 (C (lift -0.5 2.0 (/ pi 2)) (curve pi 0.314 1.0) (curve pi 0.314 1.0) (lift 0.5 2.0 (/ pi 2)) (curve pi 0.314 1.0) (curve pi 0.314 1.0))))),two_dots,red,h_line,blue,two_dots,red,balanced_data/var_balanced/glyphs/dim3/var4/images/510.png
(C (C (lift -1 -2.0 (/ pi 2)) (curve 0 4.0 0) (lift 1 -2.0 (/ pi 2)) (curve 0 4.0 0)) (C (C (color 1 0 0 (C (lift -0.5 -2.0 (/ pi 2)) (curve pi 0.314 1.0) (curve pi 0.314 1.0) (lift 0.5 -2.0 (/ pi 2)) (curve pi 0.314 1.0) (curve pi 0.314 1.0))) (color 0 0 1 (C (lift -1.5 0.0 0) (curve 0 3.0 0)))) (color 0 1 0 (C (lift -0.5 2.0 (/ pi 2)) (curve pi 0.314 1.0) (curve pi 0.314 1.0) (lift 0.5 2.0 (/ pi 2)) (curve pi 0.314 1.0) (curve pi 0.314 1.0))))),two_dots,red,h_line,blue,two_dots,green,balanced_data/var_balanced/glyphs/dim3/var4/images/511.png
(C (C (lift -1 -2.0 (/ pi 2)) (curve 0 4.0 0) (lift 1 -2.0 (/ pi 2)) (curve 0 4.0 0)) (C (C (color 1 0 0 (C (lift -0.5 -2.0 (/ pi 2)) (curve pi 0.314 1.0) (curve pi 0.314 1.0) (lift 0.5 -2.0 (/ pi 2)) (curve pi 0.314 1.0) (curve pi 0.314 1.0))) (color 0 0 1 (C (lift -1.5 0.0 0) (curve 0 3.0 0)))) (color 0 0 1 (C (lift -0.5 2.0 (/ pi 2)) (curve pi 0.314 1.0) (curve pi 0.314 1.0) (lift 0.5 2.0 (/ pi 2)) (curve pi 0.314 1.0) (curve pi 0.314 1.0))))),two_dots,red,h_line,blue,two_dots,blue,balanced_data/var_balanced/glyphs/dim3/var4/images/512.png
(C (C (lift -1 -2.0 (/ pi 2)) (curve 0 4.0 0) (lift 1 -2.0 (/ pi 2)) (curve 0 4.0 0)) (C (C (color 1 0 0 (C (lift -0.5 -2.0 (/ pi 2)) (curve pi 0.314 1.0) (curve pi 0.314 1.0) (lift 0.5 -2.0 (/ pi 2)) (curve pi 0.314 1.0) (curve pi 0.314 1.0))) (color 1 0 0 (C (lift -1.5 0.0 (/ pi 7.25)) (curve -0.8 1.5 0.5) (curve 0.8 1.5 0.5)))) (color 1 0 0 (C (lift -1.5 2.0 0) (curve 0 3.0 0))))),two_dots,red,s_curve,red,h_line,red,balanced_data/var_balanced/glyphs/dim3/var4/images/513.png
(C (C (lift -1 -2.0 (/ pi 2)) (curve 0 4.0 0) (lift 1 -2.0 (/ pi 2)) (curve 0 4.0 0)) (C (C (color 1 0 0 (C (lift -0.5 -2.0 (/ pi 2)) (curve pi 0.314 1.0) (curve pi 0.314 1.0) (lift 0.5 -2.0 (/ pi 2)) (curve pi 0.314 1.0) (curve pi 0.314 1.0))) (color 1 0 0 (C (lift -1.5 0.0 (/ pi 7.25)) (curve -0.8 1.5 0.5) (curve 0.8 1.5 0.5)))) (color 0 1 0 (C (lift -1.5 2.0 0) (curve 0 3.0 0))))),two_dots,red,s_curve,red,h_line,green,balanced_data/var_balanced/glyphs/dim3/var4/images/514.png
(C (C (lift -1 -2.0 (/ pi 2)) (curve 0 4.0 0) (lift 1 -2.0 (/ pi 2)) (curve 0 4.0 0)) (C (C (color 1 0 0 (C (lift -0.5 -2.0 (/ pi 2)) (curve pi 0.314 1.0) (curve pi 0.314 1.0) (lift 0.5 -2.0 (/ pi 2)) (curve pi 0.314 1.0) (curve pi 0.314 1.0))) (color 1 0 0 (C (lift -1.5 0.0 (/ pi 7.25)) (curve -0.8 1.5 0.5) (curve 0.8 1.5 0.5)))) (color 0 0 1 (C (lift -1.5 2.0 0) (curve 0 3.0 0))))),two_dots,red,s_curve,red,h_line,blue,balanced_data/var_balanced/glyphs/dim3/var4/images/515.png
(C (C (lift -1 -2.0 (/ pi 2)) (curve 0 4.0 0) (lift 1 -2.0 (/ pi 2)) (curve 0 4.0 0)) (C (C (color 1 0 0 (C (lift -0.5 -2.0 (/ pi 2)) (curve pi 0.314 1.0) (curve pi 0.314 1.0) (lift 0.5 -2.0 (/ pi 2)) (curve pi 0.314 1.0) (curve pi 0.314 1.0))) (color 1 0 0 (C (lift -1.5 0.0 (/ pi 7.25)) (curve -0.8 1.5 0.5) (curve 0.8 1.5 0.5)))) (color 1 0 0 (C (lift -1.5 2.0 (/ pi 7.25)) (curve -0.8 1.5 0.5) (curve 0.8 1.5 0.5))))),two_dots,red,s_curve,red,s_curve,red,balanced_data/var_balanced/glyphs/dim3/var4/images/516.png
(C (C (lift -1 -2.0 (/ pi 2)) (curve 0 4.0 0) (lift 1 -2.0 (/ pi 2)) (curve 0 4.0 0)) (C (C (color 1 0 0 (C (lift -0.5 -2.0 (/ pi 2)) (curve pi 0.314 1.0) (curve pi 0.314 1.0) (lift 0.5 -2.0 (/ pi 2)) (curve pi 0.314 1.0) (curve pi 0.314 1.0))) (color 1 0 0 (C (lift -1.5 0.0 (/ pi 7.25)) (curve -0.8 1.5 0.5) (curve 0.8 1.5 0.5)))) (color 0 1 0 (C (lift -1.5 2.0 (/ pi 7.25)) (curve -0.8 1.5 0.5) (curve 0.8 1.5 0.5))))),two_dots,red,s_curve,red,s_curve,green,balanced_data/var_balanced/glyphs/dim3/var4/images/517.png
(C (C (lift -1 -2.0 (/ pi 2)) (curve 0 4.0 0) (lift 1 -2.0 (/ pi 2)) (curve 0 4.0 0)) (C (C (color 1 0 0 (C (lift -0.5 -2.0 (/ pi 2)) (curve pi 0.314 1.0) (curve pi 0.314 1.0) (lift 0.5 -2.0 (/ pi 2)) (curve pi 0.314 1.0) (curve pi 0.314 1.0))) (color 1 0 0 (C (lift -1.5 0.0 (/ pi 7.25)) (curve -0.8 1.5 0.5) (curve 0.8 1.5 0.5)))) (color 0 0 1 (C (lift -1.5 2.0 (/ pi 7.25)) (curve -0.8 1.5 0.5) (curve 0.8 1.5 0.5))))),two_dots,red,s_curve,red,s_curve,blue,balanced_data/var_balanced/glyphs/dim3/var4/images/518.png
(C (C (lift -1 -2.0 (/ pi 2)) (curve 0 4.0 0) (lift 1 -2.0 (/ pi 2)) (curve 0 4.0 0)) (C (C (color 1 0 0 (C (lift -0.5 -2.0 (/ pi 2)) (curve pi 0.314 1.0) (curve pi 0.314 1.0) (lift 0.5 -2.0 (/ pi 2)) (curve pi 0.314 1.0) (curve pi 0.314 1.0))) (color 1 0 0 (C (lift -1.5 0.0 (/ pi 7.25)) (curve -0.8 1.5 0.5) (curve 0.8 1.5 0.5)))) (color 1 0 0 (C (lift -0.5 2.0 (/ pi 2)) (curve pi 0.314 1.0) (curve pi 0.314 1.0) (lift 0.5 2.0 (/ pi 2)) (curve pi 0.314 1.0) (curve pi 0.314 1.0))))),two_dots,red,s_curve,red,two_dots,red,balanced_data/var_balanced/glyphs/dim3/var4/images/519.png
(C (C (lift -1 -2.0 (/ pi 2)) (curve 0 4.0 0) (lift 1 -2.0 (/ pi 2)) (curve 0 4.0 0)) (C (C (color 1 0 0 (C (lift -0.5 -2.0 (/ pi 2)) (curve pi 0.314 1.0) (curve pi 0.314 1.0) (lift 0.5 -2.0 (/ pi 2)) (curve pi 0.314 1.0) (curve pi 0.314 1.0))) (color 1 0 0 (C (lift -1.5 0.0 (/ pi 7.25)) (curve -0.8 1.5 0.5) (curve 0.8 1.5 0.5)))) (color 0 1 0 (C (lift -0.5 2.0 (/ pi 2)) (curve pi 0.314 1.0) (curve pi 0.314 1.0) (lift 0.5 2.0 (/ pi 2)) (curve pi 0.314 1.0) (curve pi 0.314 1.0))))),two_dots,red,s_curve,red,two_dots,green,balanced_data/var_balanced/glyphs/dim3/var4/images/520.png
(C (C (lift -1 -2.0 (/ pi 2)) (curve 0 4.0 0) (lift 1 -2.0 (/ pi 2)) (curve 0 4.0 0)) (C (C (color 1 0 0 (C (lift -0.5 -2.0 (/ pi 2)) (curve pi 0.314 1.0) (curve pi 0.314 1.0) (lift 0.5 -2.0 (/ pi 2)) (curve pi 0.314 1.0) (curve pi 0.314 1.0))) (color 1 0 0 (C (lift -1.5 0.0 (/ pi 7.25)) (curve -0.8 1.5 0.5) (curve 0.8 1.5 0.5)))) (color 0 0 1 (C (lift -0.5 2.0 (/ pi 2)) (curve pi 0.314 1.0) (curve pi 0.314 1.0) (lift 0.5 2.0 (/ pi 2)) (curve pi 0.314 1.0) (curve pi 0.314 1.0))))),two_dots,red,s_curve,red,two_dots,blue,balanced_data/var_balanced/glyphs/dim3/var4/images/521.png
(C (C (lift -1 -2.0 (/ pi 2)) (curve 0 4.0 0) (lift 1 -2.0 (/ pi 2)) (curve 0 4.0 0)) (C (C (color 1 0 0 (C (lift -0.5 -2.0 (/ pi 2)) (curve pi 0.314 1.0) (curve pi 0.314 1.0) (lift 0.5 -2.0 (/ pi 2)) (curve pi 0.314 1.0) (curve pi 0.314 1.0))) (color 0 1 0 (C (lift -1.5 0.0 (/ pi 7.25)) (curve -0.8 1.5 0.5) (curve 0.8 1.5 0.5)))) (color 1 0 0 (C (lift -1.5 2.0 0) (curve 0 3.0 0))))),two_dots,red,s_curve,green,h_line,red,balanced_data/var_balanced/glyphs/dim3/var4/images/522.png
(C (C (lift -1 -2.0 (/ pi 2)) (curve 0 4.0 0) (lift 1 -2.0 (/ pi 2)) (curve 0 4.0 0)) (C (C (color 1 0 0 (C (lift -0.5 -2.0 (/ pi 2)) (curve pi 0.314 1.0) (curve pi 0.314 1.0) (lift 0.5 -2.0 (/ pi 2)) (curve pi 0.314 1.0) (curve pi 0.314 1.0))) (color 0 1 0 (C (lift -1.5 0.0 (/ pi 7.25)) (curve -0.8 1.5 0.5) (curve 0.8 1.5 0.5)))) (color 0 1 0 (C (lift -1.5 2.0 0) (curve 0 3.0 0))))),two_dots,red,s_curve,green,h_line,green,balanced_data/var_balanced/glyphs/dim3/var4/images/523.png
(C (C (lift -1 -2.0 (/ pi 2)) (curve 0 4.0 0) (lift 1 -2.0 (/ pi 2)) (curve 0 4.0 0)) (C (C (color 1 0 0 (C (lift -0.5 -2.0 (/ pi 2)) (curve pi 0.314 1.0) (curve pi 0.314 1.0) (lift 0.5 -2.0 (/ pi 2)) (curve pi 0.314 1.0) (curve pi 0.314 1.0))) (color 0 1 0 (C (lift -1.5 0.0 (/ pi 7.25)) (curve -0.8 1.5 0.5) (curve 0.8 1.5 0.5)))) (color 0 0 1 (C (lift -1.5 2.0 0) (curve 0 3.0 0))))),two_dots,red,s_curve,green,h_line,blue,balanced_data/var_balanced/glyphs/dim3/var4/images/524.png
(C (C (lift -1 -2.0 (/ pi 2)) (curve 0 4.0 0) (lift 1 -2.0 (/ pi 2)) (curve 0 4.0 0)) (C (C (color 1 0 0 (C (lift -0.5 -2.0 (/ pi 2)) (curve pi 0.314 1.0) (curve pi 0.314 1.0) (lift 0.5 -2.0 (/ pi 2)) (curve pi 0.314 1.0) (curve pi 0.314 1.0))) (color 0 1 0 (C (lift -1.5 0.0 (/ pi 7.25)) (curve -0.8 1.5 0.5) (curve 0.8 1.5 0.5)))) (color 1 0 0 (C (lift -1.5 2.0 (/ pi 7.25)) (curve -0.8 1.5 0.5) (curve 0.8 1.5 0.5))))),two_dots,red,s_curve,green,s_curve,red,balanced_data/var_balanced/glyphs/dim3/var4/images/525.png
(C (C (lift -1 -2.0 (/ pi 2)) (curve 0 4.0 0) (lift 1 -2.0 (/ pi 2)) (curve 0 4.0 0)) (C (C (color 1 0 0 (C (lift -0.5 -2.0 (/ pi 2)) (curve pi 0.314 1.0) (curve pi 0.314 1.0) (lift 0.5 -2.0 (/ pi 2)) (curve pi 0.314 1.0) (curve pi 0.314 1.0))) (color 0 1 0 (C (lift -1.5 0.0 (/ pi 7.25)) (curve -0.8 1.5 0.5) (curve 0.8 1.5 0.5)))) (color 0 1 0 (C (lift -1.5 2.0 (/ pi 7.25)) (curve -0.8 1.5 0.5) (curve 0.8 1.5 0.5))))),two_dots,red,s_curve,green,s_curve,green,balanced_data/var_balanced/glyphs/dim3/var4/images/526.png
(C (C (lift -1 -2.0 (/ pi 2)) (curve 0 4.0 0) (lift 1 -2.0 (/ pi 2)) (curve 0 4.0 0)) (C (C (color 1 0 0 (C (lift -0.5 -2.0 (/ pi 2)) (curve pi 0.314 1.0) (curve pi 0.314 1.0) (lift 0.5 -2.0 (/ pi 2)) (curve pi 0.314 1.0) (curve pi 0.314 1.0))) (color 0 1 0 (C (lift -1.5 0.0 (/ pi 7.25)) (curve -0.8 1.5 0.5) (curve 0.8 1.5 0.5)))) (color 0 0 1 (C (lift -1.5 2.0 (/ pi 7.25)) (curve -0.8 1.5 0.5) (curve 0.8 1.5 0.5))))),two_dots,red,s_curve,green,s_curve,blue,balanced_data/var_balanced/glyphs/dim3/var4/images/527.png
(C (C (lift -1 -2.0 (/ pi 2)) (curve 0 4.0 0) (lift 1 -2.0 (/ pi 2)) (curve 0 4.0 0)) (C (C (color 1 0 0 (C (lift -0.5 -2.0 (/ pi 2)) (curve pi 0.314 1.0) (curve pi 0.314 1.0) (lift 0.5 -2.0 (/ pi 2)) (curve pi 0.314 1.0) (curve pi 0.314 1.0))) (color 0 1 0 (C (lift -1.5 0.0 (/ pi 7.25)) (curve -0.8 1.5 0.5) (curve 0.8 1.5 0.5)))) (color 1 0 0 (C (lift -0.5 2.0 (/ pi 2)) (curve pi 0.314 1.0) (curve pi 0.314 1.0) (lift 0.5 2.0 (/ pi 2)) (curve pi 0.314 1.0) (curve pi 0.314 1.0))))),two_dots,red,s_curve,green,two_dots,red,balanced_data/var_balanced/glyphs/dim3/var4/images/528.png
(C (C (lift -1 -2.0 (/ pi 2)) (curve 0 4.0 0) (lift 1 -2.0 (/ pi 2)) (curve 0 4.0 0)) (C (C (color 1 0 0 (C (lift -0.5 -2.0 (/ pi 2)) (curve pi 0.314 1.0) (curve pi 0.314 1.0) (lift 0.5 -2.0 (/ pi 2)) (curve pi 0.314 1.0) (curve pi 0.314 1.0))) (color 0 1 0 (C (lift -1.5 0.0 (/ pi 7.25)) (curve -0.8 1.5 0.5) (curve 0.8 1.5 0.5)))) (color 0 1 0 (C (lift -0.5 2.0 (/ pi 2)) (curve pi 0.314 1.0) (curve pi 0.314 1.0) (lift 0.5 2.0 (/ pi 2)) (curve pi 0.314 1.0) (curve pi 0.314 1.0))))),two_dots,red,s_curve,green,two_dots,green,balanced_data/var_balanced/glyphs/dim3/var4/images/529.png
(C (C (lift -1 -2.0 (/ pi 2)) (curve 0 4.0 0) (lift 1 -2.0 (/ pi 2)) (curve 0 4.0 0)) (C (C (color 1 0 0 (C (lift -0.5 -2.0 (/ pi 2)) (curve pi 0.314 1.0) (curve pi 0.314 1.0) (lift 0.5 -2.0 (/ pi 2)) (curve pi 0.314 1.0) (curve pi 0.314 1.0))) (color 0 1 0 (C (lift -1.5 0.0 (/ pi 7.25)) (curve -0.8 1.5 0.5) (curve 0.8 1.5 0.5)))) (color 0 0 1 (C (lift -0.5 2.0 (/ pi 2)) (curve pi 0.314 1.0) (curve pi 0.314 1.0) (lift 0.5 2.0 (/ pi 2)) (curve pi 0.314 1.0) (curve pi 0.314 1.0))))),two_dots,red,s_curve,green,two_dots,blue,balanced_data/var_balanced/glyphs/dim3/var4/images/530.png
(C (C (lift -1 -2.0 (/ pi 2)) (curve 0 4.0 0) (lift 1 -2.0 (/ pi 2)) (curve 0 4.0 0)) (C (C (color 1 0 0 (C (lift -0.5 -2.0 (/ pi 2)) (curve pi 0.314 1.0) (curve pi 0.314 1.0) (lift 0.5 -2.0 (/ pi 2)) (curve pi 0.314 1.0) (curve pi 0.314 1.0))) (color 0 0 1 (C (lift -1.5 0.0 (/ pi 7.25)) (curve -0.8 1.5 0.5) (curve 0.8 1.5 0.5)))) (color 1 0 0 (C (lift -1.5 2.0 0) (curve 0 3.0 0))))),two_dots,red,s_curve,blue,h_line,red,balanced_data/var_balanced/glyphs/dim3/var4/images/531.png
(C (C (lift -1 -2.0 (/ pi 2)) (curve 0 4.0 0) (lift 1 -2.0 (/ pi 2)) (curve 0 4.0 0)) (C (C (color 1 0 0 (C (lift -0.5 -2.0 (/ pi 2)) (curve pi 0.314 1.0) (curve pi 0.314 1.0) (lift 0.5 -2.0 (/ pi 2)) (curve pi 0.314 1.0) (curve pi 0.314 1.0))) (color 0 0 1 (C (lift -1.5 0.0 (/ pi 7.25)) (curve -0.8 1.5 0.5) (curve 0.8 1.5 0.5)))) (color 0 1 0 (C (lift -1.5 2.0 0) (curve 0 3.0 0))))),two_dots,red,s_curve,blue,h_line,green,balanced_data/var_balanced/glyphs/dim3/var4/images/532.png
(C (C (lift -1 -2.0 (/ pi 2)) (curve 0 4.0 0) (lift 1 -2.0 (/ pi 2)) (curve 0 4.0 0)) (C (C (color 1 0 0 (C (lift -0.5 -2.0 (/ pi 2)) (curve pi 0.314 1.0) (curve pi 0.314 1.0) (lift 0.5 -2.0 (/ pi 2)) (curve pi 0.314 1.0) (curve pi 0.314 1.0))) (color 0 0 1 (C (lift -1.5 0.0 (/ pi 7.25)) (curve -0.8 1.5 0.5) (curve 0.8 1.5 0.5)))) (color 0 0 1 (C (lift -1.5 2.0 0) (curve 0 3.0 0))))),two_dots,red,s_curve,blue,h_line,blue,balanced_data/var_balanced/glyphs/dim3/var4/images/533.png
(C (C (lift -1 -2.0 (/ pi 2)) (curve 0 4.0 0) (lift 1 -2.0 (/ pi 2)) (curve 0 4.0 0)) (C (C (color 1 0 0 (C (lift -0.5 -2.0 (/ pi 2)) (curve pi 0.314 1.0) (curve pi 0.314 1.0) (lift 0.5 -2.0 (/ pi 2)) (curve pi 0.314 1.0) (curve pi 0.314 1.0))) (color 0 0 1 (C (lift -1.5 0.0 (/ pi 7.25)) (curve -0.8 1.5 0.5) (curve 0.8 1.5 0.5)))) (color 1 0 0 (C (lift -1.5 2.0 (/ pi 7.25)) (curve -0.8 1.5 0.5) (curve 0.8 1.5 0.5))))),two_dots,red,s_curve,blue,s_curve,red,balanced_data/var_balanced/glyphs/dim3/var4/images/534.png
(C (C (lift -1 -2.0 (/ pi 2)) (curve 0 4.0 0) (lift 1 -2.0 (/ pi 2)) (curve 0 4.0 0)) (C (C (color 1 0 0 (C (lift -0.5 -2.0 (/ pi 2)) (curve pi 0.314 1.0) (curve pi 0.314 1.0) (lift 0.5 -2.0 (/ pi 2)) (curve pi 0.314 1.0) (curve pi 0.314 1.0))) (color 0 0 1 (C (lift -1.5 0.0 (/ pi 7.25)) (curve -0.8 1.5 0.5) (curve 0.8 1.5 0.5)))) (color 0 1 0 (C (lift -1.5 2.0 (/ pi 7.25)) (curve -0.8 1.5 0.5) (curve 0.8 1.5 0.5))))),two_dots,red,s_curve,blue,s_curve,green,balanced_data/var_balanced/glyphs/dim3/var4/images/535.png
(C (C (lift -1 -2.0 (/ pi 2)) (curve 0 4.0 0) (lift 1 -2.0 (/ pi 2)) (curve 0 4.0 0)) (C (C (color 1 0 0 (C (lift -0.5 -2.0 (/ pi 2)) (curve pi 0.314 1.0) (curve pi 0.314 1.0) (lift 0.5 -2.0 (/ pi 2)) (curve pi 0.314 1.0) (curve pi 0.314 1.0))) (color 0 0 1 (C (lift -1.5 0.0 (/ pi 7.25)) (curve -0.8 1.5 0.5) (curve 0.8 1.5 0.5)))) (color 0 0 1 (C (lift -1.5 2.0 (/ pi 7.25)) (curve -0.8 1.5 0.5) (curve 0.8 1.5 0.5))))),two_dots,red,s_curve,blue,s_curve,blue,balanced_data/var_balanced/glyphs/dim3/var4/images/536.png
(C (C (lift -1 -2.0 (/ pi 2)) (curve 0 4.0 0) (lift 1 -2.0 (/ pi 2)) (curve 0 4.0 0)) (C (C (color 1 0 0 (C (lift -0.5 -2.0 (/ pi 2)) (curve pi 0.314 1.0) (curve pi 0.314 1.0) (lift 0.5 -2.0 (/ pi 2)) (curve pi 0.314 1.0) (curve pi 0.314 1.0))) (color 0 0 1 (C (lift -1.5 0.0 (/ pi 7.25)) (curve -0.8 1.5 0.5) (curve 0.8 1.5 0.5)))) (color 1 0 0 (C (lift -0.5 2.0 (/ pi 2)) (curve pi 0.314 1.0) (curve pi 0.314 1.0) (lift 0.5 2.0 (/ pi 2)) (curve pi 0.314 1.0) (curve pi 0.314 1.0))))),two_dots,red,s_curve,blue,two_dots,red,balanced_data/var_balanced/glyphs/dim3/var4/images/537.png
(C (C (lift -1 -2.0 (/ pi 2)) (curve 0 4.0 0) (lift 1 -2.0 (/ pi 2)) (curve 0 4.0 0)) (C (C (color 1 0 0 (C (lift -0.5 -2.0 (/ pi 2)) (curve pi 0.314 1.0) (curve pi 0.314 1.0) (lift 0.5 -2.0 (/ pi 2)) (curve pi 0.314 1.0) (curve pi 0.314 1.0))) (color 0 0 1 (C (lift -1.5 0.0 (/ pi 7.25)) (curve -0.8 1.5 0.5) (curve 0.8 1.5 0.5)))) (color 0 1 0 (C (lift -0.5 2.0 (/ pi 2)) (curve pi 0.314 1.0) (curve pi 0.314 1.0) (lift 0.5 2.0 (/ pi 2)) (curve pi 0.314 1.0) (curve pi 0.314 1.0))))),two_dots,red,s_curve,blue,two_dots,green,balanced_data/var_balanced/glyphs/dim3/var4/images/538.png
(C (C (lift -1 -2.0 (/ pi 2)) (curve 0 4.0 0) (lift 1 -2.0 (/ pi 2)) (curve 0 4.0 0)) (C (C (color 1 0 0 (C (lift -0.5 -2.0 (/ pi 2)) (curve pi 0.314 1.0) (curve pi 0.314 1.0) (lift 0.5 -2.0 (/ pi 2)) (curve pi 0.314 1.0) (curve pi 0.314 1.0))) (color 0 0 1 (C (lift -1.5 0.0 (/ pi 7.25)) (curve -0.8 1.5 0.5) (curve 0.8 1.5 0.5)))) (color 0 0 1 (C (lift -0.5 2.0 (/ pi 2)) (curve pi 0.314 1.0) (curve pi 0.314 1.0) (lift 0.5 2.0 (/ pi 2)) (curve pi 0.314 1.0) (curve pi 0.314 1.0))))),two_dots,red,s_curve,blue,two_dots,blue,balanced_data/var_balanced/glyphs/dim3/var4/images/539.png
(C (C (lift -1 -2.0 (/ pi 2)) (curve 0 4.0 0) (lift 1 -2.0 (/ pi 2)) (curve 0 4.0 0)) (C (C (color 1 0 0 (C (lift -0.5 -2.0 (/ pi 2)) (curve pi 0.314 1.0) (curve pi 0.314 1.0) (lift 0.5 -2.0 (/ pi 2)) (curve pi 0.314 1.0) (curve pi 0.314 1.0))) (color 1 0 0 (C (lift -0.5 0.0 (/ pi 2)) (curve pi 0.314 1.0) (curve pi 0.314 1.0) (lift 0.5 0.0 (/ pi 2)) (curve pi 0.314 1.0) (curve pi 0.314 1.0)))) (color 1 0 0 (C (lift -1.5 2.0 0) (curve 0 3.0 0))))),two_dots,red,two_dots,red,h_line,red,balanced_data/var_balanced/glyphs/dim3/var4/images/540.png
(C (C (lift -1 -2.0 (/ pi 2)) (curve 0 4.0 0) (lift 1 -2.0 (/ pi 2)) (curve 0 4.0 0)) (C (C (color 1 0 0 (C (lift -0.5 -2.0 (/ pi 2)) (curve pi 0.314 1.0) (curve pi 0.314 1.0) (lift 0.5 -2.0 (/ pi 2)) (curve pi 0.314 1.0) (curve pi 0.314 1.0))) (color 1 0 0 (C (lift -0.5 0.0 (/ pi 2)) (curve pi 0.314 1.0) (curve pi 0.314 1.0) (lift 0.5 0.0 (/ pi 2)) (curve pi 0.314 1.0) (curve pi 0.314 1.0)))) (color 0 1 0 (C (lift -1.5 2.0 0) (curve 0 3.0 0))))),two_dots,red,two_dots,red,h_line,green,balanced_data/var_balanced/glyphs/dim3/var4/images/541.png
(C (C (lift -1 -2.0 (/ pi 2)) (curve 0 4.0 0) (lift 1 -2.0 (/ pi 2)) (curve 0 4.0 0)) (C (C (color 1 0 0 (C (lift -0.5 -2.0 (/ pi 2)) (curve pi 0.314 1.0) (curve pi 0.314 1.0) (lift 0.5 -2.0 (/ pi 2)) (curve pi 0.314 1.0) (curve pi 0.314 1.0))) (color 1 0 0 (C (lift -0.5 0.0 (/ pi 2)) (curve pi 0.314 1.0) (curve pi 0.314 1.0) (lift 0.5 0.0 (/ pi 2)) (curve pi 0.314 1.0) (curve pi 0.314 1.0)))) (color 0 0 1 (C (lift -1.5 2.0 0) (curve 0 3.0 0))))),two_dots,red,two_dots,red,h_line,blue,balanced_data/var_balanced/glyphs/dim3/var4/images/542.png
(C (C (lift -1 -2.0 (/ pi 2)) (curve 0 4.0 0) (lift 1 -2.0 (/ pi 2)) (curve 0 4.0 0)) (C (C (color 1 0 0 (C (lift -0.5 -2.0 (/ pi 2)) (curve pi 0.314 1.0) (curve pi 0.314 1.0) (lift 0.5 -2.0 (/ pi 2)) (curve pi 0.314 1.0) (curve pi 0.314 1.0))) (color 1 0 0 (C (lift -0.5 0.0 (/ pi 2)) (curve pi 0.314 1.0) (curve pi 0.314 1.0) (lift 0.5 0.0 (/ pi 2)) (curve pi 0.314 1.0) (curve pi 0.314 1.0)))) (color 1 0 0 (C (lift -1.5 2.0 (/ pi 7.25)) (curve -0.8 1.5 0.5) (curve 0.8 1.5 0.5))))),two_dots,red,two_dots,red,s_curve,red,balanced_data/var_balanced/glyphs/dim3/var4/images/543.png
(C (C (lift -1 -2.0 (/ pi 2)) (curve 0 4.0 0) (lift 1 -2.0 (/ pi 2)) (curve 0 4.0 0)) (C (C (color 1 0 0 (C (lift -0.5 -2.0 (/ pi 2)) (curve pi 0.314 1.0) (curve pi 0.314 1.0) (lift 0.5 -2.0 (/ pi 2)) (curve pi 0.314 1.0) (curve pi 0.314 1.0))) (color 1 0 0 (C (lift -0.5 0.0 (/ pi 2)) (curve pi 0.314 1.0) (curve pi 0.314 1.0) (lift 0.5 0.0 (/ pi 2)) (curve pi 0.314 1.0) (curve pi 0.314 1.0)))) (color 0 1 0 (C (lift -1.5 2.0 (/ pi 7.25)) (curve -0.8 1.5 0.5) (curve 0.8 1.5 0.5))))),two_dots,red,two_dots,red,s_curve,green,balanced_data/var_balanced/glyphs/dim3/var4/images/544.png
(C (C (lift -1 -2.0 (/ pi 2)) (curve 0 4.0 0) (lift 1 -2.0 (/ pi 2)) (curve 0 4.0 0)) (C (C (color 1 0 0 (C (lift -0.5 -2.0 (/ pi 2)) (curve pi 0.314 1.0) (curve pi 0.314 1.0) (lift 0.5 -2.0 (/ pi 2)) (curve pi 0.314 1.0) (curve pi 0.314 1.0))) (color 1 0 0 (C (lift -0.5 0.0 (/ pi 2)) (curve pi 0.314 1.0) (curve pi 0.314 1.0) (lift 0.5 0.0 (/ pi 2)) (curve pi 0.314 1.0) (curve pi 0.314 1.0)))) (color 0 0 1 (C (lift -1.5 2.0 (/ pi 7.25)) (curve -0.8 1.5 0.5) (curve 0.8 1.5 0.5))))),two_dots,red,two_dots,red,s_curve,blue,balanced_data/var_balanced/glyphs/dim3/var4/images/545.png
(C (C (lift -1 -2.0 (/ pi 2)) (curve 0 4.0 0) (lift 1 -2.0 (/ pi 2)) (curve 0 4.0 0)) (C (C (color 1 0 0 (C (lift -0.5 -2.0 (/ pi 2)) (curve pi 0.314 1.0) (curve pi 0.314 1.0) (lift 0.5 -2.0 (/ pi 2)) (curve pi 0.314 1.0) (curve pi 0.314 1.0))) (color 1 0 0 (C (lift -0.5 0.0 (/ pi 2)) (curve pi 0.314 1.0) (curve pi 0.314 1.0) (lift 0.5 0.0 (/ pi 2)) (curve pi 0.314 1.0) (curve pi 0.314 1.0)))) (color 1 0 0 (C (lift -0.5 2.0 (/ pi 2)) (curve pi 0.314 1.0) (curve pi 0.314 1.0) (lift 0.5 2.0 (/ pi 2)) (curve pi 0.314 1.0) (curve pi 0.314 1.0))))),two_dots,red,two_dots,red,two_dots,red,balanced_data/var_balanced/glyphs/dim3/var4/images/546.png
(C (C (lift -1 -2.0 (/ pi 2)) (curve 0 4.0 0) (lift 1 -2.0 (/ pi 2)) (curve 0 4.0 0)) (C (C (color 1 0 0 (C (lift -0.5 -2.0 (/ pi 2)) (curve pi 0.314 1.0) (curve pi 0.314 1.0) (lift 0.5 -2.0 (/ pi 2)) (curve pi 0.314 1.0) (curve pi 0.314 1.0))) (color 1 0 0 (C (lift -0.5 0.0 (/ pi 2)) (curve pi 0.314 1.0) (curve pi 0.314 1.0) (lift 0.5 0.0 (/ pi 2)) (curve pi 0.314 1.0) (curve pi 0.314 1.0)))) (color 0 1 0 (C (lift -0.5 2.0 (/ pi 2)) (curve pi 0.314 1.0) (curve pi 0.314 1.0) (lift 0.5 2.0 (/ pi 2)) (curve pi 0.314 1.0) (curve pi 0.314 1.0))))),two_dots,red,two_dots,red,two_dots,green,balanced_data/var_balanced/glyphs/dim3/var4/images/547.png
(C (C (lift -1 -2.0 (/ pi 2)) (curve 0 4.0 0) (lift 1 -2.0 (/ pi 2)) (curve 0 4.0 0)) (C (C (color 1 0 0 (C (lift -0.5 -2.0 (/ pi 2)) (curve pi 0.314 1.0) (curve pi 0.314 1.0) (lift 0.5 -2.0 (/ pi 2)) (curve pi 0.314 1.0) (curve pi 0.314 1.0))) (color 1 0 0 (C (lift -0.5 0.0 (/ pi 2)) (curve pi 0.314 1.0) (curve pi 0.314 1.0) (lift 0.5 0.0 (/ pi 2)) (curve pi 0.314 1.0) (curve pi 0.314 1.0)))) (color 0 0 1 (C (lift -0.5 2.0 (/ pi 2)) (curve pi 0.314 1.0) (curve pi 0.314 1.0) (lift 0.5 2.0 (/ pi 2)) (curve pi 0.314 1.0) (curve pi 0.314 1.0))))),two_dots,red,two_dots,red,two_dots,blue,balanced_data/var_balanced/glyphs/dim3/var4/images/548.png
(C (C (lift -1 -2.0 (/ pi 2)) (curve 0 4.0 0) (lift 1 -2.0 (/ pi 2)) (curve 0 4.0 0)) (C (C (color 1 0 0 (C (lift -0.5 -2.0 (/ pi 2)) (curve pi 0.314 1.0) (curve pi 0.314 1.0) (lift 0.5 -2.0 (/ pi 2)) (curve pi 0.314 1.0) (curve pi 0.314 1.0))) (color 0 1 0 (C (lift -0.5 0.0 (/ pi 2)) (curve pi 0.314 1.0) (curve pi 0.314 1.0) (lift 0.5 0.0 (/ pi 2)) (curve pi 0.314 1.0) (curve pi 0.314 1.0)))) (color 1 0 0 (C (lift -1.5 2.0 0) (curve 0 3.0 0))))),two_dots,red,two_dots,green,h_line,red,balanced_data/var_balanced/glyphs/dim3/var4/images/549.png
(C (C (lift -1 -2.0 (/ pi 2)) (curve 0 4.0 0) (lift 1 -2.0 (/ pi 2)) (curve 0 4.0 0)) (C (C (color 1 0 0 (C (lift -0.5 -2.0 (/ pi 2)) (curve pi 0.314 1.0) (curve pi 0.314 1.0) (lift 0.5 -2.0 (/ pi 2)) (curve pi 0.314 1.0) (curve pi 0.314 1.0))) (color 0 1 0 (C (lift -0.5 0.0 (/ pi 2)) (curve pi 0.314 1.0) (curve pi 0.314 1.0) (lift 0.5 0.0 (/ pi 2)) (curve pi 0.314 1.0) (curve pi 0.314 1.0)))) (color 0 1 0 (C (lift -1.5 2.0 0) (curve 0 3.0 0))))),two_dots,red,two_dots,green,h_line,green,balanced_data/var_balanced/glyphs/dim3/var4/images/550.png
(C (C (lift -1 -2.0 (/ pi 2)) (curve 0 4.0 0) (lift 1 -2.0 (/ pi 2)) (curve 0 4.0 0)) (C (C (color 1 0 0 (C (lift -0.5 -2.0 (/ pi 2)) (curve pi 0.314 1.0) (curve pi 0.314 1.0) (lift 0.5 -2.0 (/ pi 2)) (curve pi 0.314 1.0) (curve pi 0.314 1.0))) (color 0 1 0 (C (lift -0.5 0.0 (/ pi 2)) (curve pi 0.314 1.0) (curve pi 0.314 1.0) (lift 0.5 0.0 (/ pi 2)) (curve pi 0.314 1.0) (curve pi 0.314 1.0)))) (color 0 0 1 (C (lift -1.5 2.0 0) (curve 0 3.0 0))))),two_dots,red,two_dots,green,h_line,blue,balanced_data/var_balanced/glyphs/dim3/var4/images/551.png
(C (C (lift -1 -2.0 (/ pi 2)) (curve 0 4.0 0) (lift 1 -2.0 (/ pi 2)) (curve 0 4.0 0)) (C (C (color 1 0 0 (C (lift -0.5 -2.0 (/ pi 2)) (curve pi 0.314 1.0) (curve pi 0.314 1.0) (lift 0.5 -2.0 (/ pi 2)) (curve pi 0.314 1.0) (curve pi 0.314 1.0))) (color 0 1 0 (C (lift -0.5 0.0 (/ pi 2)) (curve pi 0.314 1.0) (curve pi 0.314 1.0) (lift 0.5 0.0 (/ pi 2)) (curve pi 0.314 1.0) (curve pi 0.314 1.0)))) (color 1 0 0 (C (lift -1.5 2.0 (/ pi 7.25)) (curve -0.8 1.5 0.5) (curve 0.8 1.5 0.5))))),two_dots,red,two_dots,green,s_curve,red,balanced_data/var_balanced/glyphs/dim3/var4/images/552.png
(C (C (lift -1 -2.0 (/ pi 2)) (curve 0 4.0 0) (lift 1 -2.0 (/ pi 2)) (curve 0 4.0 0)) (C (C (color 1 0 0 (C (lift -0.5 -2.0 (/ pi 2)) (curve pi 0.314 1.0) (curve pi 0.314 1.0) (lift 0.5 -2.0 (/ pi 2)) (curve pi 0.314 1.0) (curve pi 0.314 1.0))) (color 0 1 0 (C (lift -0.5 0.0 (/ pi 2)) (curve pi 0.314 1.0) (curve pi 0.314 1.0) (lift 0.5 0.0 (/ pi 2)) (curve pi 0.314 1.0) (curve pi 0.314 1.0)))) (color 0 1 0 (C (lift -1.5 2.0 (/ pi 7.25)) (curve -0.8 1.5 0.5) (curve 0.8 1.5 0.5))))),two_dots,red,two_dots,green,s_curve,green,balanced_data/var_balanced/glyphs/dim3/var4/images/553.png
(C (C (lift -1 -2.0 (/ pi 2)) (curve 0 4.0 0) (lift 1 -2.0 (/ pi 2)) (curve 0 4.0 0)) (C (C (color 1 0 0 (C (lift -0.5 -2.0 (/ pi 2)) (curve pi 0.314 1.0) (curve pi 0.314 1.0) (lift 0.5 -2.0 (/ pi 2)) (curve pi 0.314 1.0) (curve pi 0.314 1.0))) (color 0 1 0 (C (lift -0.5 0.0 (/ pi 2)) (curve pi 0.314 1.0) (curve pi 0.314 1.0) (lift 0.5 0.0 (/ pi 2)) (curve pi 0.314 1.0) (curve pi 0.314 1.0)))) (color 0 0 1 (C (lift -1.5 2.0 (/ pi 7.25)) (curve -0.8 1.5 0.5) (curve 0.8 1.5 0.5))))),two_dots,red,two_dots,green,s_curve,blue,balanced_data/var_balanced/glyphs/dim3/var4/images/554.png
(C (C (lift -1 -2.0 (/ pi 2)) (curve 0 4.0 0) (lift 1 -2.0 (/ pi 2)) (curve 0 4.0 0)) (C (C (color 1 0 0 (C (lift -0.5 -2.0 (/ pi 2)) (curve pi 0.314 1.0) (curve pi 0.314 1.0) (lift 0.5 -2.0 (/ pi 2)) (curve pi 0.314 1.0) (curve pi 0.314 1.0))) (color 0 1 0 (C (lift -0.5 0.0 (/ pi 2)) (curve pi 0.314 1.0) (curve pi 0.314 1.0) (lift 0.5 0.0 (/ pi 2)) (curve pi 0.314 1.0) (curve pi 0.314 1.0)))) (color 1 0 0 (C (lift -0.5 2.0 (/ pi 2)) (curve pi 0.314 1.0) (curve pi 0.314 1.0) (lift 0.5 2.0 (/ pi 2)) (curve pi 0.314 1.0) (curve pi 0.314 1.0))))),two_dots,red,two_dots,green,two_dots,red,balanced_data/var_balanced/glyphs/dim3/var4/images/555.png
(C (C (lift -1 -2.0 (/ pi 2)) (curve 0 4.0 0) (lift 1 -2.0 (/ pi 2)) (curve 0 4.0 0)) (C (C (color 1 0 0 (C (lift -0.5 -2.0 (/ pi 2)) (curve pi 0.314 1.0) (curve pi 0.314 1.0) (lift 0.5 -2.0 (/ pi 2)) (curve pi 0.314 1.0) (curve pi 0.314 1.0))) (color 0 1 0 (C (lift -0.5 0.0 (/ pi 2)) (curve pi 0.314 1.0) (curve pi 0.314 1.0) (lift 0.5 0.0 (/ pi 2)) (curve pi 0.314 1.0) (curve pi 0.314 1.0)))) (color 0 1 0 (C (lift -0.5 2.0 (/ pi 2)) (curve pi 0.314 1.0) (curve pi 0.314 1.0) (lift 0.5 2.0 (/ pi 2)) (curve pi 0.314 1.0) (curve pi 0.314 1.0))))),two_dots,red,two_dots,green,two_dots,green,balanced_data/var_balanced/glyphs/dim3/var4/images/556.png
(C (C (lift -1 -2.0 (/ pi 2)) (curve 0 4.0 0) (lift 1 -2.0 (/ pi 2)) (curve 0 4.0 0)) (C (C (color 1 0 0 (C (lift -0.5 -2.0 (/ pi 2)) (curve pi 0.314 1.0) (curve pi 0.314 1.0) (lift 0.5 -2.0 (/ pi 2)) (curve pi 0.314 1.0) (curve pi 0.314 1.0))) (color 0 1 0 (C (lift -0.5 0.0 (/ pi 2)) (curve pi 0.314 1.0) (curve pi 0.314 1.0) (lift 0.5 0.0 (/ pi 2)) (curve pi 0.314 1.0) (curve pi 0.314 1.0)))) (color 0 0 1 (C (lift -0.5 2.0 (/ pi 2)) (curve pi 0.314 1.0) (curve pi 0.314 1.0) (lift 0.5 2.0 (/ pi 2)) (curve pi 0.314 1.0) (curve pi 0.314 1.0))))),two_dots,red,two_dots,green,two_dots,blue,balanced_data/var_balanced/glyphs/dim3/var4/images/557.png
(C (C (lift -1 -2.0 (/ pi 2)) (curve 0 4.0 0) (lift 1 -2.0 (/ pi 2)) (curve 0 4.0 0)) (C (C (color 1 0 0 (C (lift -0.5 -2.0 (/ pi 2)) (curve pi 0.314 1.0) (curve pi 0.314 1.0) (lift 0.5 -2.0 (/ pi 2)) (curve pi 0.314 1.0) (curve pi 0.314 1.0))) (color 0 0 1 (C (lift -0.5 0.0 (/ pi 2)) (curve pi 0.314 1.0) (curve pi 0.314 1.0) (lift 0.5 0.0 (/ pi 2)) (curve pi 0.314 1.0) (curve pi 0.314 1.0)))) (color 1 0 0 (C (lift -1.5 2.0 0) (curve 0 3.0 0))))),two_dots,red,two_dots,blue,h_line,red,balanced_data/var_balanced/glyphs/dim3/var4/images/558.png
(C (C (lift -1 -2.0 (/ pi 2)) (curve 0 4.0 0) (lift 1 -2.0 (/ pi 2)) (curve 0 4.0 0)) (C (C (color 1 0 0 (C (lift -0.5 -2.0 (/ pi 2)) (curve pi 0.314 1.0) (curve pi 0.314 1.0) (lift 0.5 -2.0 (/ pi 2)) (curve pi 0.314 1.0) (curve pi 0.314 1.0))) (color 0 0 1 (C (lift -0.5 0.0 (/ pi 2)) (curve pi 0.314 1.0) (curve pi 0.314 1.0) (lift 0.5 0.0 (/ pi 2)) (curve pi 0.314 1.0) (curve pi 0.314 1.0)))) (color 0 1 0 (C (lift -1.5 2.0 0) (curve 0 3.0 0))))),two_dots,red,two_dots,blue,h_line,green,balanced_data/var_balanced/glyphs/dim3/var4/images/559.png
(C (C (lift -1 -2.0 (/ pi 2)) (curve 0 4.0 0) (lift 1 -2.0 (/ pi 2)) (curve 0 4.0 0)) (C (C (color 1 0 0 (C (lift -0.5 -2.0 (/ pi 2)) (curve pi 0.314 1.0) (curve pi 0.314 1.0) (lift 0.5 -2.0 (/ pi 2)) (curve pi 0.314 1.0) (curve pi 0.314 1.0))) (color 0 0 1 (C (lift -0.5 0.0 (/ pi 2)) (curve pi 0.314 1.0) (curve pi 0.314 1.0) (lift 0.5 0.0 (/ pi 2)) (curve pi 0.314 1.0) (curve pi 0.314 1.0)))) (color 0 0 1 (C (lift -1.5 2.0 0) (curve 0 3.0 0))))),two_dots,red,two_dots,blue,h_line,blue,balanced_data/var_balanced/glyphs/dim3/var4/images/560.png
(C (C (lift -1 -2.0 (/ pi 2)) (curve 0 4.0 0) (lift 1 -2.0 (/ pi 2)) (curve 0 4.0 0)) (C (C (color 1 0 0 (C (lift -0.5 -2.0 (/ pi 2)) (curve pi 0.314 1.0) (curve pi 0.314 1.0) (lift 0.5 -2.0 (/ pi 2)) (curve pi 0.314 1.0) (curve pi 0.314 1.0))) (color 0 0 1 (C (lift -0.5 0.0 (/ pi 2)) (curve pi 0.314 1.0) (curve pi 0.314 1.0) (lift 0.5 0.0 (/ pi 2)) (curve pi 0.314 1.0) (curve pi 0.314 1.0)))) (color 1 0 0 (C (lift -1.5 2.0 (/ pi 7.25)) (curve -0.8 1.5 0.5) (curve 0.8 1.5 0.5))))),two_dots,red,two_dots,blue,s_curve,red,balanced_data/var_balanced/glyphs/dim3/var4/images/561.png
(C (C (lift -1 -2.0 (/ pi 2)) (curve 0 4.0 0) (lift 1 -2.0 (/ pi 2)) (curve 0 4.0 0)) (C (C (color 1 0 0 (C (lift -0.5 -2.0 (/ pi 2)) (curve pi 0.314 1.0) (curve pi 0.314 1.0) (lift 0.5 -2.0 (/ pi 2)) (curve pi 0.314 1.0) (curve pi 0.314 1.0))) (color 0 0 1 (C (lift -0.5 0.0 (/ pi 2)) (curve pi 0.314 1.0) (curve pi 0.314 1.0) (lift 0.5 0.0 (/ pi 2)) (curve pi 0.314 1.0) (curve pi 0.314 1.0)))) (color 0 1 0 (C (lift -1.5 2.0 (/ pi 7.25)) (curve -0.8 1.5 0.5) (curve 0.8 1.5 0.5))))),two_dots,red,two_dots,blue,s_curve,green,balanced_data/var_balanced/glyphs/dim3/var4/images/562.png
(C (C (lift -1 -2.0 (/ pi 2)) (curve 0 4.0 0) (lift 1 -2.0 (/ pi 2)) (curve 0 4.0 0)) (C (C (color 1 0 0 (C (lift -0.5 -2.0 (/ pi 2)) (curve pi 0.314 1.0) (curve pi 0.314 1.0) (lift 0.5 -2.0 (/ pi 2)) (curve pi 0.314 1.0) (curve pi 0.314 1.0))) (color 0 0 1 (C (lift -0.5 0.0 (/ pi 2)) (curve pi 0.314 1.0) (curve pi 0.314 1.0) (lift 0.5 0.0 (/ pi 2)) (curve pi 0.314 1.0) (curve pi 0.314 1.0)))) (color 0 0 1 (C (lift -1.5 2.0 (/ pi 7.25)) (curve -0.8 1.5 0.5) (curve 0.8 1.5 0.5))))),two_dots,red,two_dots,blue,s_curve,blue,balanced_data/var_balanced/glyphs/dim3/var4/images/563.png
(C (C (lift -1 -2.0 (/ pi 2)) (curve 0 4.0 0) (lift 1 -2.0 (/ pi 2)) (curve 0 4.0 0)) (C (C (color 1 0 0 (C (lift -0.5 -2.0 (/ pi 2)) (curve pi 0.314 1.0) (curve pi 0.314 1.0) (lift 0.5 -2.0 (/ pi 2)) (curve pi 0.314 1.0) (curve pi 0.314 1.0))) (color 0 0 1 (C (lift -0.5 0.0 (/ pi 2)) (curve pi 0.314 1.0) (curve pi 0.314 1.0) (lift 0.5 0.0 (/ pi 2)) (curve pi 0.314 1.0) (curve pi 0.314 1.0)))) (color 1 0 0 (C (lift -0.5 2.0 (/ pi 2)) (curve pi 0.314 1.0) (curve pi 0.314 1.0) (lift 0.5 2.0 (/ pi 2)) (curve pi 0.314 1.0) (curve pi 0.314 1.0))))),two_dots,red,two_dots,blue,two_dots,red,balanced_data/var_balanced/glyphs/dim3/var4/images/564.png
(C (C (lift -1 -2.0 (/ pi 2)) (curve 0 4.0 0) (lift 1 -2.0 (/ pi 2)) (curve 0 4.0 0)) (C (C (color 1 0 0 (C (lift -0.5 -2.0 (/ pi 2)) (curve pi 0.314 1.0) (curve pi 0.314 1.0) (lift 0.5 -2.0 (/ pi 2)) (curve pi 0.314 1.0) (curve pi 0.314 1.0))) (color 0 0 1 (C (lift -0.5 0.0 (/ pi 2)) (curve pi 0.314 1.0) (curve pi 0.314 1.0) (lift 0.5 0.0 (/ pi 2)) (curve pi 0.314 1.0) (curve pi 0.314 1.0)))) (color 0 1 0 (C (lift -0.5 2.0 (/ pi 2)) (curve pi 0.314 1.0) (curve pi 0.314 1.0) (lift 0.5 2.0 (/ pi 2)) (curve pi 0.314 1.0) (curve pi 0.314 1.0))))),two_dots,red,two_dots,blue,two_dots,green,balanced_data/var_balanced/glyphs/dim3/var4/images/565.png
(C (C (lift -1 -2.0 (/ pi 2)) (curve 0 4.0 0) (lift 1 -2.0 (/ pi 2)) (curve 0 4.0 0)) (C (C (color 1 0 0 (C (lift -0.5 -2.0 (/ pi 2)) (curve pi 0.314 1.0) (curve pi 0.314 1.0) (lift 0.5 -2.0 (/ pi 2)) (curve pi 0.314 1.0) (curve pi 0.314 1.0))) (color 0 0 1 (C (lift -0.5 0.0 (/ pi 2)) (curve pi 0.314 1.0) (curve pi 0.314 1.0) (lift 0.5 0.0 (/ pi 2)) (curve pi 0.314 1.0) (curve pi 0.314 1.0)))) (color 0 0 1 (C (lift -0.5 2.0 (/ pi 2)) (curve pi 0.314 1.0) (curve pi 0.314 1.0) (lift 0.5 2.0 (/ pi 2)) (curve pi 0.314 1.0) (curve pi 0.314 1.0))))),two_dots,red,two_dots,blue,two_dots,blue,balanced_data/var_balanced/glyphs/dim3/var4/images/566.png
(C (C (lift -1 -2.0 (/ pi 2)) (curve 0 4.0 0) (lift 1 -2.0 (/ pi 2)) (curve 0 4.0 0)) (C (C (color 0 1 0 (C (lift -0.5 -2.0 (/ pi 2)) (curve pi 0.314 1.0) (curve pi 0.314 1.0) (lift 0.5 -2.0 (/ pi 2)) (curve pi 0.314 1.0) (curve pi 0.314 1.0))) (color 1 0 0 (C (lift -1.5 0.0 0) (curve 0 3.0 0)))) (color 1 0 0 (C (lift -1.5 2.0 0) (curve 0 3.0 0))))),two_dots,green,h_line,red,h_line,red,balanced_data/var_balanced/glyphs/dim3/var4/images/567.png
(C (C (lift -1 -2.0 (/ pi 2)) (curve 0 4.0 0) (lift 1 -2.0 (/ pi 2)) (curve 0 4.0 0)) (C (C (color 0 1 0 (C (lift -0.5 -2.0 (/ pi 2)) (curve pi 0.314 1.0) (curve pi 0.314 1.0) (lift 0.5 -2.0 (/ pi 2)) (curve pi 0.314 1.0) (curve pi 0.314 1.0))) (color 1 0 0 (C (lift -1.5 0.0 0) (curve 0 3.0 0)))) (color 0 1 0 (C (lift -1.5 2.0 0) (curve 0 3.0 0))))),two_dots,green,h_line,red,h_line,green,balanced_data/var_balanced/glyphs/dim3/var4/images/568.png
(C (C (lift -1 -2.0 (/ pi 2)) (curve 0 4.0 0) (lift 1 -2.0 (/ pi 2)) (curve 0 4.0 0)) (C (C (color 0 1 0 (C (lift -0.5 -2.0 (/ pi 2)) (curve pi 0.314 1.0) (curve pi 0.314 1.0) (lift 0.5 -2.0 (/ pi 2)) (curve pi 0.314 1.0) (curve pi 0.314 1.0))) (color 1 0 0 (C (lift -1.5 0.0 0) (curve 0 3.0 0)))) (color 0 0 1 (C (lift -1.5 2.0 0) (curve 0 3.0 0))))),two_dots,green,h_line,red,h_line,blue,balanced_data/var_balanced/glyphs/dim3/var4/images/569.png
(C (C (lift -1 -2.0 (/ pi 2)) (curve 0 4.0 0) (lift 1 -2.0 (/ pi 2)) (curve 0 4.0 0)) (C (C (color 0 1 0 (C (lift -0.5 -2.0 (/ pi 2)) (curve pi 0.314 1.0) (curve pi 0.314 1.0) (lift 0.5 -2.0 (/ pi 2)) (curve pi 0.314 1.0) (curve pi 0.314 1.0))) (color 1 0 0 (C (lift -1.5 0.0 0) (curve 0 3.0 0)))) (color 1 0 0 (C (lift -1.5 2.0 (/ pi 7.25)) (curve -0.8 1.5 0.5) (curve 0.8 1.5 0.5))))),two_dots,green,h_line,red,s_curve,red,balanced_data/var_balanced/glyphs/dim3/var4/images/570.png
(C (C (lift -1 -2.0 (/ pi 2)) (curve 0 4.0 0) (lift 1 -2.0 (/ pi 2)) (curve 0 4.0 0)) (C (C (color 0 1 0 (C (lift -0.5 -2.0 (/ pi 2)) (curve pi 0.314 1.0) (curve pi 0.314 1.0) (lift 0.5 -2.0 (/ pi 2)) (curve pi 0.314 1.0) (curve pi 0.314 1.0))) (color 1 0 0 (C (lift -1.5 0.0 0) (curve 0 3.0 0)))) (color 0 1 0 (C (lift -1.5 2.0 (/ pi 7.25)) (curve -0.8 1.5 0.5) (curve 0.8 1.5 0.5))))),two_dots,green,h_line,red,s_curve,green,balanced_data/var_balanced/glyphs/dim3/var4/images/571.png
(C (C (lift -1 -2.0 (/ pi 2)) (curve 0 4.0 0) (lift 1 -2.0 (/ pi 2)) (curve 0 4.0 0)) (C (C (color 0 1 0 (C (lift -0.5 -2.0 (/ pi 2)) (curve pi 0.314 1.0) (curve pi 0.314 1.0) (lift 0.5 -2.0 (/ pi 2)) (curve pi 0.314 1.0) (curve pi 0.314 1.0))) (color 1 0 0 (C (lift -1.5 0.0 0) (curve 0 3.0 0)))) (color 0 0 1 (C (lift -1.5 2.0 (/ pi 7.25)) (curve -0.8 1.5 0.5) (curve 0.8 1.5 0.5))))),two_dots,green,h_line,red,s_curve,blue,balanced_data/var_balanced/glyphs/dim3/var4/images/572.png
(C (C (lift -1 -2.0 (/ pi 2)) (curve 0 4.0 0) (lift 1 -2.0 (/ pi 2)) (curve 0 4.0 0)) (C (C (color 0 1 0 (C (lift -0.5 -2.0 (/ pi 2)) (curve pi 0.314 1.0) (curve pi 0.314 1.0) (lift 0.5 -2.0 (/ pi 2)) (curve pi 0.314 1.0) (curve pi 0.314 1.0))) (color 1 0 0 (C (lift -1.5 0.0 0) (curve 0 3.0 0)))) (color 1 0 0 (C (lift -0.5 2.0 (/ pi 2)) (curve pi 0.314 1.0) (curve pi 0.314 1.0) (lift 0.5 2.0 (/ pi 2)) (curve pi 0.314 1.0) (curve pi 0.314 1.0))))),two_dots,green,h_line,red,two_dots,red,balanced_data/var_balanced/glyphs/dim3/var4/images/573.png
(C (C (lift -1 -2.0 (/ pi 2)) (curve 0 4.0 0) (lift 1 -2.0 (/ pi 2)) (curve 0 4.0 0)) (C (C (color 0 1 0 (C (lift -0.5 -2.0 (/ pi 2)) (curve pi 0.314 1.0) (curve pi 0.314 1.0) (lift 0.5 -2.0 (/ pi 2)) (curve pi 0.314 1.0) (curve pi 0.314 1.0))) (color 1 0 0 (C (lift -1.5 0.0 0) (curve 0 3.0 0)))) (color 0 1 0 (C (lift -0.5 2.0 (/ pi 2)) (curve pi 0.314 1.0) (curve pi 0.314 1.0) (lift 0.5 2.0 (/ pi 2)) (curve pi 0.314 1.0) (curve pi 0.314 1.0))))),two_dots,green,h_line,red,two_dots,green,balanced_data/var_balanced/glyphs/dim3/var4/images/574.png
(C (C (lift -1 -2.0 (/ pi 2)) (curve 0 4.0 0) (lift 1 -2.0 (/ pi 2)) (curve 0 4.0 0)) (C (C (color 0 1 0 (C (lift -0.5 -2.0 (/ pi 2)) (curve pi 0.314 1.0) (curve pi 0.314 1.0) (lift 0.5 -2.0 (/ pi 2)) (curve pi 0.314 1.0) (curve pi 0.314 1.0))) (color 1 0 0 (C (lift -1.5 0.0 0) (curve 0 3.0 0)))) (color 0 0 1 (C (lift -0.5 2.0 (/ pi 2)) (curve pi 0.314 1.0) (curve pi 0.314 1.0) (lift 0.5 2.0 (/ pi 2)) (curve pi 0.314 1.0) (curve pi 0.314 1.0))))),two_dots,green,h_line,red,two_dots,blue,balanced_data/var_balanced/glyphs/dim3/var4/images/575.png
(C (C (lift -1 -2.0 (/ pi 2)) (curve 0 4.0 0) (lift 1 -2.0 (/ pi 2)) (curve 0 4.0 0)) (C (C (color 0 1 0 (C (lift -0.5 -2.0 (/ pi 2)) (curve pi 0.314 1.0) (curve pi 0.314 1.0) (lift 0.5 -2.0 (/ pi 2)) (curve pi 0.314 1.0) (curve pi 0.314 1.0))) (color 0 1 0 (C (lift -1.5 0.0 0) (curve 0 3.0 0)))) (color 1 0 0 (C (lift -1.5 2.0 0) (curve 0 3.0 0))))),two_dots,green,h_line,green,h_line,red,balanced_data/var_balanced/glyphs/dim3/var4/images/576.png
(C (C (lift -1 -2.0 (/ pi 2)) (curve 0 4.0 0) (lift 1 -2.0 (/ pi 2)) (curve 0 4.0 0)) (C (C (color 0 1 0 (C (lift -0.5 -2.0 (/ pi 2)) (curve pi 0.314 1.0) (curve pi 0.314 1.0) (lift 0.5 -2.0 (/ pi 2)) (curve pi 0.314 1.0) (curve pi 0.314 1.0))) (color 0 1 0 (C (lift -1.5 0.0 0) (curve 0 3.0 0)))) (color 0 1 0 (C (lift -1.5 2.0 0) (curve 0 3.0 0))))),two_dots,green,h_line,green,h_line,green,balanced_data/var_balanced/glyphs/dim3/var4/images/577.png
(C (C (lift -1 -2.0 (/ pi 2)) (curve 0 4.0 0) (lift 1 -2.0 (/ pi 2)) (curve 0 4.0 0)) (C (C (color 0 1 0 (C (lift -0.5 -2.0 (/ pi 2)) (curve pi 0.314 1.0) (curve pi 0.314 1.0) (lift 0.5 -2.0 (/ pi 2)) (curve pi 0.314 1.0) (curve pi 0.314 1.0))) (color 0 1 0 (C (lift -1.5 0.0 0) (curve 0 3.0 0)))) (color 0 0 1 (C (lift -1.5 2.0 0) (curve 0 3.0 0))))),two_dots,green,h_line,green,h_line,blue,balanced_data/var_balanced/glyphs/dim3/var4/images/578.png
(C (C (lift -1 -2.0 (/ pi 2)) (curve 0 4.0 0) (lift 1 -2.0 (/ pi 2)) (curve 0 4.0 0)) (C (C (color 0 1 0 (C (lift -0.5 -2.0 (/ pi 2)) (curve pi 0.314 1.0) (curve pi 0.314 1.0) (lift 0.5 -2.0 (/ pi 2)) (curve pi 0.314 1.0) (curve pi 0.314 1.0))) (color 0 1 0 (C (lift -1.5 0.0 0) (curve 0 3.0 0)))) (color 1 0 0 (C (lift -1.5 2.0 (/ pi 7.25)) (curve -0.8 1.5 0.5) (curve 0.8 1.5 0.5))))),two_dots,green,h_line,green,s_curve,red,balanced_data/var_balanced/glyphs/dim3/var4/images/579.png
(C (C (lift -1 -2.0 (/ pi 2)) (curve 0 4.0 0) (lift 1 -2.0 (/ pi 2)) (curve 0 4.0 0)) (C (C (color 0 1 0 (C (lift -0.5 -2.0 (/ pi 2)) (curve pi 0.314 1.0) (curve pi 0.314 1.0) (lift 0.5 -2.0 (/ pi 2)) (curve pi 0.314 1.0) (curve pi 0.314 1.0))) (color 0 1 0 (C (lift -1.5 0.0 0) (curve 0 3.0 0)))) (color 0 1 0 (C (lift -1.5 2.0 (/ pi 7.25)) (curve -0.8 1.5 0.5) (curve 0.8 1.5 0.5))))),two_dots,green,h_line,green,s_curve,green,balanced_data/var_balanced/glyphs/dim3/var4/images/580.png
(C (C (lift -1 -2.0 (/ pi 2)) (curve 0 4.0 0) (lift 1 -2.0 (/ pi 2)) (curve 0 4.0 0)) (C (C (color 0 1 0 (C (lift -0.5 -2.0 (/ pi 2)) (curve pi 0.314 1.0) (curve pi 0.314 1.0) (lift 0.5 -2.0 (/ pi 2)) (curve pi 0.314 1.0) (curve pi 0.314 1.0))) (color 0 1 0 (C (lift -1.5 0.0 0) (curve 0 3.0 0)))) (color 0 0 1 (C (lift -1.5 2.0 (/ pi 7.25)) (curve -0.8 1.5 0.5) (curve 0.8 1.5 0.5))))),two_dots,green,h_line,green,s_curve,blue,balanced_data/var_balanced/glyphs/dim3/var4/images/581.png
(C (C (lift -1 -2.0 (/ pi 2)) (curve 0 4.0 0) (lift 1 -2.0 (/ pi 2)) (curve 0 4.0 0)) (C (C (color 0 1 0 (C (lift -0.5 -2.0 (/ pi 2)) (curve pi 0.314 1.0) (curve pi 0.314 1.0) (lift 0.5 -2.0 (/ pi 2)) (curve pi 0.314 1.0) (curve pi 0.314 1.0))) (color 0 1 0 (C (lift -1.5 0.0 0) (curve 0 3.0 0)))) (color 1 0 0 (C (lift -0.5 2.0 (/ pi 2)) (curve pi 0.314 1.0) (curve pi 0.314 1.0) (lift 0.5 2.0 (/ pi 2)) (curve pi 0.314 1.0) (curve pi 0.314 1.0))))),two_dots,green,h_line,green,two_dots,red,balanced_data/var_balanced/glyphs/dim3/var4/images/582.png
(C (C (lift -1 -2.0 (/ pi 2)) (curve 0 4.0 0) (lift 1 -2.0 (/ pi 2)) (curve 0 4.0 0)) (C (C (color 0 1 0 (C (lift -0.5 -2.0 (/ pi 2)) (curve pi 0.314 1.0) (curve pi 0.314 1.0) (lift 0.5 -2.0 (/ pi 2)) (curve pi 0.314 1.0) (curve pi 0.314 1.0))) (color 0 1 0 (C (lift -1.5 0.0 0) (curve 0 3.0 0)))) (color 0 1 0 (C (lift -0.5 2.0 (/ pi 2)) (curve pi 0.314 1.0) (curve pi 0.314 1.0) (lift 0.5 2.0 (/ pi 2)) (curve pi 0.314 1.0) (curve pi 0.314 1.0))))),two_dots,green,h_line,green,two_dots,green,balanced_data/var_balanced/glyphs/dim3/var4/images/583.png
(C (C (lift -1 -2.0 (/ pi 2)) (curve 0 4.0 0) (lift 1 -2.0 (/ pi 2)) (curve 0 4.0 0)) (C (C (color 0 1 0 (C (lift -0.5 -2.0 (/ pi 2)) (curve pi 0.314 1.0) (curve pi 0.314 1.0) (lift 0.5 -2.0 (/ pi 2)) (curve pi 0.314 1.0) (curve pi 0.314 1.0))) (color 0 1 0 (C (lift -1.5 0.0 0) (curve 0 3.0 0)))) (color 0 0 1 (C (lift -0.5 2.0 (/ pi 2)) (curve pi 0.314 1.0) (curve pi 0.314 1.0) (lift 0.5 2.0 (/ pi 2)) (curve pi 0.314 1.0) (curve pi 0.314 1.0))))),two_dots,green,h_line,green,two_dots,blue,balanced_data/var_balanced/glyphs/dim3/var4/images/584.png
(C (C (lift -1 -2.0 (/ pi 2)) (curve 0 4.0 0) (lift 1 -2.0 (/ pi 2)) (curve 0 4.0 0)) (C (C (color 0 1 0 (C (lift -0.5 -2.0 (/ pi 2)) (curve pi 0.314 1.0) (curve pi 0.314 1.0) (lift 0.5 -2.0 (/ pi 2)) (curve pi 0.314 1.0) (curve pi 0.314 1.0))) (color 0 0 1 (C (lift -1.5 0.0 0) (curve 0 3.0 0)))) (color 1 0 0 (C (lift -1.5 2.0 0) (curve 0 3.0 0))))),two_dots,green,h_line,blue,h_line,red,balanced_data/var_balanced/glyphs/dim3/var4/images/585.png
(C (C (lift -1 -2.0 (/ pi 2)) (curve 0 4.0 0) (lift 1 -2.0 (/ pi 2)) (curve 0 4.0 0)) (C (C (color 0 1 0 (C (lift -0.5 -2.0 (/ pi 2)) (curve pi 0.314 1.0) (curve pi 0.314 1.0) (lift 0.5 -2.0 (/ pi 2)) (curve pi 0.314 1.0) (curve pi 0.314 1.0))) (color 0 0 1 (C (lift -1.5 0.0 0) (curve 0 3.0 0)))) (color 0 1 0 (C (lift -1.5 2.0 0) (curve 0 3.0 0))))),two_dots,green,h_line,blue,h_line,green,balanced_data/var_balanced/glyphs/dim3/var4/images/586.png
(C (C (lift -1 -2.0 (/ pi 2)) (curve 0 4.0 0) (lift 1 -2.0 (/ pi 2)) (curve 0 4.0 0)) (C (C (color 0 1 0 (C (lift -0.5 -2.0 (/ pi 2)) (curve pi 0.314 1.0) (curve pi 0.314 1.0) (lift 0.5 -2.0 (/ pi 2)) (curve pi 0.314 1.0) (curve pi 0.314 1.0))) (color 0 0 1 (C (lift -1.5 0.0 0) (curve 0 3.0 0)))) (color 0 0 1 (C (lift -1.5 2.0 0) (curve 0 3.0 0))))),two_dots,green,h_line,blue,h_line,blue,balanced_data/var_balanced/glyphs/dim3/var4/images/587.png
(C (C (lift -1 -2.0 (/ pi 2)) (curve 0 4.0 0) (lift 1 -2.0 (/ pi 2)) (curve 0 4.0 0)) (C (C (color 0 1 0 (C (lift -0.5 -2.0 (/ pi 2)) (curve pi 0.314 1.0) (curve pi 0.314 1.0) (lift 0.5 -2.0 (/ pi 2)) (curve pi 0.314 1.0) (curve pi 0.314 1.0))) (color 0 0 1 (C (lift -1.5 0.0 0) (curve 0 3.0 0)))) (color 1 0 0 (C (lift -1.5 2.0 (/ pi 7.25)) (curve -0.8 1.5 0.5) (curve 0.8 1.5 0.5))))),two_dots,green,h_line,blue,s_curve,red,balanced_data/var_balanced/glyphs/dim3/var4/images/588.png
(C (C (lift -1 -2.0 (/ pi 2)) (curve 0 4.0 0) (lift 1 -2.0 (/ pi 2)) (curve 0 4.0 0)) (C (C (color 0 1 0 (C (lift -0.5 -2.0 (/ pi 2)) (curve pi 0.314 1.0) (curve pi 0.314 1.0) (lift 0.5 -2.0 (/ pi 2)) (curve pi 0.314 1.0) (curve pi 0.314 1.0))) (color 0 0 1 (C (lift -1.5 0.0 0) (curve 0 3.0 0)))) (color 0 1 0 (C (lift -1.5 2.0 (/ pi 7.25)) (curve -0.8 1.5 0.5) (curve 0.8 1.5 0.5))))),two_dots,green,h_line,blue,s_curve,green,balanced_data/var_balanced/glyphs/dim3/var4/images/589.png
(C (C (lift -1 -2.0 (/ pi 2)) (curve 0 4.0 0) (lift 1 -2.0 (/ pi 2)) (curve 0 4.0 0)) (C (C (color 0 1 0 (C (lift -0.5 -2.0 (/ pi 2)) (curve pi 0.314 1.0) (curve pi 0.314 1.0) (lift 0.5 -2.0 (/ pi 2)) (curve pi 0.314 1.0) (curve pi 0.314 1.0))) (color 0 0 1 (C (lift -1.5 0.0 0) (curve 0 3.0 0)))) (color 0 0 1 (C (lift -1.5 2.0 (/ pi 7.25)) (curve -0.8 1.5 0.5) (curve 0.8 1.5 0.5))))),two_dots,green,h_line,blue,s_curve,blue,balanced_data/var_balanced/glyphs/dim3/var4/images/590.png
(C (C (lift -1 -2.0 (/ pi 2)) (curve 0 4.0 0) (lift 1 -2.0 (/ pi 2)) (curve 0 4.0 0)) (C (C (color 0 1 0 (C (lift -0.5 -2.0 (/ pi 2)) (curve pi 0.314 1.0) (curve pi 0.314 1.0) (lift 0.5 -2.0 (/ pi 2)) (curve pi 0.314 1.0) (curve pi 0.314 1.0))) (color 0 0 1 (C (lift -1.5 0.0 0) (curve 0 3.0 0)))) (color 1 0 0 (C (lift -0.5 2.0 (/ pi 2)) (curve pi 0.314 1.0) (curve pi 0.314 1.0) (lift 0.5 2.0 (/ pi 2)) (curve pi 0.314 1.0) (curve pi 0.314 1.0))))),two_dots,green,h_line,blue,two_dots,red,balanced_data/var_balanced/glyphs/dim3/var4/images/591.png
(C (C (lift -1 -2.0 (/ pi 2)) (curve 0 4.0 0) (lift 1 -2.0 (/ pi 2)) (curve 0 4.0 0)) (C (C (color 0 1 0 (C (lift -0.5 -2.0 (/ pi 2)) (curve pi 0.314 1.0) (curve pi 0.314 1.0) (lift 0.5 -2.0 (/ pi 2)) (curve pi 0.314 1.0) (curve pi 0.314 1.0))) (color 0 0 1 (C (lift -1.5 0.0 0) (curve 0 3.0 0)))) (color 0 1 0 (C (lift -0.5 2.0 (/ pi 2)) (curve pi 0.314 1.0) (curve pi 0.314 1.0) (lift 0.5 2.0 (/ pi 2)) (curve pi 0.314 1.0) (curve pi 0.314 1.0))))),two_dots,green,h_line,blue,two_dots,green,balanced_data/var_balanced/glyphs/dim3/var4/images/592.png
(C (C (lift -1 -2.0 (/ pi 2)) (curve 0 4.0 0) (lift 1 -2.0 (/ pi 2)) (curve 0 4.0 0)) (C (C (color 0 1 0 (C (lift -0.5 -2.0 (/ pi 2)) (curve pi 0.314 1.0) (curve pi 0.314 1.0) (lift 0.5 -2.0 (/ pi 2)) (curve pi 0.314 1.0) (curve pi 0.314 1.0))) (color 0 0 1 (C (lift -1.5 0.0 0) (curve 0 3.0 0)))) (color 0 0 1 (C (lift -0.5 2.0 (/ pi 2)) (curve pi 0.314 1.0) (curve pi 0.314 1.0) (lift 0.5 2.0 (/ pi 2)) (curve pi 0.314 1.0) (curve pi 0.314 1.0))))),two_dots,green,h_line,blue,two_dots,blue,balanced_data/var_balanced/glyphs/dim3/var4/images/593.png
(C (C (lift -1 -2.0 (/ pi 2)) (curve 0 4.0 0) (lift 1 -2.0 (/ pi 2)) (curve 0 4.0 0)) (C (C (color 0 1 0 (C (lift -0.5 -2.0 (/ pi 2)) (curve pi 0.314 1.0) (curve pi 0.314 1.0) (lift 0.5 -2.0 (/ pi 2)) (curve pi 0.314 1.0) (curve pi 0.314 1.0))) (color 1 0 0 (C (lift -1.5 0.0 (/ pi 7.25)) (curve -0.8 1.5 0.5) (curve 0.8 1.5 0.5)))) (color 1 0 0 (C (lift -1.5 2.0 0) (curve 0 3.0 0))))),two_dots,green,s_curve,red,h_line,red,balanced_data/var_balanced/glyphs/dim3/var4/images/594.png
(C (C (lift -1 -2.0 (/ pi 2)) (curve 0 4.0 0) (lift 1 -2.0 (/ pi 2)) (curve 0 4.0 0)) (C (C (color 0 1 0 (C (lift -0.5 -2.0 (/ pi 2)) (curve pi 0.314 1.0) (curve pi 0.314 1.0) (lift 0.5 -2.0 (/ pi 2)) (curve pi 0.314 1.0) (curve pi 0.314 1.0))) (color 1 0 0 (C (lift -1.5 0.0 (/ pi 7.25)) (curve -0.8 1.5 0.5) (curve 0.8 1.5 0.5)))) (color 0 1 0 (C (lift -1.5 2.0 0) (curve 0 3.0 0))))),two_dots,green,s_curve,red,h_line,green,balanced_data/var_balanced/glyphs/dim3/var4/images/595.png
(C (C (lift -1 -2.0 (/ pi 2)) (curve 0 4.0 0) (lift 1 -2.0 (/ pi 2)) (curve 0 4.0 0)) (C (C (color 0 1 0 (C (lift -0.5 -2.0 (/ pi 2)) (curve pi 0.314 1.0) (curve pi 0.314 1.0) (lift 0.5 -2.0 (/ pi 2)) (curve pi 0.314 1.0) (curve pi 0.314 1.0))) (color 1 0 0 (C (lift -1.5 0.0 (/ pi 7.25)) (curve -0.8 1.5 0.5) (curve 0.8 1.5 0.5)))) (color 0 0 1 (C (lift -1.5 2.0 0) (curve 0 3.0 0))))),two_dots,green,s_curve,red,h_line,blue,balanced_data/var_balanced/glyphs/dim3/var4/images/596.png
(C (C (lift -1 -2.0 (/ pi 2)) (curve 0 4.0 0) (lift 1 -2.0 (/ pi 2)) (curve 0 4.0 0)) (C (C (color 0 1 0 (C (lift -0.5 -2.0 (/ pi 2)) (curve pi 0.314 1.0) (curve pi 0.314 1.0) (lift 0.5 -2.0 (/ pi 2)) (curve pi 0.314 1.0) (curve pi 0.314 1.0))) (color 1 0 0 (C (lift -1.5 0.0 (/ pi 7.25)) (curve -0.8 1.5 0.5) (curve 0.8 1.5 0.5)))) (color 1 0 0 (C (lift -1.5 2.0 (/ pi 7.25)) (curve -0.8 1.5 0.5) (curve 0.8 1.5 0.5))))),two_dots,green,s_curve,red,s_curve,red,balanced_data/var_balanced/glyphs/dim3/var4/images/597.png
(C (C (lift -1 -2.0 (/ pi 2)) (curve 0 4.0 0) (lift 1 -2.0 (/ pi 2)) (curve 0 4.0 0)) (C (C (color 0 1 0 (C (lift -0.5 -2.0 (/ pi 2)) (curve pi 0.314 1.0) (curve pi 0.314 1.0) (lift 0.5 -2.0 (/ pi 2)) (curve pi 0.314 1.0) (curve pi 0.314 1.0))) (color 1 0 0 (C (lift -1.5 0.0 (/ pi 7.25)) (curve -0.8 1.5 0.5) (curve 0.8 1.5 0.5)))) (color 0 1 0 (C (lift -1.5 2.0 (/ pi 7.25)) (curve -0.8 1.5 0.5) (curve 0.8 1.5 0.5))))),two_dots,green,s_curve,red,s_curve,green,balanced_data/var_balanced/glyphs/dim3/var4/images/598.png
(C (C (lift -1 -2.0 (/ pi 2)) (curve 0 4.0 0) (lift 1 -2.0 (/ pi 2)) (curve 0 4.0 0)) (C (C (color 0 1 0 (C (lift -0.5 -2.0 (/ pi 2)) (curve pi 0.314 1.0) (curve pi 0.314 1.0) (lift 0.5 -2.0 (/ pi 2)) (curve pi 0.314 1.0) (curve pi 0.314 1.0))) (color 1 0 0 (C (lift -1.5 0.0 (/ pi 7.25)) (curve -0.8 1.5 0.5) (curve 0.8 1.5 0.5)))) (color 0 0 1 (C (lift -1.5 2.0 (/ pi 7.25)) (curve -0.8 1.5 0.5) (curve 0.8 1.5 0.5))))),two_dots,green,s_curve,red,s_curve,blue,balanced_data/var_balanced/glyphs/dim3/var4/images/599.png
(C (C (lift -1 -2.0 (/ pi 2)) (curve 0 4.0 0) (lift 1 -2.0 (/ pi 2)) (curve 0 4.0 0)) (C (C (color 0 1 0 (C (lift -0.5 -2.0 (/ pi 2)) (curve pi 0.314 1.0) (curve pi 0.314 1.0) (lift 0.5 -2.0 (/ pi 2)) (curve pi 0.314 1.0) (curve pi 0.314 1.0))) (color 1 0 0 (C (lift -1.5 0.0 (/ pi 7.25)) (curve -0.8 1.5 0.5) (curve 0.8 1.5 0.5)))) (color 1 0 0 (C (lift -0.5 2.0 (/ pi 2)) (curve pi 0.314 1.0) (curve pi 0.314 1.0) (lift 0.5 2.0 (/ pi 2)) (curve pi 0.314 1.0) (curve pi 0.314 1.0))))),two_dots,green,s_curve,red,two_dots,red,balanced_data/var_balanced/glyphs/dim3/var4/images/600.png
(C (C (lift -1 -2.0 (/ pi 2)) (curve 0 4.0 0) (lift 1 -2.0 (/ pi 2)) (curve 0 4.0 0)) (C (C (color 0 1 0 (C (lift -0.5 -2.0 (/ pi 2)) (curve pi 0.314 1.0) (curve pi 0.314 1.0) (lift 0.5 -2.0 (/ pi 2)) (curve pi 0.314 1.0) (curve pi 0.314 1.0))) (color 1 0 0 (C (lift -1.5 0.0 (/ pi 7.25)) (curve -0.8 1.5 0.5) (curve 0.8 1.5 0.5)))) (color 0 1 0 (C (lift -0.5 2.0 (/ pi 2)) (curve pi 0.314 1.0) (curve pi 0.314 1.0) (lift 0.5 2.0 (/ pi 2)) (curve pi 0.314 1.0) (curve pi 0.314 1.0))))),two_dots,green,s_curve,red,two_dots,green,balanced_data/var_balanced/glyphs/dim3/var4/images/601.png
(C (C (lift -1 -2.0 (/ pi 2)) (curve 0 4.0 0) (lift 1 -2.0 (/ pi 2)) (curve 0 4.0 0)) (C (C (color 0 1 0 (C (lift -0.5 -2.0 (/ pi 2)) (curve pi 0.314 1.0) (curve pi 0.314 1.0) (lift 0.5 -2.0 (/ pi 2)) (curve pi 0.314 1.0) (curve pi 0.314 1.0))) (color 1 0 0 (C (lift -1.5 0.0 (/ pi 7.25)) (curve -0.8 1.5 0.5) (curve 0.8 1.5 0.5)))) (color 0 0 1 (C (lift -0.5 2.0 (/ pi 2)) (curve pi 0.314 1.0) (curve pi 0.314 1.0) (lift 0.5 2.0 (/ pi 2)) (curve pi 0.314 1.0) (curve pi 0.314 1.0))))),two_dots,green,s_curve,red,two_dots,blue,balanced_data/var_balanced/glyphs/dim3/var4/images/602.png
(C (C (lift -1 -2.0 (/ pi 2)) (curve 0 4.0 0) (lift 1 -2.0 (/ pi 2)) (curve 0 4.0 0)) (C (C (color 0 1 0 (C (lift -0.5 -2.0 (/ pi 2)) (curve pi 0.314 1.0) (curve pi 0.314 1.0) (lift 0.5 -2.0 (/ pi 2)) (curve pi 0.314 1.0) (curve pi 0.314 1.0))) (color 0 1 0 (C (lift -1.5 0.0 (/ pi 7.25)) (curve -0.8 1.5 0.5) (curve 0.8 1.5 0.5)))) (color 1 0 0 (C (lift -1.5 2.0 0) (curve 0 3.0 0))))),two_dots,green,s_curve,green,h_line,red,balanced_data/var_balanced/glyphs/dim3/var4/images/603.png
(C (C (lift -1 -2.0 (/ pi 2)) (curve 0 4.0 0) (lift 1 -2.0 (/ pi 2)) (curve 0 4.0 0)) (C (C (color 0 1 0 (C (lift -0.5 -2.0 (/ pi 2)) (curve pi 0.314 1.0) (curve pi 0.314 1.0) (lift 0.5 -2.0 (/ pi 2)) (curve pi 0.314 1.0) (curve pi 0.314 1.0))) (color 0 1 0 (C (lift -1.5 0.0 (/ pi 7.25)) (curve -0.8 1.5 0.5) (curve 0.8 1.5 0.5)))) (color 0 1 0 (C (lift -1.5 2.0 0) (curve 0 3.0 0))))),two_dots,green,s_curve,green,h_line,green,balanced_data/var_balanced/glyphs/dim3/var4/images/604.png
(C (C (lift -1 -2.0 (/ pi 2)) (curve 0 4.0 0) (lift 1 -2.0 (/ pi 2)) (curve 0 4.0 0)) (C (C (color 0 1 0 (C (lift -0.5 -2.0 (/ pi 2)) (curve pi 0.314 1.0) (curve pi 0.314 1.0) (lift 0.5 -2.0 (/ pi 2)) (curve pi 0.314 1.0) (curve pi 0.314 1.0))) (color 0 1 0 (C (lift -1.5 0.0 (/ pi 7.25)) (curve -0.8 1.5 0.5) (curve 0.8 1.5 0.5)))) (color 0 0 1 (C (lift -1.5 2.0 0) (curve 0 3.0 0))))),two_dots,green,s_curve,green,h_line,blue,balanced_data/var_balanced/glyphs/dim3/var4/images/605.png
(C (C (lift -1 -2.0 (/ pi 2)) (curve 0 4.0 0) (lift 1 -2.0 (/ pi 2)) (curve 0 4.0 0)) (C (C (color 0 1 0 (C (lift -0.5 -2.0 (/ pi 2)) (curve pi 0.314 1.0) (curve pi 0.314 1.0) (lift 0.5 -2.0 (/ pi 2)) (curve pi 0.314 1.0) (curve pi 0.314 1.0))) (color 0 1 0 (C (lift -1.5 0.0 (/ pi 7.25)) (curve -0.8 1.5 0.5) (curve 0.8 1.5 0.5)))) (color 1 0 0 (C (lift -1.5 2.0 (/ pi 7.25)) (curve -0.8 1.5 0.5) (curve 0.8 1.5 0.5))))),two_dots,green,s_curve,green,s_curve,red,balanced_data/var_balanced/glyphs/dim3/var4/images/606.png
(C (C (lift -1 -2.0 (/ pi 2)) (curve 0 4.0 0) (lift 1 -2.0 (/ pi 2)) (curve 0 4.0 0)) (C (C (color 0 1 0 (C (lift -0.5 -2.0 (/ pi 2)) (curve pi 0.314 1.0) (curve pi 0.314 1.0) (lift 0.5 -2.0 (/ pi 2)) (curve pi 0.314 1.0) (curve pi 0.314 1.0))) (color 0 1 0 (C (lift -1.5 0.0 (/ pi 7.25)) (curve -0.8 1.5 0.5) (curve 0.8 1.5 0.5)))) (color 0 1 0 (C (lift -1.5 2.0 (/ pi 7.25)) (curve -0.8 1.5 0.5) (curve 0.8 1.5 0.5))))),two_dots,green,s_curve,green,s_curve,green,balanced_data/var_balanced/glyphs/dim3/var4/images/607.png
(C (C (lift -1 -2.0 (/ pi 2)) (curve 0 4.0 0) (lift 1 -2.0 (/ pi 2)) (curve 0 4.0 0)) (C (C (color 0 1 0 (C (lift -0.5 -2.0 (/ pi 2)) (curve pi 0.314 1.0) (curve pi 0.314 1.0) (lift 0.5 -2.0 (/ pi 2)) (curve pi 0.314 1.0) (curve pi 0.314 1.0))) (color 0 1 0 (C (lift -1.5 0.0 (/ pi 7.25)) (curve -0.8 1.5 0.5) (curve 0.8 1.5 0.5)))) (color 0 0 1 (C (lift -1.5 2.0 (/ pi 7.25)) (curve -0.8 1.5 0.5) (curve 0.8 1.5 0.5))))),two_dots,green,s_curve,green,s_curve,blue,balanced_data/var_balanced/glyphs/dim3/var4/images/608.png
(C (C (lift -1 -2.0 (/ pi 2)) (curve 0 4.0 0) (lift 1 -2.0 (/ pi 2)) (curve 0 4.0 0)) (C (C (color 0 1 0 (C (lift -0.5 -2.0 (/ pi 2)) (curve pi 0.314 1.0) (curve pi 0.314 1.0) (lift 0.5 -2.0 (/ pi 2)) (curve pi 0.314 1.0) (curve pi 0.314 1.0))) (color 0 1 0 (C (lift -1.5 0.0 (/ pi 7.25)) (curve -0.8 1.5 0.5) (curve 0.8 1.5 0.5)))) (color 1 0 0 (C (lift -0.5 2.0 (/ pi 2)) (curve pi 0.314 1.0) (curve pi 0.314 1.0) (lift 0.5 2.0 (/ pi 2)) (curve pi 0.314 1.0) (curve pi 0.314 1.0))))),two_dots,green,s_curve,green,two_dots,red,balanced_data/var_balanced/glyphs/dim3/var4/images/609.png
(C (C (lift -1 -2.0 (/ pi 2)) (curve 0 4.0 0) (lift 1 -2.0 (/ pi 2)) (curve 0 4.0 0)) (C (C (color 0 1 0 (C (lift -0.5 -2.0 (/ pi 2)) (curve pi 0.314 1.0) (curve pi 0.314 1.0) (lift 0.5 -2.0 (/ pi 2)) (curve pi 0.314 1.0) (curve pi 0.314 1.0))) (color 0 1 0 (C (lift -1.5 0.0 (/ pi 7.25)) (curve -0.8 1.5 0.5) (curve 0.8 1.5 0.5)))) (color 0 1 0 (C (lift -0.5 2.0 (/ pi 2)) (curve pi 0.314 1.0) (curve pi 0.314 1.0) (lift 0.5 2.0 (/ pi 2)) (curve pi 0.314 1.0) (curve pi 0.314 1.0))))),two_dots,green,s_curve,green,two_dots,green,balanced_data/var_balanced/glyphs/dim3/var4/images/610.png
(C (C (lift -1 -2.0 (/ pi 2)) (curve 0 4.0 0) (lift 1 -2.0 (/ pi 2)) (curve 0 4.0 0)) (C (C (color 0 1 0 (C (lift -0.5 -2.0 (/ pi 2)) (curve pi 0.314 1.0) (curve pi 0.314 1.0) (lift 0.5 -2.0 (/ pi 2)) (curve pi 0.314 1.0) (curve pi 0.314 1.0))) (color 0 1 0 (C (lift -1.5 0.0 (/ pi 7.25)) (curve -0.8 1.5 0.5) (curve 0.8 1.5 0.5)))) (color 0 0 1 (C (lift -0.5 2.0 (/ pi 2)) (curve pi 0.314 1.0) (curve pi 0.314 1.0) (lift 0.5 2.0 (/ pi 2)) (curve pi 0.314 1.0) (curve pi 0.314 1.0))))),two_dots,green,s_curve,green,two_dots,blue,balanced_data/var_balanced/glyphs/dim3/var4/images/611.png
(C (C (lift -1 -2.0 (/ pi 2)) (curve 0 4.0 0) (lift 1 -2.0 (/ pi 2)) (curve 0 4.0 0)) (C (C (color 0 1 0 (C (lift -0.5 -2.0 (/ pi 2)) (curve pi 0.314 1.0) (curve pi 0.314 1.0) (lift 0.5 -2.0 (/ pi 2)) (curve pi 0.314 1.0) (curve pi 0.314 1.0))) (color 0 0 1 (C (lift -1.5 0.0 (/ pi 7.25)) (curve -0.8 1.5 0.5) (curve 0.8 1.5 0.5)))) (color 1 0 0 (C (lift -1.5 2.0 0) (curve 0 3.0 0))))),two_dots,green,s_curve,blue,h_line,red,balanced_data/var_balanced/glyphs/dim3/var4/images/612.png
(C (C (lift -1 -2.0 (/ pi 2)) (curve 0 4.0 0) (lift 1 -2.0 (/ pi 2)) (curve 0 4.0 0)) (C (C (color 0 1 0 (C (lift -0.5 -2.0 (/ pi 2)) (curve pi 0.314 1.0) (curve pi 0.314 1.0) (lift 0.5 -2.0 (/ pi 2)) (curve pi 0.314 1.0) (curve pi 0.314 1.0))) (color 0 0 1 (C (lift -1.5 0.0 (/ pi 7.25)) (curve -0.8 1.5 0.5) (curve 0.8 1.5 0.5)))) (color 0 1 0 (C (lift -1.5 2.0 0) (curve 0 3.0 0))))),two_dots,green,s_curve,blue,h_line,green,balanced_data/var_balanced/glyphs/dim3/var4/images/613.png
(C (C (lift -1 -2.0 (/ pi 2)) (curve 0 4.0 0) (lift 1 -2.0 (/ pi 2)) (curve 0 4.0 0)) (C (C (color 0 1 0 (C (lift -0.5 -2.0 (/ pi 2)) (curve pi 0.314 1.0) (curve pi 0.314 1.0) (lift 0.5 -2.0 (/ pi 2)) (curve pi 0.314 1.0) (curve pi 0.314 1.0))) (color 0 0 1 (C (lift -1.5 0.0 (/ pi 7.25)) (curve -0.8 1.5 0.5) (curve 0.8 1.5 0.5)))) (color 0 0 1 (C (lift -1.5 2.0 0) (curve 0 3.0 0))))),two_dots,green,s_curve,blue,h_line,blue,balanced_data/var_balanced/glyphs/dim3/var4/images/614.png
(C (C (lift -1 -2.0 (/ pi 2)) (curve 0 4.0 0) (lift 1 -2.0 (/ pi 2)) (curve 0 4.0 0)) (C (C (color 0 1 0 (C (lift -0.5 -2.0 (/ pi 2)) (curve pi 0.314 1.0) (curve pi 0.314 1.0) (lift 0.5 -2.0 (/ pi 2)) (curve pi 0.314 1.0) (curve pi 0.314 1.0))) (color 0 0 1 (C (lift -1.5 0.0 (/ pi 7.25)) (curve -0.8 1.5 0.5) (curve 0.8 1.5 0.5)))) (color 1 0 0 (C (lift -1.5 2.0 (/ pi 7.25)) (curve -0.8 1.5 0.5) (curve 0.8 1.5 0.5))))),two_dots,green,s_curve,blue,s_curve,red,balanced_data/var_balanced/glyphs/dim3/var4/images/615.png
(C (C (lift -1 -2.0 (/ pi 2)) (curve 0 4.0 0) (lift 1 -2.0 (/ pi 2)) (curve 0 4.0 0)) (C (C (color 0 1 0 (C (lift -0.5 -2.0 (/ pi 2)) (curve pi 0.314 1.0) (curve pi 0.314 1.0) (lift 0.5 -2.0 (/ pi 2)) (curve pi 0.314 1.0) (curve pi 0.314 1.0))) (color 0 0 1 (C (lift -1.5 0.0 (/ pi 7.25)) (curve -0.8 1.5 0.5) (curve 0.8 1.5 0.5)))) (color 0 1 0 (C (lift -1.5 2.0 (/ pi 7.25)) (curve -0.8 1.5 0.5) (curve 0.8 1.5 0.5))))),two_dots,green,s_curve,blue,s_curve,green,balanced_data/var_balanced/glyphs/dim3/var4/images/616.png
(C (C (lift -1 -2.0 (/ pi 2)) (curve 0 4.0 0) (lift 1 -2.0 (/ pi 2)) (curve 0 4.0 0)) (C (C (color 0 1 0 (C (lift -0.5 -2.0 (/ pi 2)) (curve pi 0.314 1.0) (curve pi 0.314 1.0) (lift 0.5 -2.0 (/ pi 2)) (curve pi 0.314 1.0) (curve pi 0.314 1.0))) (color 0 0 1 (C (lift -1.5 0.0 (/ pi 7.25)) (curve -0.8 1.5 0.5) (curve 0.8 1.5 0.5)))) (color 0 0 1 (C (lift -1.5 2.0 (/ pi 7.25)) (curve -0.8 1.5 0.5) (curve 0.8 1.5 0.5))))),two_dots,green,s_curve,blue,s_curve,blue,balanced_data/var_balanced/glyphs/dim3/var4/images/617.png
(C (C (lift -1 -2.0 (/ pi 2)) (curve 0 4.0 0) (lift 1 -2.0 (/ pi 2)) (curve 0 4.0 0)) (C (C (color 0 1 0 (C (lift -0.5 -2.0 (/ pi 2)) (curve pi 0.314 1.0) (curve pi 0.314 1.0) (lift 0.5 -2.0 (/ pi 2)) (curve pi 0.314 1.0) (curve pi 0.314 1.0))) (color 0 0 1 (C (lift -1.5 0.0 (/ pi 7.25)) (curve -0.8 1.5 0.5) (curve 0.8 1.5 0.5)))) (color 1 0 0 (C (lift -0.5 2.0 (/ pi 2)) (curve pi 0.314 1.0) (curve pi 0.314 1.0) (lift 0.5 2.0 (/ pi 2)) (curve pi 0.314 1.0) (curve pi 0.314 1.0))))),two_dots,green,s_curve,blue,two_dots,red,balanced_data/var_balanced/glyphs/dim3/var4/images/618.png
(C (C (lift -1 -2.0 (/ pi 2)) (curve 0 4.0 0) (lift 1 -2.0 (/ pi 2)) (curve 0 4.0 0)) (C (C (color 0 1 0 (C (lift -0.5 -2.0 (/ pi 2)) (curve pi 0.314 1.0) (curve pi 0.314 1.0) (lift 0.5 -2.0 (/ pi 2)) (curve pi 0.314 1.0) (curve pi 0.314 1.0))) (color 0 0 1 (C (lift -1.5 0.0 (/ pi 7.25)) (curve -0.8 1.5 0.5) (curve 0.8 1.5 0.5)))) (color 0 1 0 (C (lift -0.5 2.0 (/ pi 2)) (curve pi 0.314 1.0) (curve pi 0.314 1.0) (lift 0.5 2.0 (/ pi 2)) (curve pi 0.314 1.0) (curve pi 0.314 1.0))))),two_dots,green,s_curve,blue,two_dots,green,balanced_data/var_balanced/glyphs/dim3/var4/images/619.png
(C (C (lift -1 -2.0 (/ pi 2)) (curve 0 4.0 0) (lift 1 -2.0 (/ pi 2)) (curve 0 4.0 0)) (C (C (color 0 1 0 (C (lift -0.5 -2.0 (/ pi 2)) (curve pi 0.314 1.0) (curve pi 0.314 1.0) (lift 0.5 -2.0 (/ pi 2)) (curve pi 0.314 1.0) (curve pi 0.314 1.0))) (color 0 0 1 (C (lift -1.5 0.0 (/ pi 7.25)) (curve -0.8 1.5 0.5) (curve 0.8 1.5 0.5)))) (color 0 0 1 (C (lift -0.5 2.0 (/ pi 2)) (curve pi 0.314 1.0) (curve pi 0.314 1.0) (lift 0.5 2.0 (/ pi 2)) (curve pi 0.314 1.0) (curve pi 0.314 1.0))))),two_dots,green,s_curve,blue,two_dots,blue,balanced_data/var_balanced/glyphs/dim3/var4/images/620.png
(C (C (lift -1 -2.0 (/ pi 2)) (curve 0 4.0 0) (lift 1 -2.0 (/ pi 2)) (curve 0 4.0 0)) (C (C (color 0 1 0 (C (lift -0.5 -2.0 (/ pi 2)) (curve pi 0.314 1.0) (curve pi 0.314 1.0) (lift 0.5 -2.0 (/ pi 2)) (curve pi 0.314 1.0) (curve pi 0.314 1.0))) (color 1 0 0 (C (lift -0.5 0.0 (/ pi 2)) (curve pi 0.314 1.0) (curve pi 0.314 1.0) (lift 0.5 0.0 (/ pi 2)) (curve pi 0.314 1.0) (curve pi 0.314 1.0)))) (color 1 0 0 (C (lift -1.5 2.0 0) (curve 0 3.0 0))))),two_dots,green,two_dots,red,h_line,red,balanced_data/var_balanced/glyphs/dim3/var4/images/621.png
(C (C (lift -1 -2.0 (/ pi 2)) (curve 0 4.0 0) (lift 1 -2.0 (/ pi 2)) (curve 0 4.0 0)) (C (C (color 0 1 0 (C (lift -0.5 -2.0 (/ pi 2)) (curve pi 0.314 1.0) (curve pi 0.314 1.0) (lift 0.5 -2.0 (/ pi 2)) (curve pi 0.314 1.0) (curve pi 0.314 1.0))) (color 1 0 0 (C (lift -0.5 0.0 (/ pi 2)) (curve pi 0.314 1.0) (curve pi 0.314 1.0) (lift 0.5 0.0 (/ pi 2)) (curve pi 0.314 1.0) (curve pi 0.314 1.0)))) (color 0 1 0 (C (lift -1.5 2.0 0) (curve 0 3.0 0))))),two_dots,green,two_dots,red,h_line,green,balanced_data/var_balanced/glyphs/dim3/var4/images/622.png
(C (C (lift -1 -2.0 (/ pi 2)) (curve 0 4.0 0) (lift 1 -2.0 (/ pi 2)) (curve 0 4.0 0)) (C (C (color 0 1 0 (C (lift -0.5 -2.0 (/ pi 2)) (curve pi 0.314 1.0) (curve pi 0.314 1.0) (lift 0.5 -2.0 (/ pi 2)) (curve pi 0.314 1.0) (curve pi 0.314 1.0))) (color 1 0 0 (C (lift -0.5 0.0 (/ pi 2)) (curve pi 0.314 1.0) (curve pi 0.314 1.0) (lift 0.5 0.0 (/ pi 2)) (curve pi 0.314 1.0) (curve pi 0.314 1.0)))) (color 0 0 1 (C (lift -1.5 2.0 0) (curve 0 3.0 0))))),two_dots,green,two_dots,red,h_line,blue,balanced_data/var_balanced/glyphs/dim3/var4/images/623.png
(C (C (lift -1 -2.0 (/ pi 2)) (curve 0 4.0 0) (lift 1 -2.0 (/ pi 2)) (curve 0 4.0 0)) (C (C (color 0 1 0 (C (lift -0.5 -2.0 (/ pi 2)) (curve pi 0.314 1.0) (curve pi 0.314 1.0) (lift 0.5 -2.0 (/ pi 2)) (curve pi 0.314 1.0) (curve pi 0.314 1.0))) (color 1 0 0 (C (lift -0.5 0.0 (/ pi 2)) (curve pi 0.314 1.0) (curve pi 0.314 1.0) (lift 0.5 0.0 (/ pi 2)) (curve pi 0.314 1.0) (curve pi 0.314 1.0)))) (color 1 0 0 (C (lift -1.5 2.0 (/ pi 7.25)) (curve -0.8 1.5 0.5) (curve 0.8 1.5 0.5))))),two_dots,green,two_dots,red,s_curve,red,balanced_data/var_balanced/glyphs/dim3/var4/images/624.png
(C (C (lift -1 -2.0 (/ pi 2)) (curve 0 4.0 0) (lift 1 -2.0 (/ pi 2)) (curve 0 4.0 0)) (C (C (color 0 1 0 (C (lift -0.5 -2.0 (/ pi 2)) (curve pi 0.314 1.0) (curve pi 0.314 1.0) (lift 0.5 -2.0 (/ pi 2)) (curve pi 0.314 1.0) (curve pi 0.314 1.0))) (color 1 0 0 (C (lift -0.5 0.0 (/ pi 2)) (curve pi 0.314 1.0) (curve pi 0.314 1.0) (lift 0.5 0.0 (/ pi 2)) (curve pi 0.314 1.0) (curve pi 0.314 1.0)))) (color 0 1 0 (C (lift -1.5 2.0 (/ pi 7.25)) (curve -0.8 1.5 0.5) (curve 0.8 1.5 0.5))))),two_dots,green,two_dots,red,s_curve,green,balanced_data/var_balanced/glyphs/dim3/var4/images/625.png
(C (C (lift -1 -2.0 (/ pi 2)) (curve 0 4.0 0) (lift 1 -2.0 (/ pi 2)) (curve 0 4.0 0)) (C (C (color 0 1 0 (C (lift -0.5 -2.0 (/ pi 2)) (curve pi 0.314 1.0) (curve pi 0.314 1.0) (lift 0.5 -2.0 (/ pi 2)) (curve pi 0.314 1.0) (curve pi 0.314 1.0))) (color 1 0 0 (C (lift -0.5 0.0 (/ pi 2)) (curve pi 0.314 1.0) (curve pi 0.314 1.0) (lift 0.5 0.0 (/ pi 2)) (curve pi 0.314 1.0) (curve pi 0.314 1.0)))) (color 0 0 1 (C (lift -1.5 2.0 (/ pi 7.25)) (curve -0.8 1.5 0.5) (curve 0.8 1.5 0.5))))),two_dots,green,two_dots,red,s_curve,blue,balanced_data/var_balanced/glyphs/dim3/var4/images/626.png
(C (C (lift -1 -2.0 (/ pi 2)) (curve 0 4.0 0) (lift 1 -2.0 (/ pi 2)) (curve 0 4.0 0)) (C (C (color 0 1 0 (C (lift -0.5 -2.0 (/ pi 2)) (curve pi 0.314 1.0) (curve pi 0.314 1.0) (lift 0.5 -2.0 (/ pi 2)) (curve pi 0.314 1.0) (curve pi 0.314 1.0))) (color 1 0 0 (C (lift -0.5 0.0 (/ pi 2)) (curve pi 0.314 1.0) (curve pi 0.314 1.0) (lift 0.5 0.0 (/ pi 2)) (curve pi 0.314 1.0) (curve pi 0.314 1.0)))) (color 1 0 0 (C (lift -0.5 2.0 (/ pi 2)) (curve pi 0.314 1.0) (curve pi 0.314 1.0) (lift 0.5 2.0 (/ pi 2)) (curve pi 0.314 1.0) (curve pi 0.314 1.0))))),two_dots,green,two_dots,red,two_dots,red,balanced_data/var_balanced/glyphs/dim3/var4/images/627.png
(C (C (lift -1 -2.0 (/ pi 2)) (curve 0 4.0 0) (lift 1 -2.0 (/ pi 2)) (curve 0 4.0 0)) (C (C (color 0 1 0 (C (lift -0.5 -2.0 (/ pi 2)) (curve pi 0.314 1.0) (curve pi 0.314 1.0) (lift 0.5 -2.0 (/ pi 2)) (curve pi 0.314 1.0) (curve pi 0.314 1.0))) (color 1 0 0 (C (lift -0.5 0.0 (/ pi 2)) (curve pi 0.314 1.0) (curve pi 0.314 1.0) (lift 0.5 0.0 (/ pi 2)) (curve pi 0.314 1.0) (curve pi 0.314 1.0)))) (color 0 1 0 (C (lift -0.5 2.0 (/ pi 2)) (curve pi 0.314 1.0) (curve pi 0.314 1.0) (lift 0.5 2.0 (/ pi 2)) (curve pi 0.314 1.0) (curve pi 0.314 1.0))))),two_dots,green,two_dots,red,two_dots,green,balanced_data/var_balanced/glyphs/dim3/var4/images/628.png
(C (C (lift -1 -2.0 (/ pi 2)) (curve 0 4.0 0) (lift 1 -2.0 (/ pi 2)) (curve 0 4.0 0)) (C (C (color 0 1 0 (C (lift -0.5 -2.0 (/ pi 2)) (curve pi 0.314 1.0) (curve pi 0.314 1.0) (lift 0.5 -2.0 (/ pi 2)) (curve pi 0.314 1.0) (curve pi 0.314 1.0))) (color 1 0 0 (C (lift -0.5 0.0 (/ pi 2)) (curve pi 0.314 1.0) (curve pi 0.314 1.0) (lift 0.5 0.0 (/ pi 2)) (curve pi 0.314 1.0) (curve pi 0.314 1.0)))) (color 0 0 1 (C (lift -0.5 2.0 (/ pi 2)) (curve pi 0.314 1.0) (curve pi 0.314 1.0) (lift 0.5 2.0 (/ pi 2)) (curve pi 0.314 1.0) (curve pi 0.314 1.0))))),two_dots,green,two_dots,red,two_dots,blue,balanced_data/var_balanced/glyphs/dim3/var4/images/629.png
(C (C (lift -1 -2.0 (/ pi 2)) (curve 0 4.0 0) (lift 1 -2.0 (/ pi 2)) (curve 0 4.0 0)) (C (C (color 0 1 0 (C (lift -0.5 -2.0 (/ pi 2)) (curve pi 0.314 1.0) (curve pi 0.314 1.0) (lift 0.5 -2.0 (/ pi 2)) (curve pi 0.314 1.0) (curve pi 0.314 1.0))) (color 0 1 0 (C (lift -0.5 0.0 (/ pi 2)) (curve pi 0.314 1.0) (curve pi 0.314 1.0) (lift 0.5 0.0 (/ pi 2)) (curve pi 0.314 1.0) (curve pi 0.314 1.0)))) (color 1 0 0 (C (lift -1.5 2.0 0) (curve 0 3.0 0))))),two_dots,green,two_dots,green,h_line,red,balanced_data/var_balanced/glyphs/dim3/var4/images/630.png
(C (C (lift -1 -2.0 (/ pi 2)) (curve 0 4.0 0) (lift 1 -2.0 (/ pi 2)) (curve 0 4.0 0)) (C (C (color 0 1 0 (C (lift -0.5 -2.0 (/ pi 2)) (curve pi 0.314 1.0) (curve pi 0.314 1.0) (lift 0.5 -2.0 (/ pi 2)) (curve pi 0.314 1.0) (curve pi 0.314 1.0))) (color 0 1 0 (C (lift -0.5 0.0 (/ pi 2)) (curve pi 0.314 1.0) (curve pi 0.314 1.0) (lift 0.5 0.0 (/ pi 2)) (curve pi 0.314 1.0) (curve pi 0.314 1.0)))) (color 0 1 0 (C (lift -1.5 2.0 0) (curve 0 3.0 0))))),two_dots,green,two_dots,green,h_line,green,balanced_data/var_balanced/glyphs/dim3/var4/images/631.png
(C (C (lift -1 -2.0 (/ pi 2)) (curve 0 4.0 0) (lift 1 -2.0 (/ pi 2)) (curve 0 4.0 0)) (C (C (color 0 1 0 (C (lift -0.5 -2.0 (/ pi 2)) (curve pi 0.314 1.0) (curve pi 0.314 1.0) (lift 0.5 -2.0 (/ pi 2)) (curve pi 0.314 1.0) (curve pi 0.314 1.0))) (color 0 1 0 (C (lift -0.5 0.0 (/ pi 2)) (curve pi 0.314 1.0) (curve pi 0.314 1.0) (lift 0.5 0.0 (/ pi 2)) (curve pi 0.314 1.0) (curve pi 0.314 1.0)))) (color 0 0 1 (C (lift -1.5 2.0 0) (curve 0 3.0 0))))),two_dots,green,two_dots,green,h_line,blue,balanced_data/var_balanced/glyphs/dim3/var4/images/632.png
(C (C (lift -1 -2.0 (/ pi 2)) (curve 0 4.0 0) (lift 1 -2.0 (/ pi 2)) (curve 0 4.0 0)) (C (C (color 0 1 0 (C (lift -0.5 -2.0 (/ pi 2)) (curve pi 0.314 1.0) (curve pi 0.314 1.0) (lift 0.5 -2.0 (/ pi 2)) (curve pi 0.314 1.0) (curve pi 0.314 1.0))) (color 0 1 0 (C (lift -0.5 0.0 (/ pi 2)) (curve pi 0.314 1.0) (curve pi 0.314 1.0) (lift 0.5 0.0 (/ pi 2)) (curve pi 0.314 1.0) (curve pi 0.314 1.0)))) (color 1 0 0 (C (lift -1.5 2.0 (/ pi 7.25)) (curve -0.8 1.5 0.5) (curve 0.8 1.5 0.5))))),two_dots,green,two_dots,green,s_curve,red,balanced_data/var_balanced/glyphs/dim3/var4/images/633.png
(C (C (lift -1 -2.0 (/ pi 2)) (curve 0 4.0 0) (lift 1 -2.0 (/ pi 2)) (curve 0 4.0 0)) (C (C (color 0 1 0 (C (lift -0.5 -2.0 (/ pi 2)) (curve pi 0.314 1.0) (curve pi 0.314 1.0) (lift 0.5 -2.0 (/ pi 2)) (curve pi 0.314 1.0) (curve pi 0.314 1.0))) (color 0 1 0 (C (lift -0.5 0.0 (/ pi 2)) (curve pi 0.314 1.0) (curve pi 0.314 1.0) (lift 0.5 0.0 (/ pi 2)) (curve pi 0.314 1.0) (curve pi 0.314 1.0)))) (color 0 1 0 (C (lift -1.5 2.0 (/ pi 7.25)) (curve -0.8 1.5 0.5) (curve 0.8 1.5 0.5))))),two_dots,green,two_dots,green,s_curve,green,balanced_data/var_balanced/glyphs/dim3/var4/images/634.png
(C (C (lift -1 -2.0 (/ pi 2)) (curve 0 4.0 0) (lift 1 -2.0 (/ pi 2)) (curve 0 4.0 0)) (C (C (color 0 1 0 (C (lift -0.5 -2.0 (/ pi 2)) (curve pi 0.314 1.0) (curve pi 0.314 1.0) (lift 0.5 -2.0 (/ pi 2)) (curve pi 0.314 1.0) (curve pi 0.314 1.0))) (color 0 1 0 (C (lift -0.5 0.0 (/ pi 2)) (curve pi 0.314 1.0) (curve pi 0.314 1.0) (lift 0.5 0.0 (/ pi 2)) (curve pi 0.314 1.0) (curve pi 0.314 1.0)))) (color 0 0 1 (C (lift -1.5 2.0 (/ pi 7.25)) (curve -0.8 1.5 0.5) (curve 0.8 1.5 0.5))))),two_dots,green,two_dots,green,s_curve,blue,balanced_data/var_balanced/glyphs/dim3/var4/images/635.png
(C (C (lift -1 -2.0 (/ pi 2)) (curve 0 4.0 0) (lift 1 -2.0 (/ pi 2)) (curve 0 4.0 0)) (C (C (color 0 1 0 (C (lift -0.5 -2.0 (/ pi 2)) (curve pi 0.314 1.0) (curve pi 0.314 1.0) (lift 0.5 -2.0 (/ pi 2)) (curve pi 0.314 1.0) (curve pi 0.314 1.0))) (color 0 1 0 (C (lift -0.5 0.0 (/ pi 2)) (curve pi 0.314 1.0) (curve pi 0.314 1.0) (lift 0.5 0.0 (/ pi 2)) (curve pi 0.314 1.0) (curve pi 0.314 1.0)))) (color 1 0 0 (C (lift -0.5 2.0 (/ pi 2)) (curve pi 0.314 1.0) (curve pi 0.314 1.0) (lift 0.5 2.0 (/ pi 2)) (curve pi 0.314 1.0) (curve pi 0.314 1.0))))),two_dots,green,two_dots,green,two_dots,red,balanced_data/var_balanced/glyphs/dim3/var4/images/636.png
(C (C (lift -1 -2.0 (/ pi 2)) (curve 0 4.0 0) (lift 1 -2.0 (/ pi 2)) (curve 0 4.0 0)) (C (C (color 0 1 0 (C (lift -0.5 -2.0 (/ pi 2)) (curve pi 0.314 1.0) (curve pi 0.314 1.0) (lift 0.5 -2.0 (/ pi 2)) (curve pi 0.314 1.0) (curve pi 0.314 1.0))) (color 0 1 0 (C (lift -0.5 0.0 (/ pi 2)) (curve pi 0.314 1.0) (curve pi 0.314 1.0) (lift 0.5 0.0 (/ pi 2)) (curve pi 0.314 1.0) (curve pi 0.314 1.0)))) (color 0 1 0 (C (lift -0.5 2.0 (/ pi 2)) (curve pi 0.314 1.0) (curve pi 0.314 1.0) (lift 0.5 2.0 (/ pi 2)) (curve pi 0.314 1.0) (curve pi 0.314 1.0))))),two_dots,green,two_dots,green,two_dots,green,balanced_data/var_balanced/glyphs/dim3/var4/images/637.png
(C (C (lift -1 -2.0 (/ pi 2)) (curve 0 4.0 0) (lift 1 -2.0 (/ pi 2)) (curve 0 4.0 0)) (C (C (color 0 1 0 (C (lift -0.5 -2.0 (/ pi 2)) (curve pi 0.314 1.0) (curve pi 0.314 1.0) (lift 0.5 -2.0 (/ pi 2)) (curve pi 0.314 1.0) (curve pi 0.314 1.0))) (color 0 1 0 (C (lift -0.5 0.0 (/ pi 2)) (curve pi 0.314 1.0) (curve pi 0.314 1.0) (lift 0.5 0.0 (/ pi 2)) (curve pi 0.314 1.0) (curve pi 0.314 1.0)))) (color 0 0 1 (C (lift -0.5 2.0 (/ pi 2)) (curve pi 0.314 1.0) (curve pi 0.314 1.0) (lift 0.5 2.0 (/ pi 2)) (curve pi 0.314 1.0) (curve pi 0.314 1.0))))),two_dots,green,two_dots,green,two_dots,blue,balanced_data/var_balanced/glyphs/dim3/var4/images/638.png
(C (C (lift -1 -2.0 (/ pi 2)) (curve 0 4.0 0) (lift 1 -2.0 (/ pi 2)) (curve 0 4.0 0)) (C (C (color 0 1 0 (C (lift -0.5 -2.0 (/ pi 2)) (curve pi 0.314 1.0) (curve pi 0.314 1.0) (lift 0.5 -2.0 (/ pi 2)) (curve pi 0.314 1.0) (curve pi 0.314 1.0))) (color 0 0 1 (C (lift -0.5 0.0 (/ pi 2)) (curve pi 0.314 1.0) (curve pi 0.314 1.0) (lift 0.5 0.0 (/ pi 2)) (curve pi 0.314 1.0) (curve pi 0.314 1.0)))) (color 1 0 0 (C (lift -1.5 2.0 0) (curve 0 3.0 0))))),two_dots,green,two_dots,blue,h_line,red,balanced_data/var_balanced/glyphs/dim3/var4/images/639.png
(C (C (lift -1 -2.0 (/ pi 2)) (curve 0 4.0 0) (lift 1 -2.0 (/ pi 2)) (curve 0 4.0 0)) (C (C (color 0 1 0 (C (lift -0.5 -2.0 (/ pi 2)) (curve pi 0.314 1.0) (curve pi 0.314 1.0) (lift 0.5 -2.0 (/ pi 2)) (curve pi 0.314 1.0) (curve pi 0.314 1.0))) (color 0 0 1 (C (lift -0.5 0.0 (/ pi 2)) (curve pi 0.314 1.0) (curve pi 0.314 1.0) (lift 0.5 0.0 (/ pi 2)) (curve pi 0.314 1.0) (curve pi 0.314 1.0)))) (color 0 1 0 (C (lift -1.5 2.0 0) (curve 0 3.0 0))))),two_dots,green,two_dots,blue,h_line,green,balanced_data/var_balanced/glyphs/dim3/var4/images/640.png
(C (C (lift -1 -2.0 (/ pi 2)) (curve 0 4.0 0) (lift 1 -2.0 (/ pi 2)) (curve 0 4.0 0)) (C (C (color 0 1 0 (C (lift -0.5 -2.0 (/ pi 2)) (curve pi 0.314 1.0) (curve pi 0.314 1.0) (lift 0.5 -2.0 (/ pi 2)) (curve pi 0.314 1.0) (curve pi 0.314 1.0))) (color 0 0 1 (C (lift -0.5 0.0 (/ pi 2)) (curve pi 0.314 1.0) (curve pi 0.314 1.0) (lift 0.5 0.0 (/ pi 2)) (curve pi 0.314 1.0) (curve pi 0.314 1.0)))) (color 0 0 1 (C (lift -1.5 2.0 0) (curve 0 3.0 0))))),two_dots,green,two_dots,blue,h_line,blue,balanced_data/var_balanced/glyphs/dim3/var4/images/641.png
(C (C (lift -1 -2.0 (/ pi 2)) (curve 0 4.0 0) (lift 1 -2.0 (/ pi 2)) (curve 0 4.0 0)) (C (C (color 0 1 0 (C (lift -0.5 -2.0 (/ pi 2)) (curve pi 0.314 1.0) (curve pi 0.314 1.0) (lift 0.5 -2.0 (/ pi 2)) (curve pi 0.314 1.0) (curve pi 0.314 1.0))) (color 0 0 1 (C (lift -0.5 0.0 (/ pi 2)) (curve pi 0.314 1.0) (curve pi 0.314 1.0) (lift 0.5 0.0 (/ pi 2)) (curve pi 0.314 1.0) (curve pi 0.314 1.0)))) (color 1 0 0 (C (lift -1.5 2.0 (/ pi 7.25)) (curve -0.8 1.5 0.5) (curve 0.8 1.5 0.5))))),two_dots,green,two_dots,blue,s_curve,red,balanced_data/var_balanced/glyphs/dim3/var4/images/642.png
(C (C (lift -1 -2.0 (/ pi 2)) (curve 0 4.0 0) (lift 1 -2.0 (/ pi 2)) (curve 0 4.0 0)) (C (C (color 0 1 0 (C (lift -0.5 -2.0 (/ pi 2)) (curve pi 0.314 1.0) (curve pi 0.314 1.0) (lift 0.5 -2.0 (/ pi 2)) (curve pi 0.314 1.0) (curve pi 0.314 1.0))) (color 0 0 1 (C (lift -0.5 0.0 (/ pi 2)) (curve pi 0.314 1.0) (curve pi 0.314 1.0) (lift 0.5 0.0 (/ pi 2)) (curve pi 0.314 1.0) (curve pi 0.314 1.0)))) (color 0 1 0 (C (lift -1.5 2.0 (/ pi 7.25)) (curve -0.8 1.5 0.5) (curve 0.8 1.5 0.5))))),two_dots,green,two_dots,blue,s_curve,green,balanced_data/var_balanced/glyphs/dim3/var4/images/643.png
(C (C (lift -1 -2.0 (/ pi 2)) (curve 0 4.0 0) (lift 1 -2.0 (/ pi 2)) (curve 0 4.0 0)) (C (C (color 0 1 0 (C (lift -0.5 -2.0 (/ pi 2)) (curve pi 0.314 1.0) (curve pi 0.314 1.0) (lift 0.5 -2.0 (/ pi 2)) (curve pi 0.314 1.0) (curve pi 0.314 1.0))) (color 0 0 1 (C (lift -0.5 0.0 (/ pi 2)) (curve pi 0.314 1.0) (curve pi 0.314 1.0) (lift 0.5 0.0 (/ pi 2)) (curve pi 0.314 1.0) (curve pi 0.314 1.0)))) (color 0 0 1 (C (lift -1.5 2.0 (/ pi 7.25)) (curve -0.8 1.5 0.5) (curve 0.8 1.5 0.5))))),two_dots,green,two_dots,blue,s_curve,blue,balanced_data/var_balanced/glyphs/dim3/var4/images/644.png
(C (C (lift -1 -2.0 (/ pi 2)) (curve 0 4.0 0) (lift 1 -2.0 (/ pi 2)) (curve 0 4.0 0)) (C (C (color 0 1 0 (C (lift -0.5 -2.0 (/ pi 2)) (curve pi 0.314 1.0) (curve pi 0.314 1.0) (lift 0.5 -2.0 (/ pi 2)) (curve pi 0.314 1.0) (curve pi 0.314 1.0))) (color 0 0 1 (C (lift -0.5 0.0 (/ pi 2)) (curve pi 0.314 1.0) (curve pi 0.314 1.0) (lift 0.5 0.0 (/ pi 2)) (curve pi 0.314 1.0) (curve pi 0.314 1.0)))) (color 1 0 0 (C (lift -0.5 2.0 (/ pi 2)) (curve pi 0.314 1.0) (curve pi 0.314 1.0) (lift 0.5 2.0 (/ pi 2)) (curve pi 0.314 1.0) (curve pi 0.314 1.0))))),two_dots,green,two_dots,blue,two_dots,red,balanced_data/var_balanced/glyphs/dim3/var4/images/645.png
(C (C (lift -1 -2.0 (/ pi 2)) (curve 0 4.0 0) (lift 1 -2.0 (/ pi 2)) (curve 0 4.0 0)) (C (C (color 0 1 0 (C (lift -0.5 -2.0 (/ pi 2)) (curve pi 0.314 1.0) (curve pi 0.314 1.0) (lift 0.5 -2.0 (/ pi 2)) (curve pi 0.314 1.0) (curve pi 0.314 1.0))) (color 0 0 1 (C (lift -0.5 0.0 (/ pi 2)) (curve pi 0.314 1.0) (curve pi 0.314 1.0) (lift 0.5 0.0 (/ pi 2)) (curve pi 0.314 1.0) (curve pi 0.314 1.0)))) (color 0 1 0 (C (lift -0.5 2.0 (/ pi 2)) (curve pi 0.314 1.0) (curve pi 0.314 1.0) (lift 0.5 2.0 (/ pi 2)) (curve pi 0.314 1.0) (curve pi 0.314 1.0))))),two_dots,green,two_dots,blue,two_dots,green,balanced_data/var_balanced/glyphs/dim3/var4/images/646.png
(C (C (lift -1 -2.0 (/ pi 2)) (curve 0 4.0 0) (lift 1 -2.0 (/ pi 2)) (curve 0 4.0 0)) (C (C (color 0 1 0 (C (lift -0.5 -2.0 (/ pi 2)) (curve pi 0.314 1.0) (curve pi 0.314 1.0) (lift 0.5 -2.0 (/ pi 2)) (curve pi 0.314 1.0) (curve pi 0.314 1.0))) (color 0 0 1 (C (lift -0.5 0.0 (/ pi 2)) (curve pi 0.314 1.0) (curve pi 0.314 1.0) (lift 0.5 0.0 (/ pi 2)) (curve pi 0.314 1.0) (curve pi 0.314 1.0)))) (color 0 0 1 (C (lift -0.5 2.0 (/ pi 2)) (curve pi 0.314 1.0) (curve pi 0.314 1.0) (lift 0.5 2.0 (/ pi 2)) (curve pi 0.314 1.0) (curve pi 0.314 1.0))))),two_dots,green,two_dots,blue,two_dots,blue,balanced_data/var_balanced/glyphs/dim3/var4/images/647.png
(C (C (lift -1 -2.0 (/ pi 2)) (curve 0 4.0 0) (lift 1 -2.0 (/ pi 2)) (curve 0 4.0 0)) (C (C (color 0 0 1 (C (lift -0.5 -2.0 (/ pi 2)) (curve pi 0.314 1.0) (curve pi 0.314 1.0) (lift 0.5 -2.0 (/ pi 2)) (curve pi 0.314 1.0) (curve pi 0.314 1.0))) (color 1 0 0 (C (lift -1.5 0.0 0) (curve 0 3.0 0)))) (color 1 0 0 (C (lift -1.5 2.0 0) (curve 0 3.0 0))))),two_dots,blue,h_line,red,h_line,red,balanced_data/var_balanced/glyphs/dim3/var4/images/648.png
(C (C (lift -1 -2.0 (/ pi 2)) (curve 0 4.0 0) (lift 1 -2.0 (/ pi 2)) (curve 0 4.0 0)) (C (C (color 0 0 1 (C (lift -0.5 -2.0 (/ pi 2)) (curve pi 0.314 1.0) (curve pi 0.314 1.0) (lift 0.5 -2.0 (/ pi 2)) (curve pi 0.314 1.0) (curve pi 0.314 1.0))) (color 1 0 0 (C (lift -1.5 0.0 0) (curve 0 3.0 0)))) (color 0 1 0 (C (lift -1.5 2.0 0) (curve 0 3.0 0))))),two_dots,blue,h_line,red,h_line,green,balanced_data/var_balanced/glyphs/dim3/var4/images/649.png
(C (C (lift -1 -2.0 (/ pi 2)) (curve 0 4.0 0) (lift 1 -2.0 (/ pi 2)) (curve 0 4.0 0)) (C (C (color 0 0 1 (C (lift -0.5 -2.0 (/ pi 2)) (curve pi 0.314 1.0) (curve pi 0.314 1.0) (lift 0.5 -2.0 (/ pi 2)) (curve pi 0.314 1.0) (curve pi 0.314 1.0))) (color 1 0 0 (C (lift -1.5 0.0 0) (curve 0 3.0 0)))) (color 0 0 1 (C (lift -1.5 2.0 0) (curve 0 3.0 0))))),two_dots,blue,h_line,red,h_line,blue,balanced_data/var_balanced/glyphs/dim3/var4/images/650.png
(C (C (lift -1 -2.0 (/ pi 2)) (curve 0 4.0 0) (lift 1 -2.0 (/ pi 2)) (curve 0 4.0 0)) (C (C (color 0 0 1 (C (lift -0.5 -2.0 (/ pi 2)) (curve pi 0.314 1.0) (curve pi 0.314 1.0) (lift 0.5 -2.0 (/ pi 2)) (curve pi 0.314 1.0) (curve pi 0.314 1.0))) (color 1 0 0 (C (lift -1.5 0.0 0) (curve 0 3.0 0)))) (color 1 0 0 (C (lift -1.5 2.0 (/ pi 7.25)) (curve -0.8 1.5 0.5) (curve 0.8 1.5 0.5))))),two_dots,blue,h_line,red,s_curve,red,balanced_data/var_balanced/glyphs/dim3/var4/images/651.png
(C (C (lift -1 -2.0 (/ pi 2)) (curve 0 4.0 0) (lift 1 -2.0 (/ pi 2)) (curve 0 4.0 0)) (C (C (color 0 0 1 (C (lift -0.5 -2.0 (/ pi 2)) (curve pi 0.314 1.0) (curve pi 0.314 1.0) (lift 0.5 -2.0 (/ pi 2)) (curve pi 0.314 1.0) (curve pi 0.314 1.0))) (color 1 0 0 (C (lift -1.5 0.0 0) (curve 0 3.0 0)))) (color 0 1 0 (C (lift -1.5 2.0 (/ pi 7.25)) (curve -0.8 1.5 0.5) (curve 0.8 1.5 0.5))))),two_dots,blue,h_line,red,s_curve,green,balanced_data/var_balanced/glyphs/dim3/var4/images/652.png
(C (C (lift -1 -2.0 (/ pi 2)) (curve 0 4.0 0) (lift 1 -2.0 (/ pi 2)) (curve 0 4.0 0)) (C (C (color 0 0 1 (C (lift -0.5 -2.0 (/ pi 2)) (curve pi 0.314 1.0) (curve pi 0.314 1.0) (lift 0.5 -2.0 (/ pi 2)) (curve pi 0.314 1.0) (curve pi 0.314 1.0))) (color 1 0 0 (C (lift -1.5 0.0 0) (curve 0 3.0 0)))) (color 0 0 1 (C (lift -1.5 2.0 (/ pi 7.25)) (curve -0.8 1.5 0.5) (curve 0.8 1.5 0.5))))),two_dots,blue,h_line,red,s_curve,blue,balanced_data/var_balanced/glyphs/dim3/var4/images/653.png
(C (C (lift -1 -2.0 (/ pi 2)) (curve 0 4.0 0) (lift 1 -2.0 (/ pi 2)) (curve 0 4.0 0)) (C (C (color 0 0 1 (C (lift -0.5 -2.0 (/ pi 2)) (curve pi 0.314 1.0) (curve pi 0.314 1.0) (lift 0.5 -2.0 (/ pi 2)) (curve pi 0.314 1.0) (curve pi 0.314 1.0))) (color 1 0 0 (C (lift -1.5 0.0 0) (curve 0 3.0 0)))) (color 1 0 0 (C (lift -0.5 2.0 (/ pi 2)) (curve pi 0.314 1.0) (curve pi 0.314 1.0) (lift 0.5 2.0 (/ pi 2)) (curve pi 0.314 1.0) (curve pi 0.314 1.0))))),two_dots,blue,h_line,red,two_dots,red,balanced_data/var_balanced/glyphs/dim3/var4/images/654.png
(C (C (lift -1 -2.0 (/ pi 2)) (curve 0 4.0 0) (lift 1 -2.0 (/ pi 2)) (curve 0 4.0 0)) (C (C (color 0 0 1 (C (lift -0.5 -2.0 (/ pi 2)) (curve pi 0.314 1.0) (curve pi 0.314 1.0) (lift 0.5 -2.0 (/ pi 2)) (curve pi 0.314 1.0) (curve pi 0.314 1.0))) (color 1 0 0 (C (lift -1.5 0.0 0) (curve 0 3.0 0)))) (color 0 1 0 (C (lift -0.5 2.0 (/ pi 2)) (curve pi 0.314 1.0) (curve pi 0.314 1.0) (lift 0.5 2.0 (/ pi 2)) (curve pi 0.314 1.0) (curve pi 0.314 1.0))))),two_dots,blue,h_line,red,two_dots,green,balanced_data/var_balanced/glyphs/dim3/var4/images/655.png
(C (C (lift -1 -2.0 (/ pi 2)) (curve 0 4.0 0) (lift 1 -2.0 (/ pi 2)) (curve 0 4.0 0)) (C (C (color 0 0 1 (C (lift -0.5 -2.0 (/ pi 2)) (curve pi 0.314 1.0) (curve pi 0.314 1.0) (lift 0.5 -2.0 (/ pi 2)) (curve pi 0.314 1.0) (curve pi 0.314 1.0))) (color 1 0 0 (C (lift -1.5 0.0 0) (curve 0 3.0 0)))) (color 0 0 1 (C (lift -0.5 2.0 (/ pi 2)) (curve pi 0.314 1.0) (curve pi 0.314 1.0) (lift 0.5 2.0 (/ pi 2)) (curve pi 0.314 1.0) (curve pi 0.314 1.0))))),two_dots,blue,h_line,red,two_dots,blue,balanced_data/var_balanced/glyphs/dim3/var4/images/656.png
(C (C (lift -1 -2.0 (/ pi 2)) (curve 0 4.0 0) (lift 1 -2.0 (/ pi 2)) (curve 0 4.0 0)) (C (C (color 0 0 1 (C (lift -0.5 -2.0 (/ pi 2)) (curve pi 0.314 1.0) (curve pi 0.314 1.0) (lift 0.5 -2.0 (/ pi 2)) (curve pi 0.314 1.0) (curve pi 0.314 1.0))) (color 0 1 0 (C (lift -1.5 0.0 0) (curve 0 3.0 0)))) (color 1 0 0 (C (lift -1.5 2.0 0) (curve 0 3.0 0))))),two_dots,blue,h_line,green,h_line,red,balanced_data/var_balanced/glyphs/dim3/var4/images/657.png
(C (C (lift -1 -2.0 (/ pi 2)) (curve 0 4.0 0) (lift 1 -2.0 (/ pi 2)) (curve 0 4.0 0)) (C (C (color 0 0 1 (C (lift -0.5 -2.0 (/ pi 2)) (curve pi 0.314 1.0) (curve pi 0.314 1.0) (lift 0.5 -2.0 (/ pi 2)) (curve pi 0.314 1.0) (curve pi 0.314 1.0))) (color 0 1 0 (C (lift -1.5 0.0 0) (curve 0 3.0 0)))) (color 0 1 0 (C (lift -1.5 2.0 0) (curve 0 3.0 0))))),two_dots,blue,h_line,green,h_line,green,balanced_data/var_balanced/glyphs/dim3/var4/images/658.png
(C (C (lift -1 -2.0 (/ pi 2)) (curve 0 4.0 0) (lift 1 -2.0 (/ pi 2)) (curve 0 4.0 0)) (C (C (color 0 0 1 (C (lift -0.5 -2.0 (/ pi 2)) (curve pi 0.314 1.0) (curve pi 0.314 1.0) (lift 0.5 -2.0 (/ pi 2)) (curve pi 0.314 1.0) (curve pi 0.314 1.0))) (color 0 1 0 (C (lift -1.5 0.0 0) (curve 0 3.0 0)))) (color 0 0 1 (C (lift -1.5 2.0 0) (curve 0 3.0 0))))),two_dots,blue,h_line,green,h_line,blue,balanced_data/var_balanced/glyphs/dim3/var4/images/659.png
(C (C (lift -1 -2.0 (/ pi 2)) (curve 0 4.0 0) (lift 1 -2.0 (/ pi 2)) (curve 0 4.0 0)) (C (C (color 0 0 1 (C (lift -0.5 -2.0 (/ pi 2)) (curve pi 0.314 1.0) (curve pi 0.314 1.0) (lift 0.5 -2.0 (/ pi 2)) (curve pi 0.314 1.0) (curve pi 0.314 1.0))) (color 0 1 0 (C (lift -1.5 0.0 0) (curve 0 3.0 0)))) (color 1 0 0 (C (lift -1.5 2.0 (/ pi 7.25)) (curve -0.8 1.5 0.5) (curve 0.8 1.5 0.5))))),two_dots,blue,h_line,green,s_curve,red,balanced_data/var_balanced/glyphs/dim3/var4/images/660.png
(C (C (lift -1 -2.0 (/ pi 2)) (curve 0 4.0 0) (lift 1 -2.0 (/ pi 2)) (curve 0 4.0 0)) (C (C (color 0 0 1 (C (lift -0.5 -2.0 (/ pi 2)) (curve pi 0.314 1.0) (curve pi 0.314 1.0) (lift 0.5 -2.0 (/ pi 2)) (curve pi 0.314 1.0) (curve pi 0.314 1.0))) (color 0 1 0 (C (lift -1.5 0.0 0) (curve 0 3.0 0)))) (color 0 1 0 (C (lift -1.5 2.0 (/ pi 7.25)) (curve -0.8 1.5 0.5) (curve 0.8 1.5 0.5))))),two_dots,blue,h_line,green,s_curve,green,balanced_data/var_balanced/glyphs/dim3/var4/images/661.png
(C (C (lift -1 -2.0 (/ pi 2)) (curve 0 4.0 0) (lift 1 -2.0 (/ pi 2)) (curve 0 4.0 0)) (C (C (color 0 0 1 (C (lift -0.5 -2.0 (/ pi 2)) (curve pi 0.314 1.0) (curve pi 0.314 1.0) (lift 0.5 -2.0 (/ pi 2)) (curve pi 0.314 1.0) (curve pi 0.314 1.0))) (color 0 1 0 (C (lift -1.5 0.0 0) (curve 0 3.0 0)))) (color 0 0 1 (C (lift -1.5 2.0 (/ pi 7.25)) (curve -0.8 1.5 0.5) (curve 0.8 1.5 0.5))))),two_dots,blue,h_line,green,s_curve,blue,balanced_data/var_balanced/glyphs/dim3/var4/images/662.png
(C (C (lift -1 -2.0 (/ pi 2)) (curve 0 4.0 0) (lift 1 -2.0 (/ pi 2)) (curve 0 4.0 0)) (C (C (color 0 0 1 (C (lift -0.5 -2.0 (/ pi 2)) (curve pi 0.314 1.0) (curve pi 0.314 1.0) (lift 0.5 -2.0 (/ pi 2)) (curve pi 0.314 1.0) (curve pi 0.314 1.0))) (color 0 1 0 (C (lift -1.5 0.0 0) (curve 0 3.0 0)))) (color 1 0 0 (C (lift -0.5 2.0 (/ pi 2)) (curve pi 0.314 1.0) (curve pi 0.314 1.0) (lift 0.5 2.0 (/ pi 2)) (curve pi 0.314 1.0) (curve pi 0.314 1.0))))),two_dots,blue,h_line,green,two_dots,red,balanced_data/var_balanced/glyphs/dim3/var4/images/663.png
(C (C (lift -1 -2.0 (/ pi 2)) (curve 0 4.0 0) (lift 1 -2.0 (/ pi 2)) (curve 0 4.0 0)) (C (C (color 0 0 1 (C (lift -0.5 -2.0 (/ pi 2)) (curve pi 0.314 1.0) (curve pi 0.314 1.0) (lift 0.5 -2.0 (/ pi 2)) (curve pi 0.314 1.0) (curve pi 0.314 1.0))) (color 0 1 0 (C (lift -1.5 0.0 0) (curve 0 3.0 0)))) (color 0 1 0 (C (lift -0.5 2.0 (/ pi 2)) (curve pi 0.314 1.0) (curve pi 0.314 1.0) (lift 0.5 2.0 (/ pi 2)) (curve pi 0.314 1.0) (curve pi 0.314 1.0))))),two_dots,blue,h_line,green,two_dots,green,balanced_data/var_balanced/glyphs/dim3/var4/images/664.png
(C (C (lift -1 -2.0 (/ pi 2)) (curve 0 4.0 0) (lift 1 -2.0 (/ pi 2)) (curve 0 4.0 0)) (C (C (color 0 0 1 (C (lift -0.5 -2.0 (/ pi 2)) (curve pi 0.314 1.0) (curve pi 0.314 1.0) (lift 0.5 -2.0 (/ pi 2)) (curve pi 0.314 1.0) (curve pi 0.314 1.0))) (color 0 1 0 (C (lift -1.5 0.0 0) (curve 0 3.0 0)))) (color 0 0 1 (C (lift -0.5 2.0 (/ pi 2)) (curve pi 0.314 1.0) (curve pi 0.314 1.0) (lift 0.5 2.0 (/ pi 2)) (curve pi 0.314 1.0) (curve pi 0.314 1.0))))),two_dots,blue,h_line,green,two_dots,blue,balanced_data/var_balanced/glyphs/dim3/var4/images/665.png
(C (C (lift -1 -2.0 (/ pi 2)) (curve 0 4.0 0) (lift 1 -2.0 (/ pi 2)) (curve 0 4.0 0)) (C (C (color 0 0 1 (C (lift -0.5 -2.0 (/ pi 2)) (curve pi 0.314 1.0) (curve pi 0.314 1.0) (lift 0.5 -2.0 (/ pi 2)) (curve pi 0.314 1.0) (curve pi 0.314 1.0))) (color 0 0 1 (C (lift -1.5 0.0 0) (curve 0 3.0 0)))) (color 1 0 0 (C (lift -1.5 2.0 0) (curve 0 3.0 0))))),two_dots,blue,h_line,blue,h_line,red,balanced_data/var_balanced/glyphs/dim3/var4/images/666.png
(C (C (lift -1 -2.0 (/ pi 2)) (curve 0 4.0 0) (lift 1 -2.0 (/ pi 2)) (curve 0 4.0 0)) (C (C (color 0 0 1 (C (lift -0.5 -2.0 (/ pi 2)) (curve pi 0.314 1.0) (curve pi 0.314 1.0) (lift 0.5 -2.0 (/ pi 2)) (curve pi 0.314 1.0) (curve pi 0.314 1.0))) (color 0 0 1 (C (lift -1.5 0.0 0) (curve 0 3.0 0)))) (color 0 1 0 (C (lift -1.5 2.0 0) (curve 0 3.0 0))))),two_dots,blue,h_line,blue,h_line,green,balanced_data/var_balanced/glyphs/dim3/var4/images/667.png
(C (C (lift -1 -2.0 (/ pi 2)) (curve 0 4.0 0) (lift 1 -2.0 (/ pi 2)) (curve 0 4.0 0)) (C (C (color 0 0 1 (C (lift -0.5 -2.0 (/ pi 2)) (curve pi 0.314 1.0) (curve pi 0.314 1.0) (lift 0.5 -2.0 (/ pi 2)) (curve pi 0.314 1.0) (curve pi 0.314 1.0))) (color 0 0 1 (C (lift -1.5 0.0 0) (curve 0 3.0 0)))) (color 0 0 1 (C (lift -1.5 2.0 0) (curve 0 3.0 0))))),two_dots,blue,h_line,blue,h_line,blue,balanced_data/var_balanced/glyphs/dim3/var4/images/668.png
(C (C (lift -1 -2.0 (/ pi 2)) (curve 0 4.0 0) (lift 1 -2.0 (/ pi 2)) (curve 0 4.0 0)) (C (C (color 0 0 1 (C (lift -0.5 -2.0 (/ pi 2)) (curve pi 0.314 1.0) (curve pi 0.314 1.0) (lift 0.5 -2.0 (/ pi 2)) (curve pi 0.314 1.0) (curve pi 0.314 1.0))) (color 0 0 1 (C (lift -1.5 0.0 0) (curve 0 3.0 0)))) (color 1 0 0 (C (lift -1.5 2.0 (/ pi 7.25)) (curve -0.8 1.5 0.5) (curve 0.8 1.5 0.5))))),two_dots,blue,h_line,blue,s_curve,red,balanced_data/var_balanced/glyphs/dim3/var4/images/669.png
(C (C (lift -1 -2.0 (/ pi 2)) (curve 0 4.0 0) (lift 1 -2.0 (/ pi 2)) (curve 0 4.0 0)) (C (C (color 0 0 1 (C (lift -0.5 -2.0 (/ pi 2)) (curve pi 0.314 1.0) (curve pi 0.314 1.0) (lift 0.5 -2.0 (/ pi 2)) (curve pi 0.314 1.0) (curve pi 0.314 1.0))) (color 0 0 1 (C (lift -1.5 0.0 0) (curve 0 3.0 0)))) (color 0 1 0 (C (lift -1.5 2.0 (/ pi 7.25)) (curve -0.8 1.5 0.5) (curve 0.8 1.5 0.5))))),two_dots,blue,h_line,blue,s_curve,green,balanced_data/var_balanced/glyphs/dim3/var4/images/670.png
(C (C (lift -1 -2.0 (/ pi 2)) (curve 0 4.0 0) (lift 1 -2.0 (/ pi 2)) (curve 0 4.0 0)) (C (C (color 0 0 1 (C (lift -0.5 -2.0 (/ pi 2)) (curve pi 0.314 1.0) (curve pi 0.314 1.0) (lift 0.5 -2.0 (/ pi 2)) (curve pi 0.314 1.0) (curve pi 0.314 1.0))) (color 0 0 1 (C (lift -1.5 0.0 0) (curve 0 3.0 0)))) (color 0 0 1 (C (lift -1.5 2.0 (/ pi 7.25)) (curve -0.8 1.5 0.5) (curve 0.8 1.5 0.5))))),two_dots,blue,h_line,blue,s_curve,blue,balanced_data/var_balanced/glyphs/dim3/var4/images/671.png
(C (C (lift -1 -2.0 (/ pi 2)) (curve 0 4.0 0) (lift 1 -2.0 (/ pi 2)) (curve 0 4.0 0)) (C (C (color 0 0 1 (C (lift -0.5 -2.0 (/ pi 2)) (curve pi 0.314 1.0) (curve pi 0.314 1.0) (lift 0.5 -2.0 (/ pi 2)) (curve pi 0.314 1.0) (curve pi 0.314 1.0))) (color 0 0 1 (C (lift -1.5 0.0 0) (curve 0 3.0 0)))) (color 1 0 0 (C (lift -0.5 2.0 (/ pi 2)) (curve pi 0.314 1.0) (curve pi 0.314 1.0) (lift 0.5 2.0 (/ pi 2)) (curve pi 0.314 1.0) (curve pi 0.314 1.0))))),two_dots,blue,h_line,blue,two_dots,red,balanced_data/var_balanced/glyphs/dim3/var4/images/672.png
(C (C (lift -1 -2.0 (/ pi 2)) (curve 0 4.0 0) (lift 1 -2.0 (/ pi 2)) (curve 0 4.0 0)) (C (C (color 0 0 1 (C (lift -0.5 -2.0 (/ pi 2)) (curve pi 0.314 1.0) (curve pi 0.314 1.0) (lift 0.5 -2.0 (/ pi 2)) (curve pi 0.314 1.0) (curve pi 0.314 1.0))) (color 0 0 1 (C (lift -1.5 0.0 0) (curve 0 3.0 0)))) (color 0 1 0 (C (lift -0.5 2.0 (/ pi 2)) (curve pi 0.314 1.0) (curve pi 0.314 1.0) (lift 0.5 2.0 (/ pi 2)) (curve pi 0.314 1.0) (curve pi 0.314 1.0))))),two_dots,blue,h_line,blue,two_dots,green,balanced_data/var_balanced/glyphs/dim3/var4/images/673.png
(C (C (lift -1 -2.0 (/ pi 2)) (curve 0 4.0 0) (lift 1 -2.0 (/ pi 2)) (curve 0 4.0 0)) (C (C (color 0 0 1 (C (lift -0.5 -2.0 (/ pi 2)) (curve pi 0.314 1.0) (curve pi 0.314 1.0) (lift 0.5 -2.0 (/ pi 2)) (curve pi 0.314 1.0) (curve pi 0.314 1.0))) (color 0 0 1 (C (lift -1.5 0.0 0) (curve 0 3.0 0)))) (color 0 0 1 (C (lift -0.5 2.0 (/ pi 2)) (curve pi 0.314 1.0) (curve pi 0.314 1.0) (lift 0.5 2.0 (/ pi 2)) (curve pi 0.314 1.0) (curve pi 0.314 1.0))))),two_dots,blue,h_line,blue,two_dots,blue,balanced_data/var_balanced/glyphs/dim3/var4/images/674.png
(C (C (lift -1 -2.0 (/ pi 2)) (curve 0 4.0 0) (lift 1 -2.0 (/ pi 2)) (curve 0 4.0 0)) (C (C (color 0 0 1 (C (lift -0.5 -2.0 (/ pi 2)) (curve pi 0.314 1.0) (curve pi 0.314 1.0) (lift 0.5 -2.0 (/ pi 2)) (curve pi 0.314 1.0) (curve pi 0.314 1.0))) (color 1 0 0 (C (lift -1.5 0.0 (/ pi 7.25)) (curve -0.8 1.5 0.5) (curve 0.8 1.5 0.5)))) (color 1 0 0 (C (lift -1.5 2.0 0) (curve 0 3.0 0))))),two_dots,blue,s_curve,red,h_line,red,balanced_data/var_balanced/glyphs/dim3/var4/images/675.png
(C (C (lift -1 -2.0 (/ pi 2)) (curve 0 4.0 0) (lift 1 -2.0 (/ pi 2)) (curve 0 4.0 0)) (C (C (color 0 0 1 (C (lift -0.5 -2.0 (/ pi 2)) (curve pi 0.314 1.0) (curve pi 0.314 1.0) (lift 0.5 -2.0 (/ pi 2)) (curve pi 0.314 1.0) (curve pi 0.314 1.0))) (color 1 0 0 (C (lift -1.5 0.0 (/ pi 7.25)) (curve -0.8 1.5 0.5) (curve 0.8 1.5 0.5)))) (color 0 1 0 (C (lift -1.5 2.0 0) (curve 0 3.0 0))))),two_dots,blue,s_curve,red,h_line,green,balanced_data/var_balanced/glyphs/dim3/var4/images/676.png
(C (C (lift -1 -2.0 (/ pi 2)) (curve 0 4.0 0) (lift 1 -2.0 (/ pi 2)) (curve 0 4.0 0)) (C (C (color 0 0 1 (C (lift -0.5 -2.0 (/ pi 2)) (curve pi 0.314 1.0) (curve pi 0.314 1.0) (lift 0.5 -2.0 (/ pi 2)) (curve pi 0.314 1.0) (curve pi 0.314 1.0))) (color 1 0 0 (C (lift -1.5 0.0 (/ pi 7.25)) (curve -0.8 1.5 0.5) (curve 0.8 1.5 0.5)))) (color 0 0 1 (C (lift -1.5 2.0 0) (curve 0 3.0 0))))),two_dots,blue,s_curve,red,h_line,blue,balanced_data/var_balanced/glyphs/dim3/var4/images/677.png
(C (C (lift -1 -2.0 (/ pi 2)) (curve 0 4.0 0) (lift 1 -2.0 (/ pi 2)) (curve 0 4.0 0)) (C (C (color 0 0 1 (C (lift -0.5 -2.0 (/ pi 2)) (curve pi 0.314 1.0) (curve pi 0.314 1.0) (lift 0.5 -2.0 (/ pi 2)) (curve pi 0.314 1.0) (curve pi 0.314 1.0))) (color 1 0 0 (C (lift -1.5 0.0 (/ pi 7.25)) (curve -0.8 1.5 0.5) (curve 0.8 1.5 0.5)))) (color 1 0 0 (C (lift -1.5 2.0 (/ pi 7.25)) (curve -0.8 1.5 0.5) (curve 0.8 1.5 0.5))))),two_dots,blue,s_curve,red,s_curve,red,balanced_data/var_balanced/glyphs/dim3/var4/images/678.png
(C (C (lift -1 -2.0 (/ pi 2)) (curve 0 4.0 0) (lift 1 -2.0 (/ pi 2)) (curve 0 4.0 0)) (C (C (color 0 0 1 (C (lift -0.5 -2.0 (/ pi 2)) (curve pi 0.314 1.0) (curve pi 0.314 1.0) (lift 0.5 -2.0 (/ pi 2)) (curve pi 0.314 1.0) (curve pi 0.314 1.0))) (color 1 0 0 (C (lift -1.5 0.0 (/ pi 7.25)) (curve -0.8 1.5 0.5) (curve 0.8 1.5 0.5)))) (color 0 1 0 (C (lift -1.5 2.0 (/ pi 7.25)) (curve -0.8 1.5 0.5) (curve 0.8 1.5 0.5))))),two_dots,blue,s_curve,red,s_curve,green,balanced_data/var_balanced/glyphs/dim3/var4/images/679.png
(C (C (lift -1 -2.0 (/ pi 2)) (curve 0 4.0 0) (lift 1 -2.0 (/ pi 2)) (curve 0 4.0 0)) (C (C (color 0 0 1 (C (lift -0.5 -2.0 (/ pi 2)) (curve pi 0.314 1.0) (curve pi 0.314 1.0) (lift 0.5 -2.0 (/ pi 2)) (curve pi 0.314 1.0) (curve pi 0.314 1.0))) (color 1 0 0 (C (lift -1.5 0.0 (/ pi 7.25)) (curve -0.8 1.5 0.5) (curve 0.8 1.5 0.5)))) (color 0 0 1 (C (lift -1.5 2.0 (/ pi 7.25)) (curve -0.8 1.5 0.5) (curve 0.8 1.5 0.5))))),two_dots,blue,s_curve,red,s_curve,blue,balanced_data/var_balanced/glyphs/dim3/var4/images/680.png
(C (C (lift -1 -2.0 (/ pi 2)) (curve 0 4.0 0) (lift 1 -2.0 (/ pi 2)) (curve 0 4.0 0)) (C (C (color 0 0 1 (C (lift -0.5 -2.0 (/ pi 2)) (curve pi 0.314 1.0) (curve pi 0.314 1.0) (lift 0.5 -2.0 (/ pi 2)) (curve pi 0.314 1.0) (curve pi 0.314 1.0))) (color 1 0 0 (C (lift -1.5 0.0 (/ pi 7.25)) (curve -0.8 1.5 0.5) (curve 0.8 1.5 0.5)))) (color 1 0 0 (C (lift -0.5 2.0 (/ pi 2)) (curve pi 0.314 1.0) (curve pi 0.314 1.0) (lift 0.5 2.0 (/ pi 2)) (curve pi 0.314 1.0) (curve pi 0.314 1.0))))),two_dots,blue,s_curve,red,two_dots,red,balanced_data/var_balanced/glyphs/dim3/var4/images/681.png
(C (C (lift -1 -2.0 (/ pi 2)) (curve 0 4.0 0) (lift 1 -2.0 (/ pi 2)) (curve 0 4.0 0)) (C (C (color 0 0 1 (C (lift -0.5 -2.0 (/ pi 2)) (curve pi 0.314 1.0) (curve pi 0.314 1.0) (lift 0.5 -2.0 (/ pi 2)) (curve pi 0.314 1.0) (curve pi 0.314 1.0))) (color 1 0 0 (C (lift -1.5 0.0 (/ pi 7.25)) (curve -0.8 1.5 0.5) (curve 0.8 1.5 0.5)))) (color 0 1 0 (C (lift -0.5 2.0 (/ pi 2)) (curve pi 0.314 1.0) (curve pi 0.314 1.0) (lift 0.5 2.0 (/ pi 2)) (curve pi 0.314 1.0) (curve pi 0.314 1.0))))),two_dots,blue,s_curve,red,two_dots,green,balanced_data/var_balanced/glyphs/dim3/var4/images/682.png
(C (C (lift -1 -2.0 (/ pi 2)) (curve 0 4.0 0) (lift 1 -2.0 (/ pi 2)) (curve 0 4.0 0)) (C (C (color 0 0 1 (C (lift -0.5 -2.0 (/ pi 2)) (curve pi 0.314 1.0) (curve pi 0.314 1.0) (lift 0.5 -2.0 (/ pi 2)) (curve pi 0.314 1.0) (curve pi 0.314 1.0))) (color 1 0 0 (C (lift -1.5 0.0 (/ pi 7.25)) (curve -0.8 1.5 0.5) (curve 0.8 1.5 0.5)))) (color 0 0 1 (C (lift -0.5 2.0 (/ pi 2)) (curve pi 0.314 1.0) (curve pi 0.314 1.0) (lift 0.5 2.0 (/ pi 2)) (curve pi 0.314 1.0) (curve pi 0.314 1.0))))),two_dots,blue,s_curve,red,two_dots,blue,balanced_data/var_balanced/glyphs/dim3/var4/images/683.png
(C (C (lift -1 -2.0 (/ pi 2)) (curve 0 4.0 0) (lift 1 -2.0 (/ pi 2)) (curve 0 4.0 0)) (C (C (color 0 0 1 (C (lift -0.5 -2.0 (/ pi 2)) (curve pi 0.314 1.0) (curve pi 0.314 1.0) (lift 0.5 -2.0 (/ pi 2)) (curve pi 0.314 1.0) (curve pi 0.314 1.0))) (color 0 1 0 (C (lift -1.5 0.0 (/ pi 7.25)) (curve -0.8 1.5 0.5) (curve 0.8 1.5 0.5)))) (color 1 0 0 (C (lift -1.5 2.0 0) (curve 0 3.0 0))))),two_dots,blue,s_curve,green,h_line,red,balanced_data/var_balanced/glyphs/dim3/var4/images/684.png
(C (C (lift -1 -2.0 (/ pi 2)) (curve 0 4.0 0) (lift 1 -2.0 (/ pi 2)) (curve 0 4.0 0)) (C (C (color 0 0 1 (C (lift -0.5 -2.0 (/ pi 2)) (curve pi 0.314 1.0) (curve pi 0.314 1.0) (lift 0.5 -2.0 (/ pi 2)) (curve pi 0.314 1.0) (curve pi 0.314 1.0))) (color 0 1 0 (C (lift -1.5 0.0 (/ pi 7.25)) (curve -0.8 1.5 0.5) (curve 0.8 1.5 0.5)))) (color 0 1 0 (C (lift -1.5 2.0 0) (curve 0 3.0 0))))),two_dots,blue,s_curve,green,h_line,green,balanced_data/var_balanced/glyphs/dim3/var4/images/685.png
(C (C (lift -1 -2.0 (/ pi 2)) (curve 0 4.0 0) (lift 1 -2.0 (/ pi 2)) (curve 0 4.0 0)) (C (C (color 0 0 1 (C (lift -0.5 -2.0 (/ pi 2)) (curve pi 0.314 1.0) (curve pi 0.314 1.0) (lift 0.5 -2.0 (/ pi 2)) (curve pi 0.314 1.0) (curve pi 0.314 1.0))) (color 0 1 0 (C (lift -1.5 0.0 (/ pi 7.25)) (curve -0.8 1.5 0.5) (curve 0.8 1.5 0.5)))) (color 0 0 1 (C (lift -1.5 2.0 0) (curve 0 3.0 0))))),two_dots,blue,s_curve,green,h_line,blue,balanced_data/var_balanced/glyphs/dim3/var4/images/686.png
(C (C (lift -1 -2.0 (/ pi 2)) (curve 0 4.0 0) (lift 1 -2.0 (/ pi 2)) (curve 0 4.0 0)) (C (C (color 0 0 1 (C (lift -0.5 -2.0 (/ pi 2)) (curve pi 0.314 1.0) (curve pi 0.314 1.0) (lift 0.5 -2.0 (/ pi 2)) (curve pi 0.314 1.0) (curve pi 0.314 1.0))) (color 0 1 0 (C (lift -1.5 0.0 (/ pi 7.25)) (curve -0.8 1.5 0.5) (curve 0.8 1.5 0.5)))) (color 1 0 0 (C (lift -1.5 2.0 (/ pi 7.25)) (curve -0.8 1.5 0.5) (curve 0.8 1.5 0.5))))),two_dots,blue,s_curve,green,s_curve,red,balanced_data/var_balanced/glyphs/dim3/var4/images/687.png
(C (C (lift -1 -2.0 (/ pi 2)) (curve 0 4.0 0) (lift 1 -2.0 (/ pi 2)) (curve 0 4.0 0)) (C (C (color 0 0 1 (C (lift -0.5 -2.0 (/ pi 2)) (curve pi 0.314 1.0) (curve pi 0.314 1.0) (lift 0.5 -2.0 (/ pi 2)) (curve pi 0.314 1.0) (curve pi 0.314 1.0))) (color 0 1 0 (C (lift -1.5 0.0 (/ pi 7.25)) (curve -0.8 1.5 0.5) (curve 0.8 1.5 0.5)))) (color 0 1 0 (C (lift -1.5 2.0 (/ pi 7.25)) (curve -0.8 1.5 0.5) (curve 0.8 1.5 0.5))))),two_dots,blue,s_curve,green,s_curve,green,balanced_data/var_balanced/glyphs/dim3/var4/images/688.png
(C (C (lift -1 -2.0 (/ pi 2)) (curve 0 4.0 0) (lift 1 -2.0 (/ pi 2)) (curve 0 4.0 0)) (C (C (color 0 0 1 (C (lift -0.5 -2.0 (/ pi 2)) (curve pi 0.314 1.0) (curve pi 0.314 1.0) (lift 0.5 -2.0 (/ pi 2)) (curve pi 0.314 1.0) (curve pi 0.314 1.0))) (color 0 1 0 (C (lift -1.5 0.0 (/ pi 7.25)) (curve -0.8 1.5 0.5) (curve 0.8 1.5 0.5)))) (color 0 0 1 (C (lift -1.5 2.0 (/ pi 7.25)) (curve -0.8 1.5 0.5) (curve 0.8 1.5 0.5))))),two_dots,blue,s_curve,green,s_curve,blue,balanced_data/var_balanced/glyphs/dim3/var4/images/689.png
(C (C (lift -1 -2.0 (/ pi 2)) (curve 0 4.0 0) (lift 1 -2.0 (/ pi 2)) (curve 0 4.0 0)) (C (C (color 0 0 1 (C (lift -0.5 -2.0 (/ pi 2)) (curve pi 0.314 1.0) (curve pi 0.314 1.0) (lift 0.5 -2.0 (/ pi 2)) (curve pi 0.314 1.0) (curve pi 0.314 1.0))) (color 0 1 0 (C (lift -1.5 0.0 (/ pi 7.25)) (curve -0.8 1.5 0.5) (curve 0.8 1.5 0.5)))) (color 1 0 0 (C (lift -0.5 2.0 (/ pi 2)) (curve pi 0.314 1.0) (curve pi 0.314 1.0) (lift 0.5 2.0 (/ pi 2)) (curve pi 0.314 1.0) (curve pi 0.314 1.0))))),two_dots,blue,s_curve,green,two_dots,red,balanced_data/var_balanced/glyphs/dim3/var4/images/690.png
(C (C (lift -1 -2.0 (/ pi 2)) (curve 0 4.0 0) (lift 1 -2.0 (/ pi 2)) (curve 0 4.0 0)) (C (C (color 0 0 1 (C (lift -0.5 -2.0 (/ pi 2)) (curve pi 0.314 1.0) (curve pi 0.314 1.0) (lift 0.5 -2.0 (/ pi 2)) (curve pi 0.314 1.0) (curve pi 0.314 1.0))) (color 0 1 0 (C (lift -1.5 0.0 (/ pi 7.25)) (curve -0.8 1.5 0.5) (curve 0.8 1.5 0.5)))) (color 0 1 0 (C (lift -0.5 2.0 (/ pi 2)) (curve pi 0.314 1.0) (curve pi 0.314 1.0) (lift 0.5 2.0 (/ pi 2)) (curve pi 0.314 1.0) (curve pi 0.314 1.0))))),two_dots,blue,s_curve,green,two_dots,green,balanced_data/var_balanced/glyphs/dim3/var4/images/691.png
(C (C (lift -1 -2.0 (/ pi 2)) (curve 0 4.0 0) (lift 1 -2.0 (/ pi 2)) (curve 0 4.0 0)) (C (C (color 0 0 1 (C (lift -0.5 -2.0 (/ pi 2)) (curve pi 0.314 1.0) (curve pi 0.314 1.0) (lift 0.5 -2.0 (/ pi 2)) (curve pi 0.314 1.0) (curve pi 0.314 1.0))) (color 0 1 0 (C (lift -1.5 0.0 (/ pi 7.25)) (curve -0.8 1.5 0.5) (curve 0.8 1.5 0.5)))) (color 0 0 1 (C (lift -0.5 2.0 (/ pi 2)) (curve pi 0.314 1.0) (curve pi 0.314 1.0) (lift 0.5 2.0 (/ pi 2)) (curve pi 0.314 1.0) (curve pi 0.314 1.0))))),two_dots,blue,s_curve,green,two_dots,blue,balanced_data/var_balanced/glyphs/dim3/var4/images/692.png
(C (C (lift -1 -2.0 (/ pi 2)) (curve 0 4.0 0) (lift 1 -2.0 (/ pi 2)) (curve 0 4.0 0)) (C (C (color 0 0 1 (C (lift -0.5 -2.0 (/ pi 2)) (curve pi 0.314 1.0) (curve pi 0.314 1.0) (lift 0.5 -2.0 (/ pi 2)) (curve pi 0.314 1.0) (curve pi 0.314 1.0))) (color 0 0 1 (C (lift -1.5 0.0 (/ pi 7.25)) (curve -0.8 1.5 0.5) (curve 0.8 1.5 0.5)))) (color 1 0 0 (C (lift -1.5 2.0 0) (curve 0 3.0 0))))),two_dots,blue,s_curve,blue,h_line,red,balanced_data/var_balanced/glyphs/dim3/var4/images/693.png
(C (C (lift -1 -2.0 (/ pi 2)) (curve 0 4.0 0) (lift 1 -2.0 (/ pi 2)) (curve 0 4.0 0)) (C (C (color 0 0 1 (C (lift -0.5 -2.0 (/ pi 2)) (curve pi 0.314 1.0) (curve pi 0.314 1.0) (lift 0.5 -2.0 (/ pi 2)) (curve pi 0.314 1.0) (curve pi 0.314 1.0))) (color 0 0 1 (C (lift -1.5 0.0 (/ pi 7.25)) (curve -0.8 1.5 0.5) (curve 0.8 1.5 0.5)))) (color 0 1 0 (C (lift -1.5 2.0 0) (curve 0 3.0 0))))),two_dots,blue,s_curve,blue,h_line,green,balanced_data/var_balanced/glyphs/dim3/var4/images/694.png
(C (C (lift -1 -2.0 (/ pi 2)) (curve 0 4.0 0) (lift 1 -2.0 (/ pi 2)) (curve 0 4.0 0)) (C (C (color 0 0 1 (C (lift -0.5 -2.0 (/ pi 2)) (curve pi 0.314 1.0) (curve pi 0.314 1.0) (lift 0.5 -2.0 (/ pi 2)) (curve pi 0.314 1.0) (curve pi 0.314 1.0))) (color 0 0 1 (C (lift -1.5 0.0 (/ pi 7.25)) (curve -0.8 1.5 0.5) (curve 0.8 1.5 0.5)))) (color 0 0 1 (C (lift -1.5 2.0 0) (curve 0 3.0 0))))),two_dots,blue,s_curve,blue,h_line,blue,balanced_data/var_balanced/glyphs/dim3/var4/images/695.png
(C (C (lift -1 -2.0 (/ pi 2)) (curve 0 4.0 0) (lift 1 -2.0 (/ pi 2)) (curve 0 4.0 0)) (C (C (color 0 0 1 (C (lift -0.5 -2.0 (/ pi 2)) (curve pi 0.314 1.0) (curve pi 0.314 1.0) (lift 0.5 -2.0 (/ pi 2)) (curve pi 0.314 1.0) (curve pi 0.314 1.0))) (color 0 0 1 (C (lift -1.5 0.0 (/ pi 7.25)) (curve -0.8 1.5 0.5) (curve 0.8 1.5 0.5)))) (color 1 0 0 (C (lift -1.5 2.0 (/ pi 7.25)) (curve -0.8 1.5 0.5) (curve 0.8 1.5 0.5))))),two_dots,blue,s_curve,blue,s_curve,red,balanced_data/var_balanced/glyphs/dim3/var4/images/696.png
(C (C (lift -1 -2.0 (/ pi 2)) (curve 0 4.0 0) (lift 1 -2.0 (/ pi 2)) (curve 0 4.0 0)) (C (C (color 0 0 1 (C (lift -0.5 -2.0 (/ pi 2)) (curve pi 0.314 1.0) (curve pi 0.314 1.0) (lift 0.5 -2.0 (/ pi 2)) (curve pi 0.314 1.0) (curve pi 0.314 1.0))) (color 0 0 1 (C (lift -1.5 0.0 (/ pi 7.25)) (curve -0.8 1.5 0.5) (curve 0.8 1.5 0.5)))) (color 0 1 0 (C (lift -1.5 2.0 (/ pi 7.25)) (curve -0.8 1.5 0.5) (curve 0.8 1.5 0.5))))),two_dots,blue,s_curve,blue,s_curve,green,balanced_data/var_balanced/glyphs/dim3/var4/images/697.png
(C (C (lift -1 -2.0 (/ pi 2)) (curve 0 4.0 0) (lift 1 -2.0 (/ pi 2)) (curve 0 4.0 0)) (C (C (color 0 0 1 (C (lift -0.5 -2.0 (/ pi 2)) (curve pi 0.314 1.0) (curve pi 0.314 1.0) (lift 0.5 -2.0 (/ pi 2)) (curve pi 0.314 1.0) (curve pi 0.314 1.0))) (color 0 0 1 (C (lift -1.5 0.0 (/ pi 7.25)) (curve -0.8 1.5 0.5) (curve 0.8 1.5 0.5)))) (color 0 0 1 (C (lift -1.5 2.0 (/ pi 7.25)) (curve -0.8 1.5 0.5) (curve 0.8 1.5 0.5))))),two_dots,blue,s_curve,blue,s_curve,blue,balanced_data/var_balanced/glyphs/dim3/var4/images/698.png
(C (C (lift -1 -2.0 (/ pi 2)) (curve 0 4.0 0) (lift 1 -2.0 (/ pi 2)) (curve 0 4.0 0)) (C (C (color 0 0 1 (C (lift -0.5 -2.0 (/ pi 2)) (curve pi 0.314 1.0) (curve pi 0.314 1.0) (lift 0.5 -2.0 (/ pi 2)) (curve pi 0.314 1.0) (curve pi 0.314 1.0))) (color 0 0 1 (C (lift -1.5 0.0 (/ pi 7.25)) (curve -0.8 1.5 0.5) (curve 0.8 1.5 0.5)))) (color 1 0 0 (C (lift -0.5 2.0 (/ pi 2)) (curve pi 0.314 1.0) (curve pi 0.314 1.0) (lift 0.5 2.0 (/ pi 2)) (curve pi 0.314 1.0) (curve pi 0.314 1.0))))),two_dots,blue,s_curve,blue,two_dots,red,balanced_data/var_balanced/glyphs/dim3/var4/images/699.png
(C (C (lift -1 -2.0 (/ pi 2)) (curve 0 4.0 0) (lift 1 -2.0 (/ pi 2)) (curve 0 4.0 0)) (C (C (color 0 0 1 (C (lift -0.5 -2.0 (/ pi 2)) (curve pi 0.314 1.0) (curve pi 0.314 1.0) (lift 0.5 -2.0 (/ pi 2)) (curve pi 0.314 1.0) (curve pi 0.314 1.0))) (color 0 0 1 (C (lift -1.5 0.0 (/ pi 7.25)) (curve -0.8 1.5 0.5) (curve 0.8 1.5 0.5)))) (color 0 1 0 (C (lift -0.5 2.0 (/ pi 2)) (curve pi 0.314 1.0) (curve pi 0.314 1.0) (lift 0.5 2.0 (/ pi 2)) (curve pi 0.314 1.0) (curve pi 0.314 1.0))))),two_dots,blue,s_curve,blue,two_dots,green,balanced_data/var_balanced/glyphs/dim3/var4/images/700.png
(C (C (lift -1 -2.0 (/ pi 2)) (curve 0 4.0 0) (lift 1 -2.0 (/ pi 2)) (curve 0 4.0 0)) (C (C (color 0 0 1 (C (lift -0.5 -2.0 (/ pi 2)) (curve pi 0.314 1.0) (curve pi 0.314 1.0) (lift 0.5 -2.0 (/ pi 2)) (curve pi 0.314 1.0) (curve pi 0.314 1.0))) (color 0 0 1 (C (lift -1.5 0.0 (/ pi 7.25)) (curve -0.8 1.5 0.5) (curve 0.8 1.5 0.5)))) (color 0 0 1 (C (lift -0.5 2.0 (/ pi 2)) (curve pi 0.314 1.0) (curve pi 0.314 1.0) (lift 0.5 2.0 (/ pi 2)) (curve pi 0.314 1.0) (curve pi 0.314 1.0))))),two_dots,blue,s_curve,blue,two_dots,blue,balanced_data/var_balanced/glyphs/dim3/var4/images/701.png
(C (C (lift -1 -2.0 (/ pi 2)) (curve 0 4.0 0) (lift 1 -2.0 (/ pi 2)) (curve 0 4.0 0)) (C (C (color 0 0 1 (C (lift -0.5 -2.0 (/ pi 2)) (curve pi 0.314 1.0) (curve pi 0.314 1.0) (lift 0.5 -2.0 (/ pi 2)) (curve pi 0.314 1.0) (curve pi 0.314 1.0))) (color 1 0 0 (C (lift -0.5 0.0 (/ pi 2)) (curve pi 0.314 1.0) (curve pi 0.314 1.0) (lift 0.5 0.0 (/ pi 2)) (curve pi 0.314 1.0) (curve pi 0.314 1.0)))) (color 1 0 0 (C (lift -1.5 2.0 0) (curve 0 3.0 0))))),two_dots,blue,two_dots,red,h_line,red,balanced_data/var_balanced/glyphs/dim3/var4/images/702.png
(C (C (lift -1 -2.0 (/ pi 2)) (curve 0 4.0 0) (lift 1 -2.0 (/ pi 2)) (curve 0 4.0 0)) (C (C (color 0 0 1 (C (lift -0.5 -2.0 (/ pi 2)) (curve pi 0.314 1.0) (curve pi 0.314 1.0) (lift 0.5 -2.0 (/ pi 2)) (curve pi 0.314 1.0) (curve pi 0.314 1.0))) (color 1 0 0 (C (lift -0.5 0.0 (/ pi 2)) (curve pi 0.314 1.0) (curve pi 0.314 1.0) (lift 0.5 0.0 (/ pi 2)) (curve pi 0.314 1.0) (curve pi 0.314 1.0)))) (color 0 1 0 (C (lift -1.5 2.0 0) (curve 0 3.0 0))))),two_dots,blue,two_dots,red,h_line,green,balanced_data/var_balanced/glyphs/dim3/var4/images/703.png
(C (C (lift -1 -2.0 (/ pi 2)) (curve 0 4.0 0) (lift 1 -2.0 (/ pi 2)) (curve 0 4.0 0)) (C (C (color 0 0 1 (C (lift -0.5 -2.0 (/ pi 2)) (curve pi 0.314 1.0) (curve pi 0.314 1.0) (lift 0.5 -2.0 (/ pi 2)) (curve pi 0.314 1.0) (curve pi 0.314 1.0))) (color 1 0 0 (C (lift -0.5 0.0 (/ pi 2)) (curve pi 0.314 1.0) (curve pi 0.314 1.0) (lift 0.5 0.0 (/ pi 2)) (curve pi 0.314 1.0) (curve pi 0.314 1.0)))) (color 0 0 1 (C (lift -1.5 2.0 0) (curve 0 3.0 0))))),two_dots,blue,two_dots,red,h_line,blue,balanced_data/var_balanced/glyphs/dim3/var4/images/704.png
(C (C (lift -1 -2.0 (/ pi 2)) (curve 0 4.0 0) (lift 1 -2.0 (/ pi 2)) (curve 0 4.0 0)) (C (C (color 0 0 1 (C (lift -0.5 -2.0 (/ pi 2)) (curve pi 0.314 1.0) (curve pi 0.314 1.0) (lift 0.5 -2.0 (/ pi 2)) (curve pi 0.314 1.0) (curve pi 0.314 1.0))) (color 1 0 0 (C (lift -0.5 0.0 (/ pi 2)) (curve pi 0.314 1.0) (curve pi 0.314 1.0) (lift 0.5 0.0 (/ pi 2)) (curve pi 0.314 1.0) (curve pi 0.314 1.0)))) (color 1 0 0 (C (lift -1.5 2.0 (/ pi 7.25)) (curve -0.8 1.5 0.5) (curve 0.8 1.5 0.5))))),two_dots,blue,two_dots,red,s_curve,red,balanced_data/var_balanced/glyphs/dim3/var4/images/705.png
(C (C (lift -1 -2.0 (/ pi 2)) (curve 0 4.0 0) (lift 1 -2.0 (/ pi 2)) (curve 0 4.0 0)) (C (C (color 0 0 1 (C (lift -0.5 -2.0 (/ pi 2)) (curve pi 0.314 1.0) (curve pi 0.314 1.0) (lift 0.5 -2.0 (/ pi 2)) (curve pi 0.314 1.0) (curve pi 0.314 1.0))) (color 1 0 0 (C (lift -0.5 0.0 (/ pi 2)) (curve pi 0.314 1.0) (curve pi 0.314 1.0) (lift 0.5 0.0 (/ pi 2)) (curve pi 0.314 1.0) (curve pi 0.314 1.0)))) (color 0 1 0 (C (lift -1.5 2.0 (/ pi 7.25)) (curve -0.8 1.5 0.5) (curve 0.8 1.5 0.5))))),two_dots,blue,two_dots,red,s_curve,green,balanced_data/var_balanced/glyphs/dim3/var4/images/706.png
(C (C (lift -1 -2.0 (/ pi 2)) (curve 0 4.0 0) (lift 1 -2.0 (/ pi 2)) (curve 0 4.0 0)) (C (C (color 0 0 1 (C (lift -0.5 -2.0 (/ pi 2)) (curve pi 0.314 1.0) (curve pi 0.314 1.0) (lift 0.5 -2.0 (/ pi 2)) (curve pi 0.314 1.0) (curve pi 0.314 1.0))) (color 1 0 0 (C (lift -0.5 0.0 (/ pi 2)) (curve pi 0.314 1.0) (curve pi 0.314 1.0) (lift 0.5 0.0 (/ pi 2)) (curve pi 0.314 1.0) (curve pi 0.314 1.0)))) (color 0 0 1 (C (lift -1.5 2.0 (/ pi 7.25)) (curve -0.8 1.5 0.5) (curve 0.8 1.5 0.5))))),two_dots,blue,two_dots,red,s_curve,blue,balanced_data/var_balanced/glyphs/dim3/var4/images/707.png
(C (C (lift -1 -2.0 (/ pi 2)) (curve 0 4.0 0) (lift 1 -2.0 (/ pi 2)) (curve 0 4.0 0)) (C (C (color 0 0 1 (C (lift -0.5 -2.0 (/ pi 2)) (curve pi 0.314 1.0) (curve pi 0.314 1.0) (lift 0.5 -2.0 (/ pi 2)) (curve pi 0.314 1.0) (curve pi 0.314 1.0))) (color 1 0 0 (C (lift -0.5 0.0 (/ pi 2)) (curve pi 0.314 1.0) (curve pi 0.314 1.0) (lift 0.5 0.0 (/ pi 2)) (curve pi 0.314 1.0) (curve pi 0.314 1.0)))) (color 1 0 0 (C (lift -0.5 2.0 (/ pi 2)) (curve pi 0.314 1.0) (curve pi 0.314 1.0) (lift 0.5 2.0 (/ pi 2)) (curve pi 0.314 1.0) (curve pi 0.314 1.0))))),two_dots,blue,two_dots,red,two_dots,red,balanced_data/var_balanced/glyphs/dim3/var4/images/708.png
(C (C (lift -1 -2.0 (/ pi 2)) (curve 0 4.0 0) (lift 1 -2.0 (/ pi 2)) (curve 0 4.0 0)) (C (C (color 0 0 1 (C (lift -0.5 -2.0 (/ pi 2)) (curve pi 0.314 1.0) (curve pi 0.314 1.0) (lift 0.5 -2.0 (/ pi 2)) (curve pi 0.314 1.0) (curve pi 0.314 1.0))) (color 1 0 0 (C (lift -0.5 0.0 (/ pi 2)) (curve pi 0.314 1.0) (curve pi 0.314 1.0) (lift 0.5 0.0 (/ pi 2)) (curve pi 0.314 1.0) (curve pi 0.314 1.0)))) (color 0 1 0 (C (lift -0.5 2.0 (/ pi 2)) (curve pi 0.314 1.0) (curve pi 0.314 1.0) (lift 0.5 2.0 (/ pi 2)) (curve pi 0.314 1.0) (curve pi 0.314 1.0))))),two_dots,blue,two_dots,red,two_dots,green,balanced_data/var_balanced/glyphs/dim3/var4/images/709.png
(C (C (lift -1 -2.0 (/ pi 2)) (curve 0 4.0 0) (lift 1 -2.0 (/ pi 2)) (curve 0 4.0 0)) (C (C (color 0 0 1 (C (lift -0.5 -2.0 (/ pi 2)) (curve pi 0.314 1.0) (curve pi 0.314 1.0) (lift 0.5 -2.0 (/ pi 2)) (curve pi 0.314 1.0) (curve pi 0.314 1.0))) (color 1 0 0 (C (lift -0.5 0.0 (/ pi 2)) (curve pi 0.314 1.0) (curve pi 0.314 1.0) (lift 0.5 0.0 (/ pi 2)) (curve pi 0.314 1.0) (curve pi 0.314 1.0)))) (color 0 0 1 (C (lift -0.5 2.0 (/ pi 2)) (curve pi 0.314 1.0) (curve pi 0.314 1.0) (lift 0.5 2.0 (/ pi 2)) (curve pi 0.314 1.0) (curve pi 0.314 1.0))))),two_dots,blue,two_dots,red,two_dots,blue,balanced_data/var_balanced/glyphs/dim3/var4/images/710.png
(C (C (lift -1 -2.0 (/ pi 2)) (curve 0 4.0 0) (lift 1 -2.0 (/ pi 2)) (curve 0 4.0 0)) (C (C (color 0 0 1 (C (lift -0.5 -2.0 (/ pi 2)) (curve pi 0.314 1.0) (curve pi 0.314 1.0) (lift 0.5 -2.0 (/ pi 2)) (curve pi 0.314 1.0) (curve pi 0.314 1.0))) (color 0 1 0 (C (lift -0.5 0.0 (/ pi 2)) (curve pi 0.314 1.0) (curve pi 0.314 1.0) (lift 0.5 0.0 (/ pi 2)) (curve pi 0.314 1.0) (curve pi 0.314 1.0)))) (color 1 0 0 (C (lift -1.5 2.0 0) (curve 0 3.0 0))))),two_dots,blue,two_dots,green,h_line,red,balanced_data/var_balanced/glyphs/dim3/var4/images/711.png
(C (C (lift -1 -2.0 (/ pi 2)) (curve 0 4.0 0) (lift 1 -2.0 (/ pi 2)) (curve 0 4.0 0)) (C (C (color 0 0 1 (C (lift -0.5 -2.0 (/ pi 2)) (curve pi 0.314 1.0) (curve pi 0.314 1.0) (lift 0.5 -2.0 (/ pi 2)) (curve pi 0.314 1.0) (curve pi 0.314 1.0))) (color 0 1 0 (C (lift -0.5 0.0 (/ pi 2)) (curve pi 0.314 1.0) (curve pi 0.314 1.0) (lift 0.5 0.0 (/ pi 2)) (curve pi 0.314 1.0) (curve pi 0.314 1.0)))) (color 0 1 0 (C (lift -1.5 2.0 0) (curve 0 3.0 0))))),two_dots,blue,two_dots,green,h_line,green,balanced_data/var_balanced/glyphs/dim3/var4/images/712.png
(C (C (lift -1 -2.0 (/ pi 2)) (curve 0 4.0 0) (lift 1 -2.0 (/ pi 2)) (curve 0 4.0 0)) (C (C (color 0 0 1 (C (lift -0.5 -2.0 (/ pi 2)) (curve pi 0.314 1.0) (curve pi 0.314 1.0) (lift 0.5 -2.0 (/ pi 2)) (curve pi 0.314 1.0) (curve pi 0.314 1.0))) (color 0 1 0 (C (lift -0.5 0.0 (/ pi 2)) (curve pi 0.314 1.0) (curve pi 0.314 1.0) (lift 0.5 0.0 (/ pi 2)) (curve pi 0.314 1.0) (curve pi 0.314 1.0)))) (color 0 0 1 (C (lift -1.5 2.0 0) (curve 0 3.0 0))))),two_dots,blue,two_dots,green,h_line,blue,balanced_data/var_balanced/glyphs/dim3/var4/images/713.png
(C (C (lift -1 -2.0 (/ pi 2)) (curve 0 4.0 0) (lift 1 -2.0 (/ pi 2)) (curve 0 4.0 0)) (C (C (color 0 0 1 (C (lift -0.5 -2.0 (/ pi 2)) (curve pi 0.314 1.0) (curve pi 0.314 1.0) (lift 0.5 -2.0 (/ pi 2)) (curve pi 0.314 1.0) (curve pi 0.314 1.0))) (color 0 1 0 (C (lift -0.5 0.0 (/ pi 2)) (curve pi 0.314 1.0) (curve pi 0.314 1.0) (lift 0.5 0.0 (/ pi 2)) (curve pi 0.314 1.0) (curve pi 0.314 1.0)))) (color 1 0 0 (C (lift -1.5 2.0 (/ pi 7.25)) (curve -0.8 1.5 0.5) (curve 0.8 1.5 0.5))))),two_dots,blue,two_dots,green,s_curve,red,balanced_data/var_balanced/glyphs/dim3/var4/images/714.png
(C (C (lift -1 -2.0 (/ pi 2)) (curve 0 4.0 0) (lift 1 -2.0 (/ pi 2)) (curve 0 4.0 0)) (C (C (color 0 0 1 (C (lift -0.5 -2.0 (/ pi 2)) (curve pi 0.314 1.0) (curve pi 0.314 1.0) (lift 0.5 -2.0 (/ pi 2)) (curve pi 0.314 1.0) (curve pi 0.314 1.0))) (color 0 1 0 (C (lift -0.5 0.0 (/ pi 2)) (curve pi 0.314 1.0) (curve pi 0.314 1.0) (lift 0.5 0.0 (/ pi 2)) (curve pi 0.314 1.0) (curve pi 0.314 1.0)))) (color 0 1 0 (C (lift -1.5 2.0 (/ pi 7.25)) (curve -0.8 1.5 0.5) (curve 0.8 1.5 0.5))))),two_dots,blue,two_dots,green,s_curve,green,balanced_data/var_balanced/glyphs/dim3/var4/images/715.png
(C (C (lift -1 -2.0 (/ pi 2)) (curve 0 4.0 0) (lift 1 -2.0 (/ pi 2)) (curve 0 4.0 0)) (C (C (color 0 0 1 (C (lift -0.5 -2.0 (/ pi 2)) (curve pi 0.314 1.0) (curve pi 0.314 1.0) (lift 0.5 -2.0 (/ pi 2)) (curve pi 0.314 1.0) (curve pi 0.314 1.0))) (color 0 1 0 (C (lift -0.5 0.0 (/ pi 2)) (curve pi 0.314 1.0) (curve pi 0.314 1.0) (lift 0.5 0.0 (/ pi 2)) (curve pi 0.314 1.0) (curve pi 0.314 1.0)))) (color 0 0 1 (C (lift -1.5 2.0 (/ pi 7.25)) (curve -0.8 1.5 0.5) (curve 0.8 1.5 0.5))))),two_dots,blue,two_dots,green,s_curve,blue,balanced_data/var_balanced/glyphs/dim3/var4/images/716.png
(C (C (lift -1 -2.0 (/ pi 2)) (curve 0 4.0 0) (lift 1 -2.0 (/ pi 2)) (curve 0 4.0 0)) (C (C (color 0 0 1 (C (lift -0.5 -2.0 (/ pi 2)) (curve pi 0.314 1.0) (curve pi 0.314 1.0) (lift 0.5 -2.0 (/ pi 2)) (curve pi 0.314 1.0) (curve pi 0.314 1.0))) (color 0 1 0 (C (lift -0.5 0.0 (/ pi 2)) (curve pi 0.314 1.0) (curve pi 0.314 1.0) (lift 0.5 0.0 (/ pi 2)) (curve pi 0.314 1.0) (curve pi 0.314 1.0)))) (color 1 0 0 (C (lift -0.5 2.0 (/ pi 2)) (curve pi 0.314 1.0) (curve pi 0.314 1.0) (lift 0.5 2.0 (/ pi 2)) (curve pi 0.314 1.0) (curve pi 0.314 1.0))))),two_dots,blue,two_dots,green,two_dots,red,balanced_data/var_balanced/glyphs/dim3/var4/images/717.png
(C (C (lift -1 -2.0 (/ pi 2)) (curve 0 4.0 0) (lift 1 -2.0 (/ pi 2)) (curve 0 4.0 0)) (C (C (color 0 0 1 (C (lift -0.5 -2.0 (/ pi 2)) (curve pi 0.314 1.0) (curve pi 0.314 1.0) (lift 0.5 -2.0 (/ pi 2)) (curve pi 0.314 1.0) (curve pi 0.314 1.0))) (color 0 1 0 (C (lift -0.5 0.0 (/ pi 2)) (curve pi 0.314 1.0) (curve pi 0.314 1.0) (lift 0.5 0.0 (/ pi 2)) (curve pi 0.314 1.0) (curve pi 0.314 1.0)))) (color 0 1 0 (C (lift -0.5 2.0 (/ pi 2)) (curve pi 0.314 1.0) (curve pi 0.314 1.0) (lift 0.5 2.0 (/ pi 2)) (curve pi 0.314 1.0) (curve pi 0.314 1.0))))),two_dots,blue,two_dots,green,two_dots,green,balanced_data/var_balanced/glyphs/dim3/var4/images/718.png
(C (C (lift -1 -2.0 (/ pi 2)) (curve 0 4.0 0) (lift 1 -2.0 (/ pi 2)) (curve 0 4.0 0)) (C (C (color 0 0 1 (C (lift -0.5 -2.0 (/ pi 2)) (curve pi 0.314 1.0) (curve pi 0.314 1.0) (lift 0.5 -2.0 (/ pi 2)) (curve pi 0.314 1.0) (curve pi 0.314 1.0))) (color 0 1 0 (C (lift -0.5 0.0 (/ pi 2)) (curve pi 0.314 1.0) (curve pi 0.314 1.0) (lift 0.5 0.0 (/ pi 2)) (curve pi 0.314 1.0) (curve pi 0.314 1.0)))) (color 0 0 1 (C (lift -0.5 2.0 (/ pi 2)) (curve pi 0.314 1.0) (curve pi 0.314 1.0) (lift 0.5 2.0 (/ pi 2)) (curve pi 0.314 1.0) (curve pi 0.314 1.0))))),two_dots,blue,two_dots,green,two_dots,blue,balanced_data/var_balanced/glyphs/dim3/var4/images/719.png
(C (C (lift -1 -2.0 (/ pi 2)) (curve 0 4.0 0) (lift 1 -2.0 (/ pi 2)) (curve 0 4.0 0)) (C (C (color 0 0 1 (C (lift -0.5 -2.0 (/ pi 2)) (curve pi 0.314 1.0) (curve pi 0.314 1.0) (lift 0.5 -2.0 (/ pi 2)) (curve pi 0.314 1.0) (curve pi 0.314 1.0))) (color 0 0 1 (C (lift -0.5 0.0 (/ pi 2)) (curve pi 0.314 1.0) (curve pi 0.314 1.0) (lift 0.5 0.0 (/ pi 2)) (curve pi 0.314 1.0) (curve pi 0.314 1.0)))) (color 1 0 0 (C (lift -1.5 2.0 0) (curve 0 3.0 0))))),two_dots,blue,two_dots,blue,h_line,red,balanced_data/var_balanced/glyphs/dim3/var4/images/720.png
(C (C (lift -1 -2.0 (/ pi 2)) (curve 0 4.0 0) (lift 1 -2.0 (/ pi 2)) (curve 0 4.0 0)) (C (C (color 0 0 1 (C (lift -0.5 -2.0 (/ pi 2)) (curve pi 0.314 1.0) (curve pi 0.314 1.0) (lift 0.5 -2.0 (/ pi 2)) (curve pi 0.314 1.0) (curve pi 0.314 1.0))) (color 0 0 1 (C (lift -0.5 0.0 (/ pi 2)) (curve pi 0.314 1.0) (curve pi 0.314 1.0) (lift 0.5 0.0 (/ pi 2)) (curve pi 0.314 1.0) (curve pi 0.314 1.0)))) (color 0 1 0 (C (lift -1.5 2.0 0) (curve 0 3.0 0))))),two_dots,blue,two_dots,blue,h_line,green,balanced_data/var_balanced/glyphs/dim3/var4/images/721.png
(C (C (lift -1 -2.0 (/ pi 2)) (curve 0 4.0 0) (lift 1 -2.0 (/ pi 2)) (curve 0 4.0 0)) (C (C (color 0 0 1 (C (lift -0.5 -2.0 (/ pi 2)) (curve pi 0.314 1.0) (curve pi 0.314 1.0) (lift 0.5 -2.0 (/ pi 2)) (curve pi 0.314 1.0) (curve pi 0.314 1.0))) (color 0 0 1 (C (lift -0.5 0.0 (/ pi 2)) (curve pi 0.314 1.0) (curve pi 0.314 1.0) (lift 0.5 0.0 (/ pi 2)) (curve pi 0.314 1.0) (curve pi 0.314 1.0)))) (color 0 0 1 (C (lift -1.5 2.0 0) (curve 0 3.0 0))))),two_dots,blue,two_dots,blue,h_line,blue,balanced_data/var_balanced/glyphs/dim3/var4/images/722.png
(C (C (lift -1 -2.0 (/ pi 2)) (curve 0 4.0 0) (lift 1 -2.0 (/ pi 2)) (curve 0 4.0 0)) (C (C (color 0 0 1 (C (lift -0.5 -2.0 (/ pi 2)) (curve pi 0.314 1.0) (curve pi 0.314 1.0) (lift 0.5 -2.0 (/ pi 2)) (curve pi 0.314 1.0) (curve pi 0.314 1.0))) (color 0 0 1 (C (lift -0.5 0.0 (/ pi 2)) (curve pi 0.314 1.0) (curve pi 0.314 1.0) (lift 0.5 0.0 (/ pi 2)) (curve pi 0.314 1.0) (curve pi 0.314 1.0)))) (color 1 0 0 (C (lift -1.5 2.0 (/ pi 7.25)) (curve -0.8 1.5 0.5) (curve 0.8 1.5 0.5))))),two_dots,blue,two_dots,blue,s_curve,red,balanced_data/var_balanced/glyphs/dim3/var4/images/723.png
(C (C (lift -1 -2.0 (/ pi 2)) (curve 0 4.0 0) (lift 1 -2.0 (/ pi 2)) (curve 0 4.0 0)) (C (C (color 0 0 1 (C (lift -0.5 -2.0 (/ pi 2)) (curve pi 0.314 1.0) (curve pi 0.314 1.0) (lift 0.5 -2.0 (/ pi 2)) (curve pi 0.314 1.0) (curve pi 0.314 1.0))) (color 0 0 1 (C (lift -0.5 0.0 (/ pi 2)) (curve pi 0.314 1.0) (curve pi 0.314 1.0) (lift 0.5 0.0 (/ pi 2)) (curve pi 0.314 1.0) (curve pi 0.314 1.0)))) (color 0 1 0 (C (lift -1.5 2.0 (/ pi 7.25)) (curve -0.8 1.5 0.5) (curve 0.8 1.5 0.5))))),two_dots,blue,two_dots,blue,s_curve,green,balanced_data/var_balanced/glyphs/dim3/var4/images/724.png
(C (C (lift -1 -2.0 (/ pi 2)) (curve 0 4.0 0) (lift 1 -2.0 (/ pi 2)) (curve 0 4.0 0)) (C (C (color 0 0 1 (C (lift -0.5 -2.0 (/ pi 2)) (curve pi 0.314 1.0) (curve pi 0.314 1.0) (lift 0.5 -2.0 (/ pi 2)) (curve pi 0.314 1.0) (curve pi 0.314 1.0))) (color 0 0 1 (C (lift -0.5 0.0 (/ pi 2)) (curve pi 0.314 1.0) (curve pi 0.314 1.0) (lift 0.5 0.0 (/ pi 2)) (curve pi 0.314 1.0) (curve pi 0.314 1.0)))) (color 0 0 1 (C (lift -1.5 2.0 (/ pi 7.25)) (curve -0.8 1.5 0.5) (curve 0.8 1.5 0.5))))),two_dots,blue,two_dots,blue,s_curve,blue,balanced_data/var_balanced/glyphs/dim3/var4/images/725.png
(C (C (lift -1 -2.0 (/ pi 2)) (curve 0 4.0 0) (lift 1 -2.0 (/ pi 2)) (curve 0 4.0 0)) (C (C (color 0 0 1 (C (lift -0.5 -2.0 (/ pi 2)) (curve pi 0.314 1.0) (curve pi 0.314 1.0) (lift 0.5 -2.0 (/ pi 2)) (curve pi 0.314 1.0) (curve pi 0.314 1.0))) (color 0 0 1 (C (lift -0.5 0.0 (/ pi 2)) (curve pi 0.314 1.0) (curve pi 0.314 1.0) (lift 0.5 0.0 (/ pi 2)) (curve pi 0.314 1.0) (curve pi 0.314 1.0)))) (color 1 0 0 (C (lift -0.5 2.0 (/ pi 2)) (curve pi 0.314 1.0) (curve pi 0.314 1.0) (lift 0.5 2.0 (/ pi 2)) (curve pi 0.314 1.0) (curve pi 0.314 1.0))))),two_dots,blue,two_dots,blue,two_dots,red,balanced_data/var_balanced/glyphs/dim3/var4/images/726.png
(C (C (lift -1 -2.0 (/ pi 2)) (curve 0 4.0 0) (lift 1 -2.0 (/ pi 2)) (curve 0 4.0 0)) (C (C (color 0 0 1 (C (lift -0.5 -2.0 (/ pi 2)) (curve pi 0.314 1.0) (curve pi 0.314 1.0) (lift 0.5 -2.0 (/ pi 2)) (curve pi 0.314 1.0) (curve pi 0.314 1.0))) (color 0 0 1 (C (lift -0.5 0.0 (/ pi 2)) (curve pi 0.314 1.0) (curve pi 0.314 1.0) (lift 0.5 0.0 (/ pi 2)) (curve pi 0.314 1.0) (curve pi 0.314 1.0)))) (color 0 1 0 (C (lift -0.5 2.0 (/ pi 2)) (curve pi 0.314 1.0) (curve pi 0.314 1.0) (lift 0.5 2.0 (/ pi 2)) (curve pi 0.314 1.0) (curve pi 0.314 1.0))))),two_dots,blue,two_dots,blue,two_dots,green,balanced_data/var_balanced/glyphs/dim3/var4/images/727.png
(C (C (lift -1 -2.0 (/ pi 2)) (curve 0 4.0 0) (lift 1 -2.0 (/ pi 2)) (curve 0 4.0 0)) (C (C (color 0 0 1 (C (lift -0.5 -2.0 (/ pi 2)) (curve pi 0.314 1.0) (curve pi 0.314 1.0) (lift 0.5 -2.0 (/ pi 2)) (curve pi 0.314 1.0) (curve pi 0.314 1.0))) (color 0 0 1 (C (lift -0.5 0.0 (/ pi 2)) (curve pi 0.314 1.0) (curve pi 0.314 1.0) (lift 0.5 0.0 (/ pi 2)) (curve pi 0.314 1.0) (curve pi 0.314 1.0)))) (color 0 0 1 (C (lift -0.5 2.0 (/ pi 2)) (curve pi 0.314 1.0) (curve pi 0.314 1.0) (lift 0.5 2.0 (/ pi 2)) (curve pi 0.314 1.0) (curve pi 0.314 1.0))))),two_dots,blue,two_dots,blue,two_dots,blue,balanced_data/var_balanced/glyphs/dim3/var4/images/728.png
