program_string,n_sides,edge_type,transform_type,n_copies,render_filepath
(T (C (C (T (C (C (T l (M 1.7321 1.0472 0.0000 -1.0000)) (T l (M 1.7321 3.1416 0.8660 0.5000))) (T l (M 1.7321 -1.0472 -0.8660 0.5000))) (M 1 0 1.800 0.000)) (T (C (C (T l (M 1.7321 1.0472 0.0000 -1.0000)) (T l (M 1.7321 3.1416 0.8660 0.5000))) (T l (M 1.7321 -1.0472 -0.8660 0.5000))) (M 1 0 -0.900 1.559))) (T (C (C (T l (M 1.7321 1.0472 0.0000 -1.0000)) (T l (M 1.7321 3.1416 0.8660 0.5000))) (T l (M 1.7321 -1.0472 -0.8660 0.5000))) (M 1 0 -0.900 -1.559))) (M 0.750 0 0 0)),3,straight,radial,3,balanced_data/dim_balanced/regular_polygons/dim2/var1/images/0.png
(T (C (C (C (T (C (C (T l (M 1.7321 1.0472 0.0000 -1.0000)) (T l (M 1.7321 3.1416 0.8660 0.5000))) (T l (M 1.7321 -1.0472 -0.8660 0.5000))) (M 1 0 1.800 0.000)) (T (C (C (T l (M 1.7321 1.0472 0.0000 -1.0000)) (T l (M 1.7321 3.1416 0.8660 0.5000))) (T l (M 1.7321 -1.0472 -0.8660 0.5000))) (M 1 0 0.000 1.800))) (T (C (C (T l (M 1.7321 1.0472 0.0000 -1.0000)) (T l (M 1.7321 3.1416 0.8660 0.5000))) (T l (M 1.7321 -1.0472 -0.8660 0.5000))) (M 1 0 -1.800 0.000))) (T (C (C (T l (M 1.7321 1.0472 0.0000 -1.0000)) (T l (M 1.7321 3.1416 0.8660 0.5000))) (T l (M 1.7321 -1.0472 -0.8660 0.5000))) (M 1 0 -0.000 -1.800))) (M 0.750 0 0 0)),3,straight,radial,4,balanced_data/dim_balanced/regular_polygons/dim2/var1/images/1.png
(T (C (C (C (C (T (C (C (T l (M 1.7321 1.0472 0.0000 -1.0000)) (T l (M 1.7321 3.1416 0.8660 0.5000))) (T l (M 1.7321 -1.0472 -0.8660 0.5000))) (M 1 0 1.800 0.000)) (T (C (C (T l (M 1.7321 1.0472 0.0000 -1.0000)) (T l (M 1.7321 3.1416 0.8660 0.5000))) (T l (M 1.7321 -1.0472 -0.8660 0.5000))) (M 1 0 0.556 1.712))) (T (C (C (T l (M 1.7321 1.0472 0.0000 -1.0000)) (T l (M 1.7321 3.1416 0.8660 0.5000))) (T l (M 1.7321 -1.0472 -0.8660 0.5000))) (M 1 0 -1.456 1.058))) (T (C (C (T l (M 1.7321 1.0472 0.0000 -1.0000)) (T l (M 1.7321 3.1416 0.8660 0.5000))) (T l (M 1.7321 -1.0472 -0.8660 0.5000))) (M 1 0 -1.456 -1.058))) (T (C (C (T l (M 1.7321 1.0472 0.0000 -1.0000)) (T l (M 1.7321 3.1416 0.8660 0.5000))) (T l (M 1.7321 -1.0472 -0.8660 0.5000))) (M 1 0 0.556 -1.712))) (M 0.750 0 0 0)),3,straight,radial,5,balanced_data/dim_balanced/regular_polygons/dim2/var1/images/2.png
(T (C (C (C (C (C (T (C (C (T l (M 1.7321 1.0472 0.0000 -1.0000)) (T l (M 1.7321 3.1416 0.8660 0.5000))) (T l (M 1.7321 -1.0472 -0.8660 0.5000))) (M 1 0 1.800 0.000)) (T (C (C (T l (M 1.7321 1.0472 0.0000 -1.0000)) (T l (M 1.7321 3.1416 0.8660 0.5000))) (T l (M 1.7321 -1.0472 -0.8660 0.5000))) (M 1 0 0.900 1.559))) (T (C (C (T l (M 1.7321 1.0472 0.0000 -1.0000)) (T l (M 1.7321 3.1416 0.8660 0.5000))) (T l (M 1.7321 -1.0472 -0.8660 0.5000))) (M 1 0 -0.900 1.559))) (T (C (C (T l (M 1.7321 1.0472 0.0000 -1.0000)) (T l (M 1.7321 3.1416 0.8660 0.5000))) (T l (M 1.7321 -1.0472 -0.8660 0.5000))) (M 1 0 -1.800 0.000))) (T (C (C (T l (M 1.7321 1.0472 0.0000 -1.0000)) (T l (M 1.7321 3.1416 0.8660 0.5000))) (T l (M 1.7321 -1.0472 -0.8660 0.5000))) (M 1 0 -0.900 -1.559))) (T (C (C (T l (M 1.7321 1.0472 0.0000 -1.0000)) (T l (M 1.7321 3.1416 0.8660 0.5000))) (T l (M 1.7321 -1.0472 -0.8660 0.5000))) (M 1 0 0.900 -1.559))) (M 0.750 0 0 0)),3,straight,radial,6,balanced_data/dim_balanced/regular_polygons/dim2/var1/images/3.png
(T (C (C (T (C (C (T l (M 1.7321 1.0472 0.0000 -1.0000)) (T l (M 1.7321 3.1416 0.8660 0.5000))) (T l (M 1.7321 -1.0472 -0.8660 0.5000))) (M 1 0 -2.540 0)) (T (C (C (T l (M 1.7321 1.0472 0.0000 -1.0000)) (T l (M 1.7321 3.1416 0.8660 0.5000))) (T l (M 1.7321 -1.0472 -0.8660 0.5000))) (M 1 0 0.000 0))) (T (C (C (T l (M 1.7321 1.0472 0.0000 -1.0000)) (T l (M 1.7321 3.1416 0.8660 0.5000))) (T l (M 1.7321 -1.0472 -0.8660 0.5000))) (M 1 0 2.540 0))) (M 0.750 0 0 0)),3,straight,line,3,balanced_data/dim_balanced/regular_polygons/dim2/var1/images/4.png
(T (C (C (C (T (C (C (T l (M 1.7321 1.0472 0.0000 -1.0000)) (T l (M 1.7321 3.1416 0.8660 0.5000))) (T l (M 1.7321 -1.0472 -0.8660 0.5000))) (M 1 0 -3.300 0)) (T (C (C (T l (M 1.7321 1.0472 0.0000 -1.0000)) (T l (M 1.7321 3.1416 0.8660 0.5000))) (T l (M 1.7321 -1.0472 -0.8660 0.5000))) (M 1 0 -1.100 0))) (T (C (C (T l (M 1.7321 1.0472 0.0000 -1.0000)) (T l (M 1.7321 3.1416 0.8660 0.5000))) (T l (M 1.7321 -1.0472 -0.8660 0.5000))) (M 1 0 1.100 0))) (T (C (C (T l (M 1.7321 1.0472 0.0000 -1.0000)) (T l (M 1.7321 3.1416 0.8660 0.5000))) (T l (M 1.7321 -1.0472 -0.8660 0.5000))) (M 1 0 3.300 0))) (M 0.750 0 0 0)),3,straight,line,4,balanced_data/dim_balanced/regular_polygons/dim2/var1/images/5.png
(T (C (C (C (C (T (C (C (T l (M 1.7321 1.0472 0.0000 -1.0000)) (T l (M 1.7321 3.1416 0.8660 0.5000))) (T l (M 1.7321 -1.0472 -0.8660 0.5000))) (M 1 0 -3.935 0)) (T (C (C (T l (M 1.7321 1.0472 0.0000 -1.0000)) (T l (M 1.7321 3.1416 0.8660 0.5000))) (T l (M 1.7321 -1.0472 -0.8660 0.5000))) (M 1 0 -1.968 0))) (T (C (C (T l (M 1.7321 1.0472 0.0000 -1.0000)) (T l (M 1.7321 3.1416 0.8660 0.5000))) (T l (M 1.7321 -1.0472 -0.8660 0.5000))) (M 1 0 0.000 0))) (T (C (C (T l (M 1.7321 1.0472 0.0000 -1.0000)) (T l (M 1.7321 3.1416 0.8660 0.5000))) (T l (M 1.7321 -1.0472 -0.8660 0.5000))) (M 1 0 1.968 0))) (T (C (C (T l (M 1.7321 1.0472 0.0000 -1.0000)) (T l (M 1.7321 3.1416 0.8660 0.5000))) (T l (M 1.7321 -1.0472 -0.8660 0.5000))) (M 1 0 3.935 0))) (M 0.726 0 0 0)),3,straight,line,5,balanced_data/dim_balanced/regular_polygons/dim2/var1/images/6.png
(T (C (C (C (C (C (T (C (C (T l (M 1.7321 1.0472 0.0000 -1.0000)) (T l (M 1.7321 3.1416 0.8660 0.5000))) (T l (M 1.7321 -1.0472 -0.8660 0.5000))) (M 1 0 -4.491 0)) (T (C (C (T l (M 1.7321 1.0472 0.0000 -1.0000)) (T l (M 1.7321 3.1416 0.8660 0.5000))) (T l (M 1.7321 -1.0472 -0.8660 0.5000))) (M 1 0 -2.694 0))) (T (C (C (T l (M 1.7321 1.0472 0.0000 -1.0000)) (T l (M 1.7321 3.1416 0.8660 0.5000))) (T l (M 1.7321 -1.0472 -0.8660 0.5000))) (M 1 0 -0.898 0))) (T (C (C (T l (M 1.7321 1.0472 0.0000 -1.0000)) (T l (M 1.7321 3.1416 0.8660 0.5000))) (T l (M 1.7321 -1.0472 -0.8660 0.5000))) (M 1 0 0.898 0))) (T (C (C (T l (M 1.7321 1.0472 0.0000 -1.0000)) (T l (M 1.7321 3.1416 0.8660 0.5000))) (T l (M 1.7321 -1.0472 -0.8660 0.5000))) (M 1 0 2.694 0))) (T (C (C (T l (M 1.7321 1.0472 0.0000 -1.0000)) (T l (M 1.7321 3.1416 0.8660 0.5000))) (T l (M 1.7321 -1.0472 -0.8660 0.5000))) (M 1 0 4.491 0))) (M 0.673 0 0 0)),3,straight,line,6,balanced_data/dim_balanced/regular_polygons/dim2/var1/images/7.png
(T (repeat (C (C (T l (M 1.7321 1.0472 0.0000 -1.0000)) (T l (M 1.7321 3.1416 0.8660 0.5000))) (T l (M 1.7321 -1.0472 -0.8660 0.5000))) 3 0 0 0.900 2.29440) (M 0.750 0 0 0)),3,straight,spiral,3,balanced_data/dim_balanced/regular_polygons/dim2/var1/images/8.png
(T (repeat (C (C (T l (M 1.7321 1.0472 0.0000 -1.0000)) (T l (M 1.7321 3.1416 0.8660 0.5000))) (T l (M 1.7321 -1.0472 -0.8660 0.5000))) 4 0 0 0.900 1.77080) (M 0.750 0 0 0)),3,straight,spiral,4,balanced_data/dim_balanced/regular_polygons/dim2/var1/images/9.png
(T (repeat (C (C (T l (M 1.7321 1.0472 0.0000 -1.0000)) (T l (M 1.7321 3.1416 0.8660 0.5000))) (T l (M 1.7321 -1.0472 -0.8660 0.5000))) 5 0 0 0.900 1.45664) (M 0.750 0 0 0)),3,straight,spiral,5,balanced_data/dim_balanced/regular_polygons/dim2/var1/images/10.png
(T (repeat (C (C (T l (M 1.7321 1.0472 0.0000 -1.0000)) (T l (M 1.7321 3.1416 0.8660 0.5000))) (T l (M 1.7321 -1.0472 -0.8660 0.5000))) 6 0 0 0.900 1.24720) (M 0.750 0 0 0)),3,straight,spiral,6,balanced_data/dim_balanced/regular_polygons/dim2/var1/images/11.png
(T (C (C (T (C (C (T l (M 1.7321 1.0472 0.0000 -1.0000)) (T l (M 1.7321 3.1416 0.8660 0.5000))) (T l (M 1.7321 -1.0472 -0.8660 0.5000))) (M 1.00 0 0 0)) (T (C (C (T l (M 1.7321 1.0472 0.0000 -1.0000)) (T l (M 1.7321 3.1416 0.8660 0.5000))) (T l (M 1.7321 -1.0472 -0.8660 0.5000))) (M 1.40 0 0 0))) (T (C (C (T l (M 1.7321 1.0472 0.0000 -1.0000)) (T l (M 1.7321 3.1416 0.8660 0.5000))) (T l (M 1.7321 -1.0472 -0.8660 0.5000))) (M 1.80 0 0 0))) (M 0.750 0 0 0)),3,straight,scale_origin,3,balanced_data/dim_balanced/regular_polygons/dim2/var1/images/12.png
(T (C (C (C (T (C (C (T l (M 1.7321 1.0472 0.0000 -1.0000)) (T l (M 1.7321 3.1416 0.8660 0.5000))) (T l (M 1.7321 -1.0472 -0.8660 0.5000))) (M 1.00 0 0 0)) (T (C (C (T l (M 1.7321 1.0472 0.0000 -1.0000)) (T l (M 1.7321 3.1416 0.8660 0.5000))) (T l (M 1.7321 -1.0472 -0.8660 0.5000))) (M 1.40 0 0 0))) (T (C (C (T l (M 1.7321 1.0472 0.0000 -1.0000)) (T l (M 1.7321 3.1416 0.8660 0.5000))) (T l (M 1.7321 -1.0472 -0.8660 0.5000))) (M 1.80 0 0 0))) (T (C (C (T l (M 1.7321 1.0472 0.0000 -1.0000)) (T l (M 1.7321 3.1416 0.8660 0.5000))) (T l (M 1.7321 -1.0472 -0.8660 0.5000))) (M 2.20 0 0 0))) (M 0.750 0 0 0)),3,straight,scale_origin,4,balanced_data/dim_balanced/regular_polygons/dim2/var1/images/13.png
(T (C (C (C (C (T (C (C (T l (M 1.7321 1.0472 0.0000 -1.0000)) (T l (M 1.7321 3.1416 0.8660 0.5000))) (T l (M 1.7321 -1.0472 -0.8660 0.5000))) (M 1.00 0 0 0)) (T (C (C (T l (M 1.7321 1.0472 0.0000 -1.0000)) (T l (M 1.7321 3.1416 0.8660 0.5000))) (T l (M 1.7321 -1.0472 -0.8660 0.5000))) (M 1.40 0 0 0))) (T (C (C (T l (M 1.7321 1.0472 0.0000 -1.0000)) (T l (M 1.7321 3.1416 0.8660 0.5000))) (T l (M 1.7321 -1.0472 -0.8660 0.5000))) (M 1.80 0 0 0))) (T (C (C (T l (M 1.7321 1.0472 0.0000 -1.0000)) (T l (M 1.7321 3.1416 0.8660 0.5000))) (T l (M 1.7321 -1.0472 -0.8660 0.5000))) (M 2.20 0 0 0))) (T (C (C (T l (M 1.7321 1.0472 0.0000 -1.0000)) (T l (M 1.7321 3.1416 0.8660 0.5000))) (T l (M 1.7321 -1.0472 -0.8660 0.5000))) (M 2.60 0 0 0))) (M 0.750 0 0 0)),3,straight,scale_origin,5,balanced_data/dim_balanced/regular_polygons/dim2/var1/images/14.png
(T (C (C (C (C (C (T (C (C (T l (M 1.7321 1.0472 0.0000 -1.0000)) (T l (M 1.7321 3.1416 0.8660 0.5000))) (T l (M 1.7321 -1.0472 -0.8660 0.5000))) (M 1.00 0 0 0)) (T (C (C (T l (M 1.7321 1.0472 0.0000 -1.0000)) (T l (M 1.7321 3.1416 0.8660 0.5000))) (T l (M 1.7321 -1.0472 -0.8660 0.5000))) (M 1.40 0 0 0))) (T (C (C (T l (M 1.7321 1.0472 0.0000 -1.0000)) (T l (M 1.7321 3.1416 0.8660 0.5000))) (T l (M 1.7321 -1.0472 -0.8660 0.5000))) (M 1.80 0 0 0))) (T (C (C (T l (M 1.7321 1.0472 0.0000 -1.0000)) (T l (M 1.7321 3.1416 0.8660 0.5000))) (T l (M 1.7321 -1.0472 -0.8660 0.5000))) (M 2.20 0 0 0))) (T (C (C (T l (M 1.7321 1.0472 0.0000 -1.0000)) (T l (M 1.7321 3.1416 0.8660 0.5000))) (T l (M 1.7321 -1.0472 -0.8660 0.5000))) (M 2.60 0 0 0))) (T (C (C (T l (M 1.7321 1.0472 0.0000 -1.0000)) (T l (M 1.7321 3.1416 0.8660 0.5000))) (T l (M 1.7321 -1.0472 -0.8660 0.5000))) (M 3.00 0 0 0))) (M 0.750 0 0 0)),3,straight,scale_origin,6,balanced_data/dim_balanced/regular_polygons/dim2/var1/images/15.png
(T (C (C (T (C (C (T l (M 1.7321 1.0472 0.0000 -1.0000)) (T l (M 1.7321 3.1416 0.8660 0.5000))) (T l (M 1.7321 -1.0472 -0.8660 0.5000))) (M 1.000 0 0.000 0.000)) (T (C (C (T l (M 1.7321 1.0472 0.0000 -1.0000)) (T l (M 1.7321 3.1416 0.8660 0.5000))) (T l (M 1.7321 -1.0472 -0.8660 0.5000))) (M 1.400 0 0.400 0.400))) (T (C (C (T l (M 1.7321 1.0472 0.0000 -1.0000)) (T l (M 1.7321 3.1416 0.8660 0.5000))) (T l (M 1.7321 -1.0472 -0.8660 0.5000))) (M 1.960 0 0.960 0.960))) (M 0.750 0 0 0)),3,straight,scale_outward,3,balanced_data/dim_balanced/regular_polygons/dim2/var1/images/16.png
(T (C (C (C (T (C (C (T l (M 1.7321 1.0472 0.0000 -1.0000)) (T l (M 1.7321 3.1416 0.8660 0.5000))) (T l (M 1.7321 -1.0472 -0.8660 0.5000))) (M 1.000 0 0.000 0.000)) (T (C (C (T l (M 1.7321 1.0472 0.0000 -1.0000)) (T l (M 1.7321 3.1416 0.8660 0.5000))) (T l (M 1.7321 -1.0472 -0.8660 0.5000))) (M 1.400 0 0.400 0.400))) (T (C (C (T l (M 1.7321 1.0472 0.0000 -1.0000)) (T l (M 1.7321 3.1416 0.8660 0.5000))) (T l (M 1.7321 -1.0472 -0.8660 0.5000))) (M 1.960 0 0.960 0.960))) (T (C (C (T l (M 1.7321 1.0472 0.0000 -1.0000)) (T l (M 1.7321 3.1416 0.8660 0.5000))) (T l (M 1.7321 -1.0472 -0.8660 0.5000))) (M 2.744 0 1.744 1.744))) (M 0.750 0 0 0)),3,straight,scale_outward,4,balanced_data/dim_balanced/regular_polygons/dim2/var1/images/17.png
(T (C (C (C (C (T (C (C (T l (M 1.7321 1.0472 0.0000 -1.0000)) (T l (M 1.7321 3.1416 0.8660 0.5000))) (T l (M 1.7321 -1.0472 -0.8660 0.5000))) (M 1.000 0 0.000 0.000)) (T (C (C (T l (M 1.7321 1.0472 0.0000 -1.0000)) (T l (M 1.7321 3.1416 0.8660 0.5000))) (T l (M 1.7321 -1.0472 -0.8660 0.5000))) (M 1.400 0 0.400 0.400))) (T (C (C (T l (M 1.7321 1.0472 0.0000 -1.0000)) (T l (M 1.7321 3.1416 0.8660 0.5000))) (T l (M 1.7321 -1.0472 -0.8660 0.5000))) (M 1.960 0 0.960 0.960))) (T (C (C (T l (M 1.7321 1.0472 0.0000 -1.0000)) (T l (M 1.7321 3.1416 0.8660 0.5000))) (T l (M 1.7321 -1.0472 -0.8660 0.5000))) (M 2.744 0 1.744 1.744))) (T (C (C (T l (M 1.7321 1.0472 0.0000 -1.0000)) (T l (M 1.7321 3.1416 0.8660 0.5000))) (T l (M 1.7321 -1.0472 -0.8660 0.5000))) (M 3.842 0 2.842 2.842))) (M 0.635 0 0 0)),3,straight,scale_outward,5,balanced_data/dim_balanced/regular_polygons/dim2/var1/images/18.png
(T (C (C (C (C (C (T (C (C (T l (M 1.7321 1.0472 0.0000 -1.0000)) (T l (M 1.7321 3.1416 0.8660 0.5000))) (T l (M 1.7321 -1.0472 -0.8660 0.5000))) (M 1.000 0 0.000 0.000)) (T (C (C (T l (M 1.7321 1.0472 0.0000 -1.0000)) (T l (M 1.7321 3.1416 0.8660 0.5000))) (T l (M 1.7321 -1.0472 -0.8660 0.5000))) (M 1.400 0 0.400 0.400))) (T (C (C (T l (M 1.7321 1.0472 0.0000 -1.0000)) (T l (M 1.7321 3.1416 0.8660 0.5000))) (T l (M 1.7321 -1.0472 -0.8660 0.5000))) (M 1.960 0 0.960 0.960))) (T (C (C (T l (M 1.7321 1.0472 0.0000 -1.0000)) (T l (M 1.7321 3.1416 0.8660 0.5000))) (T l (M 1.7321 -1.0472 -0.8660 0.5000))) (M 2.744 0 1.744 1.744))) (T (C (C (T l (M 1.7321 1.0472 0.0000 -1.0000)) (T l (M 1.7321 3.1416 0.8660 0.5000))) (T l (M 1.7321 -1.0472 -0.8660 0.5000))) (M 3.842 0 2.842 2.842))) (T (C (C (T l (M 1.7321 1.0472 0.0000 -1.0000)) (T l (M 1.7321 3.1416 0.8660 0.5000))) (T l (M 1.7321 -1.0472 -0.8660 0.5000))) (M 5.378 0 4.378 4.378))) (M 0.468 0 0 0)),3,straight,scale_outward,6,balanced_data/dim_balanced/regular_polygons/dim2/var1/images/19.png
(T (C (C (T (C (C (T (a 0.25) (M 1.7321 1.0472 0.0000 -1.0000)) (T (a 0.25) (M 1.7321 3.1416 0.8660 0.5000))) (T (a 0.25) (M 1.7321 -1.0472 -0.8660 0.5000))) (M 1 0 1.800 0.000)) (T (C (C (T (a 0.25) (M 1.7321 1.0472 0.0000 -1.0000)) (T (a 0.25) (M 1.7321 3.1416 0.8660 0.5000))) (T (a 0.25) (M 1.7321 -1.0472 -0.8660 0.5000))) (M 1 0 -0.900 1.559))) (T (C (C (T (a 0.25) (M 1.7321 1.0472 0.0000 -1.0000)) (T (a 0.25) (M 1.7321 3.1416 0.8660 0.5000))) (T (a 0.25) (M 1.7321 -1.0472 -0.8660 0.5000))) (M 1 0 -0.900 -1.559))) (M 0.750 0 0 0)),3,convex,radial,3,balanced_data/dim_balanced/regular_polygons/dim2/var1/images/20.png
(T (C (C (C (T (C (C (T (a 0.25) (M 1.7321 1.0472 0.0000 -1.0000)) (T (a 0.25) (M 1.7321 3.1416 0.8660 0.5000))) (T (a 0.25) (M 1.7321 -1.0472 -0.8660 0.5000))) (M 1 0 1.800 0.000)) (T (C (C (T (a 0.25) (M 1.7321 1.0472 0.0000 -1.0000)) (T (a 0.25) (M 1.7321 3.1416 0.8660 0.5000))) (T (a 0.25) (M 1.7321 -1.0472 -0.8660 0.5000))) (M 1 0 0.000 1.800))) (T (C (C (T (a 0.25) (M 1.7321 1.0472 0.0000 -1.0000)) (T (a 0.25) (M 1.7321 3.1416 0.8660 0.5000))) (T (a 0.25) (M 1.7321 -1.0472 -0.8660 0.5000))) (M 1 0 -1.800 0.000))) (T (C (C (T (a 0.25) (M 1.7321 1.0472 0.0000 -1.0000)) (T (a 0.25) (M 1.7321 3.1416 0.8660 0.5000))) (T (a 0.25) (M 1.7321 -1.0472 -0.8660 0.5000))) (M 1 0 -0.000 -1.800))) (M 0.750 0 0 0)),3,convex,radial,4,balanced_data/dim_balanced/regular_polygons/dim2/var1/images/21.png
(T (C (C (C (C (T (C (C (T (a 0.25) (M 1.7321 1.0472 0.0000 -1.0000)) (T (a 0.25) (M 1.7321 3.1416 0.8660 0.5000))) (T (a 0.25) (M 1.7321 -1.0472 -0.8660 0.5000))) (M 1 0 1.800 0.000)) (T (C (C (T (a 0.25) (M 1.7321 1.0472 0.0000 -1.0000)) (T (a 0.25) (M 1.7321 3.1416 0.8660 0.5000))) (T (a 0.25) (M 1.7321 -1.0472 -0.8660 0.5000))) (M 1 0 0.556 1.712))) (T (C (C (T (a 0.25) (M 1.7321 1.0472 0.0000 -1.0000)) (T (a 0.25) (M 1.7321 3.1416 0.8660 0.5000))) (T (a 0.25) (M 1.7321 -1.0472 -0.8660 0.5000))) (M 1 0 -1.456 1.058))) (T (C (C (T (a 0.25) (M 1.7321 1.0472 0.0000 -1.0000)) (T (a 0.25) (M 1.7321 3.1416 0.8660 0.5000))) (T (a 0.25) (M 1.7321 -1.0472 -0.8660 0.5000))) (M 1 0 -1.456 -1.058))) (T (C (C (T (a 0.25) (M 1.7321 1.0472 0.0000 -1.0000)) (T (a 0.25) (M 1.7321 3.1416 0.8660 0.5000))) (T (a 0.25) (M 1.7321 -1.0472 -0.8660 0.5000))) (M 1 0 0.556 -1.712))) (M 0.750 0 0 0)),3,convex,radial,5,balanced_data/dim_balanced/regular_polygons/dim2/var1/images/22.png
(T (C (C (C (C (C (T (C (C (T (a 0.25) (M 1.7321 1.0472 0.0000 -1.0000)) (T (a 0.25) (M 1.7321 3.1416 0.8660 0.5000))) (T (a 0.25) (M 1.7321 -1.0472 -0.8660 0.5000))) (M 1 0 1.800 0.000)) (T (C (C (T (a 0.25) (M 1.7321 1.0472 0.0000 -1.0000)) (T (a 0.25) (M 1.7321 3.1416 0.8660 0.5000))) (T (a 0.25) (M 1.7321 -1.0472 -0.8660 0.5000))) (M 1 0 0.900 1.559))) (T (C (C (T (a 0.25) (M 1.7321 1.0472 0.0000 -1.0000)) (T (a 0.25) (M 1.7321 3.1416 0.8660 0.5000))) (T (a 0.25) (M 1.7321 -1.0472 -0.8660 0.5000))) (M 1 0 -0.900 1.559))) (T (C (C (T (a 0.25) (M 1.7321 1.0472 0.0000 -1.0000)) (T (a 0.25) (M 1.7321 3.1416 0.8660 0.5000))) (T (a 0.25) (M 1.7321 -1.0472 -0.8660 0.5000))) (M 1 0 -1.800 0.000))) (T (C (C (T (a 0.25) (M 1.7321 1.0472 0.0000 -1.0000)) (T (a 0.25) (M 1.7321 3.1416 0.8660 0.5000))) (T (a 0.25) (M 1.7321 -1.0472 -0.8660 0.5000))) (M 1 0 -0.900 -1.559))) (T (C (C (T (a 0.25) (M 1.7321 1.0472 0.0000 -1.0000)) (T (a 0.25) (M 1.7321 3.1416 0.8660 0.5000))) (T (a 0.25) (M 1.7321 -1.0472 -0.8660 0.5000))) (M 1 0 0.900 -1.559))) (M 0.750 0 0 0)),3,convex,radial,6,balanced_data/dim_balanced/regular_polygons/dim2/var1/images/23.png
(T (C (C (T (C (C (T (a 0.25) (M 1.7321 1.0472 0.0000 -1.0000)) (T (a 0.25) (M 1.7321 3.1416 0.8660 0.5000))) (T (a 0.25) (M 1.7321 -1.0472 -0.8660 0.5000))) (M 1 0 -2.540 0)) (T (C (C (T (a 0.25) (M 1.7321 1.0472 0.0000 -1.0000)) (T (a 0.25) (M 1.7321 3.1416 0.8660 0.5000))) (T (a 0.25) (M 1.7321 -1.0472 -0.8660 0.5000))) (M 1 0 0.000 0))) (T (C (C (T (a 0.25) (M 1.7321 1.0472 0.0000 -1.0000)) (T (a 0.25) (M 1.7321 3.1416 0.8660 0.5000))) (T (a 0.25) (M 1.7321 -1.0472 -0.8660 0.5000))) (M 1 0 2.540 0))) (M 0.750 0 0 0)),3,convex,line,3,balanced_data/dim_balanced/regular_polygons/dim2/var1/images/24.png
(T (C (C (C (T (C (C (T (a 0.25) (M 1.7321 1.0472 0.0000 -1.0000)) (T (a 0.25) (M 1.7321 3.1416 0.8660 0.5000))) (T (a 0.25) (M 1.7321 -1.0472 -0.8660 0.5000))) (M 1 0 -3.300 0)) (T (C (C (T (a 0.25) (M 1.7321 1.0472 0.0000 -1.0000)) (T (a 0.25) (M 1.7321 3.1416 0.8660 0.5000))) (T (a 0.25) (M 1.7321 -1.0472 -0.8660 0.5000))) (M 1 0 -1.100 0))) (T (C (C (T (a 0.25) (M 1.7321 1.0472 0.0000 -1.0000)) (T (a 0.25) (M 1.7321 3.1416 0.8660 0.5000))) (T (a 0.25) (M 1.7321 -1.0472 -0.8660 0.5000))) (M 1 0 1.100 0))) (T (C (C (T (a 0.25) (M 1.7321 1.0472 0.0000 -1.0000)) (T (a 0.25) (M 1.7321 3.1416 0.8660 0.5000))) (T (a 0.25) (M 1.7321 -1.0472 -0.8660 0.5000))) (M 1 0 3.300 0))) (M 0.698 0 0 0)),3,convex,line,4,balanced_data/dim_balanced/regular_polygons/dim2/var1/images/25.png
(T (C (C (C (C (T (C (C (T (a 0.25) (M 1.7321 1.0472 0.0000 -1.0000)) (T (a 0.25) (M 1.7321 3.1416 0.8660 0.5000))) (T (a 0.25) (M 1.7321 -1.0472 -0.8660 0.5000))) (M 1 0 -3.935 0)) (T (C (C (T (a 0.25) (M 1.7321 1.0472 0.0000 -1.0000)) (T (a 0.25) (M 1.7321 3.1416 0.8660 0.5000))) (T (a 0.25) (M 1.7321 -1.0472 -0.8660 0.5000))) (M 1 0 -1.968 0))) (T (C (C (T (a 0.25) (M 1.7321 1.0472 0.0000 -1.0000)) (T (a 0.25) (M 1.7321 3.1416 0.8660 0.5000))) (T (a 0.25) (M 1.7321 -1.0472 -0.8660 0.5000))) (M 1 0 0.000 0))) (T (C (C (T (a 0.25) (M 1.7321 1.0472 0.0000 -1.0000)) (T (a 0.25) (M 1.7321 3.1416 0.8660 0.5000))) (T (a 0.25) (M 1.7321 -1.0472 -0.8660 0.5000))) (M 1 0 1.968 0))) (T (C (C (T (a 0.25) (M 1.7321 1.0472 0.0000 -1.0000)) (T (a 0.25) (M 1.7321 3.1416 0.8660 0.5000))) (T (a 0.25) (M 1.7321 -1.0472 -0.8660 0.5000))) (M 1 0 3.935 0))) (M 0.642 0 0 0)),3,convex,line,5,balanced_data/dim_balanced/regular_polygons/dim2/var1/images/26.png
(T (C (C (C (C (C (T (C (C (T (a 0.25) (M 1.7321 1.0472 0.0000 -1.0000)) (T (a 0.25) (M 1.7321 3.1416 0.8660 0.5000))) (T (a 0.25) (M 1.7321 -1.0472 -0.8660 0.5000))) (M 1 0 -4.491 0)) (T (C (C (T (a 0.25) (M 1.7321 1.0472 0.0000 -1.0000)) (T (a 0.25) (M 1.7321 3.1416 0.8660 0.5000))) (T (a 0.25) (M 1.7321 -1.0472 -0.8660 0.5000))) (M 1 0 -2.694 0))) (T (C (C (T (a 0.25) (M 1.7321 1.0472 0.0000 -1.0000)) (T (a 0.25) (M 1.7321 3.1416 0.8660 0.5000))) (T (a 0.25) (M 1.7321 -1.0472 -0.8660 0.5000))) (M 1 0 -0.898 0))) (T (C (C (T (a 0.25) (M 1.7321 1.0472 0.0000 -1.0000)) (T (a 0.25) (M 1.7321 3.1416 0.8660 0.5000))) (T (a 0.25) (M 1.7321 -1.0472 -0.8660 0.5000))) (M 1 0 0.898 0))) (T (C (C (T (a 0.25) (M 1.7321 1.0472 0.0000 -1.0000)) (T (a 0.25) (M 1.7321 3.1416 0.8660 0.5000))) (T (a 0.25) (M 1.7321 -1.0472 -0.8660 0.5000))) (M 1 0 2.694 0))) (T (C (C (T (a 0.25) (M 1.7321 1.0472 0.0000 -1.0000)) (T (a 0.25) (M 1.7321 3.1416 0.8660 0.5000))) (T (a 0.25) (M 1.7321 -1.0472 -0.8660 0.5000))) (M 1 0 4.491 0))) (M 0.594 0 0 0)),3,convex,line,6,balanced_data/dim_balanced/regular_polygons/dim2/var1/images/27.png
(T (repeat (C (C (T (a 0.25) (M 1.7321 1.0472 0.0000 -1.0000)) (T (a 0.25) (M 1.7321 3.1416 0.8660 0.5000))) (T (a 0.25) (M 1.7321 -1.0472 -0.8660 0.5000))) 3 0 0 0.900 2.29440) (M 0.750 0 0 0)),3,convex,spiral,3,balanced_data/dim_balanced/regular_polygons/dim2/var1/images/28.png
(T (repeat (C (C (T (a 0.25) (M 1.7321 1.0472 0.0000 -1.0000)) (T (a 0.25) (M 1.7321 3.1416 0.8660 0.5000))) (T (a 0.25) (M 1.7321 -1.0472 -0.8660 0.5000))) 4 0 0 0.900 1.77080) (M 0.750 0 0 0)),3,convex,spiral,4,balanced_data/dim_balanced/regular_polygons/dim2/var1/images/29.png
(T (repeat (C (C (T (a 0.25) (M 1.7321 1.0472 0.0000 -1.0000)) (T (a 0.25) (M 1.7321 3.1416 0.8660 0.5000))) (T (a 0.25) (M 1.7321 -1.0472 -0.8660 0.5000))) 5 0 0 0.900 1.45664) (M 0.750 0 0 0)),3,convex,spiral,5,balanced_data/dim_balanced/regular_polygons/dim2/var1/images/30.png
(T (repeat (C (C (T (a 0.25) (M 1.7321 1.0472 0.0000 -1.0000)) (T (a 0.25) (M 1.7321 3.1416 0.8660 0.5000))) (T (a 0.25) (M 1.7321 -1.0472 -0.8660 0.5000))) 6 0 0 0.900 1.24720) (M 0.750 0 0 0)),3,convex,spiral,6,balanced_data/dim_balanced/regular_polygons/dim2/var1/images/31.png
(T (C (C (T (C (C (T (a 0.25) (M 1.7321 1.0472 0.0000 -1.0000)) (T (a 0.25) (M 1.7321 3.1416 0.8660 0.5000))) (T (a 0.25) (M 1.7321 -1.0472 -0.8660 0.5000))) (M 1.00 0 0 0)) (T (C (C (T (a 0.25) (M 1.7321 1.0472 0.0000 -1.0000)) (T (a 0.25) (M 1.7321 3.1416 0.8660 0.5000))) (T (a 0.25) (M 1.7321 -1.0472 -0.8660 0.5000))) (M 1.40 0 0 0))) (T (C (C (T (a 0.25) (M 1.7321 1.0472 0.0000 -1.0000)) (T (a 0.25) (M 1.7321 3.1416 0.8660 0.5000))) (T (a 0.25) (M 1.7321 -1.0472 -0.8660 0.5000))) (M 1.80 0 0 0))) (M 0.750 0 0 0)),3,convex,scale_origin,3,balanced_data/dim_balanced/regular_polygons/dim2/var1/images/32.png
(T (C (C (C (T (C (C (T (a 0.25) (M 1.7321 1.0472 0.0000 -1.0000)) (T (a 0.25) (M 1.7321 3.1416 0.8660 0.5000))) (T (a 0.25) (M 1.7321 -1.0472 -0.8660 0.5000))) (M 1.00 0 0 0)) (T (C (C (T (a 0.25) (M 1.7321 1.0472 0.0000 -1.0000)) (T (a 0.25) (M 1.7321 3.1416 0.8660 0.5000))) (T (a 0.25) (M 1.7321 -1.0472 -0.8660 0.5000))) (M 1.40 0 0 0))) (T (C (C (T (a 0.25) (M 1.7321 1.0472 0.0000 -1.0000)) (T (a 0.25) (M 1.7321 3.1416 0.8660 0.5000))) (T (a 0.25) (M 1.7321 -1.0472 -0.8660 0.5000))) (M 1.80 0 0 0))) (T (C (C (T (a 0.25) (M 1.7321 1.0472 0.0000 -1.0000)) (T (a 0.25) (M 1.7321 3.1416 0.8660 0.5000))) (T (a 0.25) (M 1.7321 -1.0472 -0.8660 0.5000))) (M 2.20 0 0 0))) (M 0.750 0 0 0)),3,convex,scale_origin,4,balanced_data/dim_balanced/regular_polygons/dim2/var1/images/33.png
(T (C (C (C (C (T (C (C (T (a 0.25) (M 1.7321 1.0472 0.0000 -1.0000)) (T (a 0.25) (M 1.7321 3.1416 0.8660 0.5000))) (T (a 0.25) (M 1.7321 -1.0472 -0.8660 0.5000))) (M 1.00 0 0 0)) (T (C (C (T (a 0.25) (M 1.7321 1.0472 0.0000 -1.0000)) (T (a 0.25) (M 1.7321 3.1416 0.8660 0.5000))) (T (a 0.25) (M 1.7321 -1.0472 -0.8660 0.5000))) (M 1.40 0 0 0))) (T (C (C (T (a 0.25) (M 1.7321 1.0472 0.0000 -1.0000)) (T (a 0.25) (M 1.7321 3.1416 0.8660 0.5000))) (T (a 0.25) (M 1.7321 -1.0472 -0.8660 0.5000))) (M 1.80 0 0 0))) (T (C (C (T (a 0.25) (M 1.7321 1.0472 0.0000 -1.0000)) (T (a 0.25) (M 1.7321 3.1416 0.8660 0.5000))) (T (a 0.25) (M 1.7321 -1.0472 -0.8660 0.5000))) (M 2.20 0 0 0))) (T (C (C (T (a 0.25) (M 1.7321 1.0472 0.0000 -1.0000)) (T (a 0.25) (M 1.7321 3.1416 0.8660 0.5000))) (T (a 0.25) (M 1.7321 -1.0472 -0.8660 0.5000))) (M 2.60 0 0 0))) (M 0.750 0 0 0)),3,convex,scale_origin,5,balanced_data/dim_balanced/regular_polygons/dim2/var1/images/34.png
(T (C (C (C (C (C (T (C (C (T (a 0.25) (M 1.7321 1.0472 0.0000 -1.0000)) (T (a 0.25) (M 1.7321 3.1416 0.8660 0.5000))) (T (a 0.25) (M 1.7321 -1.0472 -0.8660 0.5000))) (M 1.00 0 0 0)) (T (C (C (T (a 0.25) (M 1.7321 1.0472 0.0000 -1.0000)) (T (a 0.25) (M 1.7321 3.1416 0.8660 0.5000))) (T (a 0.25) (M 1.7321 -1.0472 -0.8660 0.5000))) (M 1.40 0 0 0))) (T (C (C (T (a 0.25) (M 1.7321 1.0472 0.0000 -1.0000)) (T (a 0.25) (M 1.7321 3.1416 0.8660 0.5000))) (T (a 0.25) (M 1.7321 -1.0472 -0.8660 0.5000))) (M 1.80 0 0 0))) (T (C (C (T (a 0.25) (M 1.7321 1.0472 0.0000 -1.0000)) (T (a 0.25) (M 1.7321 3.1416 0.8660 0.5000))) (T (a 0.25) (M 1.7321 -1.0472 -0.8660 0.5000))) (M 2.20 0 0 0))) (T (C (C (T (a 0.25) (M 1.7321 1.0472 0.0000 -1.0000)) (T (a 0.25) (M 1.7321 3.1416 0.8660 0.5000))) (T (a 0.25) (M 1.7321 -1.0472 -0.8660 0.5000))) (M 2.60 0 0 0))) (T (C (C (T (a 0.25) (M 1.7321 1.0472 0.0000 -1.0000)) (T (a 0.25) (M 1.7321 3.1416 0.8660 0.5000))) (T (a 0.25) (M 1.7321 -1.0472 -0.8660 0.5000))) (M 3.00 0 0 0))) (M 0.742 0 0 0)),3,convex,scale_origin,6,balanced_data/dim_balanced/regular_polygons/dim2/var1/images/35.png
(T (C (C (T (C (C (T (a 0.25) (M 1.7321 1.0472 0.0000 -1.0000)) (T (a 0.25) (M 1.7321 3.1416 0.8660 0.5000))) (T (a 0.25) (M 1.7321 -1.0472 -0.8660 0.5000))) (M 1.000 0 0.000 0.000)) (T (C (C (T (a 0.25) (M 1.7321 1.0472 0.0000 -1.0000)) (T (a 0.25) (M 1.7321 3.1416 0.8660 0.5000))) (T (a 0.25) (M 1.7321 -1.0472 -0.8660 0.5000))) (M 1.400 0 0.400 0.400))) (T (C (C (T (a 0.25) (M 1.7321 1.0472 0.0000 -1.0000)) (T (a 0.25) (M 1.7321 3.1416 0.8660 0.5000))) (T (a 0.25) (M 1.7321 -1.0472 -0.8660 0.5000))) (M 1.960 0 0.960 0.960))) (M 0.750 0 0 0)),3,convex,scale_outward,3,balanced_data/dim_balanced/regular_polygons/dim2/var1/images/36.png
(T (C (C (C (T (C (C (T (a 0.25) (M 1.7321 1.0472 0.0000 -1.0000)) (T (a 0.25) (M 1.7321 3.1416 0.8660 0.5000))) (T (a 0.25) (M 1.7321 -1.0472 -0.8660 0.5000))) (M 1.000 0 0.000 0.000)) (T (C (C (T (a 0.25) (M 1.7321 1.0472 0.0000 -1.0000)) (T (a 0.25) (M 1.7321 3.1416 0.8660 0.5000))) (T (a 0.25) (M 1.7321 -1.0472 -0.8660 0.5000))) (M 1.400 0 0.400 0.400))) (T (C (C (T (a 0.25) (M 1.7321 1.0472 0.0000 -1.0000)) (T (a 0.25) (M 1.7321 3.1416 0.8660 0.5000))) (T (a 0.25) (M 1.7321 -1.0472 -0.8660 0.5000))) (M 1.960 0 0.960 0.960))) (T (C (C (T (a 0.25) (M 1.7321 1.0472 0.0000 -1.0000)) (T (a 0.25) (M 1.7321 3.1416 0.8660 0.5000))) (T (a 0.25) (M 1.7321 -1.0472 -0.8660 0.5000))) (M 2.744 0 1.744 1.744))) (M 0.750 0 0 0)),3,convex,scale_outward,4,balanced_data/dim_balanced/regular_polygons/dim2/var1/images/37.png
(T (C (C (C (C (T (C (C (T (a 0.25) (M 1.7321 1.0472 0.0000 -1.0000)) (T (a 0.25) (M 1.7321 3.1416 0.8660 0.5000))) (T (a 0.25) (M 1.7321 -1.0472 -0.8660 0.5000))) (M 1.000 0 0.000 0.000)) (T (C (C (T (a 0.25) (M 1.7321 1.0472 0.0000 -1.0000)) (T (a 0.25) (M 1.7321 3.1416 0.8660 0.5000))) (T (a 0.25) (M 1.7321 -1.0472 -0.8660 0.5000))) (M 1.400 0 0.400 0.400))) (T (C (C (T (a 0.25) (M 1.7321 1.0472 0.0000 -1.0000)) (T (a 0.25) (M 1.7321 3.1416 0.8660 0.5000))) (T (a 0.25) (M 1.7321 -1.0472 -0.8660 0.5000))) (M 1.960 0 0.960 0.960))) (T (C (C (T (a 0.25) (M 1.7321 1.0472 0.0000 -1.0000)) (T (a 0.25) (M 1.7321 3.1416 0.8660 0.5000))) (T (a 0.25) (M 1.7321 -1.0472 -0.8660 0.5000))) (M 2.744 0 1.744 1.744))) (T (C (C (T (a 0.25) (M 1.7321 1.0472 0.0000 -1.0000)) (T (a 0.25) (M 1.7321 3.1416 0.8660 0.5000))) (T (a 0.25) (M 1.7321 -1.0472 -0.8660 0.5000))) (M 3.842 0 2.842 2.842))) (M 0.560 0 0 0)),3,convex,scale_outward,5,balanced_data/dim_balanced/regular_polygons/dim2/var1/images/38.png
(T (C (C (C (C (C (T (C (C (T (a 0.25) (M 1.7321 1.0472 0.0000 -1.0000)) (T (a 0.25) (M 1.7321 3.1416 0.8660 0.5000))) (T (a 0.25) (M 1.7321 -1.0472 -0.8660 0.5000))) (M 1.000 0 0.000 0.000)) (T (C (C (T (a 0.25) (M 1.7321 1.0472 0.0000 -1.0000)) (T (a 0.25) (M 1.7321 3.1416 0.8660 0.5000))) (T (a 0.25) (M 1.7321 -1.0472 -0.8660 0.5000))) (M 1.400 0 0.400 0.400))) (T (C (C (T (a 0.25) (M 1.7321 1.0472 0.0000 -1.0000)) (T (a 0.25) (M 1.7321 3.1416 0.8660 0.5000))) (T (a 0.25) (M 1.7321 -1.0472 -0.8660 0.5000))) (M 1.960 0 0.960 0.960))) (T (C (C (T (a 0.25) (M 1.7321 1.0472 0.0000 -1.0000)) (T (a 0.25) (M 1.7321 3.1416 0.8660 0.5000))) (T (a 0.25) (M 1.7321 -1.0472 -0.8660 0.5000))) (M 2.744 0 1.744 1.744))) (T (C (C (T (a 0.25) (M 1.7321 1.0472 0.0000 -1.0000)) (T (a 0.25) (M 1.7321 3.1416 0.8660 0.5000))) (T (a 0.25) (M 1.7321 -1.0472 -0.8660 0.5000))) (M 3.842 0 2.842 2.842))) (T (C (C (T (a 0.25) (M 1.7321 1.0472 0.0000 -1.0000)) (T (a 0.25) (M 1.7321 3.1416 0.8660 0.5000))) (T (a 0.25) (M 1.7321 -1.0472 -0.8660 0.5000))) (M 5.378 0 4.378 4.378))) (M 0.411 0 0 0)),3,convex,scale_outward,6,balanced_data/dim_balanced/regular_polygons/dim2/var1/images/39.png
(T (C (C (T (C (C (T (a -0.25) (M 1.7321 1.0472 0.0000 -1.0000)) (T (a -0.25) (M 1.7321 3.1416 0.8660 0.5000))) (T (a -0.25) (M 1.7321 -1.0472 -0.8660 0.5000))) (M 1 0 1.800 0.000)) (T (C (C (T (a -0.25) (M 1.7321 1.0472 0.0000 -1.0000)) (T (a -0.25) (M 1.7321 3.1416 0.8660 0.5000))) (T (a -0.25) (M 1.7321 -1.0472 -0.8660 0.5000))) (M 1 0 -0.900 1.559))) (T (C (C (T (a -0.25) (M 1.7321 1.0472 0.0000 -1.0000)) (T (a -0.25) (M 1.7321 3.1416 0.8660 0.5000))) (T (a -0.25) (M 1.7321 -1.0472 -0.8660 0.5000))) (M 1 0 -0.900 -1.559))) (M 0.750 0 0 0)),3,concave,radial,3,balanced_data/dim_balanced/regular_polygons/dim2/var1/images/40.png
(T (C (C (C (T (C (C (T (a -0.25) (M 1.7321 1.0472 0.0000 -1.0000)) (T (a -0.25) (M 1.7321 3.1416 0.8660 0.5000))) (T (a -0.25) (M 1.7321 -1.0472 -0.8660 0.5000))) (M 1 0 1.800 0.000)) (T (C (C (T (a -0.25) (M 1.7321 1.0472 0.0000 -1.0000)) (T (a -0.25) (M 1.7321 3.1416 0.8660 0.5000))) (T (a -0.25) (M 1.7321 -1.0472 -0.8660 0.5000))) (M 1 0 0.000 1.800))) (T (C (C (T (a -0.25) (M 1.7321 1.0472 0.0000 -1.0000)) (T (a -0.25) (M 1.7321 3.1416 0.8660 0.5000))) (T (a -0.25) (M 1.7321 -1.0472 -0.8660 0.5000))) (M 1 0 -1.800 0.000))) (T (C (C (T (a -0.25) (M 1.7321 1.0472 0.0000 -1.0000)) (T (a -0.25) (M 1.7321 3.1416 0.8660 0.5000))) (T (a -0.25) (M 1.7321 -1.0472 -0.8660 0.5000))) (M 1 0 -0.000 -1.800))) (M 0.750 0 0 0)),3,concave,radial,4,balanced_data/dim_balanced/regular_polygons/dim2/var1/images/41.png
(T (C (C (C (C (T (C (C (T (a -0.25) (M 1.7321 1.0472 0.0000 -1.0000)) (T (a -0.25) (M 1.7321 3.1416 0.8660 0.5000))) (T (a -0.25) (M 1.7321 -1.0472 -0.8660 0.5000))) (M 1 0 1.800 0.000)) (T (C (C (T (a -0.25) (M 1.7321 1.0472 0.0000 -1.0000)) (T (a -0.25) (M 1.7321 3.1416 0.8660 0.5000))) (T (a -0.25) (M 1.7321 -1.0472 -0.8660 0.5000))) (M 1 0 0.556 1.712))) (T (C (C (T (a -0.25) (M 1.7321 1.0472 0.0000 -1.0000)) (T (a -0.25) (M 1.7321 3.1416 0.8660 0.5000))) (T (a -0.25) (M 1.7321 -1.0472 -0.8660 0.5000))) (M 1 0 -1.456 1.058))) (T (C (C (T (a -0.25) (M 1.7321 1.0472 0.0000 -1.0000)) (T (a -0.25) (M 1.7321 3.1416 0.8660 0.5000))) (T (a -0.25) (M 1.7321 -1.0472 -0.8660 0.5000))) (M 1 0 -1.456 -1.058))) (T (C (C (T (a -0.25) (M 1.7321 1.0472 0.0000 -1.0000)) (T (a -0.25) (M 1.7321 3.1416 0.8660 0.5000))) (T (a -0.25) (M 1.7321 -1.0472 -0.8660 0.5000))) (M 1 0 0.556 -1.712))) (M 0.750 0 0 0)),3,concave,radial,5,balanced_data/dim_balanced/regular_polygons/dim2/var1/images/42.png
(T (C (C (C (C (C (T (C (C (T (a -0.25) (M 1.7321 1.0472 0.0000 -1.0000)) (T (a -0.25) (M 1.7321 3.1416 0.8660 0.5000))) (T (a -0.25) (M 1.7321 -1.0472 -0.8660 0.5000))) (M 1 0 1.800 0.000)) (T (C (C (T (a -0.25) (M 1.7321 1.0472 0.0000 -1.0000)) (T (a -0.25) (M 1.7321 3.1416 0.8660 0.5000))) (T (a -0.25) (M 1.7321 -1.0472 -0.8660 0.5000))) (M 1 0 0.900 1.559))) (T (C (C (T (a -0.25) (M 1.7321 1.0472 0.0000 -1.0000)) (T (a -0.25) (M 1.7321 3.1416 0.8660 0.5000))) (T (a -0.25) (M 1.7321 -1.0472 -0.8660 0.5000))) (M 1 0 -0.900 1.559))) (T (C (C (T (a -0.25) (M 1.7321 1.0472 0.0000 -1.0000)) (T (a -0.25) (M 1.7321 3.1416 0.8660 0.5000))) (T (a -0.25) (M 1.7321 -1.0472 -0.8660 0.5000))) (M 1 0 -1.800 0.000))) (T (C (C (T (a -0.25) (M 1.7321 1.0472 0.0000 -1.0000)) (T (a -0.25) (M 1.7321 3.1416 0.8660 0.5000))) (T (a -0.25) (M 1.7321 -1.0472 -0.8660 0.5000))) (M 1 0 -0.900 -1.559))) (T (C (C (T (a -0.25) (M 1.7321 1.0472 0.0000 -1.0000)) (T (a -0.25) (M 1.7321 3.1416 0.8660 0.5000))) (T (a -0.25) (M 1.7321 -1.0472 -0.8660 0.5000))) (M 1 0 0.900 -1.559))) (M 0.750 0 0 0)),3,concave,radial,6,balanced_data/dim_balanced/regular_polygons/dim2/var1/images/43.png
(T (C (C (T (C (C (T (a -0.25) (M 1.7321 1.0472 0.0000 -1.0000)) (T (a -0.25) (M 1.7321 3.1416 0.8660 0.5000))) (T (a -0.25) (M 1.7321 -1.0472 -0.8660 0.5000))) (M 1 0 -2.540 0)) (T (C (C (T (a -0.25) (M 1.7321 1.0472 0.0000 -1.0000)) (T (a -0.25) (M 1.7321 3.1416 0.8660 0.5000))) (T (a -0.25) (M 1.7321 -1.0472 -0.8660 0.5000))) (M 1 0 0.000 0))) (T (C (C (T (a -0.25) (M 1.7321 1.0472 0.0000 -1.0000)) (T (a -0.25) (M 1.7321 3.1416 0.8660 0.5000))) (T (a -0.25) (M 1.7321 -1.0472 -0.8660 0.5000))) (M 1 0 2.540 0))) (M 0.750 0 0 0)),3,concave,line,3,balanced_data/dim_balanced/regular_polygons/dim2/var1/images/44.png
(T (C (C (C (T (C (C (T (a -0.25) (M 1.7321 1.0472 0.0000 -1.0000)) (T (a -0.25) (M 1.7321 3.1416 0.8660 0.5000))) (T (a -0.25) (M 1.7321 -1.0472 -0.8660 0.5000))) (M 1 0 -3.300 0)) (T (C (C (T (a -0.25) (M 1.7321 1.0472 0.0000 -1.0000)) (T (a -0.25) (M 1.7321 3.1416 0.8660 0.5000))) (T (a -0.25) (M 1.7321 -1.0472 -0.8660 0.5000))) (M 1 0 -1.100 0))) (T (C (C (T (a -0.25) (M 1.7321 1.0472 0.0000 -1.0000)) (T (a -0.25) (M 1.7321 3.1416 0.8660 0.5000))) (T (a -0.25) (M 1.7321 -1.0472 -0.8660 0.5000))) (M 1 0 1.100 0))) (T (C (C (T (a -0.25) (M 1.7321 1.0472 0.0000 -1.0000)) (T (a -0.25) (M 1.7321 3.1416 0.8660 0.5000))) (T (a -0.25) (M 1.7321 -1.0472 -0.8660 0.5000))) (M 1 0 3.300 0))) (M 0.750 0 0 0)),3,concave,line,4,balanced_data/dim_balanced/regular_polygons/dim2/var1/images/45.png
(T (C (C (C (C (T (C (C (T (a -0.25) (M 1.7321 1.0472 0.0000 -1.0000)) (T (a -0.25) (M 1.7321 3.1416 0.8660 0.5000))) (T (a -0.25) (M 1.7321 -1.0472 -0.8660 0.5000))) (M 1 0 -3.935 0)) (T (C (C (T (a -0.25) (M 1.7321 1.0472 0.0000 -1.0000)) (T (a -0.25) (M 1.7321 3.1416 0.8660 0.5000))) (T (a -0.25) (M 1.7321 -1.0472 -0.8660 0.5000))) (M 1 0 -1.968 0))) (T (C (C (T (a -0.25) (M 1.7321 1.0472 0.0000 -1.0000)) (T (a -0.25) (M 1.7321 3.1416 0.8660 0.5000))) (T (a -0.25) (M 1.7321 -1.0472 -0.8660 0.5000))) (M 1 0 0.000 0))) (T (C (C (T (a -0.25) (M 1.7321 1.0472 0.0000 -1.0000)) (T (a -0.25) (M 1.7321 3.1416 0.8660 0.5000))) (T (a -0.25) (M 1.7321 -1.0472 -0.8660 0.5000))) (M 1 0 1.968 0))) (T (C (C (T (a -0.25) (M 1.7321 1.0472 0.0000 -1.0000)) (T (a -0.25) (M 1.7321 3.1416 0.8660 0.5000))) (T (a -0.25) (M 1.7321 -1.0472 -0.8660 0.5000))) (M 1 0 3.935 0))) (M 0.750 0 0 0)),3,concave,line,5,balanced_data/dim_balanced/regular_polygons/dim2/var1/images/46.png
(T (C (C (C (C (C (T (C (C (T (a -0.25) (M 1.7321 1.0472 0.0000 -1.0000)) (T (a -0.25) (M 1.7321 3.1416 0.8660 0.5000))) (T (a -0.25) (M 1.7321 -1.0472 -0.8660 0.5000))) (M 1 0 -4.491 0)) (T (C (C (T (a -0.25) (M 1.7321 1.0472 0.0000 -1.0000)) (T (a -0.25) (M 1.7321 3.1416 0.8660 0.5000))) (T (a -0.25) (M 1.7321 -1.0472 -0.8660 0.5000))) (M 1 0 -2.694 0))) (T (C (C (T (a -0.25) (M 1.7321 1.0472 0.0000 -1.0000)) (T (a -0.25) (M 1.7321 3.1416 0.8660 0.5000))) (T (a -0.25) (M 1.7321 -1.0472 -0.8660 0.5000))) (M 1 0 -0.898 0))) (T (C (C (T (a -0.25) (M 1.7321 1.0472 0.0000 -1.0000)) (T (a -0.25) (M 1.7321 3.1416 0.8660 0.5000))) (T (a -0.25) (M 1.7321 -1.0472 -0.8660 0.5000))) (M 1 0 0.898 0))) (T (C (C (T (a -0.25) (M 1.7321 1.0472 0.0000 -1.0000)) (T (a -0.25) (M 1.7321 3.1416 0.8660 0.5000))) (T (a -0.25) (M 1.7321 -1.0472 -0.8660 0.5000))) (M 1 0 2.694 0))) (T (C (C (T (a -0.25) (M 1.7321 1.0472 0.0000 -1.0000)) (T (a -0.25) (M 1.7321 3.1416 0.8660 0.5000))) (T (a -0.25) (M 1.7321 -1.0472 -0.8660 0.5000))) (M 1 0 4.491 0))) (M 0.738 0 0 0)),3,concave,line,6,balanced_data/dim_balanced/regular_polygons/dim2/var1/images/47.png
(T (repeat (C (C (T (a -0.25) (M 1.7321 1.0472 0.0000 -1.0000)) (T (a -0.25) (M 1.7321 3.1416 0.8660 0.5000))) (T (a -0.25) (M 1.7321 -1.0472 -0.8660 0.5000))) 3 0 0 0.900 2.29440) (M 0.750 0 0 0)),3,concave,spiral,3,balanced_data/dim_balanced/regular_polygons/dim2/var1/images/48.png
(T (repeat (C (C (T (a -0.25) (M 1.7321 1.0472 0.0000 -1.0000)) (T (a -0.25) (M 1.7321 3.1416 0.8660 0.5000))) (T (a -0.25) (M 1.7321 -1.0472 -0.8660 0.5000))) 4 0 0 0.900 1.77080) (M 0.750 0 0 0)),3,concave,spiral,4,balanced_data/dim_balanced/regular_polygons/dim2/var1/images/49.png
(T (repeat (C (C (T (a -0.25) (M 1.7321 1.0472 0.0000 -1.0000)) (T (a -0.25) (M 1.7321 3.1416 0.8660 0.5000))) (T (a -0.25) (M 1.7321 -1.0472 -0.8660 0.5000))) 5 0 0 0.900 1.45664) (M 0.750 0 0 0)),3,concave,spiral,5,balanced_data/dim_balanced/regular_polygons/dim2/var1/images/50.png
(T (repeat (C (C (T (a -0.25) (M 1.7321 1.0472 0.0000 -1.0000)) (T (a -0.25) (M 1.7321 3.1416 0.8660 0.5000))) (T (a -0.25) (M 1.7321 -1.0472 -0.8660 0.5000))) 6 0 0 0.900 1.24720) (M 0.750 0 0 0)),3,concave,spiral,6,balanced_data/dim_balanced/regular_polygons/dim2/var1/images/51.png
(T (C (C (T (C (C (T (a -0.25) (M 1.7321 1.0472 0.0000 -1.0000)) (T (a -0.25) (M 1.7321 3.1416 0.8660 0.5000))) (T (a -0.25) (M 1.7321 -1.0472 -0.8660 0.5000))) (M 1.00 0 0 0)) (T (C (C (T (a -0.25) (M 1.7321 1.0472 0.0000 -1.0000)) (T (a -0.25) (M 1.7321 3.1416 0.8660 0.5000))) (T (a -0.25) (M 1.7321 -1.0472 -0.8660 0.5000))) (M 1.40 0 0 0))) (T (C (C (T (a -0.25) (M 1.7321 1.0472 0.0000 -1.0000)) (T (a -0.25) (M 1.7321 3.1416 0.8660 0.5000))) (T (a -0.25) (M 1.7321 -1.0472 -0.8660 0.5000))) (M 1.80 0 0 0))) (M 0.750 0 0 0)),3,concave,scale_origin,3,balanced_data/dim_balanced/regular_polygons/dim2/var1/images/52.png
(T (C (C (C (T (C (C (T (a -0.25) (M 1.7321 1.0472 0.0000 -1.0000)) (T (a -0.25) (M 1.7321 3.1416 0.8660 0.5000))) (T (a -0.25) (M 1.7321 -1.0472 -0.8660 0.5000))) (M 1.00 0 0 0)) (T (C (C (T (a -0.25) (M 1.7321 1.0472 0.0000 -1.0000)) (T (a -0.25) (M 1.7321 3.1416 0.8660 0.5000))) (T (a -0.25) (M 1.7321 -1.0472 -0.8660 0.5000))) (M 1.40 0 0 0))) (T (C (C (T (a -0.25) (M 1.7321 1.0472 0.0000 -1.0000)) (T (a -0.25) (M 1.7321 3.1416 0.8660 0.5000))) (T (a -0.25) (M 1.7321 -1.0472 -0.8660 0.5000))) (M 1.80 0 0 0))) (T (C (C (T (a -0.25) (M 1.7321 1.0472 0.0000 -1.0000)) (T (a -0.25) (M 1.7321 3.1416 0.8660 0.5000))) (T (a -0.25) (M 1.7321 -1.0472 -0.8660 0.5000))) (M 2.20 0 0 0))) (M 0.750 0 0 0)),3,concave,scale_origin,4,balanced_data/dim_balanced/regular_polygons/dim2/var1/images/53.png
(T (C (C (C (C (T (C (C (T (a -0.25) (M 1.7321 1.0472 0.0000 -1.0000)) (T (a -0.25) (M 1.7321 3.1416 0.8660 0.5000))) (T (a -0.25) (M 1.7321 -1.0472 -0.8660 0.5000))) (M 1.00 0 0 0)) (T (C (C (T (a -0.25) (M 1.7321 1.0472 0.0000 -1.0000)) (T (a -0.25) (M 1.7321 3.1416 0.8660 0.5000))) (T (a -0.25) (M 1.7321 -1.0472 -0.8660 0.5000))) (M 1.40 0 0 0))) (T (C (C (T (a -0.25) (M 1.7321 1.0472 0.0000 -1.0000)) (T (a -0.25) (M 1.7321 3.1416 0.8660 0.5000))) (T (a -0.25) (M 1.7321 -1.0472 -0.8660 0.5000))) (M 1.80 0 0 0))) (T (C (C (T (a -0.25) (M 1.7321 1.0472 0.0000 -1.0000)) (T (a -0.25) (M 1.7321 3.1416 0.8660 0.5000))) (T (a -0.25) (M 1.7321 -1.0472 -0.8660 0.5000))) (M 2.20 0 0 0))) (T (C (C (T (a -0.25) (M 1.7321 1.0472 0.0000 -1.0000)) (T (a -0.25) (M 1.7321 3.1416 0.8660 0.5000))) (T (a -0.25) (M 1.7321 -1.0472 -0.8660 0.5000))) (M 2.60 0 0 0))) (M 0.750 0 0 0)),3,concave,scale_origin,5,balanced_data/dim_balanced/regular_polygons/dim2/var1/images/54.png
(T (C (C (C (C (C (T (C (C (T (a -0.25) (M 1.7321 1.0472 0.0000 -1.0000)) (T (a -0.25) (M 1.7321 3.1416 0.8660 0.5000))) (T (a -0.25) (M 1.7321 -1.0472 -0.8660 0.5000))) (M 1.00 0 0 0)) (T (C (C (T (a -0.25) (M 1.7321 1.0472 0.0000 -1.0000)) (T (a -0.25) (M 1.7321 3.1416 0.8660 0.5000))) (T (a -0.25) (M 1.7321 -1.0472 -0.8660 0.5000))) (M 1.40 0 0 0))) (T (C (C (T (a -0.25) (M 1.7321 1.0472 0.0000 -1.0000)) (T (a -0.25) (M 1.7321 3.1416 0.8660 0.5000))) (T (a -0.25) (M 1.7321 -1.0472 -0.8660 0.5000))) (M 1.80 0 0 0))) (T (C (C (T (a -0.25) (M 1.7321 1.0472 0.0000 -1.0000)) (T (a -0.25) (M 1.7321 3.1416 0.8660 0.5000))) (T (a -0.25) (M 1.7321 -1.0472 -0.8660 0.5000))) (M 2.20 0 0 0))) (T (C (C (T (a -0.25) (M 1.7321 1.0472 0.0000 -1.0000)) (T (a -0.25) (M 1.7321 3.1416 0.8660 0.5000))) (T (a -0.25) (M 1.7321 -1.0472 -0.8660 0.5000))) (M 2.60 0 0 0))) (T (C (C (T (a -0.25) (M 1.7321 1.0472 0.0000 -1.0000)) (T (a -0.25) (M 1.7321 3.1416 0.8660 0.5000))) (T (a -0.25) (M 1.7321 -1.0472 -0.8660 0.5000))) (M 3.00 0 0 0))) (M 0.750 0 0 0)),3,concave,scale_origin,6,balanced_data/dim_balanced/regular_polygons/dim2/var1/images/55.png
(T (C (C (T (C (C (T (a -0.25) (M 1.7321 1.0472 0.0000 -1.0000)) (T (a -0.25) (M 1.7321 3.1416 0.8660 0.5000))) (T (a -0.25) (M 1.7321 -1.0472 -0.8660 0.5000))) (M 1.000 0 0.000 0.000)) (T (C (C (T (a -0.25) (M 1.7321 1.0472 0.0000 -1.0000)) (T (a -0.25) (M 1.7321 3.1416 0.8660 0.5000))) (T (a -0.25) (M 1.7321 -1.0472 -0.8660 0.5000))) (M 1.400 0 0.400 0.400))) (T (C (C (T (a -0.25) (M 1.7321 1.0472 0.0000 -1.0000)) (T (a -0.25) (M 1.7321 3.1416 0.8660 0.5000))) (T (a -0.25) (M 1.7321 -1.0472 -0.8660 0.5000))) (M 1.960 0 0.960 0.960))) (M 0.750 0 0 0)),3,concave,scale_outward,3,balanced_data/dim_balanced/regular_polygons/dim2/var1/images/56.png
(T (C (C (C (T (C (C (T (a -0.25) (M 1.7321 1.0472 0.0000 -1.0000)) (T (a -0.25) (M 1.7321 3.1416 0.8660 0.5000))) (T (a -0.25) (M 1.7321 -1.0472 -0.8660 0.5000))) (M 1.000 0 0.000 0.000)) (T (C (C (T (a -0.25) (M 1.7321 1.0472 0.0000 -1.0000)) (T (a -0.25) (M 1.7321 3.1416 0.8660 0.5000))) (T (a -0.25) (M 1.7321 -1.0472 -0.8660 0.5000))) (M 1.400 0 0.400 0.400))) (T (C (C (T (a -0.25) (M 1.7321 1.0472 0.0000 -1.0000)) (T (a -0.25) (M 1.7321 3.1416 0.8660 0.5000))) (T (a -0.25) (M 1.7321 -1.0472 -0.8660 0.5000))) (M 1.960 0 0.960 0.960))) (T (C (C (T (a -0.25) (M 1.7321 1.0472 0.0000 -1.0000)) (T (a -0.25) (M 1.7321 3.1416 0.8660 0.5000))) (T (a -0.25) (M 1.7321 -1.0472 -0.8660 0.5000))) (M 2.744 0 1.744 1.744))) (M 0.750 0 0 0)),3,concave,scale_outward,4,balanced_data/dim_balanced/regular_polygons/dim2/var1/images/57.png
(T (C (C (C (C (T (C (C (T (a -0.25) (M 1.7321 1.0472 0.0000 -1.0000)) (T (a -0.25) (M 1.7321 3.1416 0.8660 0.5000))) (T (a -0.25) (M 1.7321 -1.0472 -0.8660 0.5000))) (M 1.000 0 0.000 0.000)) (T (C (C (T (a -0.25) (M 1.7321 1.0472 0.0000 -1.0000)) (T (a -0.25) (M 1.7321 3.1416 0.8660 0.5000))) (T (a -0.25) (M 1.7321 -1.0472 -0.8660 0.5000))) (M 1.400 0 0.400 0.400))) (T (C (C (T (a -0.25) (M 1.7321 1.0472 0.0000 -1.0000)) (T (a -0.25) (M 1.7321 3.1416 0.8660 0.5000))) (T (a -0.25) (M 1.7321 -1.0472 -0.8660 0.5000))) (M 1.960 0 0.960 0.960))) (T (C (C (T (a -0.25) (M 1.7321 1.0472 0.0000 -1.0000)) (T (a -0.25) (M 1.7321 3.1416 0.8660 0.5000))) (T (a -0.25) (M 1.7321 -1.0472 -0.8660 0.5000))) (M 2.744 0 1.744 1.744))) (T (C (C (T (a -0.25) (M 1.7321 1.0472 0.0000 -1.0000)) (T (a -0.25) (M 1.7321 3.1416 0.8660 0.5000))) (T (a -0.25) (M 1.7321 -1.0472 -0.8660 0.5000))) (M 3.842 0 2.842 2.842))) (M 0.697 0 0 0)),3,concave,scale_outward,5,balanced_data/dim_balanced/regular_polygons/dim2/var1/images/58.png
(T (C (C (C (C (C (T (C (C (T (a -0.25) (M 1.7321 1.0472 0.0000 -1.0000)) (T (a -0.25) (M 1.7321 3.1416 0.8660 0.5000))) (T (a -0.25) (M 1.7321 -1.0472 -0.8660 0.5000))) (M 1.000 0 0.000 0.000)) (T (C (C (T (a -0.25) (M 1.7321 1.0472 0.0000 -1.0000)) (T (a -0.25) (M 1.7321 3.1416 0.8660 0.5000))) (T (a -0.25) (M 1.7321 -1.0472 -0.8660 0.5000))) (M 1.400 0 0.400 0.400))) (T (C (C (T (a -0.25) (M 1.7321 1.0472 0.0000 -1.0000)) (T (a -0.25) (M 1.7321 3.1416 0.8660 0.5000))) (T (a -0.25) (M 1.7321 -1.0472 -0.8660 0.5000))) (M 1.960 0 0.960 0.960))) (T (C (C (T (a -0.25) (M 1.7321 1.0472 0.0000 -1.0000)) (T (a -0.25) (M 1.7321 3.1416 0.8660 0.5000))) (T (a -0.25) (M 1.7321 -1.0472 -0.8660 0.5000))) (M 2.744 0 1.744 1.744))) (T (C (C (T (a -0.25) (M 1.7321 1.0472 0.0000 -1.0000)) (T (a -0.25) (M 1.7321 3.1416 0.8660 0.5000))) (T (a -0.25) (M 1.7321 -1.0472 -0.8660 0.5000))) (M 3.842 0 2.842 2.842))) (T (C (C (T (a -0.25) (M 1.7321 1.0472 0.0000 -1.0000)) (T (a -0.25) (M 1.7321 3.1416 0.8660 0.5000))) (T (a -0.25) (M 1.7321 -1.0472 -0.8660 0.5000))) (M 5.378 0 4.378 4.378))) (M 0.515 0 0 0)),3,concave,scale_outward,6,balanced_data/dim_balanced/regular_polygons/dim2/var1/images/59.png
(T (C (C (T (C (C (C (T l (M 1.4142 0.7854 0.0000 -1.0000)) (T l (M 1.4142 2.3562 1.0000 0.0000))) (T l (M 1.4142 -2.3562 0.0000 1.0000))) (T l (M 1.4142 -0.7854 -1.0000 0.0000))) (M 1 0 1.800 0.000)) (T (C (C (C (T l (M 1.4142 0.7854 0.0000 -1.0000)) (T l (M 1.4142 2.3562 1.0000 0.0000))) (T l (M 1.4142 -2.3562 0.0000 1.0000))) (T l (M 1.4142 -0.7854 -1.0000 0.0000))) (M 1 0 -0.900 1.559))) (T (C (C (C (T l (M 1.4142 0.7854 0.0000 -1.0000)) (T l (M 1.4142 2.3562 1.0000 0.0000))) (T l (M 1.4142 -2.3562 0.0000 1.0000))) (T l (M 1.4142 -0.7854 -1.0000 0.0000))) (M 1 0 -0.900 -1.559))) (M 0.750 0 0 0)),4,straight,radial,3,balanced_data/dim_balanced/regular_polygons/dim2/var1/images/60.png
(T (C (C (C (T (C (C (C (T l (M 1.4142 0.7854 0.0000 -1.0000)) (T l (M 1.4142 2.3562 1.0000 0.0000))) (T l (M 1.4142 -2.3562 0.0000 1.0000))) (T l (M 1.4142 -0.7854 -1.0000 0.0000))) (M 1 0 1.800 0.000)) (T (C (C (C (T l (M 1.4142 0.7854 0.0000 -1.0000)) (T l (M 1.4142 2.3562 1.0000 0.0000))) (T l (M 1.4142 -2.3562 0.0000 1.0000))) (T l (M 1.4142 -0.7854 -1.0000 0.0000))) (M 1 0 0.000 1.800))) (T (C (C (C (T l (M 1.4142 0.7854 0.0000 -1.0000)) (T l (M 1.4142 2.3562 1.0000 0.0000))) (T l (M 1.4142 -2.3562 0.0000 1.0000))) (T l (M 1.4142 -0.7854 -1.0000 0.0000))) (M 1 0 -1.800 0.000))) (T (C (C (C (T l (M 1.4142 0.7854 0.0000 -1.0000)) (T l (M 1.4142 2.3562 1.0000 0.0000))) (T l (M 1.4142 -2.3562 0.0000 1.0000))) (T l (M 1.4142 -0.7854 -1.0000 0.0000))) (M 1 0 -0.000 -1.800))) (M 0.750 0 0 0)),4,straight,radial,4,balanced_data/dim_balanced/regular_polygons/dim2/var1/images/61.png
(T (C (C (C (C (T (C (C (C (T l (M 1.4142 0.7854 0.0000 -1.0000)) (T l (M 1.4142 2.3562 1.0000 0.0000))) (T l (M 1.4142 -2.3562 0.0000 1.0000))) (T l (M 1.4142 -0.7854 -1.0000 0.0000))) (M 1 0 1.800 0.000)) (T (C (C (C (T l (M 1.4142 0.7854 0.0000 -1.0000)) (T l (M 1.4142 2.3562 1.0000 0.0000))) (T l (M 1.4142 -2.3562 0.0000 1.0000))) (T l (M 1.4142 -0.7854 -1.0000 0.0000))) (M 1 0 0.556 1.712))) (T (C (C (C (T l (M 1.4142 0.7854 0.0000 -1.0000)) (T l (M 1.4142 2.3562 1.0000 0.0000))) (T l (M 1.4142 -2.3562 0.0000 1.0000))) (T l (M 1.4142 -0.7854 -1.0000 0.0000))) (M 1 0 -1.456 1.058))) (T (C (C (C (T l (M 1.4142 0.7854 0.0000 -1.0000)) (T l (M 1.4142 2.3562 1.0000 0.0000))) (T l (M 1.4142 -2.3562 0.0000 1.0000))) (T l (M 1.4142 -0.7854 -1.0000 0.0000))) (M 1 0 -1.456 -1.058))) (T (C (C (C (T l (M 1.4142 0.7854 0.0000 -1.0000)) (T l (M 1.4142 2.3562 1.0000 0.0000))) (T l (M 1.4142 -2.3562 0.0000 1.0000))) (T l (M 1.4142 -0.7854 -1.0000 0.0000))) (M 1 0 0.556 -1.712))) (M 0.750 0 0 0)),4,straight,radial,5,balanced_data/dim_balanced/regular_polygons/dim2/var1/images/62.png
(T (C (C (C (C (C (T (C (C (C (T l (M 1.4142 0.7854 0.0000 -1.0000)) (T l (M 1.4142 2.3562 1.0000 0.0000))) (T l (M 1.4142 -2.3562 0.0000 1.0000))) (T l (M 1.4142 -0.7854 -1.0000 0.0000))) (M 1 0 1.800 0.000)) (T (C (C (C (T l (M 1.4142 0.7854 0.0000 -1.0000)) (T l (M 1.4142 2.3562 1.0000 0.0000))) (T l (M 1.4142 -2.3562 0.0000 1.0000))) (T l (M 1.4142 -0.7854 -1.0000 0.0000))) (M 1 0 0.900 1.559))) (T (C (C (C (T l (M 1.4142 0.7854 0.0000 -1.0000)) (T l (M 1.4142 2.3562 1.0000 0.0000))) (T l (M 1.4142 -2.3562 0.0000 1.0000))) (T l (M 1.4142 -0.7854 -1.0000 0.0000))) (M 1 0 -0.900 1.559))) (T (C (C (C (T l (M 1.4142 0.7854 0.0000 -1.0000)) (T l (M 1.4142 2.3562 1.0000 0.0000))) (T l (M 1.4142 -2.3562 0.0000 1.0000))) (T l (M 1.4142 -0.7854 -1.0000 0.0000))) (M 1 0 -1.800 0.000))) (T (C (C (C (T l (M 1.4142 0.7854 0.0000 -1.0000)) (T l (M 1.4142 2.3562 1.0000 0.0000))) (T l (M 1.4142 -2.3562 0.0000 1.0000))) (T l (M 1.4142 -0.7854 -1.0000 0.0000))) (M 1 0 -0.900 -1.559))) (T (C (C (C (T l (M 1.4142 0.7854 0.0000 -1.0000)) (T l (M 1.4142 2.3562 1.0000 0.0000))) (T l (M 1.4142 -2.3562 0.0000 1.0000))) (T l (M 1.4142 -0.7854 -1.0000 0.0000))) (M 1 0 0.900 -1.559))) (M 0.750 0 0 0)),4,straight,radial,6,balanced_data/dim_balanced/regular_polygons/dim2/var1/images/63.png
(T (C (C (T (C (C (C (T l (M 1.4142 0.7854 0.0000 -1.0000)) (T l (M 1.4142 2.3562 1.0000 0.0000))) (T l (M 1.4142 -2.3562 0.0000 1.0000))) (T l (M 1.4142 -0.7854 -1.0000 0.0000))) (M 1 0 -2.540 0)) (T (C (C (C (T l (M 1.4142 0.7854 0.0000 -1.0000)) (T l (M 1.4142 2.3562 1.0000 0.0000))) (T l (M 1.4142 -2.3562 0.0000 1.0000))) (T l (M 1.4142 -0.7854 -1.0000 0.0000))) (M 1 0 0.000 0))) (T (C (C (C (T l (M 1.4142 0.7854 0.0000 -1.0000)) (T l (M 1.4142 2.3562 1.0000 0.0000))) (T l (M 1.4142 -2.3562 0.0000 1.0000))) (T l (M 1.4142 -0.7854 -1.0000 0.0000))) (M 1 0 2.540 0))) (M 0.750 0 0 0)),4,straight,line,3,balanced_data/dim_balanced/regular_polygons/dim2/var1/images/64.png
(T (C (C (C (T (C (C (C (T l (M 1.4142 0.7854 0.0000 -1.0000)) (T l (M 1.4142 2.3562 1.0000 0.0000))) (T l (M 1.4142 -2.3562 0.0000 1.0000))) (T l (M 1.4142 -0.7854 -1.0000 0.0000))) (M 1 0 -3.300 0)) (T (C (C (C (T l (M 1.4142 0.7854 0.0000 -1.0000)) (T l (M 1.4142 2.3562 1.0000 0.0000))) (T l (M 1.4142 -2.3562 0.0000 1.0000))) (T l (M 1.4142 -0.7854 -1.0000 0.0000))) (M 1 0 -1.100 0))) (T (C (C (C (T l (M 1.4142 0.7854 0.0000 -1.0000)) (T l (M 1.4142 2.3562 1.0000 0.0000))) (T l (M 1.4142 -2.3562 0.0000 1.0000))) (T l (M 1.4142 -0.7854 -1.0000 0.0000))) (M 1 0 1.100 0))) (T (C (C (C (T l (M 1.4142 0.7854 0.0000 -1.0000)) (T l (M 1.4142 2.3562 1.0000 0.0000))) (T l (M 1.4142 -2.3562 0.0000 1.0000))) (T l (M 1.4142 -0.7854 -1.0000 0.0000))) (M 1 0 3.300 0))) (M 0.750 0 0 0)),4,straight,line,4,balanced_data/dim_balanced/regular_polygons/dim2/var1/images/65.png
(T (C (C (C (C (T (C (C (C (T l (M 1.4142 0.7854 0.0000 -1.0000)) (T l (M 1.4142 2.3562 1.0000 0.0000))) (T l (M 1.4142 -2.3562 0.0000 1.0000))) (T l (M 1.4142 -0.7854 -1.0000 0.0000))) (M 1 0 -3.935 0)) (T (C (C (C (T l (M 1.4142 0.7854 0.0000 -1.0000)) (T l (M 1.4142 2.3562 1.0000 0.0000))) (T l (M 1.4142 -2.3562 0.0000 1.0000))) (T l (M 1.4142 -0.7854 -1.0000 0.0000))) (M 1 0 -1.968 0))) (T (C (C (C (T l (M 1.4142 0.7854 0.0000 -1.0000)) (T l (M 1.4142 2.3562 1.0000 0.0000))) (T l (M 1.4142 -2.3562 0.0000 1.0000))) (T l (M 1.4142 -0.7854 -1.0000 0.0000))) (M 1 0 0.000 0))) (T (C (C (C (T l (M 1.4142 0.7854 0.0000 -1.0000)) (T l (M 1.4142 2.3562 1.0000 0.0000))) (T l (M 1.4142 -2.3562 0.0000 1.0000))) (T l (M 1.4142 -0.7854 -1.0000 0.0000))) (M 1 0 1.968 0))) (T (C (C (C (T l (M 1.4142 0.7854 0.0000 -1.0000)) (T l (M 1.4142 2.3562 1.0000 0.0000))) (T l (M 1.4142 -2.3562 0.0000 1.0000))) (T l (M 1.4142 -0.7854 -1.0000 0.0000))) (M 1 0 3.935 0))) (M 0.750 0 0 0)),4,straight,line,5,balanced_data/dim_balanced/regular_polygons/dim2/var1/images/66.png
(T (C (C (C (C (C (T (C (C (C (T l (M 1.4142 0.7854 0.0000 -1.0000)) (T l (M 1.4142 2.3562 1.0000 0.0000))) (T l (M 1.4142 -2.3562 0.0000 1.0000))) (T l (M 1.4142 -0.7854 -1.0000 0.0000))) (M 1 0 -4.491 0)) (T (C (C (C (T l (M 1.4142 0.7854 0.0000 -1.0000)) (T l (M 1.4142 2.3562 1.0000 0.0000))) (T l (M 1.4142 -2.3562 0.0000 1.0000))) (T l (M 1.4142 -0.7854 -1.0000 0.0000))) (M 1 0 -2.694 0))) (T (C (C (C (T l (M 1.4142 0.7854 0.0000 -1.0000)) (T l (M 1.4142 2.3562 1.0000 0.0000))) (T l (M 1.4142 -2.3562 0.0000 1.0000))) (T l (M 1.4142 -0.7854 -1.0000 0.0000))) (M 1 0 -0.898 0))) (T (C (C (C (T l (M 1.4142 0.7854 0.0000 -1.0000)) (T l (M 1.4142 2.3562 1.0000 0.0000))) (T l (M 1.4142 -2.3562 0.0000 1.0000))) (T l (M 1.4142 -0.7854 -1.0000 0.0000))) (M 1 0 0.898 0))) (T (C (C (C (T l (M 1.4142 0.7854 0.0000 -1.0000)) (T l (M 1.4142 2.3562 1.0000 0.0000))) (T l (M 1.4142 -2.3562 0.0000 1.0000))) (T l (M 1.4142 -0.7854 -1.0000 0.0000))) (M 1 0 2.694 0))) (T (C (C (C (T l (M 1.4142 0.7854 0.0000 -1.0000)) (T l (M 1.4142 2.3562 1.0000 0.0000))) (T l (M 1.4142 -2.3562 0.0000 1.0000))) (T l (M 1.4142 -0.7854 -1.0000 0.0000))) (M 1 0 4.491 0))) (M 0.732 0 0 0)),4,straight,line,6,balanced_data/dim_balanced/regular_polygons/dim2/var1/images/67.png
(T (repeat (C (C (C (T l (M 1.4142 0.7854 0.0000 -1.0000)) (T l (M 1.4142 2.3562 1.0000 0.0000))) (T l (M 1.4142 -2.3562 0.0000 1.0000))) (T l (M 1.4142 -0.7854 -1.0000 0.0000))) 3 0 0 0.900 2.29440) (M 0.750 0 0 0)),4,straight,spiral,3,balanced_data/dim_balanced/regular_polygons/dim2/var1/images/68.png
(T (repeat (C (C (C (T l (M 1.4142 0.7854 0.0000 -1.0000)) (T l (M 1.4142 2.3562 1.0000 0.0000))) (T l (M 1.4142 -2.3562 0.0000 1.0000))) (T l (M 1.4142 -0.7854 -1.0000 0.0000))) 4 0 0 0.900 1.77080) (M 0.750 0 0 0)),4,straight,spiral,4,balanced_data/dim_balanced/regular_polygons/dim2/var1/images/69.png
(T (repeat (C (C (C (T l (M 1.4142 0.7854 0.0000 -1.0000)) (T l (M 1.4142 2.3562 1.0000 0.0000))) (T l (M 1.4142 -2.3562 0.0000 1.0000))) (T l (M 1.4142 -0.7854 -1.0000 0.0000))) 5 0 0 0.900 1.45664) (M 0.750 0 0 0)),4,straight,spiral,5,balanced_data/dim_balanced/regular_polygons/dim2/var1/images/70.png
(T (repeat (C (C (C (T l (M 1.4142 0.7854 0.0000 -1.0000)) (T l (M 1.4142 2.3562 1.0000 0.0000))) (T l (M 1.4142 -2.3562 0.0000 1.0000))) (T l (M 1.4142 -0.7854 -1.0000 0.0000))) 6 0 0 0.900 1.24720) (M 0.750 0 0 0)),4,straight,spiral,6,balanced_data/dim_balanced/regular_polygons/dim2/var1/images/71.png
(T (C (C (T (C (C (C (T l (M 1.4142 0.7854 0.0000 -1.0000)) (T l (M 1.4142 2.3562 1.0000 0.0000))) (T l (M 1.4142 -2.3562 0.0000 1.0000))) (T l (M 1.4142 -0.7854 -1.0000 0.0000))) (M 1.00 0 0 0)) (T (C (C (C (T l (M 1.4142 0.7854 0.0000 -1.0000)) (T l (M 1.4142 2.3562 1.0000 0.0000))) (T l (M 1.4142 -2.3562 0.0000 1.0000))) (T l (M 1.4142 -0.7854 -1.0000 0.0000))) (M 1.40 0 0 0))) (T (C (C (C (T l (M 1.4142 0.7854 0.0000 -1.0000)) (T l (M 1.4142 2.3562 1.0000 0.0000))) (T l (M 1.4142 -2.3562 0.0000 1.0000))) (T l (M 1.4142 -0.7854 -1.0000 0.0000))) (M 1.80 0 0 0))) (M 0.750 0 0 0)),4,straight,scale_origin,3,balanced_data/dim_balanced/regular_polygons/dim2/var1/images/72.png
(T (C (C (C (T (C (C (C (T l (M 1.4142 0.7854 0.0000 -1.0000)) (T l (M 1.4142 2.3562 1.0000 0.0000))) (T l (M 1.4142 -2.3562 0.0000 1.0000))) (T l (M 1.4142 -0.7854 -1.0000 0.0000))) (M 1.00 0 0 0)) (T (C (C (C (T l (M 1.4142 0.7854 0.0000 -1.0000)) (T l (M 1.4142 2.3562 1.0000 0.0000))) (T l (M 1.4142 -2.3562 0.0000 1.0000))) (T l (M 1.4142 -0.7854 -1.0000 0.0000))) (M 1.40 0 0 0))) (T (C (C (C (T l (M 1.4142 0.7854 0.0000 -1.0000)) (T l (M 1.4142 2.3562 1.0000 0.0000))) (T l (M 1.4142 -2.3562 0.0000 1.0000))) (T l (M 1.4142 -0.7854 -1.0000 0.0000))) (M 1.80 0 0 0))) (T (C (C (C (T l (M 1.4142 0.7854 0.0000 -1.0000)) (T l (M 1.4142 2.3562 1.0000 0.0000))) (T l (M 1.4142 -2.3562 0.0000 1.0000))) (T l (M 1.4142 -0.7854 -1.0000 0.0000))) (M 2.20 0 0 0))) (M 0.750 0 0 0)),4,straight,scale_origin,4,balanced_data/dim_balanced/regular_polygons/dim2/var1/images/73.png
(T (C (C (C (C (T (C (C (C (T l (M 1.4142 0.7854 0.0000 -1.0000)) (T l (M 1.4142 2.3562 1.0000 0.0000))) (T l (M 1.4142 -2.3562 0.0000 1.0000))) (T l (M 1.4142 -0.7854 -1.0000 0.0000))) (M 1.00 0 0 0)) (T (C (C (C (T l (M 1.4142 0.7854 0.0000 -1.0000)) (T l (M 1.4142 2.3562 1.0000 0.0000))) (T l (M 1.4142 -2.3562 0.0000 1.0000))) (T l (M 1.4142 -0.7854 -1.0000 0.0000))) (M 1.40 0 0 0))) (T (C (C (C (T l (M 1.4142 0.7854 0.0000 -1.0000)) (T l (M 1.4142 2.3562 1.0000 0.0000))) (T l (M 1.4142 -2.3562 0.0000 1.0000))) (T l (M 1.4142 -0.7854 -1.0000 0.0000))) (M 1.80 0 0 0))) (T (C (C (C (T l (M 1.4142 0.7854 0.0000 -1.0000)) (T l (M 1.4142 2.3562 1.0000 0.0000))) (T l (M 1.4142 -2.3562 0.0000 1.0000))) (T l (M 1.4142 -0.7854 -1.0000 0.0000))) (M 2.20 0 0 0))) (T (C (C (C (T l (M 1.4142 0.7854 0.0000 -1.0000)) (T l (M 1.4142 2.3562 1.0000 0.0000))) (T l (M 1.4142 -2.3562 0.0000 1.0000))) (T l (M 1.4142 -0.7854 -1.0000 0.0000))) (M 2.60 0 0 0))) (M 0.750 0 0 0)),4,straight,scale_origin,5,balanced_data/dim_balanced/regular_polygons/dim2/var1/images/74.png
(T (C (C (C (C (C (T (C (C (C (T l (M 1.4142 0.7854 0.0000 -1.0000)) (T l (M 1.4142 2.3562 1.0000 0.0000))) (T l (M 1.4142 -2.3562 0.0000 1.0000))) (T l (M 1.4142 -0.7854 -1.0000 0.0000))) (M 1.00 0 0 0)) (T (C (C (C (T l (M 1.4142 0.7854 0.0000 -1.0000)) (T l (M 1.4142 2.3562 1.0000 0.0000))) (T l (M 1.4142 -2.3562 0.0000 1.0000))) (T l (M 1.4142 -0.7854 -1.0000 0.0000))) (M 1.40 0 0 0))) (T (C (C (C (T l (M 1.4142 0.7854 0.0000 -1.0000)) (T l (M 1.4142 2.3562 1.0000 0.0000))) (T l (M 1.4142 -2.3562 0.0000 1.0000))) (T l (M 1.4142 -0.7854 -1.0000 0.0000))) (M 1.80 0 0 0))) (T (C (C (C (T l (M 1.4142 0.7854 0.0000 -1.0000)) (T l (M 1.4142 2.3562 1.0000 0.0000))) (T l (M 1.4142 -2.3562 0.0000 1.0000))) (T l (M 1.4142 -0.7854 -1.0000 0.0000))) (M 2.20 0 0 0))) (T (C (C (C (T l (M 1.4142 0.7854 0.0000 -1.0000)) (T l (M 1.4142 2.3562 1.0000 0.0000))) (T l (M 1.4142 -2.3562 0.0000 1.0000))) (T l (M 1.4142 -0.7854 -1.0000 0.0000))) (M 2.60 0 0 0))) (T (C (C (C (T l (M 1.4142 0.7854 0.0000 -1.0000)) (T l (M 1.4142 2.3562 1.0000 0.0000))) (T l (M 1.4142 -2.3562 0.0000 1.0000))) (T l (M 1.4142 -0.7854 -1.0000 0.0000))) (M 3.00 0 0 0))) (M 0.750 0 0 0)),4,straight,scale_origin,6,balanced_data/dim_balanced/regular_polygons/dim2/var1/images/75.png
(T (C (C (T (C (C (C (T l (M 1.4142 0.7854 0.0000 -1.0000)) (T l (M 1.4142 2.3562 1.0000 0.0000))) (T l (M 1.4142 -2.3562 0.0000 1.0000))) (T l (M 1.4142 -0.7854 -1.0000 0.0000))) (M 1.000 0 0.000 0.000)) (T (C (C (C (T l (M 1.4142 0.7854 0.0000 -1.0000)) (T l (M 1.4142 2.3562 1.0000 0.0000))) (T l (M 1.4142 -2.3562 0.0000 1.0000))) (T l (M 1.4142 -0.7854 -1.0000 0.0000))) (M 1.400 0 0.400 0.400))) (T (C (C (C (T l (M 1.4142 0.7854 0.0000 -1.0000)) (T l (M 1.4142 2.3562 1.0000 0.0000))) (T l (M 1.4142 -2.3562 0.0000 1.0000))) (T l (M 1.4142 -0.7854 -1.0000 0.0000))) (M 1.960 0 0.960 0.960))) (M 0.750 0 0 0)),4,straight,scale_outward,3,balanced_data/dim_balanced/regular_polygons/dim2/var1/images/76.png
(T (C (C (C (T (C (C (C (T l (M 1.4142 0.7854 0.0000 -1.0000)) (T l (M 1.4142 2.3562 1.0000 0.0000))) (T l (M 1.4142 -2.3562 0.0000 1.0000))) (T l (M 1.4142 -0.7854 -1.0000 0.0000))) (M 1.000 0 0.000 0.000)) (T (C (C (C (T l (M 1.4142 0.7854 0.0000 -1.0000)) (T l (M 1.4142 2.3562 1.0000 0.0000))) (T l (M 1.4142 -2.3562 0.0000 1.0000))) (T l (M 1.4142 -0.7854 -1.0000 0.0000))) (M 1.400 0 0.400 0.400))) (T (C (C (C (T l (M 1.4142 0.7854 0.0000 -1.0000)) (T l (M 1.4142 2.3562 1.0000 0.0000))) (T l (M 1.4142 -2.3562 0.0000 1.0000))) (T l (M 1.4142 -0.7854 -1.0000 0.0000))) (M 1.960 0 0.960 0.960))) (T (C (C (C (T l (M 1.4142 0.7854 0.0000 -1.0000)) (T l (M 1.4142 2.3562 1.0000 0.0000))) (T l (M 1.4142 -2.3562 0.0000 1.0000))) (T l (M 1.4142 -0.7854 -1.0000 0.0000))) (M 2.744 0 1.744 1.744))) (M 0.750 0 0 0)),4,straight,scale_outward,4,balanced_data/dim_balanced/regular_polygons/dim2/var1/images/77.png
(T (C (C (C (C (T (C (C (C (T l (M 1.4142 0.7854 0.0000 -1.0000)) (T l (M 1.4142 2.3562 1.0000 0.0000))) (T l (M 1.4142 -2.3562 0.0000 1.0000))) (T l (M 1.4142 -0.7854 -1.0000 0.0000))) (M 1.000 0 0.000 0.000)) (T (C (C (C (T l (M 1.4142 0.7854 0.0000 -1.0000)) (T l (M 1.4142 2.3562 1.0000 0.0000))) (T l (M 1.4142 -2.3562 0.0000 1.0000))) (T l (M 1.4142 -0.7854 -1.0000 0.0000))) (M 1.400 0 0.400 0.400))) (T (C (C (C (T l (M 1.4142 0.7854 0.0000 -1.0000)) (T l (M 1.4142 2.3562 1.0000 0.0000))) (T l (M 1.4142 -2.3562 0.0000 1.0000))) (T l (M 1.4142 -0.7854 -1.0000 0.0000))) (M 1.960 0 0.960 0.960))) (T (C (C (C (T l (M 1.4142 0.7854 0.0000 -1.0000)) (T l (M 1.4142 2.3562 1.0000 0.0000))) (T l (M 1.4142 -2.3562 0.0000 1.0000))) (T l (M 1.4142 -0.7854 -1.0000 0.0000))) (M 2.744 0 1.744 1.744))) (T (C (C (C (T l (M 1.4142 0.7854 0.0000 -1.0000)) (T l (M 1.4142 2.3562 1.0000 0.0000))) (T l (M 1.4142 -2.3562 0.0000 1.0000))) (T l (M 1.4142 -0.7854 -1.0000 0.0000))) (M 3.842 0 2.842 2.842))) (M 0.691 0 0 0)),4,straight,scale_outward,5,balanced_data/dim_balanced/regular_polygons/dim2/var1/images/78.png
(T (C (C (C (C (C (T (C (C (C (T l (M 1.4142 0.7854 0.0000 -1.0000)) (T l (M 1.4142 2.3562 1.0000 0.0000))) (T l (M 1.4142 -2.3562 0.0000 1.0000))) (T l (M 1.4142 -0.7854 -1.0000 0.0000))) (M 1.000 0 0.000 0.000)) (T (C (C (C (T l (M 1.4142 0.7854 0.0000 -1.0000)) (T l (M 1.4142 2.3562 1.0000 0.0000))) (T l (M 1.4142 -2.3562 0.0000 1.0000))) (T l (M 1.4142 -0.7854 -1.0000 0.0000))) (M 1.400 0 0.400 0.400))) (T (C (C (C (T l (M 1.4142 0.7854 0.0000 -1.0000)) (T l (M 1.4142 2.3562 1.0000 0.0000))) (T l (M 1.4142 -2.3562 0.0000 1.0000))) (T l (M 1.4142 -0.7854 -1.0000 0.0000))) (M 1.960 0 0.960 0.960))) (T (C (C (C (T l (M 1.4142 0.7854 0.0000 -1.0000)) (T l (M 1.4142 2.3562 1.0000 0.0000))) (T l (M 1.4142 -2.3562 0.0000 1.0000))) (T l (M 1.4142 -0.7854 -1.0000 0.0000))) (M 2.744 0 1.744 1.744))) (T (C (C (C (T l (M 1.4142 0.7854 0.0000 -1.0000)) (T l (M 1.4142 2.3562 1.0000 0.0000))) (T l (M 1.4142 -2.3562 0.0000 1.0000))) (T l (M 1.4142 -0.7854 -1.0000 0.0000))) (M 3.842 0 2.842 2.842))) (T (C (C (C (T l (M 1.4142 0.7854 0.0000 -1.0000)) (T l (M 1.4142 2.3562 1.0000 0.0000))) (T l (M 1.4142 -2.3562 0.0000 1.0000))) (T l (M 1.4142 -0.7854 -1.0000 0.0000))) (M 5.378 0 4.378 4.378))) (M 0.510 0 0 0)),4,straight,scale_outward,6,balanced_data/dim_balanced/regular_polygons/dim2/var1/images/79.png
(T (C (C (T (C (C (C (T (a 0.25) (M 1.4142 0.7854 0.0000 -1.0000)) (T (a 0.25) (M 1.4142 2.3562 1.0000 0.0000))) (T (a 0.25) (M 1.4142 -2.3562 0.0000 1.0000))) (T (a 0.25) (M 1.4142 -0.7854 -1.0000 0.0000))) (M 1 0 1.800 0.000)) (T (C (C (C (T (a 0.25) (M 1.4142 0.7854 0.0000 -1.0000)) (T (a 0.25) (M 1.4142 2.3562 1.0000 0.0000))) (T (a 0.25) (M 1.4142 -2.3562 0.0000 1.0000))) (T (a 0.25) (M 1.4142 -0.7854 -1.0000 0.0000))) (M 1 0 -0.900 1.559))) (T (C (C (C (T (a 0.25) (M 1.4142 0.7854 0.0000 -1.0000)) (T (a 0.25) (M 1.4142 2.3562 1.0000 0.0000))) (T (a 0.25) (M 1.4142 -2.3562 0.0000 1.0000))) (T (a 0.25) (M 1.4142 -0.7854 -1.0000 0.0000))) (M 1 0 -0.900 -1.559))) (M 0.750 0 0 0)),4,convex,radial,3,balanced_data/dim_balanced/regular_polygons/dim2/var1/images/80.png
(T (C (C (C (T (C (C (C (T (a 0.25) (M 1.4142 0.7854 0.0000 -1.0000)) (T (a 0.25) (M 1.4142 2.3562 1.0000 0.0000))) (T (a 0.25) (M 1.4142 -2.3562 0.0000 1.0000))) (T (a 0.25) (M 1.4142 -0.7854 -1.0000 0.0000))) (M 1 0 1.800 0.000)) (T (C (C (C (T (a 0.25) (M 1.4142 0.7854 0.0000 -1.0000)) (T (a 0.25) (M 1.4142 2.3562 1.0000 0.0000))) (T (a 0.25) (M 1.4142 -2.3562 0.0000 1.0000))) (T (a 0.25) (M 1.4142 -0.7854 -1.0000 0.0000))) (M 1 0 0.000 1.800))) (T (C (C (C (T (a 0.25) (M 1.4142 0.7854 0.0000 -1.0000)) (T (a 0.25) (M 1.4142 2.3562 1.0000 0.0000))) (T (a 0.25) (M 1.4142 -2.3562 0.0000 1.0000))) (T (a 0.25) (M 1.4142 -0.7854 -1.0000 0.0000))) (M 1 0 -1.800 0.000))) (T (C (C (C (T (a 0.25) (M 1.4142 0.7854 0.0000 -1.0000)) (T (a 0.25) (M 1.4142 2.3562 1.0000 0.0000))) (T (a 0.25) (M 1.4142 -2.3562 0.0000 1.0000))) (T (a 0.25) (M 1.4142 -0.7854 -1.0000 0.0000))) (M 1 0 -0.000 -1.800))) (M 0.750 0 0 0)),4,convex,radial,4,balanced_data/dim_balanced/regular_polygons/dim2/var1/images/81.png
(T (C (C (C (C (T (C (C (C (T (a 0.25) (M 1.4142 0.7854 0.0000 -1.0000)) (T (a 0.25) (M 1.4142 2.3562 1.0000 0.0000))) (T (a 0.25) (M 1.4142 -2.3562 0.0000 1.0000))) (T (a 0.25) (M 1.4142 -0.7854 -1.0000 0.0000))) (M 1 0 1.800 0.000)) (T (C (C (C (T (a 0.25) (M 1.4142 0.7854 0.0000 -1.0000)) (T (a 0.25) (M 1.4142 2.3562 1.0000 0.0000))) (T (a 0.25) (M 1.4142 -2.3562 0.0000 1.0000))) (T (a 0.25) (M 1.4142 -0.7854 -1.0000 0.0000))) (M 1 0 0.556 1.712))) (T (C (C (C (T (a 0.25) (M 1.4142 0.7854 0.0000 -1.0000)) (T (a 0.25) (M 1.4142 2.3562 1.0000 0.0000))) (T (a 0.25) (M 1.4142 -2.3562 0.0000 1.0000))) (T (a 0.25) (M 1.4142 -0.7854 -1.0000 0.0000))) (M 1 0 -1.456 1.058))) (T (C (C (C (T (a 0.25) (M 1.4142 0.7854 0.0000 -1.0000)) (T (a 0.25) (M 1.4142 2.3562 1.0000 0.0000))) (T (a 0.25) (M 1.4142 -2.3562 0.0000 1.0000))) (T (a 0.25) (M 1.4142 -0.7854 -1.0000 0.0000))) (M 1 0 -1.456 -1.058))) (T (C (C (C (T (a 0.25) (M 1.4142 0.7854 0.0000 -1.0000)) (T (a 0.25) (M 1.4142 2.3562 1.0000 0.0000))) (T (a 0.25) (M 1.4142 -2.3562 0.0000 1.0000))) (T (a 0.25) (M 1.4142 -0.7854 -1.0000 0.0000))) (M 1 0 0.556 -1.712))) (M 0.750 0 0 0)),4,convex,radial,5,balanced_data/dim_balanced/regular_polygons/dim2/var1/images/82.png
(T (C (C (C (C (C (T (C (C (C (T (a 0.25) (M 1.4142 0.7854 0.0000 -1.0000)) (T (a 0.25) (M 1.4142 2.3562 1.0000 0.0000))) (T (a 0.25) (M 1.4142 -2.3562 0.0000 1.0000))) (T (a 0.25) (M 1.4142 -0.7854 -1.0000 0.0000))) (M 1 0 1.800 0.000)) (T (C (C (C (T (a 0.25) (M 1.4142 0.7854 0.0000 -1.0000)) (T (a 0.25) (M 1.4142 2.3562 1.0000 0.0000))) (T (a 0.25) (M 1.4142 -2.3562 0.0000 1.0000))) (T (a 0.25) (M 1.4142 -0.7854 -1.0000 0.0000))) (M 1 0 0.900 1.559))) (T (C (C (C (T (a 0.25) (M 1.4142 0.7854 0.0000 -1.0000)) (T (a 0.25) (M 1.4142 2.3562 1.0000 0.0000))) (T (a 0.25) (M 1.4142 -2.3562 0.0000 1.0000))) (T (a 0.25) (M 1.4142 -0.7854 -1.0000 0.0000))) (M 1 0 -0.900 1.559))) (T (C (C (C (T (a 0.25) (M 1.4142 0.7854 0.0000 -1.0000)) (T (a 0.25) (M 1.4142 2.3562 1.0000 0.0000))) (T (a 0.25) (M 1.4142 -2.3562 0.0000 1.0000))) (T (a 0.25) (M 1.4142 -0.7854 -1.0000 0.0000))) (M 1 0 -1.800 0.000))) (T (C (C (C (T (a 0.25) (M 1.4142 0.7854 0.0000 -1.0000)) (T (a 0.25) (M 1.4142 2.3562 1.0000 0.0000))) (T (a 0.25) (M 1.4142 -2.3562 0.0000 1.0000))) (T (a 0.25) (M 1.4142 -0.7854 -1.0000 0.0000))) (M 1 0 -0.900 -1.559))) (T (C (C (C (T (a 0.25) (M 1.4142 0.7854 0.0000 -1.0000)) (T (a 0.25) (M 1.4142 2.3562 1.0000 0.0000))) (T (a 0.25) (M 1.4142 -2.3562 0.0000 1.0000))) (T (a 0.25) (M 1.4142 -0.7854 -1.0000 0.0000))) (M 1 0 0.900 -1.559))) (M 0.750 0 0 0)),4,convex,radial,6,balanced_data/dim_balanced/regular_polygons/dim2/var1/images/83.png
(T (C (C (T (C (C (C (T (a 0.25) (M 1.4142 0.7854 0.0000 -1.0000)) (T (a 0.25) (M 1.4142 2.3562 1.0000 0.0000))) (T (a 0.25) (M 1.4142 -2.3562 0.0000 1.0000))) (T (a 0.25) (M 1.4142 -0.7854 -1.0000 0.0000))) (M 1 0 -2.540 0)) (T (C (C (C (T (a 0.25) (M 1.4142 0.7854 0.0000 -1.0000)) (T (a 0.25) (M 1.4142 2.3562 1.0000 0.0000))) (T (a 0.25) (M 1.4142 -2.3562 0.0000 1.0000))) (T (a 0.25) (M 1.4142 -0.7854 -1.0000 0.0000))) (M 1 0 0.000 0))) (T (C (C (C (T (a 0.25) (M 1.4142 0.7854 0.0000 -1.0000)) (T (a 0.25) (M 1.4142 2.3562 1.0000 0.0000))) (T (a 0.25) (M 1.4142 -2.3562 0.0000 1.0000))) (T (a 0.25) (M 1.4142 -0.7854 -1.0000 0.0000))) (M 1 0 2.540 0))) (M 0.750 0 0 0)),4,convex,line,3,balanced_data/dim_balanced/regular_polygons/dim2/var1/images/84.png
(T (C (C (C (T (C (C (C (T (a 0.25) (M 1.4142 0.7854 0.0000 -1.0000)) (T (a 0.25) (M 1.4142 2.3562 1.0000 0.0000))) (T (a 0.25) (M 1.4142 -2.3562 0.0000 1.0000))) (T (a 0.25) (M 1.4142 -0.7854 -1.0000 0.0000))) (M 1 0 -3.300 0)) (T (C (C (C (T (a 0.25) (M 1.4142 0.7854 0.0000 -1.0000)) (T (a 0.25) (M 1.4142 2.3562 1.0000 0.0000))) (T (a 0.25) (M 1.4142 -2.3562 0.0000 1.0000))) (T (a 0.25) (M 1.4142 -0.7854 -1.0000 0.0000))) (M 1 0 -1.100 0))) (T (C (C (C (T (a 0.25) (M 1.4142 0.7854 0.0000 -1.0000)) (T (a 0.25) (M 1.4142 2.3562 1.0000 0.0000))) (T (a 0.25) (M 1.4142 -2.3562 0.0000 1.0000))) (T (a 0.25) (M 1.4142 -0.7854 -1.0000 0.0000))) (M 1 0 1.100 0))) (T (C (C (C (T (a 0.25) (M 1.4142 0.7854 0.0000 -1.0000)) (T (a 0.25) (M 1.4142 2.3562 1.0000 0.0000))) (T (a 0.25) (M 1.4142 -2.3562 0.0000 1.0000))) (T (a 0.25) (M 1.4142 -0.7854 -1.0000 0.0000))) (M 1 0 3.300 0))) (M 0.750 0 0 0)),4,convex,line,4,balanced_data/dim_balanced/regular_polygons/dim2/var1/images/85.png
(T (C (C (C (C (T (C (C (C (T (a 0.25) (M 1.4142 0.7854 0.0000 -1.0000)) (T (a 0.25) (M 1.4142 2.3562 1.0000 0.0000))) (T (a 0.25) (M 1.4142 -2.3562 0.0000 1.0000))) (T (a 0.25) (M 1.4142 -0.7854 -1.0000 0.0000))) (M 1 0 -3.935 0)) (T (C (C (C (T (a 0.25) (M 1.4142 0.7854 0.0000 -1.0000)) (T (a 0.25) (M 1.4142 2.3562 1.0000 0.0000))) (T (a 0.25) (M 1.4142 -2.3562 0.0000 1.0000))) (T (a 0.25) (M 1.4142 -0.7854 -1.0000 0.0000))) (M 1 0 -1.968 0))) (T (C (C (C (T (a 0.25) (M 1.4142 0.7854 0.0000 -1.0000)) (T (a 0.25) (M 1.4142 2.3562 1.0000 0.0000))) (T (a 0.25) (M 1.4142 -2.3562 0.0000 1.0000))) (T (a 0.25) (M 1.4142 -0.7854 -1.0000 0.0000))) (M 1 0 0.000 0))) (T (C (C (C (T (a 0.25) (M 1.4142 0.7854 0.0000 -1.0000)) (T (a 0.25) (M 1.4142 2.3562 1.0000 0.0000))) (T (a 0.25) (M 1.4142 -2.3562 0.0000 1.0000))) (T (a 0.25) (M 1.4142 -0.7854 -1.0000 0.0000))) (M 1 0 1.968 0))) (T (C (C (C (T (a 0.25) (M 1.4142 0.7854 0.0000 -1.0000)) (T (a 0.25) (M 1.4142 2.3562 1.0000 0.0000))) (T (a 0.25) (M 1.4142 -2.3562 0.0000 1.0000))) (T (a 0.25) (M 1.4142 -0.7854 -1.0000 0.0000))) (M 1 0 3.935 0))) (M 0.698 0 0 0)),4,convex,line,5,balanced_data/dim_balanced/regular_polygons/dim2/var1/images/86.png
(T (C (C (C (C (C (T (C (C (C (T (a 0.25) (M 1.4142 0.7854 0.0000 -1.0000)) (T (a 0.25) (M 1.4142 2.3562 1.0000 0.0000))) (T (a 0.25) (M 1.4142 -2.3562 0.0000 1.0000))) (T (a 0.25) (M 1.4142 -0.7854 -1.0000 0.0000))) (M 1 0 -4.491 0)) (T (C (C (C (T (a 0.25) (M 1.4142 0.7854 0.0000 -1.0000)) (T (a 0.25) (M 1.4142 2.3562 1.0000 0.0000))) (T (a 0.25) (M 1.4142 -2.3562 0.0000 1.0000))) (T (a 0.25) (M 1.4142 -0.7854 -1.0000 0.0000))) (M 1 0 -2.694 0))) (T (C (C (C (T (a 0.25) (M 1.4142 0.7854 0.0000 -1.0000)) (T (a 0.25) (M 1.4142 2.3562 1.0000 0.0000))) (T (a 0.25) (M 1.4142 -2.3562 0.0000 1.0000))) (T (a 0.25) (M 1.4142 -0.7854 -1.0000 0.0000))) (M 1 0 -0.898 0))) (T (C (C (C (T (a 0.25) (M 1.4142 0.7854 0.0000 -1.0000)) (T (a 0.25) (M 1.4142 2.3562 1.0000 0.0000))) (T (a 0.25) (M 1.4142 -2.3562 0.0000 1.0000))) (T (a 0.25) (M 1.4142 -0.7854 -1.0000 0.0000))) (M 1 0 0.898 0))) (T (C (C (C (T (a 0.25) (M 1.4142 0.7854 0.0000 -1.0000)) (T (a 0.25) (M 1.4142 2.3562 1.0000 0.0000))) (T (a 0.25) (M 1.4142 -2.3562 0.0000 1.0000))) (T (a 0.25) (M 1.4142 -0.7854 -1.0000 0.0000))) (M 1 0 2.694 0))) (T (C (C (C (T (a 0.25) (M 1.4142 0.7854 0.0000 -1.0000)) (T (a 0.25) (M 1.4142 2.3562 1.0000 0.0000))) (T (a 0.25) (M 1.4142 -2.3562 0.0000 1.0000))) (T (a 0.25) (M 1.4142 -0.7854 -1.0000 0.0000))) (M 1 0 4.491 0))) (M 0.647 0 0 0)),4,convex,line,6,balanced_data/dim_balanced/regular_polygons/dim2/var1/images/87.png
(T (repeat (C (C (C (T (a 0.25) (M 1.4142 0.7854 0.0000 -1.0000)) (T (a 0.25) (M 1.4142 2.3562 1.0000 0.0000))) (T (a 0.25) (M 1.4142 -2.3562 0.0000 1.0000))) (T (a 0.25) (M 1.4142 -0.7854 -1.0000 0.0000))) 3 0 0 0.900 2.29440) (M 0.750 0 0 0)),4,convex,spiral,3,balanced_data/dim_balanced/regular_polygons/dim2/var1/images/88.png
(T (repeat (C (C (C (T (a 0.25) (M 1.4142 0.7854 0.0000 -1.0000)) (T (a 0.25) (M 1.4142 2.3562 1.0000 0.0000))) (T (a 0.25) (M 1.4142 -2.3562 0.0000 1.0000))) (T (a 0.25) (M 1.4142 -0.7854 -1.0000 0.0000))) 4 0 0 0.900 1.77080) (M 0.750 0 0 0)),4,convex,spiral,4,balanced_data/dim_balanced/regular_polygons/dim2/var1/images/89.png
(T (repeat (C (C (C (T (a 0.25) (M 1.4142 0.7854 0.0000 -1.0000)) (T (a 0.25) (M 1.4142 2.3562 1.0000 0.0000))) (T (a 0.25) (M 1.4142 -2.3562 0.0000 1.0000))) (T (a 0.25) (M 1.4142 -0.7854 -1.0000 0.0000))) 5 0 0 0.900 1.45664) (M 0.750 0 0 0)),4,convex,spiral,5,balanced_data/dim_balanced/regular_polygons/dim2/var1/images/90.png
(T (repeat (C (C (C (T (a 0.25) (M 1.4142 0.7854 0.0000 -1.0000)) (T (a 0.25) (M 1.4142 2.3562 1.0000 0.0000))) (T (a 0.25) (M 1.4142 -2.3562 0.0000 1.0000))) (T (a 0.25) (M 1.4142 -0.7854 -1.0000 0.0000))) 6 0 0 0.900 1.24720) (M 0.750 0 0 0)),4,convex,spiral,6,balanced_data/dim_balanced/regular_polygons/dim2/var1/images/91.png
(T (C (C (T (C (C (C (T (a 0.25) (M 1.4142 0.7854 0.0000 -1.0000)) (T (a 0.25) (M 1.4142 2.3562 1.0000 0.0000))) (T (a 0.25) (M 1.4142 -2.3562 0.0000 1.0000))) (T (a 0.25) (M 1.4142 -0.7854 -1.0000 0.0000))) (M 1.00 0 0 0)) (T (C (C (C (T (a 0.25) (M 1.4142 0.7854 0.0000 -1.0000)) (T (a 0.25) (M 1.4142 2.3562 1.0000 0.0000))) (T (a 0.25) (M 1.4142 -2.3562 0.0000 1.0000))) (T (a 0.25) (M 1.4142 -0.7854 -1.0000 0.0000))) (M 1.40 0 0 0))) (T (C (C (C (T (a 0.25) (M 1.4142 0.7854 0.0000 -1.0000)) (T (a 0.25) (M 1.4142 2.3562 1.0000 0.0000))) (T (a 0.25) (M 1.4142 -2.3562 0.0000 1.0000))) (T (a 0.25) (M 1.4142 -0.7854 -1.0000 0.0000))) (M 1.80 0 0 0))) (M 0.750 0 0 0)),4,convex,scale_origin,3,balanced_data/dim_balanced/regular_polygons/dim2/var1/images/92.png
(T (C (C (C (T (C (C (C (T (a 0.25) (M 1.4142 0.7854 0.0000 -1.0000)) (T (a 0.25) (M 1.4142 2.3562 1.0000 0.0000))) (T (a 0.25) (M 1.4142 -2.3562 0.0000 1.0000))) (T (a 0.25) (M 1.4142 -0.7854 -1.0000 0.0000))) (M 1.00 0 0 0)) (T (C (C (C (T (a 0.25) (M 1.4142 0.7854 0.0000 -1.0000)) (T (a 0.25) (M 1.4142 2.3562 1.0000 0.0000))) (T (a 0.25) (M 1.4142 -2.3562 0.0000 1.0000))) (T (a 0.25) (M 1.4142 -0.7854 -1.0000 0.0000))) (M 1.40 0 0 0))) (T (C (C (C (T (a 0.25) (M 1.4142 0.7854 0.0000 -1.0000)) (T (a 0.25) (M 1.4142 2.3562 1.0000 0.0000))) (T (a 0.25) (M 1.4142 -2.3562 0.0000 1.0000))) (T (a 0.25) (M 1.4142 -0.7854 -1.0000 0.0000))) (M 1.80 0 0 0))) (T (C (C (C (T (a 0.25) (M 1.4142 0.7854 0.0000 -1.0000)) (T (a 0.25) (M 1.4142 2.3562 1.0000 0.0000))) (T (a 0.25) (M 1.4142 -2.3562 0.0000 1.0000))) (T (a 0.25) (M 1.4142 -0.7854 -1.0000 0.0000))) (M 2.20 0 0 0))) (M 0.750 0 0 0)),4,convex,scale_origin,4,balanced_data/dim_balanced/regular_polygons/dim2/var1/images/93.png
(T (C (C (C (C (T (C (C (C (T (a 0.25) (M 1.4142 0.7854 0.0000 -1.0000)) (T (a 0.25) (M 1.4142 2.3562 1.0000 0.0000))) (T (a 0.25) (M 1.4142 -2.3562 0.0000 1.0000))) (T (a 0.25) (M 1.4142 -0.7854 -1.0000 0.0000))) (M 1.00 0 0 0)) (T (C (C (C (T (a 0.25) (M 1.4142 0.7854 0.0000 -1.0000)) (T (a 0.25) (M 1.4142 2.3562 1.0000 0.0000))) (T (a 0.25) (M 1.4142 -2.3562 0.0000 1.0000))) (T (a 0.25) (M 1.4142 -0.7854 -1.0000 0.0000))) (M 1.40 0 0 0))) (T (C (C (C (T (a 0.25) (M 1.4142 0.7854 0.0000 -1.0000)) (T (a 0.25) (M 1.4142 2.3562 1.0000 0.0000))) (T (a 0.25) (M 1.4142 -2.3562 0.0000 1.0000))) (T (a 0.25) (M 1.4142 -0.7854 -1.0000 0.0000))) (M 1.80 0 0 0))) (T (C (C (C (T (a 0.25) (M 1.4142 0.7854 0.0000 -1.0000)) (T (a 0.25) (M 1.4142 2.3562 1.0000 0.0000))) (T (a 0.25) (M 1.4142 -2.3562 0.0000 1.0000))) (T (a 0.25) (M 1.4142 -0.7854 -1.0000 0.0000))) (M 2.20 0 0 0))) (T (C (C (C (T (a 0.25) (M 1.4142 0.7854 0.0000 -1.0000)) (T (a 0.25) (M 1.4142 2.3562 1.0000 0.0000))) (T (a 0.25) (M 1.4142 -2.3562 0.0000 1.0000))) (T (a 0.25) (M 1.4142 -0.7854 -1.0000 0.0000))) (M 2.60 0 0 0))) (M 0.750 0 0 0)),4,convex,scale_origin,5,balanced_data/dim_balanced/regular_polygons/dim2/var1/images/94.png
(T (C (C (C (C (C (T (C (C (C (T (a 0.25) (M 1.4142 0.7854 0.0000 -1.0000)) (T (a 0.25) (M 1.4142 2.3562 1.0000 0.0000))) (T (a 0.25) (M 1.4142 -2.3562 0.0000 1.0000))) (T (a 0.25) (M 1.4142 -0.7854 -1.0000 0.0000))) (M 1.00 0 0 0)) (T (C (C (C (T (a 0.25) (M 1.4142 0.7854 0.0000 -1.0000)) (T (a 0.25) (M 1.4142 2.3562 1.0000 0.0000))) (T (a 0.25) (M 1.4142 -2.3562 0.0000 1.0000))) (T (a 0.25) (M 1.4142 -0.7854 -1.0000 0.0000))) (M 1.40 0 0 0))) (T (C (C (C (T (a 0.25) (M 1.4142 0.7854 0.0000 -1.0000)) (T (a 0.25) (M 1.4142 2.3562 1.0000 0.0000))) (T (a 0.25) (M 1.4142 -2.3562 0.0000 1.0000))) (T (a 0.25) (M 1.4142 -0.7854 -1.0000 0.0000))) (M 1.80 0 0 0))) (T (C (C (C (T (a 0.25) (M 1.4142 0.7854 0.0000 -1.0000)) (T (a 0.25) (M 1.4142 2.3562 1.0000 0.0000))) (T (a 0.25) (M 1.4142 -2.3562 0.0000 1.0000))) (T (a 0.25) (M 1.4142 -0.7854 -1.0000 0.0000))) (M 2.20 0 0 0))) (T (C (C (C (T (a 0.25) (M 1.4142 0.7854 0.0000 -1.0000)) (T (a 0.25) (M 1.4142 2.3562 1.0000 0.0000))) (T (a 0.25) (M 1.4142 -2.3562 0.0000 1.0000))) (T (a 0.25) (M 1.4142 -0.7854 -1.0000 0.0000))) (M 2.60 0 0 0))) (T (C (C (C (T (a 0.25) (M 1.4142 0.7854 0.0000 -1.0000)) (T (a 0.25) (M 1.4142 2.3562 1.0000 0.0000))) (T (a 0.25) (M 1.4142 -2.3562 0.0000 1.0000))) (T (a 0.25) (M 1.4142 -0.7854 -1.0000 0.0000))) (M 3.00 0 0 0))) (M 0.750 0 0 0)),4,convex,scale_origin,6,balanced_data/dim_balanced/regular_polygons/dim2/var1/images/95.png
(T (C (C (T (C (C (C (T (a 0.25) (M 1.4142 0.7854 0.0000 -1.0000)) (T (a 0.25) (M 1.4142 2.3562 1.0000 0.0000))) (T (a 0.25) (M 1.4142 -2.3562 0.0000 1.0000))) (T (a 0.25) (M 1.4142 -0.7854 -1.0000 0.0000))) (M 1.000 0 0.000 0.000)) (T (C (C (C (T (a 0.25) (M 1.4142 0.7854 0.0000 -1.0000)) (T (a 0.25) (M 1.4142 2.3562 1.0000 0.0000))) (T (a 0.25) (M 1.4142 -2.3562 0.0000 1.0000))) (T (a 0.25) (M 1.4142 -0.7854 -1.0000 0.0000))) (M 1.400 0 0.400 0.400))) (T (C (C (C (T (a 0.25) (M 1.4142 0.7854 0.0000 -1.0000)) (T (a 0.25) (M 1.4142 2.3562 1.0000 0.0000))) (T (a 0.25) (M 1.4142 -2.3562 0.0000 1.0000))) (T (a 0.25) (M 1.4142 -0.7854 -1.0000 0.0000))) (M 1.960 0 0.960 0.960))) (M 0.750 0 0 0)),4,convex,scale_outward,3,balanced_data/dim_balanced/regular_polygons/dim2/var1/images/96.png
(T (C (C (C (T (C (C (C (T (a 0.25) (M 1.4142 0.7854 0.0000 -1.0000)) (T (a 0.25) (M 1.4142 2.3562 1.0000 0.0000))) (T (a 0.25) (M 1.4142 -2.3562 0.0000 1.0000))) (T (a 0.25) (M 1.4142 -0.7854 -1.0000 0.0000))) (M 1.000 0 0.000 0.000)) (T (C (C (C (T (a 0.25) (M 1.4142 0.7854 0.0000 -1.0000)) (T (a 0.25) (M 1.4142 2.3562 1.0000 0.0000))) (T (a 0.25) (M 1.4142 -2.3562 0.0000 1.0000))) (T (a 0.25) (M 1.4142 -0.7854 -1.0000 0.0000))) (M 1.400 0 0.400 0.400))) (T (C (C (C (T (a 0.25) (M 1.4142 0.7854 0.0000 -1.0000)) (T (a 0.25) (M 1.4142 2.3562 1.0000 0.0000))) (T (a 0.25) (M 1.4142 -2.3562 0.0000 1.0000))) (T (a 0.25) (M 1.4142 -0.7854 -1.0000 0.0000))) (M 1.960 0 0.960 0.960))) (T (C (C (C (T (a 0.25) (M 1.4142 0.7854 0.0000 -1.0000)) (T (a 0.25) (M 1.4142 2.3562 1.0000 0.0000))) (T (a 0.25) (M 1.4142 -2.3562 0.0000 1.0000))) (T (a 0.25) (M 1.4142 -0.7854 -1.0000 0.0000))) (M 2.744 0 1.744 1.744))) (M 0.750 0 0 0)),4,convex,scale_outward,4,balanced_data/dim_balanced/regular_polygons/dim2/var1/images/97.png
(T (C (C (C (C (T (C (C (C (T (a 0.25) (M 1.4142 0.7854 0.0000 -1.0000)) (T (a 0.25) (M 1.4142 2.3562 1.0000 0.0000))) (T (a 0.25) (M 1.4142 -2.3562 0.0000 1.0000))) (T (a 0.25) (M 1.4142 -0.7854 -1.0000 0.0000))) (M 1.000 0 0.000 0.000)) (T (C (C (C (T (a 0.25) (M 1.4142 0.7854 0.0000 -1.0000)) (T (a 0.25) (M 1.4142 2.3562 1.0000 0.0000))) (T (a 0.25) (M 1.4142 -2.3562 0.0000 1.0000))) (T (a 0.25) (M 1.4142 -0.7854 -1.0000 0.0000))) (M 1.400 0 0.400 0.400))) (T (C (C (C (T (a 0.25) (M 1.4142 0.7854 0.0000 -1.0000)) (T (a 0.25) (M 1.4142 2.3562 1.0000 0.0000))) (T (a 0.25) (M 1.4142 -2.3562 0.0000 1.0000))) (T (a 0.25) (M 1.4142 -0.7854 -1.0000 0.0000))) (M 1.960 0 0.960 0.960))) (T (C (C (C (T (a 0.25) (M 1.4142 0.7854 0.0000 -1.0000)) (T (a 0.25) (M 1.4142 2.3562 1.0000 0.0000))) (T (a 0.25) (M 1.4142 -2.3562 0.0000 1.0000))) (T (a 0.25) (M 1.4142 -0.7854 -1.0000 0.0000))) (M 2.744 0 1.744 1.744))) (T (C (C (C (T (a 0.25) (M 1.4142 0.7854 0.0000 -1.0000)) (T (a 0.25) (M 1.4142 2.3562 1.0000 0.0000))) (T (a 0.25) (M 1.4142 -2.3562 0.0000 1.0000))) (T (a 0.25) (M 1.4142 -0.7854 -1.0000 0.0000))) (M 3.842 0 2.842 2.842))) (M 0.610 0 0 0)),4,convex,scale_outward,5,balanced_data/dim_balanced/regular_polygons/dim2/var1/images/98.png
(T (C (C (C (C (C (T (C (C (C (T (a 0.25) (M 1.4142 0.7854 0.0000 -1.0000)) (T (a 0.25) (M 1.4142 2.3562 1.0000 0.0000))) (T (a 0.25) (M 1.4142 -2.3562 0.0000 1.0000))) (T (a 0.25) (M 1.4142 -0.7854 -1.0000 0.0000))) (M 1.000 0 0.000 0.000)) (T (C (C (C (T (a 0.25) (M 1.4142 0.7854 0.0000 -1.0000)) (T (a 0.25) (M 1.4142 2.3562 1.0000 0.0000))) (T (a 0.25) (M 1.4142 -2.3562 0.0000 1.0000))) (T (a 0.25) (M 1.4142 -0.7854 -1.0000 0.0000))) (M 1.400 0 0.400 0.400))) (T (C (C (C (T (a 0.25) (M 1.4142 0.7854 0.0000 -1.0000)) (T (a 0.25) (M 1.4142 2.3562 1.0000 0.0000))) (T (a 0.25) (M 1.4142 -2.3562 0.0000 1.0000))) (T (a 0.25) (M 1.4142 -0.7854 -1.0000 0.0000))) (M 1.960 0 0.960 0.960))) (T (C (C (C (T (a 0.25) (M 1.4142 0.7854 0.0000 -1.0000)) (T (a 0.25) (M 1.4142 2.3562 1.0000 0.0000))) (T (a 0.25) (M 1.4142 -2.3562 0.0000 1.0000))) (T (a 0.25) (M 1.4142 -0.7854 -1.0000 0.0000))) (M 2.744 0 1.744 1.744))) (T (C (C (C (T (a 0.25) (M 1.4142 0.7854 0.0000 -1.0000)) (T (a 0.25) (M 1.4142 2.3562 1.0000 0.0000))) (T (a 0.25) (M 1.4142 -2.3562 0.0000 1.0000))) (T (a 0.25) (M 1.4142 -0.7854 -1.0000 0.0000))) (M 3.842 0 2.842 2.842))) (T (C (C (C (T (a 0.25) (M 1.4142 0.7854 0.0000 -1.0000)) (T (a 0.25) (M 1.4142 2.3562 1.0000 0.0000))) (T (a 0.25) (M 1.4142 -2.3562 0.0000 1.0000))) (T (a 0.25) (M 1.4142 -0.7854 -1.0000 0.0000))) (M 5.378 0 4.378 4.378))) (M 0.449 0 0 0)),4,convex,scale_outward,6,balanced_data/dim_balanced/regular_polygons/dim2/var1/images/99.png
(T (C (C (T (C (C (C (T (a -0.25) (M 1.4142 0.7854 0.0000 -1.0000)) (T (a -0.25) (M 1.4142 2.3562 1.0000 0.0000))) (T (a -0.25) (M 1.4142 -2.3562 0.0000 1.0000))) (T (a -0.25) (M 1.4142 -0.7854 -1.0000 0.0000))) (M 1 0 1.800 0.000)) (T (C (C (C (T (a -0.25) (M 1.4142 0.7854 0.0000 -1.0000)) (T (a -0.25) (M 1.4142 2.3562 1.0000 0.0000))) (T (a -0.25) (M 1.4142 -2.3562 0.0000 1.0000))) (T (a -0.25) (M 1.4142 -0.7854 -1.0000 0.0000))) (M 1 0 -0.900 1.559))) (T (C (C (C (T (a -0.25) (M 1.4142 0.7854 0.0000 -1.0000)) (T (a -0.25) (M 1.4142 2.3562 1.0000 0.0000))) (T (a -0.25) (M 1.4142 -2.3562 0.0000 1.0000))) (T (a -0.25) (M 1.4142 -0.7854 -1.0000 0.0000))) (M 1 0 -0.900 -1.559))) (M 0.750 0 0 0)),4,concave,radial,3,balanced_data/dim_balanced/regular_polygons/dim2/var1/images/100.png
(T (C (C (C (T (C (C (C (T (a -0.25) (M 1.4142 0.7854 0.0000 -1.0000)) (T (a -0.25) (M 1.4142 2.3562 1.0000 0.0000))) (T (a -0.25) (M 1.4142 -2.3562 0.0000 1.0000))) (T (a -0.25) (M 1.4142 -0.7854 -1.0000 0.0000))) (M 1 0 1.800 0.000)) (T (C (C (C (T (a -0.25) (M 1.4142 0.7854 0.0000 -1.0000)) (T (a -0.25) (M 1.4142 2.3562 1.0000 0.0000))) (T (a -0.25) (M 1.4142 -2.3562 0.0000 1.0000))) (T (a -0.25) (M 1.4142 -0.7854 -1.0000 0.0000))) (M 1 0 0.000 1.800))) (T (C (C (C (T (a -0.25) (M 1.4142 0.7854 0.0000 -1.0000)) (T (a -0.25) (M 1.4142 2.3562 1.0000 0.0000))) (T (a -0.25) (M 1.4142 -2.3562 0.0000 1.0000))) (T (a -0.25) (M 1.4142 -0.7854 -1.0000 0.0000))) (M 1 0 -1.800 0.000))) (T (C (C (C (T (a -0.25) (M 1.4142 0.7854 0.0000 -1.0000)) (T (a -0.25) (M 1.4142 2.3562 1.0000 0.0000))) (T (a -0.25) (M 1.4142 -2.3562 0.0000 1.0000))) (T (a -0.25) (M 1.4142 -0.7854 -1.0000 0.0000))) (M 1 0 -0.000 -1.800))) (M 0.750 0 0 0)),4,concave,radial,4,balanced_data/dim_balanced/regular_polygons/dim2/var1/images/101.png
(T (C (C (C (C (T (C (C (C (T (a -0.25) (M 1.4142 0.7854 0.0000 -1.0000)) (T (a -0.25) (M 1.4142 2.3562 1.0000 0.0000))) (T (a -0.25) (M 1.4142 -2.3562 0.0000 1.0000))) (T (a -0.25) (M 1.4142 -0.7854 -1.0000 0.0000))) (M 1 0 1.800 0.000)) (T (C (C (C (T (a -0.25) (M 1.4142 0.7854 0.0000 -1.0000)) (T (a -0.25) (M 1.4142 2.3562 1.0000 0.0000))) (T (a -0.25) (M 1.4142 -2.3562 0.0000 1.0000))) (T (a -0.25) (M 1.4142 -0.7854 -1.0000 0.0000))) (M 1 0 0.556 1.712))) (T (C (C (C (T (a -0.25) (M 1.4142 0.7854 0.0000 -1.0000)) (T (a -0.25) (M 1.4142 2.3562 1.0000 0.0000))) (T (a -0.25) (M 1.4142 -2.3562 0.0000 1.0000))) (T (a -0.25) (M 1.4142 -0.7854 -1.0000 0.0000))) (M 1 0 -1.456 1.058))) (T (C (C (C (T (a -0.25) (M 1.4142 0.7854 0.0000 -1.0000)) (T (a -0.25) (M 1.4142 2.3562 1.0000 0.0000))) (T (a -0.25) (M 1.4142 -2.3562 0.0000 1.0000))) (T (a -0.25) (M 1.4142 -0.7854 -1.0000 0.0000))) (M 1 0 -1.456 -1.058))) (T (C (C (C (T (a -0.25) (M 1.4142 0.7854 0.0000 -1.0000)) (T (a -0.25) (M 1.4142 2.3562 1.0000 0.0000))) (T (a -0.25) (M 1.4142 -2.3562 0.0000 1.0000))) (T (a -0.25) (M 1.4142 -0.7854 -1.0000 0.0000))) (M 1 0 0.556 -1.712))) (M 0.750 0 0 0)),4,concave,radial,5,balanced_data/dim_balanced/regular_polygons/dim2/var1/images/102.png
(T (C (C (C (C (C (T (C (C (C (T (a -0.25) (M 1.4142 0.7854 0.0000 -1.0000)) (T (a -0.25) (M 1.4142 2.3562 1.0000 0.0000))) (T (a -0.25) (M 1.4142 -2.3562 0.0000 1.0000))) (T (a -0.25) (M 1.4142 -0.7854 -1.0000 0.0000))) (M 1 0 1.800 0.000)) (T (C (C (C (T (a -0.25) (M 1.4142 0.7854 0.0000 -1.0000)) (T (a -0.25) (M 1.4142 2.3562 1.0000 0.0000))) (T (a -0.25) (M 1.4142 -2.3562 0.0000 1.0000))) (T (a -0.25) (M 1.4142 -0.7854 -1.0000 0.0000))) (M 1 0 0.900 1.559))) (T (C (C (C (T (a -0.25) (M 1.4142 0.7854 0.0000 -1.0000)) (T (a -0.25) (M 1.4142 2.3562 1.0000 0.0000))) (T (a -0.25) (M 1.4142 -2.3562 0.0000 1.0000))) (T (a -0.25) (M 1.4142 -0.7854 -1.0000 0.0000))) (M 1 0 -0.900 1.559))) (T (C (C (C (T (a -0.25) (M 1.4142 0.7854 0.0000 -1.0000)) (T (a -0.25) (M 1.4142 2.3562 1.0000 0.0000))) (T (a -0.25) (M 1.4142 -2.3562 0.0000 1.0000))) (T (a -0.25) (M 1.4142 -0.7854 -1.0000 0.0000))) (M 1 0 -1.800 0.000))) (T (C (C (C (T (a -0.25) (M 1.4142 0.7854 0.0000 -1.0000)) (T (a -0.25) (M 1.4142 2.3562 1.0000 0.0000))) (T (a -0.25) (M 1.4142 -2.3562 0.0000 1.0000))) (T (a -0.25) (M 1.4142 -0.7854 -1.0000 0.0000))) (M 1 0 -0.900 -1.559))) (T (C (C (C (T (a -0.25) (M 1.4142 0.7854 0.0000 -1.0000)) (T (a -0.25) (M 1.4142 2.3562 1.0000 0.0000))) (T (a -0.25) (M 1.4142 -2.3562 0.0000 1.0000))) (T (a -0.25) (M 1.4142 -0.7854 -1.0000 0.0000))) (M 1 0 0.900 -1.559))) (M 0.750 0 0 0)),4,concave,radial,6,balanced_data/dim_balanced/regular_polygons/dim2/var1/images/103.png
(T (C (C (T (C (C (C (T (a -0.25) (M 1.4142 0.7854 0.0000 -1.0000)) (T (a -0.25) (M 1.4142 2.3562 1.0000 0.0000))) (T (a -0.25) (M 1.4142 -2.3562 0.0000 1.0000))) (T (a -0.25) (M 1.4142 -0.7854 -1.0000 0.0000))) (M 1 0 -2.540 0)) (T (C (C (C (T (a -0.25) (M 1.4142 0.7854 0.0000 -1.0000)) (T (a -0.25) (M 1.4142 2.3562 1.0000 0.0000))) (T (a -0.25) (M 1.4142 -2.3562 0.0000 1.0000))) (T (a -0.25) (M 1.4142 -0.7854 -1.0000 0.0000))) (M 1 0 0.000 0))) (T (C (C (C (T (a -0.25) (M 1.4142 0.7854 0.0000 -1.0000)) (T (a -0.25) (M 1.4142 2.3562 1.0000 0.0000))) (T (a -0.25) (M 1.4142 -2.3562 0.0000 1.0000))) (T (a -0.25) (M 1.4142 -0.7854 -1.0000 0.0000))) (M 1 0 2.540 0))) (M 0.750 0 0 0)),4,concave,line,3,balanced_data/dim_balanced/regular_polygons/dim2/var1/images/104.png
(T (C (C (C (T (C (C (C (T (a -0.25) (M 1.4142 0.7854 0.0000 -1.0000)) (T (a -0.25) (M 1.4142 2.3562 1.0000 0.0000))) (T (a -0.25) (M 1.4142 -2.3562 0.0000 1.0000))) (T (a -0.25) (M 1.4142 -0.7854 -1.0000 0.0000))) (M 1 0 -3.300 0)) (T (C (C (C (T (a -0.25) (M 1.4142 0.7854 0.0000 -1.0000)) (T (a -0.25) (M 1.4142 2.3562 1.0000 0.0000))) (T (a -0.25) (M 1.4142 -2.3562 0.0000 1.0000))) (T (a -0.25) (M 1.4142 -0.7854 -1.0000 0.0000))) (M 1 0 -1.100 0))) (T (C (C (C (T (a -0.25) (M 1.4142 0.7854 0.0000 -1.0000)) (T (a -0.25) (M 1.4142 2.3562 1.0000 0.0000))) (T (a -0.25) (M 1.4142 -2.3562 0.0000 1.0000))) (T (a -0.25) (M 1.4142 -0.7854 -1.0000 0.0000))) (M 1 0 1.100 0))) (T (C (C (C (T (a -0.25) (M 1.4142 0.7854 0.0000 -1.0000)) (T (a -0.25) (M 1.4142 2.3562 1.0000 0.0000))) (T (a -0.25) (M 1.4142 -2.3562 0.0000 1.0000))) (T (a -0.25) (M 1.4142 -0.7854 -1.0000 0.0000))) (M 1 0 3.300 0))) (M 0.750 0 0 0)),4,concave,line,4,balanced_data/dim_balanced/regular_polygons/dim2/var1/images/105.png
(T (C (C (C (C (T (C (C (C (T (a -0.25) (M 1.4142 0.7854 0.0000 -1.0000)) (T (a -0.25) (M 1.4142 2.3562 1.0000 0.0000))) (T (a -0.25) (M 1.4142 -2.3562 0.0000 1.0000))) (T (a -0.25) (M 1.4142 -0.7854 -1.0000 0.0000))) (M 1 0 -3.935 0)) (T (C (C (C (T (a -0.25) (M 1.4142 0.7854 0.0000 -1.0000)) (T (a -0.25) (M 1.4142 2.3562 1.0000 0.0000))) (T (a -0.25) (M 1.4142 -2.3562 0.0000 1.0000))) (T (a -0.25) (M 1.4142 -0.7854 -1.0000 0.0000))) (M 1 0 -1.968 0))) (T (C (C (C (T (a -0.25) (M 1.4142 0.7854 0.0000 -1.0000)) (T (a -0.25) (M 1.4142 2.3562 1.0000 0.0000))) (T (a -0.25) (M 1.4142 -2.3562 0.0000 1.0000))) (T (a -0.25) (M 1.4142 -0.7854 -1.0000 0.0000))) (M 1 0 0.000 0))) (T (C (C (C (T (a -0.25) (M 1.4142 0.7854 0.0000 -1.0000)) (T (a -0.25) (M 1.4142 2.3562 1.0000 0.0000))) (T (a -0.25) (M 1.4142 -2.3562 0.0000 1.0000))) (T (a -0.25) (M 1.4142 -0.7854 -1.0000 0.0000))) (M 1 0 1.968 0))) (T (C (C (C (T (a -0.25) (M 1.4142 0.7854 0.0000 -1.0000)) (T (a -0.25) (M 1.4142 2.3562 1.0000 0.0000))) (T (a -0.25) (M 1.4142 -2.3562 0.0000 1.0000))) (T (a -0.25) (M 1.4142 -0.7854 -1.0000 0.0000))) (M 1 0 3.935 0))) (M 0.750 0 0 0)),4,concave,line,5,balanced_data/dim_balanced/regular_polygons/dim2/var1/images/106.png
(T (C (C (C (C (C (T (C (C (C (T (a -0.25) (M 1.4142 0.7854 0.0000 -1.0000)) (T (a -0.25) (M 1.4142 2.3562 1.0000 0.0000))) (T (a -0.25) (M 1.4142 -2.3562 0.0000 1.0000))) (T (a -0.25) (M 1.4142 -0.7854 -1.0000 0.0000))) (M 1 0 -4.491 0)) (T (C (C (C (T (a -0.25) (M 1.4142 0.7854 0.0000 -1.0000)) (T (a -0.25) (M 1.4142 2.3562 1.0000 0.0000))) (T (a -0.25) (M 1.4142 -2.3562 0.0000 1.0000))) (T (a -0.25) (M 1.4142 -0.7854 -1.0000 0.0000))) (M 1 0 -2.694 0))) (T (C (C (C (T (a -0.25) (M 1.4142 0.7854 0.0000 -1.0000)) (T (a -0.25) (M 1.4142 2.3562 1.0000 0.0000))) (T (a -0.25) (M 1.4142 -2.3562 0.0000 1.0000))) (T (a -0.25) (M 1.4142 -0.7854 -1.0000 0.0000))) (M 1 0 -0.898 0))) (T (C (C (C (T (a -0.25) (M 1.4142 0.7854 0.0000 -1.0000)) (T (a -0.25) (M 1.4142 2.3562 1.0000 0.0000))) (T (a -0.25) (M 1.4142 -2.3562 0.0000 1.0000))) (T (a -0.25) (M 1.4142 -0.7854 -1.0000 0.0000))) (M 1 0 0.898 0))) (T (C (C (C (T (a -0.25) (M 1.4142 0.7854 0.0000 -1.0000)) (T (a -0.25) (M 1.4142 2.3562 1.0000 0.0000))) (T (a -0.25) (M 1.4142 -2.3562 0.0000 1.0000))) (T (a -0.25) (M 1.4142 -0.7854 -1.0000 0.0000))) (M 1 0 2.694 0))) (T (C (C (C (T (a -0.25) (M 1.4142 0.7854 0.0000 -1.0000)) (T (a -0.25) (M 1.4142 2.3562 1.0000 0.0000))) (T (a -0.25) (M 1.4142 -2.3562 0.0000 1.0000))) (T (a -0.25) (M 1.4142 -0.7854 -1.0000 0.0000))) (M 1 0 4.491 0))) (M 0.750 0 0 0)),4,concave,line,6,balanced_data/dim_balanced/regular_polygons/dim2/var1/images/107.png
(T (repeat (C (C (C (T (a -0.25) (M 1.4142 0.7854 0.0000 -1.0000)) (T (a -0.25) (M 1.4142 2.3562 1.0000 0.0000))) (T (a -0.25) (M 1.4142 -2.3562 0.0000 1.0000))) (T (a -0.25) (M 1.4142 -0.7854 -1.0000 0.0000))) 3 0 0 0.900 2.29440) (M 0.750 0 0 0)),4,concave,spiral,3,balanced_data/dim_balanced/regular_polygons/dim2/var1/images/108.png
(T (repeat (C (C (C (T (a -0.25) (M 1.4142 0.7854 0.0000 -1.0000)) (T (a -0.25) (M 1.4142 2.3562 1.0000 0.0000))) (T (a -0.25) (M 1.4142 -2.3562 0.0000 1.0000))) (T (a -0.25) (M 1.4142 -0.7854 -1.0000 0.0000))) 4 0 0 0.900 1.77080) (M 0.750 0 0 0)),4,concave,spiral,4,balanced_data/dim_balanced/regular_polygons/dim2/var1/images/109.png
(T (repeat (C (C (C (T (a -0.25) (M 1.4142 0.7854 0.0000 -1.0000)) (T (a -0.25) (M 1.4142 2.3562 1.0000 0.0000))) (T (a -0.25) (M 1.4142 -2.3562 0.0000 1.0000))) (T (a -0.25) (M 1.4142 -0.7854 -1.0000 0.0000))) 5 0 0 0.900 1.45664) (M 0.750 0 0 0)),4,concave,spiral,5,balanced_data/dim_balanced/regular_polygons/dim2/var1/images/110.png
(T (repeat (C (C (C (T (a -0.25) (M 1.4142 0.7854 0.0000 -1.0000)) (T (a -0.25) (M 1.4142 2.3562 1.0000 0.0000))) (T (a -0.25) (M 1.4142 -2.3562 0.0000 1.0000))) (T (a -0.25) (M 1.4142 -0.7854 -1.0000 0.0000))) 6 0 0 0.900 1.24720) (M 0.750 0 0 0)),4,concave,spiral,6,balanced_data/dim_balanced/regular_polygons/dim2/var1/images/111.png
(T (C (C (T (C (C (C (T (a -0.25) (M 1.4142 0.7854 0.0000 -1.0000)) (T (a -0.25) (M 1.4142 2.3562 1.0000 0.0000))) (T (a -0.25) (M 1.4142 -2.3562 0.0000 1.0000))) (T (a -0.25) (M 1.4142 -0.7854 -1.0000 0.0000))) (M 1.00 0 0 0)) (T (C (C (C (T (a -0.25) (M 1.4142 0.7854 0.0000 -1.0000)) (T (a -0.25) (M 1.4142 2.3562 1.0000 0.0000))) (T (a -0.25) (M 1.4142 -2.3562 0.0000 1.0000))) (T (a -0.25) (M 1.4142 -0.7854 -1.0000 0.0000))) (M 1.40 0 0 0))) (T (C (C (C (T (a -0.25) (M 1.4142 0.7854 0.0000 -1.0000)) (T (a -0.25) (M 1.4142 2.3562 1.0000 0.0000))) (T (a -0.25) (M 1.4142 -2.3562 0.0000 1.0000))) (T (a -0.25) (M 1.4142 -0.7854 -1.0000 0.0000))) (M 1.80 0 0 0))) (M 0.750 0 0 0)),4,concave,scale_origin,3,balanced_data/dim_balanced/regular_polygons/dim2/var1/images/112.png
(T (C (C (C (T (C (C (C (T (a -0.25) (M 1.4142 0.7854 0.0000 -1.0000)) (T (a -0.25) (M 1.4142 2.3562 1.0000 0.0000))) (T (a -0.25) (M 1.4142 -2.3562 0.0000 1.0000))) (T (a -0.25) (M 1.4142 -0.7854 -1.0000 0.0000))) (M 1.00 0 0 0)) (T (C (C (C (T (a -0.25) (M 1.4142 0.7854 0.0000 -1.0000)) (T (a -0.25) (M 1.4142 2.3562 1.0000 0.0000))) (T (a -0.25) (M 1.4142 -2.3562 0.0000 1.0000))) (T (a -0.25) (M 1.4142 -0.7854 -1.0000 0.0000))) (M 1.40 0 0 0))) (T (C (C (C (T (a -0.25) (M 1.4142 0.7854 0.0000 -1.0000)) (T (a -0.25) (M 1.4142 2.3562 1.0000 0.0000))) (T (a -0.25) (M 1.4142 -2.3562 0.0000 1.0000))) (T (a -0.25) (M 1.4142 -0.7854 -1.0000 0.0000))) (M 1.80 0 0 0))) (T (C (C (C (T (a -0.25) (M 1.4142 0.7854 0.0000 -1.0000)) (T (a -0.25) (M 1.4142 2.3562 1.0000 0.0000))) (T (a -0.25) (M 1.4142 -2.3562 0.0000 1.0000))) (T (a -0.25) (M 1.4142 -0.7854 -1.0000 0.0000))) (M 2.20 0 0 0))) (M 0.750 0 0 0)),4,concave,scale_origin,4,balanced_data/dim_balanced/regular_polygons/dim2/var1/images/113.png
(T (C (C (C (C (T (C (C (C (T (a -0.25) (M 1.4142 0.7854 0.0000 -1.0000)) (T (a -0.25) (M 1.4142 2.3562 1.0000 0.0000))) (T (a -0.25) (M 1.4142 -2.3562 0.0000 1.0000))) (T (a -0.25) (M 1.4142 -0.7854 -1.0000 0.0000))) (M 1.00 0 0 0)) (T (C (C (C (T (a -0.25) (M 1.4142 0.7854 0.0000 -1.0000)) (T (a -0.25) (M 1.4142 2.3562 1.0000 0.0000))) (T (a -0.25) (M 1.4142 -2.3562 0.0000 1.0000))) (T (a -0.25) (M 1.4142 -0.7854 -1.0000 0.0000))) (M 1.40 0 0 0))) (T (C (C (C (T (a -0.25) (M 1.4142 0.7854 0.0000 -1.0000)) (T (a -0.25) (M 1.4142 2.3562 1.0000 0.0000))) (T (a -0.25) (M 1.4142 -2.3562 0.0000 1.0000))) (T (a -0.25) (M 1.4142 -0.7854 -1.0000 0.0000))) (M 1.80 0 0 0))) (T (C (C (C (T (a -0.25) (M 1.4142 0.7854 0.0000 -1.0000)) (T (a -0.25) (M 1.4142 2.3562 1.0000 0.0000))) (T (a -0.25) (M 1.4142 -2.3562 0.0000 1.0000))) (T (a -0.25) (M 1.4142 -0.7854 -1.0000 0.0000))) (M 2.20 0 0 0))) (T (C (C (C (T (a -0.25) (M 1.4142 0.7854 0.0000 -1.0000)) (T (a -0.25) (M 1.4142 2.3562 1.0000 0.0000))) (T (a -0.25) (M 1.4142 -2.3562 0.0000 1.0000))) (T (a -0.25) (M 1.4142 -0.7854 -1.0000 0.0000))) (M 2.60 0 0 0))) (M 0.750 0 0 0)),4,concave,scale_origin,5,balanced_data/dim_balanced/regular_polygons/dim2/var1/images/114.png
(T (C (C (C (C (C (T (C (C (C (T (a -0.25) (M 1.4142 0.7854 0.0000 -1.0000)) (T (a -0.25) (M 1.4142 2.3562 1.0000 0.0000))) (T (a -0.25) (M 1.4142 -2.3562 0.0000 1.0000))) (T (a -0.25) (M 1.4142 -0.7854 -1.0000 0.0000))) (M 1.00 0 0 0)) (T (C (C (C (T (a -0.25) (M 1.4142 0.7854 0.0000 -1.0000)) (T (a -0.25) (M 1.4142 2.3562 1.0000 0.0000))) (T (a -0.25) (M 1.4142 -2.3562 0.0000 1.0000))) (T (a -0.25) (M 1.4142 -0.7854 -1.0000 0.0000))) (M 1.40 0 0 0))) (T (C (C (C (T (a -0.25) (M 1.4142 0.7854 0.0000 -1.0000)) (T (a -0.25) (M 1.4142 2.3562 1.0000 0.0000))) (T (a -0.25) (M 1.4142 -2.3562 0.0000 1.0000))) (T (a -0.25) (M 1.4142 -0.7854 -1.0000 0.0000))) (M 1.80 0 0 0))) (T (C (C (C (T (a -0.25) (M 1.4142 0.7854 0.0000 -1.0000)) (T (a -0.25) (M 1.4142 2.3562 1.0000 0.0000))) (T (a -0.25) (M 1.4142 -2.3562 0.0000 1.0000))) (T (a -0.25) (M 1.4142 -0.7854 -1.0000 0.0000))) (M 2.20 0 0 0))) (T (C (C (C (T (a -0.25) (M 1.4142 0.7854 0.0000 -1.0000)) (T (a -0.25) (M 1.4142 2.3562 1.0000 0.0000))) (T (a -0.25) (M 1.4142 -2.3562 0.0000 1.0000))) (T (a -0.25) (M 1.4142 -0.7854 -1.0000 0.0000))) (M 2.60 0 0 0))) (T (C (C (C (T (a -0.25) (M 1.4142 0.7854 0.0000 -1.0000)) (T (a -0.25) (M 1.4142 2.3562 1.0000 0.0000))) (T (a -0.25) (M 1.4142 -2.3562 0.0000 1.0000))) (T (a -0.25) (M 1.4142 -0.7854 -1.0000 0.0000))) (M 3.00 0 0 0))) (M 0.750 0 0 0)),4,concave,scale_origin,6,balanced_data/dim_balanced/regular_polygons/dim2/var1/images/115.png
(T (C (C (T (C (C (C (T (a -0.25) (M 1.4142 0.7854 0.0000 -1.0000)) (T (a -0.25) (M 1.4142 2.3562 1.0000 0.0000))) (T (a -0.25) (M 1.4142 -2.3562 0.0000 1.0000))) (T (a -0.25) (M 1.4142 -0.7854 -1.0000 0.0000))) (M 1.000 0 0.000 0.000)) (T (C (C (C (T (a -0.25) (M 1.4142 0.7854 0.0000 -1.0000)) (T (a -0.25) (M 1.4142 2.3562 1.0000 0.0000))) (T (a -0.25) (M 1.4142 -2.3562 0.0000 1.0000))) (T (a -0.25) (M 1.4142 -0.7854 -1.0000 0.0000))) (M 1.400 0 0.400 0.400))) (T (C (C (C (T (a -0.25) (M 1.4142 0.7854 0.0000 -1.0000)) (T (a -0.25) (M 1.4142 2.3562 1.0000 0.0000))) (T (a -0.25) (M 1.4142 -2.3562 0.0000 1.0000))) (T (a -0.25) (M 1.4142 -0.7854 -1.0000 0.0000))) (M 1.960 0 0.960 0.960))) (M 0.750 0 0 0)),4,concave,scale_outward,3,balanced_data/dim_balanced/regular_polygons/dim2/var1/images/116.png
(T (C (C (C (T (C (C (C (T (a -0.25) (M 1.4142 0.7854 0.0000 -1.0000)) (T (a -0.25) (M 1.4142 2.3562 1.0000 0.0000))) (T (a -0.25) (M 1.4142 -2.3562 0.0000 1.0000))) (T (a -0.25) (M 1.4142 -0.7854 -1.0000 0.0000))) (M 1.000 0 0.000 0.000)) (T (C (C (C (T (a -0.25) (M 1.4142 0.7854 0.0000 -1.0000)) (T (a -0.25) (M 1.4142 2.3562 1.0000 0.0000))) (T (a -0.25) (M 1.4142 -2.3562 0.0000 1.0000))) (T (a -0.25) (M 1.4142 -0.7854 -1.0000 0.0000))) (M 1.400 0 0.400 0.400))) (T (C (C (C (T (a -0.25) (M 1.4142 0.7854 0.0000 -1.0000)) (T (a -0.25) (M 1.4142 2.3562 1.0000 0.0000))) (T (a -0.25) (M 1.4142 -2.3562 0.0000 1.0000))) (T (a -0.25) (M 1.4142 -0.7854 -1.0000 0.0000))) (M 1.960 0 0.960 0.960))) (T (C (C (C (T (a -0.25) (M 1.4142 0.7854 0.0000 -1.0000)) (T (a -0.25) (M 1.4142 2.3562 1.0000 0.0000))) (T (a -0.25) (M 1.4142 -2.3562 0.0000 1.0000))) (T (a -0.25) (M 1.4142 -0.7854 -1.0000 0.0000))) (M 2.744 0 1.744 1.744))) (M 0.750 0 0 0)),4,concave,scale_outward,4,balanced_data/dim_balanced/regular_polygons/dim2/var1/images/117.png
(T (C (C (C (C (T (C (C (C (T (a -0.25) (M 1.4142 0.7854 0.0000 -1.0000)) (T (a -0.25) (M 1.4142 2.3562 1.0000 0.0000))) (T (a -0.25) (M 1.4142 -2.3562 0.0000 1.0000))) (T (a -0.25) (M 1.4142 -0.7854 -1.0000 0.0000))) (M 1.000 0 0.000 0.000)) (T (C (C (C (T (a -0.25) (M 1.4142 0.7854 0.0000 -1.0000)) (T (a -0.25) (M 1.4142 2.3562 1.0000 0.0000))) (T (a -0.25) (M 1.4142 -2.3562 0.0000 1.0000))) (T (a -0.25) (M 1.4142 -0.7854 -1.0000 0.0000))) (M 1.400 0 0.400 0.400))) (T (C (C (C (T (a -0.25) (M 1.4142 0.7854 0.0000 -1.0000)) (T (a -0.25) (M 1.4142 2.3562 1.0000 0.0000))) (T (a -0.25) (M 1.4142 -2.3562 0.0000 1.0000))) (T (a -0.25) (M 1.4142 -0.7854 -1.0000 0.0000))) (M 1.960 0 0.960 0.960))) (T (C (C (C (T (a -0.25) (M 1.4142 0.7854 0.0000 -1.0000)) (T (a -0.25) (M 1.4142 2.3562 1.0000 0.0000))) (T (a -0.25) (M 1.4142 -2.3562 0.0000 1.0000))) (T (a -0.25) (M 1.4142 -0.7854 -1.0000 0.0000))) (M 2.744 0 1.744 1.744))) (T (C (C (C (T (a -0.25) (M 1.4142 0.7854 0.0000 -1.0000)) (T (a -0.25) (M 1.4142 2.3562 1.0000 0.0000))) (T (a -0.25) (M 1.4142 -2.3562 0.0000 1.0000))) (T (a -0.25) (M 1.4142 -0.7854 -1.0000 0.0000))) (M 3.842 0 2.842 2.842))) (M 0.750 0 0 0)),4,concave,scale_outward,5,balanced_data/dim_balanced/regular_polygons/dim2/var1/images/118.png
(T (C (C (C (C (C (T (C (C (C (T (a -0.25) (M 1.4142 0.7854 0.0000 -1.0000)) (T (a -0.25) (M 1.4142 2.3562 1.0000 0.0000))) (T (a -0.25) (M 1.4142 -2.3562 0.0000 1.0000))) (T (a -0.25) (M 1.4142 -0.7854 -1.0000 0.0000))) (M 1.000 0 0.000 0.000)) (T (C (C (C (T (a -0.25) (M 1.4142 0.7854 0.0000 -1.0000)) (T (a -0.25) (M 1.4142 2.3562 1.0000 0.0000))) (T (a -0.25) (M 1.4142 -2.3562 0.0000 1.0000))) (T (a -0.25) (M 1.4142 -0.7854 -1.0000 0.0000))) (M 1.400 0 0.400 0.400))) (T (C (C (C (T (a -0.25) (M 1.4142 0.7854 0.0000 -1.0000)) (T (a -0.25) (M 1.4142 2.3562 1.0000 0.0000))) (T (a -0.25) (M 1.4142 -2.3562 0.0000 1.0000))) (T (a -0.25) (M 1.4142 -0.7854 -1.0000 0.0000))) (M 1.960 0 0.960 0.960))) (T (C (C (C (T (a -0.25) (M 1.4142 0.7854 0.0000 -1.0000)) (T (a -0.25) (M 1.4142 2.3562 1.0000 0.0000))) (T (a -0.25) (M 1.4142 -2.3562 0.0000 1.0000))) (T (a -0.25) (M 1.4142 -0.7854 -1.0000 0.0000))) (M 2.744 0 1.744 1.744))) (T (C (C (C (T (a -0.25) (M 1.4142 0.7854 0.0000 -1.0000)) (T (a -0.25) (M 1.4142 2.3562 1.0000 0.0000))) (T (a -0.25) (M 1.4142 -2.3562 0.0000 1.0000))) (T (a -0.25) (M 1.4142 -0.7854 -1.0000 0.0000))) (M 3.842 0 2.842 2.842))) (T (C (C (C (T (a -0.25) (M 1.4142 0.7854 0.0000 -1.0000)) (T (a -0.25) (M 1.4142 2.3562 1.0000 0.0000))) (T (a -0.25) (M 1.4142 -2.3562 0.0000 1.0000))) (T (a -0.25) (M 1.4142 -0.7854 -1.0000 0.0000))) (M 5.378 0 4.378 4.378))) (M 0.562 0 0 0)),4,concave,scale_outward,6,balanced_data/dim_balanced/regular_polygons/dim2/var1/images/119.png
(T (C (C (T (C (C (C (C (T l (M 1.1756 0.6283 0.0000 -1.0000)) (T l (M 1.1756 1.8850 0.9511 -0.3090))) (T l (M 1.1756 3.1416 0.5878 0.8090))) (T l (M 1.1756 -1.8850 -0.5878 0.8090))) (T l (M 1.1756 -0.6283 -0.9511 -0.3090))) (M 1 0 1.800 0.000)) (T (C (C (C (C (T l (M 1.1756 0.6283 0.0000 -1.0000)) (T l (M 1.1756 1.8850 0.9511 -0.3090))) (T l (M 1.1756 3.1416 0.5878 0.8090))) (T l (M 1.1756 -1.8850 -0.5878 0.8090))) (T l (M 1.1756 -0.6283 -0.9511 -0.3090))) (M 1 0 -0.900 1.559))) (T (C (C (C (C (T l (M 1.1756 0.6283 0.0000 -1.0000)) (T l (M 1.1756 1.8850 0.9511 -0.3090))) (T l (M 1.1756 3.1416 0.5878 0.8090))) (T l (M 1.1756 -1.8850 -0.5878 0.8090))) (T l (M 1.1756 -0.6283 -0.9511 -0.3090))) (M 1 0 -0.900 -1.559))) (M 0.750 0 0 0)),5,straight,radial,3,balanced_data/dim_balanced/regular_polygons/dim2/var1/images/120.png
(T (C (C (C (T (C (C (C (C (T l (M 1.1756 0.6283 0.0000 -1.0000)) (T l (M 1.1756 1.8850 0.9511 -0.3090))) (T l (M 1.1756 3.1416 0.5878 0.8090))) (T l (M 1.1756 -1.8850 -0.5878 0.8090))) (T l (M 1.1756 -0.6283 -0.9511 -0.3090))) (M 1 0 1.800 0.000)) (T (C (C (C (C (T l (M 1.1756 0.6283 0.0000 -1.0000)) (T l (M 1.1756 1.8850 0.9511 -0.3090))) (T l (M 1.1756 3.1416 0.5878 0.8090))) (T l (M 1.1756 -1.8850 -0.5878 0.8090))) (T l (M 1.1756 -0.6283 -0.9511 -0.3090))) (M 1 0 0.000 1.800))) (T (C (C (C (C (T l (M 1.1756 0.6283 0.0000 -1.0000)) (T l (M 1.1756 1.8850 0.9511 -0.3090))) (T l (M 1.1756 3.1416 0.5878 0.8090))) (T l (M 1.1756 -1.8850 -0.5878 0.8090))) (T l (M 1.1756 -0.6283 -0.9511 -0.3090))) (M 1 0 -1.800 0.000))) (T (C (C (C (C (T l (M 1.1756 0.6283 0.0000 -1.0000)) (T l (M 1.1756 1.8850 0.9511 -0.3090))) (T l (M 1.1756 3.1416 0.5878 0.8090))) (T l (M 1.1756 -1.8850 -0.5878 0.8090))) (T l (M 1.1756 -0.6283 -0.9511 -0.3090))) (M 1 0 -0.000 -1.800))) (M 0.750 0 0 0)),5,straight,radial,4,balanced_data/dim_balanced/regular_polygons/dim2/var1/images/121.png
(T (C (C (C (C (T (C (C (C (C (T l (M 1.1756 0.6283 0.0000 -1.0000)) (T l (M 1.1756 1.8850 0.9511 -0.3090))) (T l (M 1.1756 3.1416 0.5878 0.8090))) (T l (M 1.1756 -1.8850 -0.5878 0.8090))) (T l (M 1.1756 -0.6283 -0.9511 -0.3090))) (M 1 0 1.800 0.000)) (T (C (C (C (C (T l (M 1.1756 0.6283 0.0000 -1.0000)) (T l (M 1.1756 1.8850 0.9511 -0.3090))) (T l (M 1.1756 3.1416 0.5878 0.8090))) (T l (M 1.1756 -1.8850 -0.5878 0.8090))) (T l (M 1.1756 -0.6283 -0.9511 -0.3090))) (M 1 0 0.556 1.712))) (T (C (C (C (C (T l (M 1.1756 0.6283 0.0000 -1.0000)) (T l (M 1.1756 1.8850 0.9511 -0.3090))) (T l (M 1.1756 3.1416 0.5878 0.8090))) (T l (M 1.1756 -1.8850 -0.5878 0.8090))) (T l (M 1.1756 -0.6283 -0.9511 -0.3090))) (M 1 0 -1.456 1.058))) (T (C (C (C (C (T l (M 1.1756 0.6283 0.0000 -1.0000)) (T l (M 1.1756 1.8850 0.9511 -0.3090))) (T l (M 1.1756 3.1416 0.5878 0.8090))) (T l (M 1.1756 -1.8850 -0.5878 0.8090))) (T l (M 1.1756 -0.6283 -0.9511 -0.3090))) (M 1 0 -1.456 -1.058))) (T (C (C (C (C (T l (M 1.1756 0.6283 0.0000 -1.0000)) (T l (M 1.1756 1.8850 0.9511 -0.3090))) (T l (M 1.1756 3.1416 0.5878 0.8090))) (T l (M 1.1756 -1.8850 -0.5878 0.8090))) (T l (M 1.1756 -0.6283 -0.9511 -0.3090))) (M 1 0 0.556 -1.712))) (M 0.750 0 0 0)),5,straight,radial,5,balanced_data/dim_balanced/regular_polygons/dim2/var1/images/122.png
(T (C (C (C (C (C (T (C (C (C (C (T l (M 1.1756 0.6283 0.0000 -1.0000)) (T l (M 1.1756 1.8850 0.9511 -0.3090))) (T l (M 1.1756 3.1416 0.5878 0.8090))) (T l (M 1.1756 -1.8850 -0.5878 0.8090))) (T l (M 1.1756 -0.6283 -0.9511 -0.3090))) (M 1 0 1.800 0.000)) (T (C (C (C (C (T l (M 1.1756 0.6283 0.0000 -1.0000)) (T l (M 1.1756 1.8850 0.9511 -0.3090))) (T l (M 1.1756 3.1416 0.5878 0.8090))) (T l (M 1.1756 -1.8850 -0.5878 0.8090))) (T l (M 1.1756 -0.6283 -0.9511 -0.3090))) (M 1 0 0.900 1.559))) (T (C (C (C (C (T l (M 1.1756 0.6283 0.0000 -1.0000)) (T l (M 1.1756 1.8850 0.9511 -0.3090))) (T l (M 1.1756 3.1416 0.5878 0.8090))) (T l (M 1.1756 -1.8850 -0.5878 0.8090))) (T l (M 1.1756 -0.6283 -0.9511 -0.3090))) (M 1 0 -0.900 1.559))) (T (C (C (C (C (T l (M 1.1756 0.6283 0.0000 -1.0000)) (T l (M 1.1756 1.8850 0.9511 -0.3090))) (T l (M 1.1756 3.1416 0.5878 0.8090))) (T l (M 1.1756 -1.8850 -0.5878 0.8090))) (T l (M 1.1756 -0.6283 -0.9511 -0.3090))) (M 1 0 -1.800 0.000))) (T (C (C (C (C (T l (M 1.1756 0.6283 0.0000 -1.0000)) (T l (M 1.1756 1.8850 0.9511 -0.3090))) (T l (M 1.1756 3.1416 0.5878 0.8090))) (T l (M 1.1756 -1.8850 -0.5878 0.8090))) (T l (M 1.1756 -0.6283 -0.9511 -0.3090))) (M 1 0 -0.900 -1.559))) (T (C (C (C (C (T l (M 1.1756 0.6283 0.0000 -1.0000)) (T l (M 1.1756 1.8850 0.9511 -0.3090))) (T l (M 1.1756 3.1416 0.5878 0.8090))) (T l (M 1.1756 -1.8850 -0.5878 0.8090))) (T l (M 1.1756 -0.6283 -0.9511 -0.3090))) (M 1 0 0.900 -1.559))) (M 0.750 0 0 0)),5,straight,radial,6,balanced_data/dim_balanced/regular_polygons/dim2/var1/images/123.png
(T (C (C (T (C (C (C (C (T l (M 1.1756 0.6283 0.0000 -1.0000)) (T l (M 1.1756 1.8850 0.9511 -0.3090))) (T l (M 1.1756 3.1416 0.5878 0.8090))) (T l (M 1.1756 -1.8850 -0.5878 0.8090))) (T l (M 1.1756 -0.6283 -0.9511 -0.3090))) (M 1 0 -2.540 0)) (T (C (C (C (C (T l (M 1.1756 0.6283 0.0000 -1.0000)) (T l (M 1.1756 1.8850 0.9511 -0.3090))) (T l (M 1.1756 3.1416 0.5878 0.8090))) (T l (M 1.1756 -1.8850 -0.5878 0.8090))) (T l (M 1.1756 -0.6283 -0.9511 -0.3090))) (M 1 0 0.000 0))) (T (C (C (C (C (T l (M 1.1756 0.6283 0.0000 -1.0000)) (T l (M 1.1756 1.8850 0.9511 -0.3090))) (T l (M 1.1756 3.1416 0.5878 0.8090))) (T l (M 1.1756 -1.8850 -0.5878 0.8090))) (T l (M 1.1756 -0.6283 -0.9511 -0.3090))) (M 1 0 2.540 0))) (M 0.750 0 0 0)),5,straight,line,3,balanced_data/dim_balanced/regular_polygons/dim2/var1/images/124.png
(T (C (C (C (T (C (C (C (C (T l (M 1.1756 0.6283 0.0000 -1.0000)) (T l (M 1.1756 1.8850 0.9511 -0.3090))) (T l (M 1.1756 3.1416 0.5878 0.8090))) (T l (M 1.1756 -1.8850 -0.5878 0.8090))) (T l (M 1.1756 -0.6283 -0.9511 -0.3090))) (M 1 0 -3.300 0)) (T (C (C (C (C (T l (M 1.1756 0.6283 0.0000 -1.0000)) (T l (M 1.1756 1.8850 0.9511 -0.3090))) (T l (M 1.1756 3.1416 0.5878 0.8090))) (T l (M 1.1756 -1.8850 -0.5878 0.8090))) (T l (M 1.1756 -0.6283 -0.9511 -0.3090))) (M 1 0 -1.100 0))) (T (C (C (C (C (T l (M 1.1756 0.6283 0.0000 -1.0000)) (T l (M 1.1756 1.8850 0.9511 -0.3090))) (T l (M 1.1756 3.1416 0.5878 0.8090))) (T l (M 1.1756 -1.8850 -0.5878 0.8090))) (T l (M 1.1756 -0.6283 -0.9511 -0.3090))) (M 1 0 1.100 0))) (T (C (C (C (C (T l (M 1.1756 0.6283 0.0000 -1.0000)) (T l (M 1.1756 1.8850 0.9511 -0.3090))) (T l (M 1.1756 3.1416 0.5878 0.8090))) (T l (M 1.1756 -1.8850 -0.5878 0.8090))) (T l (M 1.1756 -0.6283 -0.9511 -0.3090))) (M 1 0 3.300 0))) (M 0.750 0 0 0)),5,straight,line,4,balanced_data/dim_balanced/regular_polygons/dim2/var1/images/125.png
(T (C (C (C (C (T (C (C (C (C (T l (M 1.1756 0.6283 0.0000 -1.0000)) (T l (M 1.1756 1.8850 0.9511 -0.3090))) (T l (M 1.1756 3.1416 0.5878 0.8090))) (T l (M 1.1756 -1.8850 -0.5878 0.8090))) (T l (M 1.1756 -0.6283 -0.9511 -0.3090))) (M 1 0 -3.935 0)) (T (C (C (C (C (T l (M 1.1756 0.6283 0.0000 -1.0000)) (T l (M 1.1756 1.8850 0.9511 -0.3090))) (T l (M 1.1756 3.1416 0.5878 0.8090))) (T l (M 1.1756 -1.8850 -0.5878 0.8090))) (T l (M 1.1756 -0.6283 -0.9511 -0.3090))) (M 1 0 -1.968 0))) (T (C (C (C (C (T l (M 1.1756 0.6283 0.0000 -1.0000)) (T l (M 1.1756 1.8850 0.9511 -0.3090))) (T l (M 1.1756 3.1416 0.5878 0.8090))) (T l (M 1.1756 -1.8850 -0.5878 0.8090))) (T l (M 1.1756 -0.6283 -0.9511 -0.3090))) (M 1 0 0.000 0))) (T (C (C (C (C (T l (M 1.1756 0.6283 0.0000 -1.0000)) (T l (M 1.1756 1.8850 0.9511 -0.3090))) (T l (M 1.1756 3.1416 0.5878 0.8090))) (T l (M 1.1756 -1.8850 -0.5878 0.8090))) (T l (M 1.1756 -0.6283 -0.9511 -0.3090))) (M 1 0 1.968 0))) (T (C (C (C (C (T l (M 1.1756 0.6283 0.0000 -1.0000)) (T l (M 1.1756 1.8850 0.9511 -0.3090))) (T l (M 1.1756 3.1416 0.5878 0.8090))) (T l (M 1.1756 -1.8850 -0.5878 0.8090))) (T l (M 1.1756 -0.6283 -0.9511 -0.3090))) (M 1 0 3.935 0))) (M 0.750 0 0 0)),5,straight,line,5,balanced_data/dim_balanced/regular_polygons/dim2/var1/images/126.png
(T (C (C (C (C (C (T (C (C (C (C (T l (M 1.1756 0.6283 0.0000 -1.0000)) (T l (M 1.1756 1.8850 0.9511 -0.3090))) (T l (M 1.1756 3.1416 0.5878 0.8090))) (T l (M 1.1756 -1.8850 -0.5878 0.8090))) (T l (M 1.1756 -0.6283 -0.9511 -0.3090))) (M 1 0 -4.491 0)) (T (C (C (C (C (T l (M 1.1756 0.6283 0.0000 -1.0000)) (T l (M 1.1756 1.8850 0.9511 -0.3090))) (T l (M 1.1756 3.1416 0.5878 0.8090))) (T l (M 1.1756 -1.8850 -0.5878 0.8090))) (T l (M 1.1756 -0.6283 -0.9511 -0.3090))) (M 1 0 -2.694 0))) (T (C (C (C (C (T l (M 1.1756 0.6283 0.0000 -1.0000)) (T l (M 1.1756 1.8850 0.9511 -0.3090))) (T l (M 1.1756 3.1416 0.5878 0.8090))) (T l (M 1.1756 -1.8850 -0.5878 0.8090))) (T l (M 1.1756 -0.6283 -0.9511 -0.3090))) (M 1 0 -0.898 0))) (T (C (C (C (C (T l (M 1.1756 0.6283 0.0000 -1.0000)) (T l (M 1.1756 1.8850 0.9511 -0.3090))) (T l (M 1.1756 3.1416 0.5878 0.8090))) (T l (M 1.1756 -1.8850 -0.5878 0.8090))) (T l (M 1.1756 -0.6283 -0.9511 -0.3090))) (M 1 0 0.898 0))) (T (C (C (C (C (T l (M 1.1756 0.6283 0.0000 -1.0000)) (T l (M 1.1756 1.8850 0.9511 -0.3090))) (T l (M 1.1756 3.1416 0.5878 0.8090))) (T l (M 1.1756 -1.8850 -0.5878 0.8090))) (T l (M 1.1756 -0.6283 -0.9511 -0.3090))) (M 1 0 2.694 0))) (T (C (C (C (C (T l (M 1.1756 0.6283 0.0000 -1.0000)) (T l (M 1.1756 1.8850 0.9511 -0.3090))) (T l (M 1.1756 3.1416 0.5878 0.8090))) (T l (M 1.1756 -1.8850 -0.5878 0.8090))) (T l (M 1.1756 -0.6283 -0.9511 -0.3090))) (M 1 0 4.491 0))) (M 0.732 0 0 0)),5,straight,line,6,balanced_data/dim_balanced/regular_polygons/dim2/var1/images/127.png
(T (repeat (C (C (C (C (T l (M 1.1756 0.6283 0.0000 -1.0000)) (T l (M 1.1756 1.8850 0.9511 -0.3090))) (T l (M 1.1756 3.1416 0.5878 0.8090))) (T l (M 1.1756 -1.8850 -0.5878 0.8090))) (T l (M 1.1756 -0.6283 -0.9511 -0.3090))) 3 0 0 0.900 2.29440) (M 0.750 0 0 0)),5,straight,spiral,3,balanced_data/dim_balanced/regular_polygons/dim2/var1/images/128.png
(T (repeat (C (C (C (C (T l (M 1.1756 0.6283 0.0000 -1.0000)) (T l (M 1.1756 1.8850 0.9511 -0.3090))) (T l (M 1.1756 3.1416 0.5878 0.8090))) (T l (M 1.1756 -1.8850 -0.5878 0.8090))) (T l (M 1.1756 -0.6283 -0.9511 -0.3090))) 4 0 0 0.900 1.77080) (M 0.750 0 0 0)),5,straight,spiral,4,balanced_data/dim_balanced/regular_polygons/dim2/var1/images/129.png
(T (repeat (C (C (C (C (T l (M 1.1756 0.6283 0.0000 -1.0000)) (T l (M 1.1756 1.8850 0.9511 -0.3090))) (T l (M 1.1756 3.1416 0.5878 0.8090))) (T l (M 1.1756 -1.8850 -0.5878 0.8090))) (T l (M 1.1756 -0.6283 -0.9511 -0.3090))) 5 0 0 0.900 1.45664) (M 0.750 0 0 0)),5,straight,spiral,5,balanced_data/dim_balanced/regular_polygons/dim2/var1/images/130.png
(T (repeat (C (C (C (C (T l (M 1.1756 0.6283 0.0000 -1.0000)) (T l (M 1.1756 1.8850 0.9511 -0.3090))) (T l (M 1.1756 3.1416 0.5878 0.8090))) (T l (M 1.1756 -1.8850 -0.5878 0.8090))) (T l (M 1.1756 -0.6283 -0.9511 -0.3090))) 6 0 0 0.900 1.24720) (M 0.750 0 0 0)),5,straight,spiral,6,balanced_data/dim_balanced/regular_polygons/dim2/var1/images/131.png
(T (C (C (T (C (C (C (C (T l (M 1.1756 0.6283 0.0000 -1.0000)) (T l (M 1.1756 1.8850 0.9511 -0.3090))) (T l (M 1.1756 3.1416 0.5878 0.8090))) (T l (M 1.1756 -1.8850 -0.5878 0.8090))) (T l (M 1.1756 -0.6283 -0.9511 -0.3090))) (M 1.00 0 0 0)) (T (C (C (C (C (T l (M 1.1756 0.6283 0.0000 -1.0000)) (T l (M 1.1756 1.8850 0.9511 -0.3090))) (T l (M 1.1756 3.1416 0.5878 0.8090))) (T l (M 1.1756 -1.8850 -0.5878 0.8090))) (T l (M 1.1756 -0.6283 -0.9511 -0.3090))) (M 1.40 0 0 0))) (T (C (C (C (C (T l (M 1.1756 0.6283 0.0000 -1.0000)) (T l (M 1.1756 1.8850 0.9511 -0.3090))) (T l (M 1.1756 3.1416 0.5878 0.8090))) (T l (M 1.1756 -1.8850 -0.5878 0.8090))) (T l (M 1.1756 -0.6283 -0.9511 -0.3090))) (M 1.80 0 0 0))) (M 0.750 0 0 0)),5,straight,scale_origin,3,balanced_data/dim_balanced/regular_polygons/dim2/var1/images/132.png
(T (C (C (C (T (C (C (C (C (T l (M 1.1756 0.6283 0.0000 -1.0000)) (T l (M 1.1756 1.8850 0.9511 -0.3090))) (T l (M 1.1756 3.1416 0.5878 0.8090))) (T l (M 1.1756 -1.8850 -0.5878 0.8090))) (T l (M 1.1756 -0.6283 -0.9511 -0.3090))) (M 1.00 0 0 0)) (T (C (C (C (C (T l (M 1.1756 0.6283 0.0000 -1.0000)) (T l (M 1.1756 1.8850 0.9511 -0.3090))) (T l (M 1.1756 3.1416 0.5878 0.8090))) (T l (M 1.1756 -1.8850 -0.5878 0.8090))) (T l (M 1.1756 -0.6283 -0.9511 -0.3090))) (M 1.40 0 0 0))) (T (C (C (C (C (T l (M 1.1756 0.6283 0.0000 -1.0000)) (T l (M 1.1756 1.8850 0.9511 -0.3090))) (T l (M 1.1756 3.1416 0.5878 0.8090))) (T l (M 1.1756 -1.8850 -0.5878 0.8090))) (T l (M 1.1756 -0.6283 -0.9511 -0.3090))) (M 1.80 0 0 0))) (T (C (C (C (C (T l (M 1.1756 0.6283 0.0000 -1.0000)) (T l (M 1.1756 1.8850 0.9511 -0.3090))) (T l (M 1.1756 3.1416 0.5878 0.8090))) (T l (M 1.1756 -1.8850 -0.5878 0.8090))) (T l (M 1.1756 -0.6283 -0.9511 -0.3090))) (M 2.20 0 0 0))) (M 0.750 0 0 0)),5,straight,scale_origin,4,balanced_data/dim_balanced/regular_polygons/dim2/var1/images/133.png
(T (C (C (C (C (T (C (C (C (C (T l (M 1.1756 0.6283 0.0000 -1.0000)) (T l (M 1.1756 1.8850 0.9511 -0.3090))) (T l (M 1.1756 3.1416 0.5878 0.8090))) (T l (M 1.1756 -1.8850 -0.5878 0.8090))) (T l (M 1.1756 -0.6283 -0.9511 -0.3090))) (M 1.00 0 0 0)) (T (C (C (C (C (T l (M 1.1756 0.6283 0.0000 -1.0000)) (T l (M 1.1756 1.8850 0.9511 -0.3090))) (T l (M 1.1756 3.1416 0.5878 0.8090))) (T l (M 1.1756 -1.8850 -0.5878 0.8090))) (T l (M 1.1756 -0.6283 -0.9511 -0.3090))) (M 1.40 0 0 0))) (T (C (C (C (C (T l (M 1.1756 0.6283 0.0000 -1.0000)) (T l (M 1.1756 1.8850 0.9511 -0.3090))) (T l (M 1.1756 3.1416 0.5878 0.8090))) (T l (M 1.1756 -1.8850 -0.5878 0.8090))) (T l (M 1.1756 -0.6283 -0.9511 -0.3090))) (M 1.80 0 0 0))) (T (C (C (C (C (T l (M 1.1756 0.6283 0.0000 -1.0000)) (T l (M 1.1756 1.8850 0.9511 -0.3090))) (T l (M 1.1756 3.1416 0.5878 0.8090))) (T l (M 1.1756 -1.8850 -0.5878 0.8090))) (T l (M 1.1756 -0.6283 -0.9511 -0.3090))) (M 2.20 0 0 0))) (T (C (C (C (C (T l (M 1.1756 0.6283 0.0000 -1.0000)) (T l (M 1.1756 1.8850 0.9511 -0.3090))) (T l (M 1.1756 3.1416 0.5878 0.8090))) (T l (M 1.1756 -1.8850 -0.5878 0.8090))) (T l (M 1.1756 -0.6283 -0.9511 -0.3090))) (M 2.60 0 0 0))) (M 0.750 0 0 0)),5,straight,scale_origin,5,balanced_data/dim_balanced/regular_polygons/dim2/var1/images/134.png
(T (C (C (C (C (C (T (C (C (C (C (T l (M 1.1756 0.6283 0.0000 -1.0000)) (T l (M 1.1756 1.8850 0.9511 -0.3090))) (T l (M 1.1756 3.1416 0.5878 0.8090))) (T l (M 1.1756 -1.8850 -0.5878 0.8090))) (T l (M 1.1756 -0.6283 -0.9511 -0.3090))) (M 1.00 0 0 0)) (T (C (C (C (C (T l (M 1.1756 0.6283 0.0000 -1.0000)) (T l (M 1.1756 1.8850 0.9511 -0.3090))) (T l (M 1.1756 3.1416 0.5878 0.8090))) (T l (M 1.1756 -1.8850 -0.5878 0.8090))) (T l (M 1.1756 -0.6283 -0.9511 -0.3090))) (M 1.40 0 0 0))) (T (C (C (C (C (T l (M 1.1756 0.6283 0.0000 -1.0000)) (T l (M 1.1756 1.8850 0.9511 -0.3090))) (T l (M 1.1756 3.1416 0.5878 0.8090))) (T l (M 1.1756 -1.8850 -0.5878 0.8090))) (T l (M 1.1756 -0.6283 -0.9511 -0.3090))) (M 1.80 0 0 0))) (T (C (C (C (C (T l (M 1.1756 0.6283 0.0000 -1.0000)) (T l (M 1.1756 1.8850 0.9511 -0.3090))) (T l (M 1.1756 3.1416 0.5878 0.8090))) (T l (M 1.1756 -1.8850 -0.5878 0.8090))) (T l (M 1.1756 -0.6283 -0.9511 -0.3090))) (M 2.20 0 0 0))) (T (C (C (C (C (T l (M 1.1756 0.6283 0.0000 -1.0000)) (T l (M 1.1756 1.8850 0.9511 -0.3090))) (T l (M 1.1756 3.1416 0.5878 0.8090))) (T l (M 1.1756 -1.8850 -0.5878 0.8090))) (T l (M 1.1756 -0.6283 -0.9511 -0.3090))) (M 2.60 0 0 0))) (T (C (C (C (C (T l (M 1.1756 0.6283 0.0000 -1.0000)) (T l (M 1.1756 1.8850 0.9511 -0.3090))) (T l (M 1.1756 3.1416 0.5878 0.8090))) (T l (M 1.1756 -1.8850 -0.5878 0.8090))) (T l (M 1.1756 -0.6283 -0.9511 -0.3090))) (M 3.00 0 0 0))) (M 0.750 0 0 0)),5,straight,scale_origin,6,balanced_data/dim_balanced/regular_polygons/dim2/var1/images/135.png
(T (C (C (T (C (C (C (C (T l (M 1.1756 0.6283 0.0000 -1.0000)) (T l (M 1.1756 1.8850 0.9511 -0.3090))) (T l (M 1.1756 3.1416 0.5878 0.8090))) (T l (M 1.1756 -1.8850 -0.5878 0.8090))) (T l (M 1.1756 -0.6283 -0.9511 -0.3090))) (M 1.000 0 0.000 0.000)) (T (C (C (C (C (T l (M 1.1756 0.6283 0.0000 -1.0000)) (T l (M 1.1756 1.8850 0.9511 -0.3090))) (T l (M 1.1756 3.1416 0.5878 0.8090))) (T l (M 1.1756 -1.8850 -0.5878 0.8090))) (T l (M 1.1756 -0.6283 -0.9511 -0.3090))) (M 1.400 0 0.400 0.400))) (T (C (C (C (C (T l (M 1.1756 0.6283 0.0000 -1.0000)) (T l (M 1.1756 1.8850 0.9511 -0.3090))) (T l (M 1.1756 3.1416 0.5878 0.8090))) (T l (M 1.1756 -1.8850 -0.5878 0.8090))) (T l (M 1.1756 -0.6283 -0.9511 -0.3090))) (M 1.960 0 0.960 0.960))) (M 0.750 0 0 0)),5,straight,scale_outward,3,balanced_data/dim_balanced/regular_polygons/dim2/var1/images/136.png
(T (C (C (C (T (C (C (C (C (T l (M 1.1756 0.6283 0.0000 -1.0000)) (T l (M 1.1756 1.8850 0.9511 -0.3090))) (T l (M 1.1756 3.1416 0.5878 0.8090))) (T l (M 1.1756 -1.8850 -0.5878 0.8090))) (T l (M 1.1756 -0.6283 -0.9511 -0.3090))) (M 1.000 0 0.000 0.000)) (T (C (C (C (C (T l (M 1.1756 0.6283 0.0000 -1.0000)) (T l (M 1.1756 1.8850 0.9511 -0.3090))) (T l (M 1.1756 3.1416 0.5878 0.8090))) (T l (M 1.1756 -1.8850 -0.5878 0.8090))) (T l (M 1.1756 -0.6283 -0.9511 -0.3090))) (M 1.400 0 0.400 0.400))) (T (C (C (C (C (T l (M 1.1756 0.6283 0.0000 -1.0000)) (T l (M 1.1756 1.8850 0.9511 -0.3090))) (T l (M 1.1756 3.1416 0.5878 0.8090))) (T l (M 1.1756 -1.8850 -0.5878 0.8090))) (T l (M 1.1756 -0.6283 -0.9511 -0.3090))) (M 1.960 0 0.960 0.960))) (T (C (C (C (C (T l (M 1.1756 0.6283 0.0000 -1.0000)) (T l (M 1.1756 1.8850 0.9511 -0.3090))) (T l (M 1.1756 3.1416 0.5878 0.8090))) (T l (M 1.1756 -1.8850 -0.5878 0.8090))) (T l (M 1.1756 -0.6283 -0.9511 -0.3090))) (M 2.744 0 1.744 1.744))) (M 0.750 0 0 0)),5,straight,scale_outward,4,balanced_data/dim_balanced/regular_polygons/dim2/var1/images/137.png
(T (C (C (C (C (T (C (C (C (C (T l (M 1.1756 0.6283 0.0000 -1.0000)) (T l (M 1.1756 1.8850 0.9511 -0.3090))) (T l (M 1.1756 3.1416 0.5878 0.8090))) (T l (M 1.1756 -1.8850 -0.5878 0.8090))) (T l (M 1.1756 -0.6283 -0.9511 -0.3090))) (M 1.000 0 0.000 0.000)) (T (C (C (C (C (T l (M 1.1756 0.6283 0.0000 -1.0000)) (T l (M 1.1756 1.8850 0.9511 -0.3090))) (T l (M 1.1756 3.1416 0.5878 0.8090))) (T l (M 1.1756 -1.8850 -0.5878 0.8090))) (T l (M 1.1756 -0.6283 -0.9511 -0.3090))) (M 1.400 0 0.400 0.400))) (T (C (C (C (C (T l (M 1.1756 0.6283 0.0000 -1.0000)) (T l (M 1.1756 1.8850 0.9511 -0.3090))) (T l (M 1.1756 3.1416 0.5878 0.8090))) (T l (M 1.1756 -1.8850 -0.5878 0.8090))) (T l (M 1.1756 -0.6283 -0.9511 -0.3090))) (M 1.960 0 0.960 0.960))) (T (C (C (C (C (T l (M 1.1756 0.6283 0.0000 -1.0000)) (T l (M 1.1756 1.8850 0.9511 -0.3090))) (T l (M 1.1756 3.1416 0.5878 0.8090))) (T l (M 1.1756 -1.8850 -0.5878 0.8090))) (T l (M 1.1756 -0.6283 -0.9511 -0.3090))) (M 2.744 0 1.744 1.744))) (T (C (C (C (C (T l (M 1.1756 0.6283 0.0000 -1.0000)) (T l (M 1.1756 1.8850 0.9511 -0.3090))) (T l (M 1.1756 3.1416 0.5878 0.8090))) (T l (M 1.1756 -1.8850 -0.5878 0.8090))) (T l (M 1.1756 -0.6283 -0.9511 -0.3090))) (M 3.842 0 2.842 2.842))) (M 0.691 0 0 0)),5,straight,scale_outward,5,balanced_data/dim_balanced/regular_polygons/dim2/var1/images/138.png
(T (C (C (C (C (C (T (C (C (C (C (T l (M 1.1756 0.6283 0.0000 -1.0000)) (T l (M 1.1756 1.8850 0.9511 -0.3090))) (T l (M 1.1756 3.1416 0.5878 0.8090))) (T l (M 1.1756 -1.8850 -0.5878 0.8090))) (T l (M 1.1756 -0.6283 -0.9511 -0.3090))) (M 1.000 0 0.000 0.000)) (T (C (C (C (C (T l (M 1.1756 0.6283 0.0000 -1.0000)) (T l (M 1.1756 1.8850 0.9511 -0.3090))) (T l (M 1.1756 3.1416 0.5878 0.8090))) (T l (M 1.1756 -1.8850 -0.5878 0.8090))) (T l (M 1.1756 -0.6283 -0.9511 -0.3090))) (M 1.400 0 0.400 0.400))) (T (C (C (C (C (T l (M 1.1756 0.6283 0.0000 -1.0000)) (T l (M 1.1756 1.8850 0.9511 -0.3090))) (T l (M 1.1756 3.1416 0.5878 0.8090))) (T l (M 1.1756 -1.8850 -0.5878 0.8090))) (T l (M 1.1756 -0.6283 -0.9511 -0.3090))) (M 1.960 0 0.960 0.960))) (T (C (C (C (C (T l (M 1.1756 0.6283 0.0000 -1.0000)) (T l (M 1.1756 1.8850 0.9511 -0.3090))) (T l (M 1.1756 3.1416 0.5878 0.8090))) (T l (M 1.1756 -1.8850 -0.5878 0.8090))) (T l (M 1.1756 -0.6283 -0.9511 -0.3090))) (M 2.744 0 1.744 1.744))) (T (C (C (C (C (T l (M 1.1756 0.6283 0.0000 -1.0000)) (T l (M 1.1756 1.8850 0.9511 -0.3090))) (T l (M 1.1756 3.1416 0.5878 0.8090))) (T l (M 1.1756 -1.8850 -0.5878 0.8090))) (T l (M 1.1756 -0.6283 -0.9511 -0.3090))) (M 3.842 0 2.842 2.842))) (T (C (C (C (C (T l (M 1.1756 0.6283 0.0000 -1.0000)) (T l (M 1.1756 1.8850 0.9511 -0.3090))) (T l (M 1.1756 3.1416 0.5878 0.8090))) (T l (M 1.1756 -1.8850 -0.5878 0.8090))) (T l (M 1.1756 -0.6283 -0.9511 -0.3090))) (M 5.378 0 4.378 4.378))) (M 0.510 0 0 0)),5,straight,scale_outward,6,balanced_data/dim_balanced/regular_polygons/dim2/var1/images/139.png
(T (C (C (T (C (C (C (C (T (a 0.25) (M 1.1756 0.6283 0.0000 -1.0000)) (T (a 0.25) (M 1.1756 1.8850 0.9511 -0.3090))) (T (a 0.25) (M 1.1756 3.1416 0.5878 0.8090))) (T (a 0.25) (M 1.1756 -1.8850 -0.5878 0.8090))) (T (a 0.25) (M 1.1756 -0.6283 -0.9511 -0.3090))) (M 1 0 1.800 0.000)) (T (C (C (C (C (T (a 0.25) (M 1.1756 0.6283 0.0000 -1.0000)) (T (a 0.25) (M 1.1756 1.8850 0.9511 -0.3090))) (T (a 0.25) (M 1.1756 3.1416 0.5878 0.8090))) (T (a 0.25) (M 1.1756 -1.8850 -0.5878 0.8090))) (T (a 0.25) (M 1.1756 -0.6283 -0.9511 -0.3090))) (M 1 0 -0.900 1.559))) (T (C (C (C (C (T (a 0.25) (M 1.1756 0.6283 0.0000 -1.0000)) (T (a 0.25) (M 1.1756 1.8850 0.9511 -0.3090))) (T (a 0.25) (M 1.1756 3.1416 0.5878 0.8090))) (T (a 0.25) (M 1.1756 -1.8850 -0.5878 0.8090))) (T (a 0.25) (M 1.1756 -0.6283 -0.9511 -0.3090))) (M 1 0 -0.900 -1.559))) (M 0.750 0 0 0)),5,convex,radial,3,balanced_data/dim_balanced/regular_polygons/dim2/var1/images/140.png
(T (C (C (C (T (C (C (C (C (T (a 0.25) (M 1.1756 0.6283 0.0000 -1.0000)) (T (a 0.25) (M 1.1756 1.8850 0.9511 -0.3090))) (T (a 0.25) (M 1.1756 3.1416 0.5878 0.8090))) (T (a 0.25) (M 1.1756 -1.8850 -0.5878 0.8090))) (T (a 0.25) (M 1.1756 -0.6283 -0.9511 -0.3090))) (M 1 0 1.800 0.000)) (T (C (C (C (C (T (a 0.25) (M 1.1756 0.6283 0.0000 -1.0000)) (T (a 0.25) (M 1.1756 1.8850 0.9511 -0.3090))) (T (a 0.25) (M 1.1756 3.1416 0.5878 0.8090))) (T (a 0.25) (M 1.1756 -1.8850 -0.5878 0.8090))) (T (a 0.25) (M 1.1756 -0.6283 -0.9511 -0.3090))) (M 1 0 0.000 1.800))) (T (C (C (C (C (T (a 0.25) (M 1.1756 0.6283 0.0000 -1.0000)) (T (a 0.25) (M 1.1756 1.8850 0.9511 -0.3090))) (T (a 0.25) (M 1.1756 3.1416 0.5878 0.8090))) (T (a 0.25) (M 1.1756 -1.8850 -0.5878 0.8090))) (T (a 0.25) (M 1.1756 -0.6283 -0.9511 -0.3090))) (M 1 0 -1.800 0.000))) (T (C (C (C (C (T (a 0.25) (M 1.1756 0.6283 0.0000 -1.0000)) (T (a 0.25) (M 1.1756 1.8850 0.9511 -0.3090))) (T (a 0.25) (M 1.1756 3.1416 0.5878 0.8090))) (T (a 0.25) (M 1.1756 -1.8850 -0.5878 0.8090))) (T (a 0.25) (M 1.1756 -0.6283 -0.9511 -0.3090))) (M 1 0 -0.000 -1.800))) (M 0.750 0 0 0)),5,convex,radial,4,balanced_data/dim_balanced/regular_polygons/dim2/var1/images/141.png
(T (C (C (C (C (T (C (C (C (C (T (a 0.25) (M 1.1756 0.6283 0.0000 -1.0000)) (T (a 0.25) (M 1.1756 1.8850 0.9511 -0.3090))) (T (a 0.25) (M 1.1756 3.1416 0.5878 0.8090))) (T (a 0.25) (M 1.1756 -1.8850 -0.5878 0.8090))) (T (a 0.25) (M 1.1756 -0.6283 -0.9511 -0.3090))) (M 1 0 1.800 0.000)) (T (C (C (C (C (T (a 0.25) (M 1.1756 0.6283 0.0000 -1.0000)) (T (a 0.25) (M 1.1756 1.8850 0.9511 -0.3090))) (T (a 0.25) (M 1.1756 3.1416 0.5878 0.8090))) (T (a 0.25) (M 1.1756 -1.8850 -0.5878 0.8090))) (T (a 0.25) (M 1.1756 -0.6283 -0.9511 -0.3090))) (M 1 0 0.556 1.712))) (T (C (C (C (C (T (a 0.25) (M 1.1756 0.6283 0.0000 -1.0000)) (T (a 0.25) (M 1.1756 1.8850 0.9511 -0.3090))) (T (a 0.25) (M 1.1756 3.1416 0.5878 0.8090))) (T (a 0.25) (M 1.1756 -1.8850 -0.5878 0.8090))) (T (a 0.25) (M 1.1756 -0.6283 -0.9511 -0.3090))) (M 1 0 -1.456 1.058))) (T (C (C (C (C (T (a 0.25) (M 1.1756 0.6283 0.0000 -1.0000)) (T (a 0.25) (M 1.1756 1.8850 0.9511 -0.3090))) (T (a 0.25) (M 1.1756 3.1416 0.5878 0.8090))) (T (a 0.25) (M 1.1756 -1.8850 -0.5878 0.8090))) (T (a 0.25) (M 1.1756 -0.6283 -0.9511 -0.3090))) (M 1 0 -1.456 -1.058))) (T (C (C (C (C (T (a 0.25) (M 1.1756 0.6283 0.0000 -1.0000)) (T (a 0.25) (M 1.1756 1.8850 0.9511 -0.3090))) (T (a 0.25) (M 1.1756 3.1416 0.5878 0.8090))) (T (a 0.25) (M 1.1756 -1.8850 -0.5878 0.8090))) (T (a 0.25) (M 1.1756 -0.6283 -0.9511 -0.3090))) (M 1 0 0.556 -1.712))) (M 0.750 0 0 0)),5,convex,radial,5,balanced_data/dim_balanced/regular_polygons/dim2/var1/images/142.png
(T (C (C (C (C (C (T (C (C (C (C (T (a 0.25) (M 1.1756 0.6283 0.0000 -1.0000)) (T (a 0.25) (M 1.1756 1.8850 0.9511 -0.3090))) (T (a 0.25) (M 1.1756 3.1416 0.5878 0.8090))) (T (a 0.25) (M 1.1756 -1.8850 -0.5878 0.8090))) (T (a 0.25) (M 1.1756 -0.6283 -0.9511 -0.3090))) (M 1 0 1.800 0.000)) (T (C (C (C (C (T (a 0.25) (M 1.1756 0.6283 0.0000 -1.0000)) (T (a 0.25) (M 1.1756 1.8850 0.9511 -0.3090))) (T (a 0.25) (M 1.1756 3.1416 0.5878 0.8090))) (T (a 0.25) (M 1.1756 -1.8850 -0.5878 0.8090))) (T (a 0.25) (M 1.1756 -0.6283 -0.9511 -0.3090))) (M 1 0 0.900 1.559))) (T (C (C (C (C (T (a 0.25) (M 1.1756 0.6283 0.0000 -1.0000)) (T (a 0.25) (M 1.1756 1.8850 0.9511 -0.3090))) (T (a 0.25) (M 1.1756 3.1416 0.5878 0.8090))) (T (a 0.25) (M 1.1756 -1.8850 -0.5878 0.8090))) (T (a 0.25) (M 1.1756 -0.6283 -0.9511 -0.3090))) (M 1 0 -0.900 1.559))) (T (C (C (C (C (T (a 0.25) (M 1.1756 0.6283 0.0000 -1.0000)) (T (a 0.25) (M 1.1756 1.8850 0.9511 -0.3090))) (T (a 0.25) (M 1.1756 3.1416 0.5878 0.8090))) (T (a 0.25) (M 1.1756 -1.8850 -0.5878 0.8090))) (T (a 0.25) (M 1.1756 -0.6283 -0.9511 -0.3090))) (M 1 0 -1.800 0.000))) (T (C (C (C (C (T (a 0.25) (M 1.1756 0.6283 0.0000 -1.0000)) (T (a 0.25) (M 1.1756 1.8850 0.9511 -0.3090))) (T (a 0.25) (M 1.1756 3.1416 0.5878 0.8090))) (T (a 0.25) (M 1.1756 -1.8850 -0.5878 0.8090))) (T (a 0.25) (M 1.1756 -0.6283 -0.9511 -0.3090))) (M 1 0 -0.900 -1.559))) (T (C (C (C (C (T (a 0.25) (M 1.1756 0.6283 0.0000 -1.0000)) (T (a 0.25) (M 1.1756 1.8850 0.9511 -0.3090))) (T (a 0.25) (M 1.1756 3.1416 0.5878 0.8090))) (T (a 0.25) (M 1.1756 -1.8850 -0.5878 0.8090))) (T (a 0.25) (M 1.1756 -0.6283 -0.9511 -0.3090))) (M 1 0 0.900 -1.559))) (M 0.750 0 0 0)),5,convex,radial,6,balanced_data/dim_balanced/regular_polygons/dim2/var1/images/143.png
(T (C (C (T (C (C (C (C (T (a 0.25) (M 1.1756 0.6283 0.0000 -1.0000)) (T (a 0.25) (M 1.1756 1.8850 0.9511 -0.3090))) (T (a 0.25) (M 1.1756 3.1416 0.5878 0.8090))) (T (a 0.25) (M 1.1756 -1.8850 -0.5878 0.8090))) (T (a 0.25) (M 1.1756 -0.6283 -0.9511 -0.3090))) (M 1 0 -2.540 0)) (T (C (C (C (C (T (a 0.25) (M 1.1756 0.6283 0.0000 -1.0000)) (T (a 0.25) (M 1.1756 1.8850 0.9511 -0.3090))) (T (a 0.25) (M 1.1756 3.1416 0.5878 0.8090))) (T (a 0.25) (M 1.1756 -1.8850 -0.5878 0.8090))) (T (a 0.25) (M 1.1756 -0.6283 -0.9511 -0.3090))) (M 1 0 0.000 0))) (T (C (C (C (C (T (a 0.25) (M 1.1756 0.6283 0.0000 -1.0000)) (T (a 0.25) (M 1.1756 1.8850 0.9511 -0.3090))) (T (a 0.25) (M 1.1756 3.1416 0.5878 0.8090))) (T (a 0.25) (M 1.1756 -1.8850 -0.5878 0.8090))) (T (a 0.25) (M 1.1756 -0.6283 -0.9511 -0.3090))) (M 1 0 2.540 0))) (M 0.750 0 0 0)),5,convex,line,3,balanced_data/dim_balanced/regular_polygons/dim2/var1/images/144.png
(T (C (C (C (T (C (C (C (C (T (a 0.25) (M 1.1756 0.6283 0.0000 -1.0000)) (T (a 0.25) (M 1.1756 1.8850 0.9511 -0.3090))) (T (a 0.25) (M 1.1756 3.1416 0.5878 0.8090))) (T (a 0.25) (M 1.1756 -1.8850 -0.5878 0.8090))) (T (a 0.25) (M 1.1756 -0.6283 -0.9511 -0.3090))) (M 1 0 -3.300 0)) (T (C (C (C (C (T (a 0.25) (M 1.1756 0.6283 0.0000 -1.0000)) (T (a 0.25) (M 1.1756 1.8850 0.9511 -0.3090))) (T (a 0.25) (M 1.1756 3.1416 0.5878 0.8090))) (T (a 0.25) (M 1.1756 -1.8850 -0.5878 0.8090))) (T (a 0.25) (M 1.1756 -0.6283 -0.9511 -0.3090))) (M 1 0 -1.100 0))) (T (C (C (C (C (T (a 0.25) (M 1.1756 0.6283 0.0000 -1.0000)) (T (a 0.25) (M 1.1756 1.8850 0.9511 -0.3090))) (T (a 0.25) (M 1.1756 3.1416 0.5878 0.8090))) (T (a 0.25) (M 1.1756 -1.8850 -0.5878 0.8090))) (T (a 0.25) (M 1.1756 -0.6283 -0.9511 -0.3090))) (M 1 0 1.100 0))) (T (C (C (C (C (T (a 0.25) (M 1.1756 0.6283 0.0000 -1.0000)) (T (a 0.25) (M 1.1756 1.8850 0.9511 -0.3090))) (T (a 0.25) (M 1.1756 3.1416 0.5878 0.8090))) (T (a 0.25) (M 1.1756 -1.8850 -0.5878 0.8090))) (T (a 0.25) (M 1.1756 -0.6283 -0.9511 -0.3090))) (M 1 0 3.300 0))) (M 0.750 0 0 0)),5,convex,line,4,balanced_data/dim_balanced/regular_polygons/dim2/var1/images/145.png
(T (C (C (C (C (T (C (C (C (C (T (a 0.25) (M 1.1756 0.6283 0.0000 -1.0000)) (T (a 0.25) (M 1.1756 1.8850 0.9511 -0.3090))) (T (a 0.25) (M 1.1756 3.1416 0.5878 0.8090))) (T (a 0.25) (M 1.1756 -1.8850 -0.5878 0.8090))) (T (a 0.25) (M 1.1756 -0.6283 -0.9511 -0.3090))) (M 1 0 -3.935 0)) (T (C (C (C (C (T (a 0.25) (M 1.1756 0.6283 0.0000 -1.0000)) (T (a 0.25) (M 1.1756 1.8850 0.9511 -0.3090))) (T (a 0.25) (M 1.1756 3.1416 0.5878 0.8090))) (T (a 0.25) (M 1.1756 -1.8850 -0.5878 0.8090))) (T (a 0.25) (M 1.1756 -0.6283 -0.9511 -0.3090))) (M 1 0 -1.968 0))) (T (C (C (C (C (T (a 0.25) (M 1.1756 0.6283 0.0000 -1.0000)) (T (a 0.25) (M 1.1756 1.8850 0.9511 -0.3090))) (T (a 0.25) (M 1.1756 3.1416 0.5878 0.8090))) (T (a 0.25) (M 1.1756 -1.8850 -0.5878 0.8090))) (T (a 0.25) (M 1.1756 -0.6283 -0.9511 -0.3090))) (M 1 0 0.000 0))) (T (C (C (C (C (T (a 0.25) (M 1.1756 0.6283 0.0000 -1.0000)) (T (a 0.25) (M 1.1756 1.8850 0.9511 -0.3090))) (T (a 0.25) (M 1.1756 3.1416 0.5878 0.8090))) (T (a 0.25) (M 1.1756 -1.8850 -0.5878 0.8090))) (T (a 0.25) (M 1.1756 -0.6283 -0.9511 -0.3090))) (M 1 0 1.968 0))) (T (C (C (C (C (T (a 0.25) (M 1.1756 0.6283 0.0000 -1.0000)) (T (a 0.25) (M 1.1756 1.8850 0.9511 -0.3090))) (T (a 0.25) (M 1.1756 3.1416 0.5878 0.8090))) (T (a 0.25) (M 1.1756 -1.8850 -0.5878 0.8090))) (T (a 0.25) (M 1.1756 -0.6283 -0.9511 -0.3090))) (M 1 0 3.935 0))) (M 0.698 0 0 0)),5,convex,line,5,balanced_data/dim_balanced/regular_polygons/dim2/var1/images/146.png
(T (C (C (C (C (C (T (C (C (C (C (T (a 0.25) (M 1.1756 0.6283 0.0000 -1.0000)) (T (a 0.25) (M 1.1756 1.8850 0.9511 -0.3090))) (T (a 0.25) (M 1.1756 3.1416 0.5878 0.8090))) (T (a 0.25) (M 1.1756 -1.8850 -0.5878 0.8090))) (T (a 0.25) (M 1.1756 -0.6283 -0.9511 -0.3090))) (M 1 0 -4.491 0)) (T (C (C (C (C (T (a 0.25) (M 1.1756 0.6283 0.0000 -1.0000)) (T (a 0.25) (M 1.1756 1.8850 0.9511 -0.3090))) (T (a 0.25) (M 1.1756 3.1416 0.5878 0.8090))) (T (a 0.25) (M 1.1756 -1.8850 -0.5878 0.8090))) (T (a 0.25) (M 1.1756 -0.6283 -0.9511 -0.3090))) (M 1 0 -2.694 0))) (T (C (C (C (C (T (a 0.25) (M 1.1756 0.6283 0.0000 -1.0000)) (T (a 0.25) (M 1.1756 1.8850 0.9511 -0.3090))) (T (a 0.25) (M 1.1756 3.1416 0.5878 0.8090))) (T (a 0.25) (M 1.1756 -1.8850 -0.5878 0.8090))) (T (a 0.25) (M 1.1756 -0.6283 -0.9511 -0.3090))) (M 1 0 -0.898 0))) (T (C (C (C (C (T (a 0.25) (M 1.1756 0.6283 0.0000 -1.0000)) (T (a 0.25) (M 1.1756 1.8850 0.9511 -0.3090))) (T (a 0.25) (M 1.1756 3.1416 0.5878 0.8090))) (T (a 0.25) (M 1.1756 -1.8850 -0.5878 0.8090))) (T (a 0.25) (M 1.1756 -0.6283 -0.9511 -0.3090))) (M 1 0 0.898 0))) (T (C (C (C (C (T (a 0.25) (M 1.1756 0.6283 0.0000 -1.0000)) (T (a 0.25) (M 1.1756 1.8850 0.9511 -0.3090))) (T (a 0.25) (M 1.1756 3.1416 0.5878 0.8090))) (T (a 0.25) (M 1.1756 -1.8850 -0.5878 0.8090))) (T (a 0.25) (M 1.1756 -0.6283 -0.9511 -0.3090))) (M 1 0 2.694 0))) (T (C (C (C (C (T (a 0.25) (M 1.1756 0.6283 0.0000 -1.0000)) (T (a 0.25) (M 1.1756 1.8850 0.9511 -0.3090))) (T (a 0.25) (M 1.1756 3.1416 0.5878 0.8090))) (T (a 0.25) (M 1.1756 -1.8850 -0.5878 0.8090))) (T (a 0.25) (M 1.1756 -0.6283 -0.9511 -0.3090))) (M 1 0 4.491 0))) (M 0.647 0 0 0)),5,convex,line,6,balanced_data/dim_balanced/regular_polygons/dim2/var1/images/147.png
(T (repeat (C (C (C (C (T (a 0.25) (M 1.1756 0.6283 0.0000 -1.0000)) (T (a 0.25) (M 1.1756 1.8850 0.9511 -0.3090))) (T (a 0.25) (M 1.1756 3.1416 0.5878 0.8090))) (T (a 0.25) (M 1.1756 -1.8850 -0.5878 0.8090))) (T (a 0.25) (M 1.1756 -0.6283 -0.9511 -0.3090))) 3 0 0 0.900 2.29440) (M 0.750 0 0 0)),5,convex,spiral,3,balanced_data/dim_balanced/regular_polygons/dim2/var1/images/148.png
(T (repeat (C (C (C (C (T (a 0.25) (M 1.1756 0.6283 0.0000 -1.0000)) (T (a 0.25) (M 1.1756 1.8850 0.9511 -0.3090))) (T (a 0.25) (M 1.1756 3.1416 0.5878 0.8090))) (T (a 0.25) (M 1.1756 -1.8850 -0.5878 0.8090))) (T (a 0.25) (M 1.1756 -0.6283 -0.9511 -0.3090))) 4 0 0 0.900 1.77080) (M 0.750 0 0 0)),5,convex,spiral,4,balanced_data/dim_balanced/regular_polygons/dim2/var1/images/149.png
(T (repeat (C (C (C (C (T (a 0.25) (M 1.1756 0.6283 0.0000 -1.0000)) (T (a 0.25) (M 1.1756 1.8850 0.9511 -0.3090))) (T (a 0.25) (M 1.1756 3.1416 0.5878 0.8090))) (T (a 0.25) (M 1.1756 -1.8850 -0.5878 0.8090))) (T (a 0.25) (M 1.1756 -0.6283 -0.9511 -0.3090))) 5 0 0 0.900 1.45664) (M 0.750 0 0 0)),5,convex,spiral,5,balanced_data/dim_balanced/regular_polygons/dim2/var1/images/150.png
(T (repeat (C (C (C (C (T (a 0.25) (M 1.1756 0.6283 0.0000 -1.0000)) (T (a 0.25) (M 1.1756 1.8850 0.9511 -0.3090))) (T (a 0.25) (M 1.1756 3.1416 0.5878 0.8090))) (T (a 0.25) (M 1.1756 -1.8850 -0.5878 0.8090))) (T (a 0.25) (M 1.1756 -0.6283 -0.9511 -0.3090))) 6 0 0 0.900 1.24720) (M 0.750 0 0 0)),5,convex,spiral,6,balanced_data/dim_balanced/regular_polygons/dim2/var1/images/151.png
(T (C (C (T (C (C (C (C (T (a 0.25) (M 1.1756 0.6283 0.0000 -1.0000)) (T (a 0.25) (M 1.1756 1.8850 0.9511 -0.3090))) (T (a 0.25) (M 1.1756 3.1416 0.5878 0.8090))) (T (a 0.25) (M 1.1756 -1.8850 -0.5878 0.8090))) (T (a 0.25) (M 1.1756 -0.6283 -0.9511 -0.3090))) (M 1.00 0 0 0)) (T (C (C (C (C (T (a 0.25) (M 1.1756 0.6283 0.0000 -1.0000)) (T (a 0.25) (M 1.1756 1.8850 0.9511 -0.3090))) (T (a 0.25) (M 1.1756 3.1416 0.5878 0.8090))) (T (a 0.25) (M 1.1756 -1.8850 -0.5878 0.8090))) (T (a 0.25) (M 1.1756 -0.6283 -0.9511 -0.3090))) (M 1.40 0 0 0))) (T (C (C (C (C (T (a 0.25) (M 1.1756 0.6283 0.0000 -1.0000)) (T (a 0.25) (M 1.1756 1.8850 0.9511 -0.3090))) (T (a 0.25) (M 1.1756 3.1416 0.5878 0.8090))) (T (a 0.25) (M 1.1756 -1.8850 -0.5878 0.8090))) (T (a 0.25) (M 1.1756 -0.6283 -0.9511 -0.3090))) (M 1.80 0 0 0))) (M 0.750 0 0 0)),5,convex,scale_origin,3,balanced_data/dim_balanced/regular_polygons/dim2/var1/images/152.png
(T (C (C (C (T (C (C (C (C (T (a 0.25) (M 1.1756 0.6283 0.0000 -1.0000)) (T (a 0.25) (M 1.1756 1.8850 0.9511 -0.3090))) (T (a 0.25) (M 1.1756 3.1416 0.5878 0.8090))) (T (a 0.25) (M 1.1756 -1.8850 -0.5878 0.8090))) (T (a 0.25) (M 1.1756 -0.6283 -0.9511 -0.3090))) (M 1.00 0 0 0)) (T (C (C (C (C (T (a 0.25) (M 1.1756 0.6283 0.0000 -1.0000)) (T (a 0.25) (M 1.1756 1.8850 0.9511 -0.3090))) (T (a 0.25) (M 1.1756 3.1416 0.5878 0.8090))) (T (a 0.25) (M 1.1756 -1.8850 -0.5878 0.8090))) (T (a 0.25) (M 1.1756 -0.6283 -0.9511 -0.3090))) (M 1.40 0 0 0))) (T (C (C (C (C (T (a 0.25) (M 1.1756 0.6283 0.0000 -1.0000)) (T (a 0.25) (M 1.1756 1.8850 0.9511 -0.3090))) (T (a 0.25) (M 1.1756 3.1416 0.5878 0.8090))) (T (a 0.25) (M 1.1756 -1.8850 -0.5878 0.8090))) (T (a 0.25) (M 1.1756 -0.6283 -0.9511 -0.3090))) (M 1.80 0 0 0))) (T (C (C (C (C (T (a 0.25) (M 1.1756 0.6283 0.0000 -1.0000)) (T (a 0.25) (M 1.1756 1.8850 0.9511 -0.3090))) (T (a 0.25) (M 1.1756 3.1416 0.5878 0.8090))) (T (a 0.25) (M 1.1756 -1.8850 -0.5878 0.8090))) (T (a 0.25) (M 1.1756 -0.6283 -0.9511 -0.3090))) (M 2.20 0 0 0))) (M 0.750 0 0 0)),5,convex,scale_origin,4,balanced_data/dim_balanced/regular_polygons/dim2/var1/images/153.png
(T (C (C (C (C (T (C (C (C (C (T (a 0.25) (M 1.1756 0.6283 0.0000 -1.0000)) (T (a 0.25) (M 1.1756 1.8850 0.9511 -0.3090))) (T (a 0.25) (M 1.1756 3.1416 0.5878 0.8090))) (T (a 0.25) (M 1.1756 -1.8850 -0.5878 0.8090))) (T (a 0.25) (M 1.1756 -0.6283 -0.9511 -0.3090))) (M 1.00 0 0 0)) (T (C (C (C (C (T (a 0.25) (M 1.1756 0.6283 0.0000 -1.0000)) (T (a 0.25) (M 1.1756 1.8850 0.9511 -0.3090))) (T (a 0.25) (M 1.1756 3.1416 0.5878 0.8090))) (T (a 0.25) (M 1.1756 -1.8850 -0.5878 0.8090))) (T (a 0.25) (M 1.1756 -0.6283 -0.9511 -0.3090))) (M 1.40 0 0 0))) (T (C (C (C (C (T (a 0.25) (M 1.1756 0.6283 0.0000 -1.0000)) (T (a 0.25) (M 1.1756 1.8850 0.9511 -0.3090))) (T (a 0.25) (M 1.1756 3.1416 0.5878 0.8090))) (T (a 0.25) (M 1.1756 -1.8850 -0.5878 0.8090))) (T (a 0.25) (M 1.1756 -0.6283 -0.9511 -0.3090))) (M 1.80 0 0 0))) (T (C (C (C (C (T (a 0.25) (M 1.1756 0.6283 0.0000 -1.0000)) (T (a 0.25) (M 1.1756 1.8850 0.9511 -0.3090))) (T (a 0.25) (M 1.1756 3.1416 0.5878 0.8090))) (T (a 0.25) (M 1.1756 -1.8850 -0.5878 0.8090))) (T (a 0.25) (M 1.1756 -0.6283 -0.9511 -0.3090))) (M 2.20 0 0 0))) (T (C (C (C (C (T (a 0.25) (M 1.1756 0.6283 0.0000 -1.0000)) (T (a 0.25) (M 1.1756 1.8850 0.9511 -0.3090))) (T (a 0.25) (M 1.1756 3.1416 0.5878 0.8090))) (T (a 0.25) (M 1.1756 -1.8850 -0.5878 0.8090))) (T (a 0.25) (M 1.1756 -0.6283 -0.9511 -0.3090))) (M 2.60 0 0 0))) (M 0.750 0 0 0)),5,convex,scale_origin,5,balanced_data/dim_balanced/regular_polygons/dim2/var1/images/154.png
(T (C (C (C (C (C (T (C (C (C (C (T (a 0.25) (M 1.1756 0.6283 0.0000 -1.0000)) (T (a 0.25) (M 1.1756 1.8850 0.9511 -0.3090))) (T (a 0.25) (M 1.1756 3.1416 0.5878 0.8090))) (T (a 0.25) (M 1.1756 -1.8850 -0.5878 0.8090))) (T (a 0.25) (M 1.1756 -0.6283 -0.9511 -0.3090))) (M 1.00 0 0 0)) (T (C (C (C (C (T (a 0.25) (M 1.1756 0.6283 0.0000 -1.0000)) (T (a 0.25) (M 1.1756 1.8850 0.9511 -0.3090))) (T (a 0.25) (M 1.1756 3.1416 0.5878 0.8090))) (T (a 0.25) (M 1.1756 -1.8850 -0.5878 0.8090))) (T (a 0.25) (M 1.1756 -0.6283 -0.9511 -0.3090))) (M 1.40 0 0 0))) (T (C (C (C (C (T (a 0.25) (M 1.1756 0.6283 0.0000 -1.0000)) (T (a 0.25) (M 1.1756 1.8850 0.9511 -0.3090))) (T (a 0.25) (M 1.1756 3.1416 0.5878 0.8090))) (T (a 0.25) (M 1.1756 -1.8850 -0.5878 0.8090))) (T (a 0.25) (M 1.1756 -0.6283 -0.9511 -0.3090))) (M 1.80 0 0 0))) (T (C (C (C (C (T (a 0.25) (M 1.1756 0.6283 0.0000 -1.0000)) (T (a 0.25) (M 1.1756 1.8850 0.9511 -0.3090))) (T (a 0.25) (M 1.1756 3.1416 0.5878 0.8090))) (T (a 0.25) (M 1.1756 -1.8850 -0.5878 0.8090))) (T (a 0.25) (M 1.1756 -0.6283 -0.9511 -0.3090))) (M 2.20 0 0 0))) (T (C (C (C (C (T (a 0.25) (M 1.1756 0.6283 0.0000 -1.0000)) (T (a 0.25) (M 1.1756 1.8850 0.9511 -0.3090))) (T (a 0.25) (M 1.1756 3.1416 0.5878 0.8090))) (T (a 0.25) (M 1.1756 -1.8850 -0.5878 0.8090))) (T (a 0.25) (M 1.1756 -0.6283 -0.9511 -0.3090))) (M 2.60 0 0 0))) (T (C (C (C (C (T (a 0.25) (M 1.1756 0.6283 0.0000 -1.0000)) (T (a 0.25) (M 1.1756 1.8850 0.9511 -0.3090))) (T (a 0.25) (M 1.1756 3.1416 0.5878 0.8090))) (T (a 0.25) (M 1.1756 -1.8850 -0.5878 0.8090))) (T (a 0.25) (M 1.1756 -0.6283 -0.9511 -0.3090))) (M 3.00 0 0 0))) (M 0.750 0 0 0)),5,convex,scale_origin,6,balanced_data/dim_balanced/regular_polygons/dim2/var1/images/155.png
(T (C (C (T (C (C (C (C (T (a 0.25) (M 1.1756 0.6283 0.0000 -1.0000)) (T (a 0.25) (M 1.1756 1.8850 0.9511 -0.3090))) (T (a 0.25) (M 1.1756 3.1416 0.5878 0.8090))) (T (a 0.25) (M 1.1756 -1.8850 -0.5878 0.8090))) (T (a 0.25) (M 1.1756 -0.6283 -0.9511 -0.3090))) (M 1.000 0 0.000 0.000)) (T (C (C (C (C (T (a 0.25) (M 1.1756 0.6283 0.0000 -1.0000)) (T (a 0.25) (M 1.1756 1.8850 0.9511 -0.3090))) (T (a 0.25) (M 1.1756 3.1416 0.5878 0.8090))) (T (a 0.25) (M 1.1756 -1.8850 -0.5878 0.8090))) (T (a 0.25) (M 1.1756 -0.6283 -0.9511 -0.3090))) (M 1.400 0 0.400 0.400))) (T (C (C (C (C (T (a 0.25) (M 1.1756 0.6283 0.0000 -1.0000)) (T (a 0.25) (M 1.1756 1.8850 0.9511 -0.3090))) (T (a 0.25) (M 1.1756 3.1416 0.5878 0.8090))) (T (a 0.25) (M 1.1756 -1.8850 -0.5878 0.8090))) (T (a 0.25) (M 1.1756 -0.6283 -0.9511 -0.3090))) (M 1.960 0 0.960 0.960))) (M 0.750 0 0 0)),5,convex,scale_outward,3,balanced_data/dim_balanced/regular_polygons/dim2/var1/images/156.png
(T (C (C (C (T (C (C (C (C (T (a 0.25) (M 1.1756 0.6283 0.0000 -1.0000)) (T (a 0.25) (M 1.1756 1.8850 0.9511 -0.3090))) (T (a 0.25) (M 1.1756 3.1416 0.5878 0.8090))) (T (a 0.25) (M 1.1756 -1.8850 -0.5878 0.8090))) (T (a 0.25) (M 1.1756 -0.6283 -0.9511 -0.3090))) (M 1.000 0 0.000 0.000)) (T (C (C (C (C (T (a 0.25) (M 1.1756 0.6283 0.0000 -1.0000)) (T (a 0.25) (M 1.1756 1.8850 0.9511 -0.3090))) (T (a 0.25) (M 1.1756 3.1416 0.5878 0.8090))) (T (a 0.25) (M 1.1756 -1.8850 -0.5878 0.8090))) (T (a 0.25) (M 1.1756 -0.6283 -0.9511 -0.3090))) (M 1.400 0 0.400 0.400))) (T (C (C (C (C (T (a 0.25) (M 1.1756 0.6283 0.0000 -1.0000)) (T (a 0.25) (M 1.1756 1.8850 0.9511 -0.3090))) (T (a 0.25) (M 1.1756 3.1416 0.5878 0.8090))) (T (a 0.25) (M 1.1756 -1.8850 -0.5878 0.8090))) (T (a 0.25) (M 1.1756 -0.6283 -0.9511 -0.3090))) (M 1.960 0 0.960 0.960))) (T (C (C (C (C (T (a 0.25) (M 1.1756 0.6283 0.0000 -1.0000)) (T (a 0.25) (M 1.1756 1.8850 0.9511 -0.3090))) (T (a 0.25) (M 1.1756 3.1416 0.5878 0.8090))) (T (a 0.25) (M 1.1756 -1.8850 -0.5878 0.8090))) (T (a 0.25) (M 1.1756 -0.6283 -0.9511 -0.3090))) (M 2.744 0 1.744 1.744))) (M 0.750 0 0 0)),5,convex,scale_outward,4,balanced_data/dim_balanced/regular_polygons/dim2/var1/images/157.png
(T (C (C (C (C (T (C (C (C (C (T (a 0.25) (M 1.1756 0.6283 0.0000 -1.0000)) (T (a 0.25) (M 1.1756 1.8850 0.9511 -0.3090))) (T (a 0.25) (M 1.1756 3.1416 0.5878 0.8090))) (T (a 0.25) (M 1.1756 -1.8850 -0.5878 0.8090))) (T (a 0.25) (M 1.1756 -0.6283 -0.9511 -0.3090))) (M 1.000 0 0.000 0.000)) (T (C (C (C (C (T (a 0.25) (M 1.1756 0.6283 0.0000 -1.0000)) (T (a 0.25) (M 1.1756 1.8850 0.9511 -0.3090))) (T (a 0.25) (M 1.1756 3.1416 0.5878 0.8090))) (T (a 0.25) (M 1.1756 -1.8850 -0.5878 0.8090))) (T (a 0.25) (M 1.1756 -0.6283 -0.9511 -0.3090))) (M 1.400 0 0.400 0.400))) (T (C (C (C (C (T (a 0.25) (M 1.1756 0.6283 0.0000 -1.0000)) (T (a 0.25) (M 1.1756 1.8850 0.9511 -0.3090))) (T (a 0.25) (M 1.1756 3.1416 0.5878 0.8090))) (T (a 0.25) (M 1.1756 -1.8850 -0.5878 0.8090))) (T (a 0.25) (M 1.1756 -0.6283 -0.9511 -0.3090))) (M 1.960 0 0.960 0.960))) (T (C (C (C (C (T (a 0.25) (M 1.1756 0.6283 0.0000 -1.0000)) (T (a 0.25) (M 1.1756 1.8850 0.9511 -0.3090))) (T (a 0.25) (M 1.1756 3.1416 0.5878 0.8090))) (T (a 0.25) (M 1.1756 -1.8850 -0.5878 0.8090))) (T (a 0.25) (M 1.1756 -0.6283 -0.9511 -0.3090))) (M 2.744 0 1.744 1.744))) (T (C (C (C (C (T (a 0.25) (M 1.1756 0.6283 0.0000 -1.0000)) (T (a 0.25) (M 1.1756 1.8850 0.9511 -0.3090))) (T (a 0.25) (M 1.1756 3.1416 0.5878 0.8090))) (T (a 0.25) (M 1.1756 -1.8850 -0.5878 0.8090))) (T (a 0.25) (M 1.1756 -0.6283 -0.9511 -0.3090))) (M 3.842 0 2.842 2.842))) (M 0.610 0 0 0)),5,convex,scale_outward,5,balanced_data/dim_balanced/regular_polygons/dim2/var1/images/158.png
(T (C (C (C (C (C (T (C (C (C (C (T (a 0.25) (M 1.1756 0.6283 0.0000 -1.0000)) (T (a 0.25) (M 1.1756 1.8850 0.9511 -0.3090))) (T (a 0.25) (M 1.1756 3.1416 0.5878 0.8090))) (T (a 0.25) (M 1.1756 -1.8850 -0.5878 0.8090))) (T (a 0.25) (M 1.1756 -0.6283 -0.9511 -0.3090))) (M 1.000 0 0.000 0.000)) (T (C (C (C (C (T (a 0.25) (M 1.1756 0.6283 0.0000 -1.0000)) (T (a 0.25) (M 1.1756 1.8850 0.9511 -0.3090))) (T (a 0.25) (M 1.1756 3.1416 0.5878 0.8090))) (T (a 0.25) (M 1.1756 -1.8850 -0.5878 0.8090))) (T (a 0.25) (M 1.1756 -0.6283 -0.9511 -0.3090))) (M 1.400 0 0.400 0.400))) (T (C (C (C (C (T (a 0.25) (M 1.1756 0.6283 0.0000 -1.0000)) (T (a 0.25) (M 1.1756 1.8850 0.9511 -0.3090))) (T (a 0.25) (M 1.1756 3.1416 0.5878 0.8090))) (T (a 0.25) (M 1.1756 -1.8850 -0.5878 0.8090))) (T (a 0.25) (M 1.1756 -0.6283 -0.9511 -0.3090))) (M 1.960 0 0.960 0.960))) (T (C (C (C (C (T (a 0.25) (M 1.1756 0.6283 0.0000 -1.0000)) (T (a 0.25) (M 1.1756 1.8850 0.9511 -0.3090))) (T (a 0.25) (M 1.1756 3.1416 0.5878 0.8090))) (T (a 0.25) (M 1.1756 -1.8850 -0.5878 0.8090))) (T (a 0.25) (M 1.1756 -0.6283 -0.9511 -0.3090))) (M 2.744 0 1.744 1.744))) (T (C (C (C (C (T (a 0.25) (M 1.1756 0.6283 0.0000 -1.0000)) (T (a 0.25) (M 1.1756 1.8850 0.9511 -0.3090))) (T (a 0.25) (M 1.1756 3.1416 0.5878 0.8090))) (T (a 0.25) (M 1.1756 -1.8850 -0.5878 0.8090))) (T (a 0.25) (M 1.1756 -0.6283 -0.9511 -0.3090))) (M 3.842 0 2.842 2.842))) (T (C (C (C (C (T (a 0.25) (M 1.1756 0.6283 0.0000 -1.0000)) (T (a 0.25) (M 1.1756 1.8850 0.9511 -0.3090))) (T (a 0.25) (M 1.1756 3.1416 0.5878 0.8090))) (T (a 0.25) (M 1.1756 -1.8850 -0.5878 0.8090))) (T (a 0.25) (M 1.1756 -0.6283 -0.9511 -0.3090))) (M 5.378 0 4.378 4.378))) (M 0.449 0 0 0)),5,convex,scale_outward,6,balanced_data/dim_balanced/regular_polygons/dim2/var1/images/159.png
(T (C (C (T (C (C (C (C (T (a -0.25) (M 1.1756 0.6283 0.0000 -1.0000)) (T (a -0.25) (M 1.1756 1.8850 0.9511 -0.3090))) (T (a -0.25) (M 1.1756 3.1416 0.5878 0.8090))) (T (a -0.25) (M 1.1756 -1.8850 -0.5878 0.8090))) (T (a -0.25) (M 1.1756 -0.6283 -0.9511 -0.3090))) (M 1 0 1.800 0.000)) (T (C (C (C (C (T (a -0.25) (M 1.1756 0.6283 0.0000 -1.0000)) (T (a -0.25) (M 1.1756 1.8850 0.9511 -0.3090))) (T (a -0.25) (M 1.1756 3.1416 0.5878 0.8090))) (T (a -0.25) (M 1.1756 -1.8850 -0.5878 0.8090))) (T (a -0.25) (M 1.1756 -0.6283 -0.9511 -0.3090))) (M 1 0 -0.900 1.559))) (T (C (C (C (C (T (a -0.25) (M 1.1756 0.6283 0.0000 -1.0000)) (T (a -0.25) (M 1.1756 1.8850 0.9511 -0.3090))) (T (a -0.25) (M 1.1756 3.1416 0.5878 0.8090))) (T (a -0.25) (M 1.1756 -1.8850 -0.5878 0.8090))) (T (a -0.25) (M 1.1756 -0.6283 -0.9511 -0.3090))) (M 1 0 -0.900 -1.559))) (M 0.750 0 0 0)),5,concave,radial,3,balanced_data/dim_balanced/regular_polygons/dim2/var1/images/160.png
(T (C (C (C (T (C (C (C (C (T (a -0.25) (M 1.1756 0.6283 0.0000 -1.0000)) (T (a -0.25) (M 1.1756 1.8850 0.9511 -0.3090))) (T (a -0.25) (M 1.1756 3.1416 0.5878 0.8090))) (T (a -0.25) (M 1.1756 -1.8850 -0.5878 0.8090))) (T (a -0.25) (M 1.1756 -0.6283 -0.9511 -0.3090))) (M 1 0 1.800 0.000)) (T (C (C (C (C (T (a -0.25) (M 1.1756 0.6283 0.0000 -1.0000)) (T (a -0.25) (M 1.1756 1.8850 0.9511 -0.3090))) (T (a -0.25) (M 1.1756 3.1416 0.5878 0.8090))) (T (a -0.25) (M 1.1756 -1.8850 -0.5878 0.8090))) (T (a -0.25) (M 1.1756 -0.6283 -0.9511 -0.3090))) (M 1 0 0.000 1.800))) (T (C (C (C (C (T (a -0.25) (M 1.1756 0.6283 0.0000 -1.0000)) (T (a -0.25) (M 1.1756 1.8850 0.9511 -0.3090))) (T (a -0.25) (M 1.1756 3.1416 0.5878 0.8090))) (T (a -0.25) (M 1.1756 -1.8850 -0.5878 0.8090))) (T (a -0.25) (M 1.1756 -0.6283 -0.9511 -0.3090))) (M 1 0 -1.800 0.000))) (T (C (C (C (C (T (a -0.25) (M 1.1756 0.6283 0.0000 -1.0000)) (T (a -0.25) (M 1.1756 1.8850 0.9511 -0.3090))) (T (a -0.25) (M 1.1756 3.1416 0.5878 0.8090))) (T (a -0.25) (M 1.1756 -1.8850 -0.5878 0.8090))) (T (a -0.25) (M 1.1756 -0.6283 -0.9511 -0.3090))) (M 1 0 -0.000 -1.800))) (M 0.750 0 0 0)),5,concave,radial,4,balanced_data/dim_balanced/regular_polygons/dim2/var1/images/161.png
(T (C (C (C (C (T (C (C (C (C (T (a -0.25) (M 1.1756 0.6283 0.0000 -1.0000)) (T (a -0.25) (M 1.1756 1.8850 0.9511 -0.3090))) (T (a -0.25) (M 1.1756 3.1416 0.5878 0.8090))) (T (a -0.25) (M 1.1756 -1.8850 -0.5878 0.8090))) (T (a -0.25) (M 1.1756 -0.6283 -0.9511 -0.3090))) (M 1 0 1.800 0.000)) (T (C (C (C (C (T (a -0.25) (M 1.1756 0.6283 0.0000 -1.0000)) (T (a -0.25) (M 1.1756 1.8850 0.9511 -0.3090))) (T (a -0.25) (M 1.1756 3.1416 0.5878 0.8090))) (T (a -0.25) (M 1.1756 -1.8850 -0.5878 0.8090))) (T (a -0.25) (M 1.1756 -0.6283 -0.9511 -0.3090))) (M 1 0 0.556 1.712))) (T (C (C (C (C (T (a -0.25) (M 1.1756 0.6283 0.0000 -1.0000)) (T (a -0.25) (M 1.1756 1.8850 0.9511 -0.3090))) (T (a -0.25) (M 1.1756 3.1416 0.5878 0.8090))) (T (a -0.25) (M 1.1756 -1.8850 -0.5878 0.8090))) (T (a -0.25) (M 1.1756 -0.6283 -0.9511 -0.3090))) (M 1 0 -1.456 1.058))) (T (C (C (C (C (T (a -0.25) (M 1.1756 0.6283 0.0000 -1.0000)) (T (a -0.25) (M 1.1756 1.8850 0.9511 -0.3090))) (T (a -0.25) (M 1.1756 3.1416 0.5878 0.8090))) (T (a -0.25) (M 1.1756 -1.8850 -0.5878 0.8090))) (T (a -0.25) (M 1.1756 -0.6283 -0.9511 -0.3090))) (M 1 0 -1.456 -1.058))) (T (C (C (C (C (T (a -0.25) (M 1.1756 0.6283 0.0000 -1.0000)) (T (a -0.25) (M 1.1756 1.8850 0.9511 -0.3090))) (T (a -0.25) (M 1.1756 3.1416 0.5878 0.8090))) (T (a -0.25) (M 1.1756 -1.8850 -0.5878 0.8090))) (T (a -0.25) (M 1.1756 -0.6283 -0.9511 -0.3090))) (M 1 0 0.556 -1.712))) (M 0.750 0 0 0)),5,concave,radial,5,balanced_data/dim_balanced/regular_polygons/dim2/var1/images/162.png
(T (C (C (C (C (C (T (C (C (C (C (T (a -0.25) (M 1.1756 0.6283 0.0000 -1.0000)) (T (a -0.25) (M 1.1756 1.8850 0.9511 -0.3090))) (T (a -0.25) (M 1.1756 3.1416 0.5878 0.8090))) (T (a -0.25) (M 1.1756 -1.8850 -0.5878 0.8090))) (T (a -0.25) (M 1.1756 -0.6283 -0.9511 -0.3090))) (M 1 0 1.800 0.000)) (T (C (C (C (C (T (a -0.25) (M 1.1756 0.6283 0.0000 -1.0000)) (T (a -0.25) (M 1.1756 1.8850 0.9511 -0.3090))) (T (a -0.25) (M 1.1756 3.1416 0.5878 0.8090))) (T (a -0.25) (M 1.1756 -1.8850 -0.5878 0.8090))) (T (a -0.25) (M 1.1756 -0.6283 -0.9511 -0.3090))) (M 1 0 0.900 1.559))) (T (C (C (C (C (T (a -0.25) (M 1.1756 0.6283 0.0000 -1.0000)) (T (a -0.25) (M 1.1756 1.8850 0.9511 -0.3090))) (T (a -0.25) (M 1.1756 3.1416 0.5878 0.8090))) (T (a -0.25) (M 1.1756 -1.8850 -0.5878 0.8090))) (T (a -0.25) (M 1.1756 -0.6283 -0.9511 -0.3090))) (M 1 0 -0.900 1.559))) (T (C (C (C (C (T (a -0.25) (M 1.1756 0.6283 0.0000 -1.0000)) (T (a -0.25) (M 1.1756 1.8850 0.9511 -0.3090))) (T (a -0.25) (M 1.1756 3.1416 0.5878 0.8090))) (T (a -0.25) (M 1.1756 -1.8850 -0.5878 0.8090))) (T (a -0.25) (M 1.1756 -0.6283 -0.9511 -0.3090))) (M 1 0 -1.800 0.000))) (T (C (C (C (C (T (a -0.25) (M 1.1756 0.6283 0.0000 -1.0000)) (T (a -0.25) (M 1.1756 1.8850 0.9511 -0.3090))) (T (a -0.25) (M 1.1756 3.1416 0.5878 0.8090))) (T (a -0.25) (M 1.1756 -1.8850 -0.5878 0.8090))) (T (a -0.25) (M 1.1756 -0.6283 -0.9511 -0.3090))) (M 1 0 -0.900 -1.559))) (T (C (C (C (C (T (a -0.25) (M 1.1756 0.6283 0.0000 -1.0000)) (T (a -0.25) (M 1.1756 1.8850 0.9511 -0.3090))) (T (a -0.25) (M 1.1756 3.1416 0.5878 0.8090))) (T (a -0.25) (M 1.1756 -1.8850 -0.5878 0.8090))) (T (a -0.25) (M 1.1756 -0.6283 -0.9511 -0.3090))) (M 1 0 0.900 -1.559))) (M 0.750 0 0 0)),5,concave,radial,6,balanced_data/dim_balanced/regular_polygons/dim2/var1/images/163.png
(T (C (C (T (C (C (C (C (T (a -0.25) (M 1.1756 0.6283 0.0000 -1.0000)) (T (a -0.25) (M 1.1756 1.8850 0.9511 -0.3090))) (T (a -0.25) (M 1.1756 3.1416 0.5878 0.8090))) (T (a -0.25) (M 1.1756 -1.8850 -0.5878 0.8090))) (T (a -0.25) (M 1.1756 -0.6283 -0.9511 -0.3090))) (M 1 0 -2.540 0)) (T (C (C (C (C (T (a -0.25) (M 1.1756 0.6283 0.0000 -1.0000)) (T (a -0.25) (M 1.1756 1.8850 0.9511 -0.3090))) (T (a -0.25) (M 1.1756 3.1416 0.5878 0.8090))) (T (a -0.25) (M 1.1756 -1.8850 -0.5878 0.8090))) (T (a -0.25) (M 1.1756 -0.6283 -0.9511 -0.3090))) (M 1 0 0.000 0))) (T (C (C (C (C (T (a -0.25) (M 1.1756 0.6283 0.0000 -1.0000)) (T (a -0.25) (M 1.1756 1.8850 0.9511 -0.3090))) (T (a -0.25) (M 1.1756 3.1416 0.5878 0.8090))) (T (a -0.25) (M 1.1756 -1.8850 -0.5878 0.8090))) (T (a -0.25) (M 1.1756 -0.6283 -0.9511 -0.3090))) (M 1 0 2.540 0))) (M 0.750 0 0 0)),5,concave,line,3,balanced_data/dim_balanced/regular_polygons/dim2/var1/images/164.png
(T (C (C (C (T (C (C (C (C (T (a -0.25) (M 1.1756 0.6283 0.0000 -1.0000)) (T (a -0.25) (M 1.1756 1.8850 0.9511 -0.3090))) (T (a -0.25) (M 1.1756 3.1416 0.5878 0.8090))) (T (a -0.25) (M 1.1756 -1.8850 -0.5878 0.8090))) (T (a -0.25) (M 1.1756 -0.6283 -0.9511 -0.3090))) (M 1 0 -3.300 0)) (T (C (C (C (C (T (a -0.25) (M 1.1756 0.6283 0.0000 -1.0000)) (T (a -0.25) (M 1.1756 1.8850 0.9511 -0.3090))) (T (a -0.25) (M 1.1756 3.1416 0.5878 0.8090))) (T (a -0.25) (M 1.1756 -1.8850 -0.5878 0.8090))) (T (a -0.25) (M 1.1756 -0.6283 -0.9511 -0.3090))) (M 1 0 -1.100 0))) (T (C (C (C (C (T (a -0.25) (M 1.1756 0.6283 0.0000 -1.0000)) (T (a -0.25) (M 1.1756 1.8850 0.9511 -0.3090))) (T (a -0.25) (M 1.1756 3.1416 0.5878 0.8090))) (T (a -0.25) (M 1.1756 -1.8850 -0.5878 0.8090))) (T (a -0.25) (M 1.1756 -0.6283 -0.9511 -0.3090))) (M 1 0 1.100 0))) (T (C (C (C (C (T (a -0.25) (M 1.1756 0.6283 0.0000 -1.0000)) (T (a -0.25) (M 1.1756 1.8850 0.9511 -0.3090))) (T (a -0.25) (M 1.1756 3.1416 0.5878 0.8090))) (T (a -0.25) (M 1.1756 -1.8850 -0.5878 0.8090))) (T (a -0.25) (M 1.1756 -0.6283 -0.9511 -0.3090))) (M 1 0 3.300 0))) (M 0.750 0 0 0)),5,concave,line,4,balanced_data/dim_balanced/regular_polygons/dim2/var1/images/165.png
(T (C (C (C (C (T (C (C (C (C (T (a -0.25) (M 1.1756 0.6283 0.0000 -1.0000)) (T (a -0.25) (M 1.1756 1.8850 0.9511 -0.3090))) (T (a -0.25) (M 1.1756 3.1416 0.5878 0.8090))) (T (a -0.25) (M 1.1756 -1.8850 -0.5878 0.8090))) (T (a -0.25) (M 1.1756 -0.6283 -0.9511 -0.3090))) (M 1 0 -3.935 0)) (T (C (C (C (C (T (a -0.25) (M 1.1756 0.6283 0.0000 -1.0000)) (T (a -0.25) (M 1.1756 1.8850 0.9511 -0.3090))) (T (a -0.25) (M 1.1756 3.1416 0.5878 0.8090))) (T (a -0.25) (M 1.1756 -1.8850 -0.5878 0.8090))) (T (a -0.25) (M 1.1756 -0.6283 -0.9511 -0.3090))) (M 1 0 -1.968 0))) (T (C (C (C (C (T (a -0.25) (M 1.1756 0.6283 0.0000 -1.0000)) (T (a -0.25) (M 1.1756 1.8850 0.9511 -0.3090))) (T (a -0.25) (M 1.1756 3.1416 0.5878 0.8090))) (T (a -0.25) (M 1.1756 -1.8850 -0.5878 0.8090))) (T (a -0.25) (M 1.1756 -0.6283 -0.9511 -0.3090))) (M 1 0 0.000 0))) (T (C (C (C (C (T (a -0.25) (M 1.1756 0.6283 0.0000 -1.0000)) (T (a -0.25) (M 1.1756 1.8850 0.9511 -0.3090))) (T (a -0.25) (M 1.1756 3.1416 0.5878 0.8090))) (T (a -0.25) (M 1.1756 -1.8850 -0.5878 0.8090))) (T (a -0.25) (M 1.1756 -0.6283 -0.9511 -0.3090))) (M 1 0 1.968 0))) (T (C (C (C (C (T (a -0.25) (M 1.1756 0.6283 0.0000 -1.0000)) (T (a -0.25) (M 1.1756 1.8850 0.9511 -0.3090))) (T (a -0.25) (M 1.1756 3.1416 0.5878 0.8090))) (T (a -0.25) (M 1.1756 -1.8850 -0.5878 0.8090))) (T (a -0.25) (M 1.1756 -0.6283 -0.9511 -0.3090))) (M 1 0 3.935 0))) (M 0.750 0 0 0)),5,concave,line,5,balanced_data/dim_balanced/regular_polygons/dim2/var1/images/166.png
(T (C (C (C (C (C (T (C (C (C (C (T (a -0.25) (M 1.1756 0.6283 0.0000 -1.0000)) (T (a -0.25) (M 1.1756 1.8850 0.9511 -0.3090))) (T (a -0.25) (M 1.1756 3.1416 0.5878 0.8090))) (T (a -0.25) (M 1.1756 -1.8850 -0.5878 0.8090))) (T (a -0.25) (M 1.1756 -0.6283 -0.9511 -0.3090))) (M 1 0 -4.491 0)) (T (C (C (C (C (T (a -0.25) (M 1.1756 0.6283 0.0000 -1.0000)) (T (a -0.25) (M 1.1756 1.8850 0.9511 -0.3090))) (T (a -0.25) (M 1.1756 3.1416 0.5878 0.8090))) (T (a -0.25) (M 1.1756 -1.8850 -0.5878 0.8090))) (T (a -0.25) (M 1.1756 -0.6283 -0.9511 -0.3090))) (M 1 0 -2.694 0))) (T (C (C (C (C (T (a -0.25) (M 1.1756 0.6283 0.0000 -1.0000)) (T (a -0.25) (M 1.1756 1.8850 0.9511 -0.3090))) (T (a -0.25) (M 1.1756 3.1416 0.5878 0.8090))) (T (a -0.25) (M 1.1756 -1.8850 -0.5878 0.8090))) (T (a -0.25) (M 1.1756 -0.6283 -0.9511 -0.3090))) (M 1 0 -0.898 0))) (T (C (C (C (C (T (a -0.25) (M 1.1756 0.6283 0.0000 -1.0000)) (T (a -0.25) (M 1.1756 1.8850 0.9511 -0.3090))) (T (a -0.25) (M 1.1756 3.1416 0.5878 0.8090))) (T (a -0.25) (M 1.1756 -1.8850 -0.5878 0.8090))) (T (a -0.25) (M 1.1756 -0.6283 -0.9511 -0.3090))) (M 1 0 0.898 0))) (T (C (C (C (C (T (a -0.25) (M 1.1756 0.6283 0.0000 -1.0000)) (T (a -0.25) (M 1.1756 1.8850 0.9511 -0.3090))) (T (a -0.25) (M 1.1756 3.1416 0.5878 0.8090))) (T (a -0.25) (M 1.1756 -1.8850 -0.5878 0.8090))) (T (a -0.25) (M 1.1756 -0.6283 -0.9511 -0.3090))) (M 1 0 2.694 0))) (T (C (C (C (C (T (a -0.25) (M 1.1756 0.6283 0.0000 -1.0000)) (T (a -0.25) (M 1.1756 1.8850 0.9511 -0.3090))) (T (a -0.25) (M 1.1756 3.1416 0.5878 0.8090))) (T (a -0.25) (M 1.1756 -1.8850 -0.5878 0.8090))) (T (a -0.25) (M 1.1756 -0.6283 -0.9511 -0.3090))) (M 1 0 4.491 0))) (M 0.750 0 0 0)),5,concave,line,6,balanced_data/dim_balanced/regular_polygons/dim2/var1/images/167.png
(T (repeat (C (C (C (C (T (a -0.25) (M 1.1756 0.6283 0.0000 -1.0000)) (T (a -0.25) (M 1.1756 1.8850 0.9511 -0.3090))) (T (a -0.25) (M 1.1756 3.1416 0.5878 0.8090))) (T (a -0.25) (M 1.1756 -1.8850 -0.5878 0.8090))) (T (a -0.25) (M 1.1756 -0.6283 -0.9511 -0.3090))) 3 0 0 0.900 2.29440) (M 0.750 0 0 0)),5,concave,spiral,3,balanced_data/dim_balanced/regular_polygons/dim2/var1/images/168.png
(T (repeat (C (C (C (C (T (a -0.25) (M 1.1756 0.6283 0.0000 -1.0000)) (T (a -0.25) (M 1.1756 1.8850 0.9511 -0.3090))) (T (a -0.25) (M 1.1756 3.1416 0.5878 0.8090))) (T (a -0.25) (M 1.1756 -1.8850 -0.5878 0.8090))) (T (a -0.25) (M 1.1756 -0.6283 -0.9511 -0.3090))) 4 0 0 0.900 1.77080) (M 0.750 0 0 0)),5,concave,spiral,4,balanced_data/dim_balanced/regular_polygons/dim2/var1/images/169.png
(T (repeat (C (C (C (C (T (a -0.25) (M 1.1756 0.6283 0.0000 -1.0000)) (T (a -0.25) (M 1.1756 1.8850 0.9511 -0.3090))) (T (a -0.25) (M 1.1756 3.1416 0.5878 0.8090))) (T (a -0.25) (M 1.1756 -1.8850 -0.5878 0.8090))) (T (a -0.25) (M 1.1756 -0.6283 -0.9511 -0.3090))) 5 0 0 0.900 1.45664) (M 0.750 0 0 0)),5,concave,spiral,5,balanced_data/dim_balanced/regular_polygons/dim2/var1/images/170.png
(T (repeat (C (C (C (C (T (a -0.25) (M 1.1756 0.6283 0.0000 -1.0000)) (T (a -0.25) (M 1.1756 1.8850 0.9511 -0.3090))) (T (a -0.25) (M 1.1756 3.1416 0.5878 0.8090))) (T (a -0.25) (M 1.1756 -1.8850 -0.5878 0.8090))) (T (a -0.25) (M 1.1756 -0.6283 -0.9511 -0.3090))) 6 0 0 0.900 1.24720) (M 0.750 0 0 0)),5,concave,spiral,6,balanced_data/dim_balanced/regular_polygons/dim2/var1/images/171.png
(T (C (C (T (C (C (C (C (T (a -0.25) (M 1.1756 0.6283 0.0000 -1.0000)) (T (a -0.25) (M 1.1756 1.8850 0.9511 -0.3090))) (T (a -0.25) (M 1.1756 3.1416 0.5878 0.8090))) (T (a -0.25) (M 1.1756 -1.8850 -0.5878 0.8090))) (T (a -0.25) (M 1.1756 -0.6283 -0.9511 -0.3090))) (M 1.00 0 0 0)) (T (C (C (C (C (T (a -0.25) (M 1.1756 0.6283 0.0000 -1.0000)) (T (a -0.25) (M 1.1756 1.8850 0.9511 -0.3090))) (T (a -0.25) (M 1.1756 3.1416 0.5878 0.8090))) (T (a -0.25) (M 1.1756 -1.8850 -0.5878 0.8090))) (T (a -0.25) (M 1.1756 -0.6283 -0.9511 -0.3090))) (M 1.40 0 0 0))) (T (C (C (C (C (T (a -0.25) (M 1.1756 0.6283 0.0000 -1.0000)) (T (a -0.25) (M 1.1756 1.8850 0.9511 -0.3090))) (T (a -0.25) (M 1.1756 3.1416 0.5878 0.8090))) (T (a -0.25) (M 1.1756 -1.8850 -0.5878 0.8090))) (T (a -0.25) (M 1.1756 -0.6283 -0.9511 -0.3090))) (M 1.80 0 0 0))) (M 0.750 0 0 0)),5,concave,scale_origin,3,balanced_data/dim_balanced/regular_polygons/dim2/var1/images/172.png
(T (C (C (C (T (C (C (C (C (T (a -0.25) (M 1.1756 0.6283 0.0000 -1.0000)) (T (a -0.25) (M 1.1756 1.8850 0.9511 -0.3090))) (T (a -0.25) (M 1.1756 3.1416 0.5878 0.8090))) (T (a -0.25) (M 1.1756 -1.8850 -0.5878 0.8090))) (T (a -0.25) (M 1.1756 -0.6283 -0.9511 -0.3090))) (M 1.00 0 0 0)) (T (C (C (C (C (T (a -0.25) (M 1.1756 0.6283 0.0000 -1.0000)) (T (a -0.25) (M 1.1756 1.8850 0.9511 -0.3090))) (T (a -0.25) (M 1.1756 3.1416 0.5878 0.8090))) (T (a -0.25) (M 1.1756 -1.8850 -0.5878 0.8090))) (T (a -0.25) (M 1.1756 -0.6283 -0.9511 -0.3090))) (M 1.40 0 0 0))) (T (C (C (C (C (T (a -0.25) (M 1.1756 0.6283 0.0000 -1.0000)) (T (a -0.25) (M 1.1756 1.8850 0.9511 -0.3090))) (T (a -0.25) (M 1.1756 3.1416 0.5878 0.8090))) (T (a -0.25) (M 1.1756 -1.8850 -0.5878 0.8090))) (T (a -0.25) (M 1.1756 -0.6283 -0.9511 -0.3090))) (M 1.80 0 0 0))) (T (C (C (C (C (T (a -0.25) (M 1.1756 0.6283 0.0000 -1.0000)) (T (a -0.25) (M 1.1756 1.8850 0.9511 -0.3090))) (T (a -0.25) (M 1.1756 3.1416 0.5878 0.8090))) (T (a -0.25) (M 1.1756 -1.8850 -0.5878 0.8090))) (T (a -0.25) (M 1.1756 -0.6283 -0.9511 -0.3090))) (M 2.20 0 0 0))) (M 0.750 0 0 0)),5,concave,scale_origin,4,balanced_data/dim_balanced/regular_polygons/dim2/var1/images/173.png
(T (C (C (C (C (T (C (C (C (C (T (a -0.25) (M 1.1756 0.6283 0.0000 -1.0000)) (T (a -0.25) (M 1.1756 1.8850 0.9511 -0.3090))) (T (a -0.25) (M 1.1756 3.1416 0.5878 0.8090))) (T (a -0.25) (M 1.1756 -1.8850 -0.5878 0.8090))) (T (a -0.25) (M 1.1756 -0.6283 -0.9511 -0.3090))) (M 1.00 0 0 0)) (T (C (C (C (C (T (a -0.25) (M 1.1756 0.6283 0.0000 -1.0000)) (T (a -0.25) (M 1.1756 1.8850 0.9511 -0.3090))) (T (a -0.25) (M 1.1756 3.1416 0.5878 0.8090))) (T (a -0.25) (M 1.1756 -1.8850 -0.5878 0.8090))) (T (a -0.25) (M 1.1756 -0.6283 -0.9511 -0.3090))) (M 1.40 0 0 0))) (T (C (C (C (C (T (a -0.25) (M 1.1756 0.6283 0.0000 -1.0000)) (T (a -0.25) (M 1.1756 1.8850 0.9511 -0.3090))) (T (a -0.25) (M 1.1756 3.1416 0.5878 0.8090))) (T (a -0.25) (M 1.1756 -1.8850 -0.5878 0.8090))) (T (a -0.25) (M 1.1756 -0.6283 -0.9511 -0.3090))) (M 1.80 0 0 0))) (T (C (C (C (C (T (a -0.25) (M 1.1756 0.6283 0.0000 -1.0000)) (T (a -0.25) (M 1.1756 1.8850 0.9511 -0.3090))) (T (a -0.25) (M 1.1756 3.1416 0.5878 0.8090))) (T (a -0.25) (M 1.1756 -1.8850 -0.5878 0.8090))) (T (a -0.25) (M 1.1756 -0.6283 -0.9511 -0.3090))) (M 2.20 0 0 0))) (T (C (C (C (C (T (a -0.25) (M 1.1756 0.6283 0.0000 -1.0000)) (T (a -0.25) (M 1.1756 1.8850 0.9511 -0.3090))) (T (a -0.25) (M 1.1756 3.1416 0.5878 0.8090))) (T (a -0.25) (M 1.1756 -1.8850 -0.5878 0.8090))) (T (a -0.25) (M 1.1756 -0.6283 -0.9511 -0.3090))) (M 2.60 0 0 0))) (M 0.750 0 0 0)),5,concave,scale_origin,5,balanced_data/dim_balanced/regular_polygons/dim2/var1/images/174.png
(T (C (C (C (C (C (T (C (C (C (C (T (a -0.25) (M 1.1756 0.6283 0.0000 -1.0000)) (T (a -0.25) (M 1.1756 1.8850 0.9511 -0.3090))) (T (a -0.25) (M 1.1756 3.1416 0.5878 0.8090))) (T (a -0.25) (M 1.1756 -1.8850 -0.5878 0.8090))) (T (a -0.25) (M 1.1756 -0.6283 -0.9511 -0.3090))) (M 1.00 0 0 0)) (T (C (C (C (C (T (a -0.25) (M 1.1756 0.6283 0.0000 -1.0000)) (T (a -0.25) (M 1.1756 1.8850 0.9511 -0.3090))) (T (a -0.25) (M 1.1756 3.1416 0.5878 0.8090))) (T (a -0.25) (M 1.1756 -1.8850 -0.5878 0.8090))) (T (a -0.25) (M 1.1756 -0.6283 -0.9511 -0.3090))) (M 1.40 0 0 0))) (T (C (C (C (C (T (a -0.25) (M 1.1756 0.6283 0.0000 -1.0000)) (T (a -0.25) (M 1.1756 1.8850 0.9511 -0.3090))) (T (a -0.25) (M 1.1756 3.1416 0.5878 0.8090))) (T (a -0.25) (M 1.1756 -1.8850 -0.5878 0.8090))) (T (a -0.25) (M 1.1756 -0.6283 -0.9511 -0.3090))) (M 1.80 0 0 0))) (T (C (C (C (C (T (a -0.25) (M 1.1756 0.6283 0.0000 -1.0000)) (T (a -0.25) (M 1.1756 1.8850 0.9511 -0.3090))) (T (a -0.25) (M 1.1756 3.1416 0.5878 0.8090))) (T (a -0.25) (M 1.1756 -1.8850 -0.5878 0.8090))) (T (a -0.25) (M 1.1756 -0.6283 -0.9511 -0.3090))) (M 2.20 0 0 0))) (T (C (C (C (C (T (a -0.25) (M 1.1756 0.6283 0.0000 -1.0000)) (T (a -0.25) (M 1.1756 1.8850 0.9511 -0.3090))) (T (a -0.25) (M 1.1756 3.1416 0.5878 0.8090))) (T (a -0.25) (M 1.1756 -1.8850 -0.5878 0.8090))) (T (a -0.25) (M 1.1756 -0.6283 -0.9511 -0.3090))) (M 2.60 0 0 0))) (T (C (C (C (C (T (a -0.25) (M 1.1756 0.6283 0.0000 -1.0000)) (T (a -0.25) (M 1.1756 1.8850 0.9511 -0.3090))) (T (a -0.25) (M 1.1756 3.1416 0.5878 0.8090))) (T (a -0.25) (M 1.1756 -1.8850 -0.5878 0.8090))) (T (a -0.25) (M 1.1756 -0.6283 -0.9511 -0.3090))) (M 3.00 0 0 0))) (M 0.750 0 0 0)),5,concave,scale_origin,6,balanced_data/dim_balanced/regular_polygons/dim2/var1/images/175.png
(T (C (C (T (C (C (C (C (T (a -0.25) (M 1.1756 0.6283 0.0000 -1.0000)) (T (a -0.25) (M 1.1756 1.8850 0.9511 -0.3090))) (T (a -0.25) (M 1.1756 3.1416 0.5878 0.8090))) (T (a -0.25) (M 1.1756 -1.8850 -0.5878 0.8090))) (T (a -0.25) (M 1.1756 -0.6283 -0.9511 -0.3090))) (M 1.000 0 0.000 0.000)) (T (C (C (C (C (T (a -0.25) (M 1.1756 0.6283 0.0000 -1.0000)) (T (a -0.25) (M 1.1756 1.8850 0.9511 -0.3090))) (T (a -0.25) (M 1.1756 3.1416 0.5878 0.8090))) (T (a -0.25) (M 1.1756 -1.8850 -0.5878 0.8090))) (T (a -0.25) (M 1.1756 -0.6283 -0.9511 -0.3090))) (M 1.400 0 0.400 0.400))) (T (C (C (C (C (T (a -0.25) (M 1.1756 0.6283 0.0000 -1.0000)) (T (a -0.25) (M 1.1756 1.8850 0.9511 -0.3090))) (T (a -0.25) (M 1.1756 3.1416 0.5878 0.8090))) (T (a -0.25) (M 1.1756 -1.8850 -0.5878 0.8090))) (T (a -0.25) (M 1.1756 -0.6283 -0.9511 -0.3090))) (M 1.960 0 0.960 0.960))) (M 0.750 0 0 0)),5,concave,scale_outward,3,balanced_data/dim_balanced/regular_polygons/dim2/var1/images/176.png
(T (C (C (C (T (C (C (C (C (T (a -0.25) (M 1.1756 0.6283 0.0000 -1.0000)) (T (a -0.25) (M 1.1756 1.8850 0.9511 -0.3090))) (T (a -0.25) (M 1.1756 3.1416 0.5878 0.8090))) (T (a -0.25) (M 1.1756 -1.8850 -0.5878 0.8090))) (T (a -0.25) (M 1.1756 -0.6283 -0.9511 -0.3090))) (M 1.000 0 0.000 0.000)) (T (C (C (C (C (T (a -0.25) (M 1.1756 0.6283 0.0000 -1.0000)) (T (a -0.25) (M 1.1756 1.8850 0.9511 -0.3090))) (T (a -0.25) (M 1.1756 3.1416 0.5878 0.8090))) (T (a -0.25) (M 1.1756 -1.8850 -0.5878 0.8090))) (T (a -0.25) (M 1.1756 -0.6283 -0.9511 -0.3090))) (M 1.400 0 0.400 0.400))) (T (C (C (C (C (T (a -0.25) (M 1.1756 0.6283 0.0000 -1.0000)) (T (a -0.25) (M 1.1756 1.8850 0.9511 -0.3090))) (T (a -0.25) (M 1.1756 3.1416 0.5878 0.8090))) (T (a -0.25) (M 1.1756 -1.8850 -0.5878 0.8090))) (T (a -0.25) (M 1.1756 -0.6283 -0.9511 -0.3090))) (M 1.960 0 0.960 0.960))) (T (C (C (C (C (T (a -0.25) (M 1.1756 0.6283 0.0000 -1.0000)) (T (a -0.25) (M 1.1756 1.8850 0.9511 -0.3090))) (T (a -0.25) (M 1.1756 3.1416 0.5878 0.8090))) (T (a -0.25) (M 1.1756 -1.8850 -0.5878 0.8090))) (T (a -0.25) (M 1.1756 -0.6283 -0.9511 -0.3090))) (M 2.744 0 1.744 1.744))) (M 0.750 0 0 0)),5,concave,scale_outward,4,balanced_data/dim_balanced/regular_polygons/dim2/var1/images/177.png
(T (C (C (C (C (T (C (C (C (C (T (a -0.25) (M 1.1756 0.6283 0.0000 -1.0000)) (T (a -0.25) (M 1.1756 1.8850 0.9511 -0.3090))) (T (a -0.25) (M 1.1756 3.1416 0.5878 0.8090))) (T (a -0.25) (M 1.1756 -1.8850 -0.5878 0.8090))) (T (a -0.25) (M 1.1756 -0.6283 -0.9511 -0.3090))) (M 1.000 0 0.000 0.000)) (T (C (C (C (C (T (a -0.25) (M 1.1756 0.6283 0.0000 -1.0000)) (T (a -0.25) (M 1.1756 1.8850 0.9511 -0.3090))) (T (a -0.25) (M 1.1756 3.1416 0.5878 0.8090))) (T (a -0.25) (M 1.1756 -1.8850 -0.5878 0.8090))) (T (a -0.25) (M 1.1756 -0.6283 -0.9511 -0.3090))) (M 1.400 0 0.400 0.400))) (T (C (C (C (C (T (a -0.25) (M 1.1756 0.6283 0.0000 -1.0000)) (T (a -0.25) (M 1.1756 1.8850 0.9511 -0.3090))) (T (a -0.25) (M 1.1756 3.1416 0.5878 0.8090))) (T (a -0.25) (M 1.1756 -1.8850 -0.5878 0.8090))) (T (a -0.25) (M 1.1756 -0.6283 -0.9511 -0.3090))) (M 1.960 0 0.960 0.960))) (T (C (C (C (C (T (a -0.25) (M 1.1756 0.6283 0.0000 -1.0000)) (T (a -0.25) (M 1.1756 1.8850 0.9511 -0.3090))) (T (a -0.25) (M 1.1756 3.1416 0.5878 0.8090))) (T (a -0.25) (M 1.1756 -1.8850 -0.5878 0.8090))) (T (a -0.25) (M 1.1756 -0.6283 -0.9511 -0.3090))) (M 2.744 0 1.744 1.744))) (T (C (C (C (C (T (a -0.25) (M 1.1756 0.6283 0.0000 -1.0000)) (T (a -0.25) (M 1.1756 1.8850 0.9511 -0.3090))) (T (a -0.25) (M 1.1756 3.1416 0.5878 0.8090))) (T (a -0.25) (M 1.1756 -1.8850 -0.5878 0.8090))) (T (a -0.25) (M 1.1756 -0.6283 -0.9511 -0.3090))) (M 3.842 0 2.842 2.842))) (M 0.750 0 0 0)),5,concave,scale_outward,5,balanced_data/dim_balanced/regular_polygons/dim2/var1/images/178.png
(T (C (C (C (C (C (T (C (C (C (C (T (a -0.25) (M 1.1756 0.6283 0.0000 -1.0000)) (T (a -0.25) (M 1.1756 1.8850 0.9511 -0.3090))) (T (a -0.25) (M 1.1756 3.1416 0.5878 0.8090))) (T (a -0.25) (M 1.1756 -1.8850 -0.5878 0.8090))) (T (a -0.25) (M 1.1756 -0.6283 -0.9511 -0.3090))) (M 1.000 0 0.000 0.000)) (T (C (C (C (C (T (a -0.25) (M 1.1756 0.6283 0.0000 -1.0000)) (T (a -0.25) (M 1.1756 1.8850 0.9511 -0.3090))) (T (a -0.25) (M 1.1756 3.1416 0.5878 0.8090))) (T (a -0.25) (M 1.1756 -1.8850 -0.5878 0.8090))) (T (a -0.25) (M 1.1756 -0.6283 -0.9511 -0.3090))) (M 1.400 0 0.400 0.400))) (T (C (C (C (C (T (a -0.25) (M 1.1756 0.6283 0.0000 -1.0000)) (T (a -0.25) (M 1.1756 1.8850 0.9511 -0.3090))) (T (a -0.25) (M 1.1756 3.1416 0.5878 0.8090))) (T (a -0.25) (M 1.1756 -1.8850 -0.5878 0.8090))) (T (a -0.25) (M 1.1756 -0.6283 -0.9511 -0.3090))) (M 1.960 0 0.960 0.960))) (T (C (C (C (C (T (a -0.25) (M 1.1756 0.6283 0.0000 -1.0000)) (T (a -0.25) (M 1.1756 1.8850 0.9511 -0.3090))) (T (a -0.25) (M 1.1756 3.1416 0.5878 0.8090))) (T (a -0.25) (M 1.1756 -1.8850 -0.5878 0.8090))) (T (a -0.25) (M 1.1756 -0.6283 -0.9511 -0.3090))) (M 2.744 0 1.744 1.744))) (T (C (C (C (C (T (a -0.25) (M 1.1756 0.6283 0.0000 -1.0000)) (T (a -0.25) (M 1.1756 1.8850 0.9511 -0.3090))) (T (a -0.25) (M 1.1756 3.1416 0.5878 0.8090))) (T (a -0.25) (M 1.1756 -1.8850 -0.5878 0.8090))) (T (a -0.25) (M 1.1756 -0.6283 -0.9511 -0.3090))) (M 3.842 0 2.842 2.842))) (T (C (C (C (C (T (a -0.25) (M 1.1756 0.6283 0.0000 -1.0000)) (T (a -0.25) (M 1.1756 1.8850 0.9511 -0.3090))) (T (a -0.25) (M 1.1756 3.1416 0.5878 0.8090))) (T (a -0.25) (M 1.1756 -1.8850 -0.5878 0.8090))) (T (a -0.25) (M 1.1756 -0.6283 -0.9511 -0.3090))) (M 5.378 0 4.378 4.378))) (M 0.562 0 0 0)),5,concave,scale_outward,6,balanced_data/dim_balanced/regular_polygons/dim2/var1/images/179.png
(T (C (C (T (C (C (C (C (C (T l (M 1.0000 0.5236 0.0000 -1.0000)) (T l (M 1.0000 1.5708 0.8660 -0.5000))) (T l (M 1.0000 2.6180 0.8660 0.5000))) (T l (M 1.0000 -2.6180 0.0000 1.0000))) (T l (M 1.0000 -1.5708 -0.8660 0.5000))) (T l (M 1.0000 -0.5236 -0.8660 -0.5000))) (M 1 0 1.800 0.000)) (T (C (C (C (C (C (T l (M 1.0000 0.5236 0.0000 -1.0000)) (T l (M 1.0000 1.5708 0.8660 -0.5000))) (T l (M 1.0000 2.6180 0.8660 0.5000))) (T l (M 1.0000 -2.6180 0.0000 1.0000))) (T l (M 1.0000 -1.5708 -0.8660 0.5000))) (T l (M 1.0000 -0.5236 -0.8660 -0.5000))) (M 1 0 -0.900 1.559))) (T (C (C (C (C (C (T l (M 1.0000 0.5236 0.0000 -1.0000)) (T l (M 1.0000 1.5708 0.8660 -0.5000))) (T l (M 1.0000 2.6180 0.8660 0.5000))) (T l (M 1.0000 -2.6180 0.0000 1.0000))) (T l (M 1.0000 -1.5708 -0.8660 0.5000))) (T l (M 1.0000 -0.5236 -0.8660 -0.5000))) (M 1 0 -0.900 -1.559))) (M 0.750 0 0 0)),6,straight,radial,3,balanced_data/dim_balanced/regular_polygons/dim2/var1/images/180.png
(T (C (C (C (T (C (C (C (C (C (T l (M 1.0000 0.5236 0.0000 -1.0000)) (T l (M 1.0000 1.5708 0.8660 -0.5000))) (T l (M 1.0000 2.6180 0.8660 0.5000))) (T l (M 1.0000 -2.6180 0.0000 1.0000))) (T l (M 1.0000 -1.5708 -0.8660 0.5000))) (T l (M 1.0000 -0.5236 -0.8660 -0.5000))) (M 1 0 1.800 0.000)) (T (C (C (C (C (C (T l (M 1.0000 0.5236 0.0000 -1.0000)) (T l (M 1.0000 1.5708 0.8660 -0.5000))) (T l (M 1.0000 2.6180 0.8660 0.5000))) (T l (M 1.0000 -2.6180 0.0000 1.0000))) (T l (M 1.0000 -1.5708 -0.8660 0.5000))) (T l (M 1.0000 -0.5236 -0.8660 -0.5000))) (M 1 0 0.000 1.800))) (T (C (C (C (C (C (T l (M 1.0000 0.5236 0.0000 -1.0000)) (T l (M 1.0000 1.5708 0.8660 -0.5000))) (T l (M 1.0000 2.6180 0.8660 0.5000))) (T l (M 1.0000 -2.6180 0.0000 1.0000))) (T l (M 1.0000 -1.5708 -0.8660 0.5000))) (T l (M 1.0000 -0.5236 -0.8660 -0.5000))) (M 1 0 -1.800 0.000))) (T (C (C (C (C (C (T l (M 1.0000 0.5236 0.0000 -1.0000)) (T l (M 1.0000 1.5708 0.8660 -0.5000))) (T l (M 1.0000 2.6180 0.8660 0.5000))) (T l (M 1.0000 -2.6180 0.0000 1.0000))) (T l (M 1.0000 -1.5708 -0.8660 0.5000))) (T l (M 1.0000 -0.5236 -0.8660 -0.5000))) (M 1 0 -0.000 -1.800))) (M 0.750 0 0 0)),6,straight,radial,4,balanced_data/dim_balanced/regular_polygons/dim2/var1/images/181.png
(T (C (C (C (C (T (C (C (C (C (C (T l (M 1.0000 0.5236 0.0000 -1.0000)) (T l (M 1.0000 1.5708 0.8660 -0.5000))) (T l (M 1.0000 2.6180 0.8660 0.5000))) (T l (M 1.0000 -2.6180 0.0000 1.0000))) (T l (M 1.0000 -1.5708 -0.8660 0.5000))) (T l (M 1.0000 -0.5236 -0.8660 -0.5000))) (M 1 0 1.800 0.000)) (T (C (C (C (C (C (T l (M 1.0000 0.5236 0.0000 -1.0000)) (T l (M 1.0000 1.5708 0.8660 -0.5000))) (T l (M 1.0000 2.6180 0.8660 0.5000))) (T l (M 1.0000 -2.6180 0.0000 1.0000))) (T l (M 1.0000 -1.5708 -0.8660 0.5000))) (T l (M 1.0000 -0.5236 -0.8660 -0.5000))) (M 1 0 0.556 1.712))) (T (C (C (C (C (C (T l (M 1.0000 0.5236 0.0000 -1.0000)) (T l (M 1.0000 1.5708 0.8660 -0.5000))) (T l (M 1.0000 2.6180 0.8660 0.5000))) (T l (M 1.0000 -2.6180 0.0000 1.0000))) (T l (M 1.0000 -1.5708 -0.8660 0.5000))) (T l (M 1.0000 -0.5236 -0.8660 -0.5000))) (M 1 0 -1.456 1.058))) (T (C (C (C (C (C (T l (M 1.0000 0.5236 0.0000 -1.0000)) (T l (M 1.0000 1.5708 0.8660 -0.5000))) (T l (M 1.0000 2.6180 0.8660 0.5000))) (T l (M 1.0000 -2.6180 0.0000 1.0000))) (T l (M 1.0000 -1.5708 -0.8660 0.5000))) (T l (M 1.0000 -0.5236 -0.8660 -0.5000))) (M 1 0 -1.456 -1.058))) (T (C (C (C (C (C (T l (M 1.0000 0.5236 0.0000 -1.0000)) (T l (M 1.0000 1.5708 0.8660 -0.5000))) (T l (M 1.0000 2.6180 0.8660 0.5000))) (T l (M 1.0000 -2.6180 0.0000 1.0000))) (T l (M 1.0000 -1.5708 -0.8660 0.5000))) (T l (M 1.0000 -0.5236 -0.8660 -0.5000))) (M 1 0 0.556 -1.712))) (M 0.750 0 0 0)),6,straight,radial,5,balanced_data/dim_balanced/regular_polygons/dim2/var1/images/182.png
(T (C (C (C (C (C (T (C (C (C (C (C (T l (M 1.0000 0.5236 0.0000 -1.0000)) (T l (M 1.0000 1.5708 0.8660 -0.5000))) (T l (M 1.0000 2.6180 0.8660 0.5000))) (T l (M 1.0000 -2.6180 0.0000 1.0000))) (T l (M 1.0000 -1.5708 -0.8660 0.5000))) (T l (M 1.0000 -0.5236 -0.8660 -0.5000))) (M 1 0 1.800 0.000)) (T (C (C (C (C (C (T l (M 1.0000 0.5236 0.0000 -1.0000)) (T l (M 1.0000 1.5708 0.8660 -0.5000))) (T l (M 1.0000 2.6180 0.8660 0.5000))) (T l (M 1.0000 -2.6180 0.0000 1.0000))) (T l (M 1.0000 -1.5708 -0.8660 0.5000))) (T l (M 1.0000 -0.5236 -0.8660 -0.5000))) (M 1 0 0.900 1.559))) (T (C (C (C (C (C (T l (M 1.0000 0.5236 0.0000 -1.0000)) (T l (M 1.0000 1.5708 0.8660 -0.5000))) (T l (M 1.0000 2.6180 0.8660 0.5000))) (T l (M 1.0000 -2.6180 0.0000 1.0000))) (T l (M 1.0000 -1.5708 -0.8660 0.5000))) (T l (M 1.0000 -0.5236 -0.8660 -0.5000))) (M 1 0 -0.900 1.559))) (T (C (C (C (C (C (T l (M 1.0000 0.5236 0.0000 -1.0000)) (T l (M 1.0000 1.5708 0.8660 -0.5000))) (T l (M 1.0000 2.6180 0.8660 0.5000))) (T l (M 1.0000 -2.6180 0.0000 1.0000))) (T l (M 1.0000 -1.5708 -0.8660 0.5000))) (T l (M 1.0000 -0.5236 -0.8660 -0.5000))) (M 1 0 -1.800 0.000))) (T (C (C (C (C (C (T l (M 1.0000 0.5236 0.0000 -1.0000)) (T l (M 1.0000 1.5708 0.8660 -0.5000))) (T l (M 1.0000 2.6180 0.8660 0.5000))) (T l (M 1.0000 -2.6180 0.0000 1.0000))) (T l (M 1.0000 -1.5708 -0.8660 0.5000))) (T l (M 1.0000 -0.5236 -0.8660 -0.5000))) (M 1 0 -0.900 -1.559))) (T (C (C (C (C (C (T l (M 1.0000 0.5236 0.0000 -1.0000)) (T l (M 1.0000 1.5708 0.8660 -0.5000))) (T l (M 1.0000 2.6180 0.8660 0.5000))) (T l (M 1.0000 -2.6180 0.0000 1.0000))) (T l (M 1.0000 -1.5708 -0.8660 0.5000))) (T l (M 1.0000 -0.5236 -0.8660 -0.5000))) (M 1 0 0.900 -1.559))) (M 0.750 0 0 0)),6,straight,radial,6,balanced_data/dim_balanced/regular_polygons/dim2/var1/images/183.png
(T (C (C (T (C (C (C (C (C (T l (M 1.0000 0.5236 0.0000 -1.0000)) (T l (M 1.0000 1.5708 0.8660 -0.5000))) (T l (M 1.0000 2.6180 0.8660 0.5000))) (T l (M 1.0000 -2.6180 0.0000 1.0000))) (T l (M 1.0000 -1.5708 -0.8660 0.5000))) (T l (M 1.0000 -0.5236 -0.8660 -0.5000))) (M 1 0 -2.540 0)) (T (C (C (C (C (C (T l (M 1.0000 0.5236 0.0000 -1.0000)) (T l (M 1.0000 1.5708 0.8660 -0.5000))) (T l (M 1.0000 2.6180 0.8660 0.5000))) (T l (M 1.0000 -2.6180 0.0000 1.0000))) (T l (M 1.0000 -1.5708 -0.8660 0.5000))) (T l (M 1.0000 -0.5236 -0.8660 -0.5000))) (M 1 0 0.000 0))) (T (C (C (C (C (C (T l (M 1.0000 0.5236 0.0000 -1.0000)) (T l (M 1.0000 1.5708 0.8660 -0.5000))) (T l (M 1.0000 2.6180 0.8660 0.5000))) (T l (M 1.0000 -2.6180 0.0000 1.0000))) (T l (M 1.0000 -1.5708 -0.8660 0.5000))) (T l (M 1.0000 -0.5236 -0.8660 -0.5000))) (M 1 0 2.540 0))) (M 0.750 0 0 0)),6,straight,line,3,balanced_data/dim_balanced/regular_polygons/dim2/var1/images/184.png
(T (C (C (C (T (C (C (C (C (C (T l (M 1.0000 0.5236 0.0000 -1.0000)) (T l (M 1.0000 1.5708 0.8660 -0.5000))) (T l (M 1.0000 2.6180 0.8660 0.5000))) (T l (M 1.0000 -2.6180 0.0000 1.0000))) (T l (M 1.0000 -1.5708 -0.8660 0.5000))) (T l (M 1.0000 -0.5236 -0.8660 -0.5000))) (M 1 0 -3.300 0)) (T (C (C (C (C (C (T l (M 1.0000 0.5236 0.0000 -1.0000)) (T l (M 1.0000 1.5708 0.8660 -0.5000))) (T l (M 1.0000 2.6180 0.8660 0.5000))) (T l (M 1.0000 -2.6180 0.0000 1.0000))) (T l (M 1.0000 -1.5708 -0.8660 0.5000))) (T l (M 1.0000 -0.5236 -0.8660 -0.5000))) (M 1 0 -1.100 0))) (T (C (C (C (C (C (T l (M 1.0000 0.5236 0.0000 -1.0000)) (T l (M 1.0000 1.5708 0.8660 -0.5000))) (T l (M 1.0000 2.6180 0.8660 0.5000))) (T l (M 1.0000 -2.6180 0.0000 1.0000))) (T l (M 1.0000 -1.5708 -0.8660 0.5000))) (T l (M 1.0000 -0.5236 -0.8660 -0.5000))) (M 1 0 1.100 0))) (T (C (C (C (C (C (T l (M 1.0000 0.5236 0.0000 -1.0000)) (T l (M 1.0000 1.5708 0.8660 -0.5000))) (T l (M 1.0000 2.6180 0.8660 0.5000))) (T l (M 1.0000 -2.6180 0.0000 1.0000))) (T l (M 1.0000 -1.5708 -0.8660 0.5000))) (T l (M 1.0000 -0.5236 -0.8660 -0.5000))) (M 1 0 3.300 0))) (M 0.750 0 0 0)),6,straight,line,4,balanced_data/dim_balanced/regular_polygons/dim2/var1/images/185.png
(T (C (C (C (C (T (C (C (C (C (C (T l (M 1.0000 0.5236 0.0000 -1.0000)) (T l (M 1.0000 1.5708 0.8660 -0.5000))) (T l (M 1.0000 2.6180 0.8660 0.5000))) (T l (M 1.0000 -2.6180 0.0000 1.0000))) (T l (M 1.0000 -1.5708 -0.8660 0.5000))) (T l (M 1.0000 -0.5236 -0.8660 -0.5000))) (M 1 0 -3.935 0)) (T (C (C (C (C (C (T l (M 1.0000 0.5236 0.0000 -1.0000)) (T l (M 1.0000 1.5708 0.8660 -0.5000))) (T l (M 1.0000 2.6180 0.8660 0.5000))) (T l (M 1.0000 -2.6180 0.0000 1.0000))) (T l (M 1.0000 -1.5708 -0.8660 0.5000))) (T l (M 1.0000 -0.5236 -0.8660 -0.5000))) (M 1 0 -1.968 0))) (T (C (C (C (C (C (T l (M 1.0000 0.5236 0.0000 -1.0000)) (T l (M 1.0000 1.5708 0.8660 -0.5000))) (T l (M 1.0000 2.6180 0.8660 0.5000))) (T l (M 1.0000 -2.6180 0.0000 1.0000))) (T l (M 1.0000 -1.5708 -0.8660 0.5000))) (T l (M 1.0000 -0.5236 -0.8660 -0.5000))) (M 1 0 0.000 0))) (T (C (C (C (C (C (T l (M 1.0000 0.5236 0.0000 -1.0000)) (T l (M 1.0000 1.5708 0.8660 -0.5000))) (T l (M 1.0000 2.6180 0.8660 0.5000))) (T l (M 1.0000 -2.6180 0.0000 1.0000))) (T l (M 1.0000 -1.5708 -0.8660 0.5000))) (T l (M 1.0000 -0.5236 -0.8660 -0.5000))) (M 1 0 1.968 0))) (T (C (C (C (C (C (T l (M 1.0000 0.5236 0.0000 -1.0000)) (T l (M 1.0000 1.5708 0.8660 -0.5000))) (T l (M 1.0000 2.6180 0.8660 0.5000))) (T l (M 1.0000 -2.6180 0.0000 1.0000))) (T l (M 1.0000 -1.5708 -0.8660 0.5000))) (T l (M 1.0000 -0.5236 -0.8660 -0.5000))) (M 1 0 3.935 0))) (M 0.750 0 0 0)),6,straight,line,5,balanced_data/dim_balanced/regular_polygons/dim2/var1/images/186.png
(T (C (C (C (C (C (T (C (C (C (C (C (T l (M 1.0000 0.5236 0.0000 -1.0000)) (T l (M 1.0000 1.5708 0.8660 -0.5000))) (T l (M 1.0000 2.6180 0.8660 0.5000))) (T l (M 1.0000 -2.6180 0.0000 1.0000))) (T l (M 1.0000 -1.5708 -0.8660 0.5000))) (T l (M 1.0000 -0.5236 -0.8660 -0.5000))) (M 1 0 -4.491 0)) (T (C (C (C (C (C (T l (M 1.0000 0.5236 0.0000 -1.0000)) (T l (M 1.0000 1.5708 0.8660 -0.5000))) (T l (M 1.0000 2.6180 0.8660 0.5000))) (T l (M 1.0000 -2.6180 0.0000 1.0000))) (T l (M 1.0000 -1.5708 -0.8660 0.5000))) (T l (M 1.0000 -0.5236 -0.8660 -0.5000))) (M 1 0 -2.694 0))) (T (C (C (C (C (C (T l (M 1.0000 0.5236 0.0000 -1.0000)) (T l (M 1.0000 1.5708 0.8660 -0.5000))) (T l (M 1.0000 2.6180 0.8660 0.5000))) (T l (M 1.0000 -2.6180 0.0000 1.0000))) (T l (M 1.0000 -1.5708 -0.8660 0.5000))) (T l (M 1.0000 -0.5236 -0.8660 -0.5000))) (M 1 0 -0.898 0))) (T (C (C (C (C (C (T l (M 1.0000 0.5236 0.0000 -1.0000)) (T l (M 1.0000 1.5708 0.8660 -0.5000))) (T l (M 1.0000 2.6180 0.8660 0.5000))) (T l (M 1.0000 -2.6180 0.0000 1.0000))) (T l (M 1.0000 -1.5708 -0.8660 0.5000))) (T l (M 1.0000 -0.5236 -0.8660 -0.5000))) (M 1 0 0.898 0))) (T (C (C (C (C (C (T l (M 1.0000 0.5236 0.0000 -1.0000)) (T l (M 1.0000 1.5708 0.8660 -0.5000))) (T l (M 1.0000 2.6180 0.8660 0.5000))) (T l (M 1.0000 -2.6180 0.0000 1.0000))) (T l (M 1.0000 -1.5708 -0.8660 0.5000))) (T l (M 1.0000 -0.5236 -0.8660 -0.5000))) (M 1 0 2.694 0))) (T (C (C (C (C (C (T l (M 1.0000 0.5236 0.0000 -1.0000)) (T l (M 1.0000 1.5708 0.8660 -0.5000))) (T l (M 1.0000 2.6180 0.8660 0.5000))) (T l (M 1.0000 -2.6180 0.0000 1.0000))) (T l (M 1.0000 -1.5708 -0.8660 0.5000))) (T l (M 1.0000 -0.5236 -0.8660 -0.5000))) (M 1 0 4.491 0))) (M 0.750 0 0 0)),6,straight,line,6,balanced_data/dim_balanced/regular_polygons/dim2/var1/images/187.png
(T (repeat (C (C (C (C (C (T l (M 1.0000 0.5236 0.0000 -1.0000)) (T l (M 1.0000 1.5708 0.8660 -0.5000))) (T l (M 1.0000 2.6180 0.8660 0.5000))) (T l (M 1.0000 -2.6180 0.0000 1.0000))) (T l (M 1.0000 -1.5708 -0.8660 0.5000))) (T l (M 1.0000 -0.5236 -0.8660 -0.5000))) 3 0 0 0.900 2.29440) (M 0.750 0 0 0)),6,straight,spiral,3,balanced_data/dim_balanced/regular_polygons/dim2/var1/images/188.png
(T (repeat (C (C (C (C (C (T l (M 1.0000 0.5236 0.0000 -1.0000)) (T l (M 1.0000 1.5708 0.8660 -0.5000))) (T l (M 1.0000 2.6180 0.8660 0.5000))) (T l (M 1.0000 -2.6180 0.0000 1.0000))) (T l (M 1.0000 -1.5708 -0.8660 0.5000))) (T l (M 1.0000 -0.5236 -0.8660 -0.5000))) 4 0 0 0.900 1.77080) (M 0.750 0 0 0)),6,straight,spiral,4,balanced_data/dim_balanced/regular_polygons/dim2/var1/images/189.png
(T (repeat (C (C (C (C (C (T l (M 1.0000 0.5236 0.0000 -1.0000)) (T l (M 1.0000 1.5708 0.8660 -0.5000))) (T l (M 1.0000 2.6180 0.8660 0.5000))) (T l (M 1.0000 -2.6180 0.0000 1.0000))) (T l (M 1.0000 -1.5708 -0.8660 0.5000))) (T l (M 1.0000 -0.5236 -0.8660 -0.5000))) 5 0 0 0.900 1.45664) (M 0.750 0 0 0)),6,straight,spiral,5,balanced_data/dim_balanced/regular_polygons/dim2/var1/images/190.png
(T (repeat (C (C (C (C (C (T l (M 1.0000 0.5236 0.0000 -1.0000)) (T l (M 1.0000 1.5708 0.8660 -0.5000))) (T l (M 1.0000 2.6180 0.8660 0.5000))) (T l (M 1.0000 -2.6180 0.0000 1.0000))) (T l (M 1.0000 -1.5708 -0.8660 0.5000))) (T l (M 1.0000 -0.5236 -0.8660 -0.5000))) 6 0 0 0.900 1.24720) (M 0.750 0 0 0)),6,straight,spiral,6,balanced_data/dim_balanced/regular_polygons/dim2/var1/images/191.png
(T (C (C (T (C (C (C (C (C (T l (M 1.0000 0.5236 0.0000 -1.0000)) (T l (M 1.0000 1.5708 0.8660 -0.5000))) (T l (M 1.0000 2.6180 0.8660 0.5000))) (T l (M 1.0000 -2.6180 0.0000 1.0000))) (T l (M 1.0000 -1.5708 -0.8660 0.5000))) (T l (M 1.0000 -0.5236 -0.8660 -0.5000))) (M 1.00 0 0 0)) (T (C (C (C (C (C (T l (M 1.0000 0.5236 0.0000 -1.0000)) (T l (M 1.0000 1.5708 0.8660 -0.5000))) (T l (M 1.0000 2.6180 0.8660 0.5000))) (T l (M 1.0000 -2.6180 0.0000 1.0000))) (T l (M 1.0000 -1.5708 -0.8660 0.5000))) (T l (M 1.0000 -0.5236 -0.8660 -0.5000))) (M 1.40 0 0 0))) (T (C (C (C (C (C (T l (M 1.0000 0.5236 0.0000 -1.0000)) (T l (M 1.0000 1.5708 0.8660 -0.5000))) (T l (M 1.0000 2.6180 0.8660 0.5000))) (T l (M 1.0000 -2.6180 0.0000 1.0000))) (T l (M 1.0000 -1.5708 -0.8660 0.5000))) (T l (M 1.0000 -0.5236 -0.8660 -0.5000))) (M 1.80 0 0 0))) (M 0.750 0 0 0)),6,straight,scale_origin,3,balanced_data/dim_balanced/regular_polygons/dim2/var1/images/192.png
(T (C (C (C (T (C (C (C (C (C (T l (M 1.0000 0.5236 0.0000 -1.0000)) (T l (M 1.0000 1.5708 0.8660 -0.5000))) (T l (M 1.0000 2.6180 0.8660 0.5000))) (T l (M 1.0000 -2.6180 0.0000 1.0000))) (T l (M 1.0000 -1.5708 -0.8660 0.5000))) (T l (M 1.0000 -0.5236 -0.8660 -0.5000))) (M 1.00 0 0 0)) (T (C (C (C (C (C (T l (M 1.0000 0.5236 0.0000 -1.0000)) (T l (M 1.0000 1.5708 0.8660 -0.5000))) (T l (M 1.0000 2.6180 0.8660 0.5000))) (T l (M 1.0000 -2.6180 0.0000 1.0000))) (T l (M 1.0000 -1.5708 -0.8660 0.5000))) (T l (M 1.0000 -0.5236 -0.8660 -0.5000))) (M 1.40 0 0 0))) (T (C (C (C (C (C (T l (M 1.0000 0.5236 0.0000 -1.0000)) (T l (M 1.0000 1.5708 0.8660 -0.5000))) (T l (M 1.0000 2.6180 0.8660 0.5000))) (T l (M 1.0000 -2.6180 0.0000 1.0000))) (T l (M 1.0000 -1.5708 -0.8660 0.5000))) (T l (M 1.0000 -0.5236 -0.8660 -0.5000))) (M 1.80 0 0 0))) (T (C (C (C (C (C (T l (M 1.0000 0.5236 0.0000 -1.0000)) (T l (M 1.0000 1.5708 0.8660 -0.5000))) (T l (M 1.0000 2.6180 0.8660 0.5000))) (T l (M 1.0000 -2.6180 0.0000 1.0000))) (T l (M 1.0000 -1.5708 -0.8660 0.5000))) (T l (M 1.0000 -0.5236 -0.8660 -0.5000))) (M 2.20 0 0 0))) (M 0.750 0 0 0)),6,straight,scale_origin,4,balanced_data/dim_balanced/regular_polygons/dim2/var1/images/193.png
(T (C (C (C (C (T (C (C (C (C (C (T l (M 1.0000 0.5236 0.0000 -1.0000)) (T l (M 1.0000 1.5708 0.8660 -0.5000))) (T l (M 1.0000 2.6180 0.8660 0.5000))) (T l (M 1.0000 -2.6180 0.0000 1.0000))) (T l (M 1.0000 -1.5708 -0.8660 0.5000))) (T l (M 1.0000 -0.5236 -0.8660 -0.5000))) (M 1.00 0 0 0)) (T (C (C (C (C (C (T l (M 1.0000 0.5236 0.0000 -1.0000)) (T l (M 1.0000 1.5708 0.8660 -0.5000))) (T l (M 1.0000 2.6180 0.8660 0.5000))) (T l (M 1.0000 -2.6180 0.0000 1.0000))) (T l (M 1.0000 -1.5708 -0.8660 0.5000))) (T l (M 1.0000 -0.5236 -0.8660 -0.5000))) (M 1.40 0 0 0))) (T (C (C (C (C (C (T l (M 1.0000 0.5236 0.0000 -1.0000)) (T l (M 1.0000 1.5708 0.8660 -0.5000))) (T l (M 1.0000 2.6180 0.8660 0.5000))) (T l (M 1.0000 -2.6180 0.0000 1.0000))) (T l (M 1.0000 -1.5708 -0.8660 0.5000))) (T l (M 1.0000 -0.5236 -0.8660 -0.5000))) (M 1.80 0 0 0))) (T (C (C (C (C (C (T l (M 1.0000 0.5236 0.0000 -1.0000)) (T l (M 1.0000 1.5708 0.8660 -0.5000))) (T l (M 1.0000 2.6180 0.8660 0.5000))) (T l (M 1.0000 -2.6180 0.0000 1.0000))) (T l (M 1.0000 -1.5708 -0.8660 0.5000))) (T l (M 1.0000 -0.5236 -0.8660 -0.5000))) (M 2.20 0 0 0))) (T (C (C (C (C (C (T l (M 1.0000 0.5236 0.0000 -1.0000)) (T l (M 1.0000 1.5708 0.8660 -0.5000))) (T l (M 1.0000 2.6180 0.8660 0.5000))) (T l (M 1.0000 -2.6180 0.0000 1.0000))) (T l (M 1.0000 -1.5708 -0.8660 0.5000))) (T l (M 1.0000 -0.5236 -0.8660 -0.5000))) (M 2.60 0 0 0))) (M 0.750 0 0 0)),6,straight,scale_origin,5,balanced_data/dim_balanced/regular_polygons/dim2/var1/images/194.png
(T (C (C (C (C (C (T (C (C (C (C (C (T l (M 1.0000 0.5236 0.0000 -1.0000)) (T l (M 1.0000 1.5708 0.8660 -0.5000))) (T l (M 1.0000 2.6180 0.8660 0.5000))) (T l (M 1.0000 -2.6180 0.0000 1.0000))) (T l (M 1.0000 -1.5708 -0.8660 0.5000))) (T l (M 1.0000 -0.5236 -0.8660 -0.5000))) (M 1.00 0 0 0)) (T (C (C (C (C (C (T l (M 1.0000 0.5236 0.0000 -1.0000)) (T l (M 1.0000 1.5708 0.8660 -0.5000))) (T l (M 1.0000 2.6180 0.8660 0.5000))) (T l (M 1.0000 -2.6180 0.0000 1.0000))) (T l (M 1.0000 -1.5708 -0.8660 0.5000))) (T l (M 1.0000 -0.5236 -0.8660 -0.5000))) (M 1.40 0 0 0))) (T (C (C (C (C (C (T l (M 1.0000 0.5236 0.0000 -1.0000)) (T l (M 1.0000 1.5708 0.8660 -0.5000))) (T l (M 1.0000 2.6180 0.8660 0.5000))) (T l (M 1.0000 -2.6180 0.0000 1.0000))) (T l (M 1.0000 -1.5708 -0.8660 0.5000))) (T l (M 1.0000 -0.5236 -0.8660 -0.5000))) (M 1.80 0 0 0))) (T (C (C (C (C (C (T l (M 1.0000 0.5236 0.0000 -1.0000)) (T l (M 1.0000 1.5708 0.8660 -0.5000))) (T l (M 1.0000 2.6180 0.8660 0.5000))) (T l (M 1.0000 -2.6180 0.0000 1.0000))) (T l (M 1.0000 -1.5708 -0.8660 0.5000))) (T l (M 1.0000 -0.5236 -0.8660 -0.5000))) (M 2.20 0 0 0))) (T (C (C (C (C (C (T l (M 1.0000 0.5236 0.0000 -1.0000)) (T l (M 1.0000 1.5708 0.8660 -0.5000))) (T l (M 1.0000 2.6180 0.8660 0.5000))) (T l (M 1.0000 -2.6180 0.0000 1.0000))) (T l (M 1.0000 -1.5708 -0.8660 0.5000))) (T l (M 1.0000 -0.5236 -0.8660 -0.5000))) (M 2.60 0 0 0))) (T (C (C (C (C (C (T l (M 1.0000 0.5236 0.0000 -1.0000)) (T l (M 1.0000 1.5708 0.8660 -0.5000))) (T l (M 1.0000 2.6180 0.8660 0.5000))) (T l (M 1.0000 -2.6180 0.0000 1.0000))) (T l (M 1.0000 -1.5708 -0.8660 0.5000))) (T l (M 1.0000 -0.5236 -0.8660 -0.5000))) (M 3.00 0 0 0))) (M 0.750 0 0 0)),6,straight,scale_origin,6,balanced_data/dim_balanced/regular_polygons/dim2/var1/images/195.png
(T (C (C (T (C (C (C (C (C (T l (M 1.0000 0.5236 0.0000 -1.0000)) (T l (M 1.0000 1.5708 0.8660 -0.5000))) (T l (M 1.0000 2.6180 0.8660 0.5000))) (T l (M 1.0000 -2.6180 0.0000 1.0000))) (T l (M 1.0000 -1.5708 -0.8660 0.5000))) (T l (M 1.0000 -0.5236 -0.8660 -0.5000))) (M 1.000 0 0.000 0.000)) (T (C (C (C (C (C (T l (M 1.0000 0.5236 0.0000 -1.0000)) (T l (M 1.0000 1.5708 0.8660 -0.5000))) (T l (M 1.0000 2.6180 0.8660 0.5000))) (T l (M 1.0000 -2.6180 0.0000 1.0000))) (T l (M 1.0000 -1.5708 -0.8660 0.5000))) (T l (M 1.0000 -0.5236 -0.8660 -0.5000))) (M 1.400 0 0.400 0.400))) (T (C (C (C (C (C (T l (M 1.0000 0.5236 0.0000 -1.0000)) (T l (M 1.0000 1.5708 0.8660 -0.5000))) (T l (M 1.0000 2.6180 0.8660 0.5000))) (T l (M 1.0000 -2.6180 0.0000 1.0000))) (T l (M 1.0000 -1.5708 -0.8660 0.5000))) (T l (M 1.0000 -0.5236 -0.8660 -0.5000))) (M 1.960 0 0.960 0.960))) (M 0.750 0 0 0)),6,straight,scale_outward,3,balanced_data/dim_balanced/regular_polygons/dim2/var1/images/196.png
(T (C (C (C (T (C (C (C (C (C (T l (M 1.0000 0.5236 0.0000 -1.0000)) (T l (M 1.0000 1.5708 0.8660 -0.5000))) (T l (M 1.0000 2.6180 0.8660 0.5000))) (T l (M 1.0000 -2.6180 0.0000 1.0000))) (T l (M 1.0000 -1.5708 -0.8660 0.5000))) (T l (M 1.0000 -0.5236 -0.8660 -0.5000))) (M 1.000 0 0.000 0.000)) (T (C (C (C (C (C (T l (M 1.0000 0.5236 0.0000 -1.0000)) (T l (M 1.0000 1.5708 0.8660 -0.5000))) (T l (M 1.0000 2.6180 0.8660 0.5000))) (T l (M 1.0000 -2.6180 0.0000 1.0000))) (T l (M 1.0000 -1.5708 -0.8660 0.5000))) (T l (M 1.0000 -0.5236 -0.8660 -0.5000))) (M 1.400 0 0.400 0.400))) (T (C (C (C (C (C (T l (M 1.0000 0.5236 0.0000 -1.0000)) (T l (M 1.0000 1.5708 0.8660 -0.5000))) (T l (M 1.0000 2.6180 0.8660 0.5000))) (T l (M 1.0000 -2.6180 0.0000 1.0000))) (T l (M 1.0000 -1.5708 -0.8660 0.5000))) (T l (M 1.0000 -0.5236 -0.8660 -0.5000))) (M 1.960 0 0.960 0.960))) (T (C (C (C (C (C (T l (M 1.0000 0.5236 0.0000 -1.0000)) (T l (M 1.0000 1.5708 0.8660 -0.5000))) (T l (M 1.0000 2.6180 0.8660 0.5000))) (T l (M 1.0000 -2.6180 0.0000 1.0000))) (T l (M 1.0000 -1.5708 -0.8660 0.5000))) (T l (M 1.0000 -0.5236 -0.8660 -0.5000))) (M 2.744 0 1.744 1.744))) (M 0.750 0 0 0)),6,straight,scale_outward,4,balanced_data/dim_balanced/regular_polygons/dim2/var1/images/197.png
(T (C (C (C (C (T (C (C (C (C (C (T l (M 1.0000 0.5236 0.0000 -1.0000)) (T l (M 1.0000 1.5708 0.8660 -0.5000))) (T l (M 1.0000 2.6180 0.8660 0.5000))) (T l (M 1.0000 -2.6180 0.0000 1.0000))) (T l (M 1.0000 -1.5708 -0.8660 0.5000))) (T l (M 1.0000 -0.5236 -0.8660 -0.5000))) (M 1.000 0 0.000 0.000)) (T (C (C (C (C (C (T l (M 1.0000 0.5236 0.0000 -1.0000)) (T l (M 1.0000 1.5708 0.8660 -0.5000))) (T l (M 1.0000 2.6180 0.8660 0.5000))) (T l (M 1.0000 -2.6180 0.0000 1.0000))) (T l (M 1.0000 -1.5708 -0.8660 0.5000))) (T l (M 1.0000 -0.5236 -0.8660 -0.5000))) (M 1.400 0 0.400 0.400))) (T (C (C (C (C (C (T l (M 1.0000 0.5236 0.0000 -1.0000)) (T l (M 1.0000 1.5708 0.8660 -0.5000))) (T l (M 1.0000 2.6180 0.8660 0.5000))) (T l (M 1.0000 -2.6180 0.0000 1.0000))) (T l (M 1.0000 -1.5708 -0.8660 0.5000))) (T l (M 1.0000 -0.5236 -0.8660 -0.5000))) (M 1.960 0 0.960 0.960))) (T (C (C (C (C (C (T l (M 1.0000 0.5236 0.0000 -1.0000)) (T l (M 1.0000 1.5708 0.8660 -0.5000))) (T l (M 1.0000 2.6180 0.8660 0.5000))) (T l (M 1.0000 -2.6180 0.0000 1.0000))) (T l (M 1.0000 -1.5708 -0.8660 0.5000))) (T l (M 1.0000 -0.5236 -0.8660 -0.5000))) (M 2.744 0 1.744 1.744))) (T (C (C (C (C (C (T l (M 1.0000 0.5236 0.0000 -1.0000)) (T l (M 1.0000 1.5708 0.8660 -0.5000))) (T l (M 1.0000 2.6180 0.8660 0.5000))) (T l (M 1.0000 -2.6180 0.0000 1.0000))) (T l (M 1.0000 -1.5708 -0.8660 0.5000))) (T l (M 1.0000 -0.5236 -0.8660 -0.5000))) (M 3.842 0 2.842 2.842))) (M 0.723 0 0 0)),6,straight,scale_outward,5,balanced_data/dim_balanced/regular_polygons/dim2/var1/images/198.png
(T (C (C (C (C (C (T (C (C (C (C (C (T l (M 1.0000 0.5236 0.0000 -1.0000)) (T l (M 1.0000 1.5708 0.8660 -0.5000))) (T l (M 1.0000 2.6180 0.8660 0.5000))) (T l (M 1.0000 -2.6180 0.0000 1.0000))) (T l (M 1.0000 -1.5708 -0.8660 0.5000))) (T l (M 1.0000 -0.5236 -0.8660 -0.5000))) (M 1.000 0 0.000 0.000)) (T (C (C (C (C (C (T l (M 1.0000 0.5236 0.0000 -1.0000)) (T l (M 1.0000 1.5708 0.8660 -0.5000))) (T l (M 1.0000 2.6180 0.8660 0.5000))) (T l (M 1.0000 -2.6180 0.0000 1.0000))) (T l (M 1.0000 -1.5708 -0.8660 0.5000))) (T l (M 1.0000 -0.5236 -0.8660 -0.5000))) (M 1.400 0 0.400 0.400))) (T (C (C (C (C (C (T l (M 1.0000 0.5236 0.0000 -1.0000)) (T l (M 1.0000 1.5708 0.8660 -0.5000))) (T l (M 1.0000 2.6180 0.8660 0.5000))) (T l (M 1.0000 -2.6180 0.0000 1.0000))) (T l (M 1.0000 -1.5708 -0.8660 0.5000))) (T l (M 1.0000 -0.5236 -0.8660 -0.5000))) (M 1.960 0 0.960 0.960))) (T (C (C (C (C (C (T l (M 1.0000 0.5236 0.0000 -1.0000)) (T l (M 1.0000 1.5708 0.8660 -0.5000))) (T l (M 1.0000 2.6180 0.8660 0.5000))) (T l (M 1.0000 -2.6180 0.0000 1.0000))) (T l (M 1.0000 -1.5708 -0.8660 0.5000))) (T l (M 1.0000 -0.5236 -0.8660 -0.5000))) (M 2.744 0 1.744 1.744))) (T (C (C (C (C (C (T l (M 1.0000 0.5236 0.0000 -1.0000)) (T l (M 1.0000 1.5708 0.8660 -0.5000))) (T l (M 1.0000 2.6180 0.8660 0.5000))) (T l (M 1.0000 -2.6180 0.0000 1.0000))) (T l (M 1.0000 -1.5708 -0.8660 0.5000))) (T l (M 1.0000 -0.5236 -0.8660 -0.5000))) (M 3.842 0 2.842 2.842))) (T (C (C (C (C (C (T l (M 1.0000 0.5236 0.0000 -1.0000)) (T l (M 1.0000 1.5708 0.8660 -0.5000))) (T l (M 1.0000 2.6180 0.8660 0.5000))) (T l (M 1.0000 -2.6180 0.0000 1.0000))) (T l (M 1.0000 -1.5708 -0.8660 0.5000))) (T l (M 1.0000 -0.5236 -0.8660 -0.5000))) (M 5.378 0 4.378 4.378))) (M 0.535 0 0 0)),6,straight,scale_outward,6,balanced_data/dim_balanced/regular_polygons/dim2/var1/images/199.png
(T (C (C (T (C (C (C (C (C (T (a 0.25) (M 1.0000 0.5236 0.0000 -1.0000)) (T (a 0.25) (M 1.0000 1.5708 0.8660 -0.5000))) (T (a 0.25) (M 1.0000 2.6180 0.8660 0.5000))) (T (a 0.25) (M 1.0000 -2.6180 0.0000 1.0000))) (T (a 0.25) (M 1.0000 -1.5708 -0.8660 0.5000))) (T (a 0.25) (M 1.0000 -0.5236 -0.8660 -0.5000))) (M 1 0 1.800 0.000)) (T (C (C (C (C (C (T (a 0.25) (M 1.0000 0.5236 0.0000 -1.0000)) (T (a 0.25) (M 1.0000 1.5708 0.8660 -0.5000))) (T (a 0.25) (M 1.0000 2.6180 0.8660 0.5000))) (T (a 0.25) (M 1.0000 -2.6180 0.0000 1.0000))) (T (a 0.25) (M 1.0000 -1.5708 -0.8660 0.5000))) (T (a 0.25) (M 1.0000 -0.5236 -0.8660 -0.5000))) (M 1 0 -0.900 1.559))) (T (C (C (C (C (C (T (a 0.25) (M 1.0000 0.5236 0.0000 -1.0000)) (T (a 0.25) (M 1.0000 1.5708 0.8660 -0.5000))) (T (a 0.25) (M 1.0000 2.6180 0.8660 0.5000))) (T (a 0.25) (M 1.0000 -2.6180 0.0000 1.0000))) (T (a 0.25) (M 1.0000 -1.5708 -0.8660 0.5000))) (T (a 0.25) (M 1.0000 -0.5236 -0.8660 -0.5000))) (M 1 0 -0.900 -1.559))) (M 0.750 0 0 0)),6,convex,radial,3,balanced_data/dim_balanced/regular_polygons/dim2/var1/images/200.png
(T (C (C (C (T (C (C (C (C (C (T (a 0.25) (M 1.0000 0.5236 0.0000 -1.0000)) (T (a 0.25) (M 1.0000 1.5708 0.8660 -0.5000))) (T (a 0.25) (M 1.0000 2.6180 0.8660 0.5000))) (T (a 0.25) (M 1.0000 -2.6180 0.0000 1.0000))) (T (a 0.25) (M 1.0000 -1.5708 -0.8660 0.5000))) (T (a 0.25) (M 1.0000 -0.5236 -0.8660 -0.5000))) (M 1 0 1.800 0.000)) (T (C (C (C (C (C (T (a 0.25) (M 1.0000 0.5236 0.0000 -1.0000)) (T (a 0.25) (M 1.0000 1.5708 0.8660 -0.5000))) (T (a 0.25) (M 1.0000 2.6180 0.8660 0.5000))) (T (a 0.25) (M 1.0000 -2.6180 0.0000 1.0000))) (T (a 0.25) (M 1.0000 -1.5708 -0.8660 0.5000))) (T (a 0.25) (M 1.0000 -0.5236 -0.8660 -0.5000))) (M 1 0 0.000 1.800))) (T (C (C (C (C (C (T (a 0.25) (M 1.0000 0.5236 0.0000 -1.0000)) (T (a 0.25) (M 1.0000 1.5708 0.8660 -0.5000))) (T (a 0.25) (M 1.0000 2.6180 0.8660 0.5000))) (T (a 0.25) (M 1.0000 -2.6180 0.0000 1.0000))) (T (a 0.25) (M 1.0000 -1.5708 -0.8660 0.5000))) (T (a 0.25) (M 1.0000 -0.5236 -0.8660 -0.5000))) (M 1 0 -1.800 0.000))) (T (C (C (C (C (C (T (a 0.25) (M 1.0000 0.5236 0.0000 -1.0000)) (T (a 0.25) (M 1.0000 1.5708 0.8660 -0.5000))) (T (a 0.25) (M 1.0000 2.6180 0.8660 0.5000))) (T (a 0.25) (M 1.0000 -2.6180 0.0000 1.0000))) (T (a 0.25) (M 1.0000 -1.5708 -0.8660 0.5000))) (T (a 0.25) (M 1.0000 -0.5236 -0.8660 -0.5000))) (M 1 0 -0.000 -1.800))) (M 0.750 0 0 0)),6,convex,radial,4,balanced_data/dim_balanced/regular_polygons/dim2/var1/images/201.png
(T (C (C (C (C (T (C (C (C (C (C (T (a 0.25) (M 1.0000 0.5236 0.0000 -1.0000)) (T (a 0.25) (M 1.0000 1.5708 0.8660 -0.5000))) (T (a 0.25) (M 1.0000 2.6180 0.8660 0.5000))) (T (a 0.25) (M 1.0000 -2.6180 0.0000 1.0000))) (T (a 0.25) (M 1.0000 -1.5708 -0.8660 0.5000))) (T (a 0.25) (M 1.0000 -0.5236 -0.8660 -0.5000))) (M 1 0 1.800 0.000)) (T (C (C (C (C (C (T (a 0.25) (M 1.0000 0.5236 0.0000 -1.0000)) (T (a 0.25) (M 1.0000 1.5708 0.8660 -0.5000))) (T (a 0.25) (M 1.0000 2.6180 0.8660 0.5000))) (T (a 0.25) (M 1.0000 -2.6180 0.0000 1.0000))) (T (a 0.25) (M 1.0000 -1.5708 -0.8660 0.5000))) (T (a 0.25) (M 1.0000 -0.5236 -0.8660 -0.5000))) (M 1 0 0.556 1.712))) (T (C (C (C (C (C (T (a 0.25) (M 1.0000 0.5236 0.0000 -1.0000)) (T (a 0.25) (M 1.0000 1.5708 0.8660 -0.5000))) (T (a 0.25) (M 1.0000 2.6180 0.8660 0.5000))) (T (a 0.25) (M 1.0000 -2.6180 0.0000 1.0000))) (T (a 0.25) (M 1.0000 -1.5708 -0.8660 0.5000))) (T (a 0.25) (M 1.0000 -0.5236 -0.8660 -0.5000))) (M 1 0 -1.456 1.058))) (T (C (C (C (C (C (T (a 0.25) (M 1.0000 0.5236 0.0000 -1.0000)) (T (a 0.25) (M 1.0000 1.5708 0.8660 -0.5000))) (T (a 0.25) (M 1.0000 2.6180 0.8660 0.5000))) (T (a 0.25) (M 1.0000 -2.6180 0.0000 1.0000))) (T (a 0.25) (M 1.0000 -1.5708 -0.8660 0.5000))) (T (a 0.25) (M 1.0000 -0.5236 -0.8660 -0.5000))) (M 1 0 -1.456 -1.058))) (T (C (C (C (C (C (T (a 0.25) (M 1.0000 0.5236 0.0000 -1.0000)) (T (a 0.25) (M 1.0000 1.5708 0.8660 -0.5000))) (T (a 0.25) (M 1.0000 2.6180 0.8660 0.5000))) (T (a 0.25) (M 1.0000 -2.6180 0.0000 1.0000))) (T (a 0.25) (M 1.0000 -1.5708 -0.8660 0.5000))) (T (a 0.25) (M 1.0000 -0.5236 -0.8660 -0.5000))) (M 1 0 0.556 -1.712))) (M 0.750 0 0 0)),6,convex,radial,5,balanced_data/dim_balanced/regular_polygons/dim2/var1/images/202.png
(T (C (C (C (C (C (T (C (C (C (C (C (T (a 0.25) (M 1.0000 0.5236 0.0000 -1.0000)) (T (a 0.25) (M 1.0000 1.5708 0.8660 -0.5000))) (T (a 0.25) (M 1.0000 2.6180 0.8660 0.5000))) (T (a 0.25) (M 1.0000 -2.6180 0.0000 1.0000))) (T (a 0.25) (M 1.0000 -1.5708 -0.8660 0.5000))) (T (a 0.25) (M 1.0000 -0.5236 -0.8660 -0.5000))) (M 1 0 1.800 0.000)) (T (C (C (C (C (C (T (a 0.25) (M 1.0000 0.5236 0.0000 -1.0000)) (T (a 0.25) (M 1.0000 1.5708 0.8660 -0.5000))) (T (a 0.25) (M 1.0000 2.6180 0.8660 0.5000))) (T (a 0.25) (M 1.0000 -2.6180 0.0000 1.0000))) (T (a 0.25) (M 1.0000 -1.5708 -0.8660 0.5000))) (T (a 0.25) (M 1.0000 -0.5236 -0.8660 -0.5000))) (M 1 0 0.900 1.559))) (T (C (C (C (C (C (T (a 0.25) (M 1.0000 0.5236 0.0000 -1.0000)) (T (a 0.25) (M 1.0000 1.5708 0.8660 -0.5000))) (T (a 0.25) (M 1.0000 2.6180 0.8660 0.5000))) (T (a 0.25) (M 1.0000 -2.6180 0.0000 1.0000))) (T (a 0.25) (M 1.0000 -1.5708 -0.8660 0.5000))) (T (a 0.25) (M 1.0000 -0.5236 -0.8660 -0.5000))) (M 1 0 -0.900 1.559))) (T (C (C (C (C (C (T (a 0.25) (M 1.0000 0.5236 0.0000 -1.0000)) (T (a 0.25) (M 1.0000 1.5708 0.8660 -0.5000))) (T (a 0.25) (M 1.0000 2.6180 0.8660 0.5000))) (T (a 0.25) (M 1.0000 -2.6180 0.0000 1.0000))) (T (a 0.25) (M 1.0000 -1.5708 -0.8660 0.5000))) (T (a 0.25) (M 1.0000 -0.5236 -0.8660 -0.5000))) (M 1 0 -1.800 0.000))) (T (C (C (C (C (C (T (a 0.25) (M 1.0000 0.5236 0.0000 -1.0000)) (T (a 0.25) (M 1.0000 1.5708 0.8660 -0.5000))) (T (a 0.25) (M 1.0000 2.6180 0.8660 0.5000))) (T (a 0.25) (M 1.0000 -2.6180 0.0000 1.0000))) (T (a 0.25) (M 1.0000 -1.5708 -0.8660 0.5000))) (T (a 0.25) (M 1.0000 -0.5236 -0.8660 -0.5000))) (M 1 0 -0.900 -1.559))) (T (C (C (C (C (C (T (a 0.25) (M 1.0000 0.5236 0.0000 -1.0000)) (T (a 0.25) (M 1.0000 1.5708 0.8660 -0.5000))) (T (a 0.25) (M 1.0000 2.6180 0.8660 0.5000))) (T (a 0.25) (M 1.0000 -2.6180 0.0000 1.0000))) (T (a 0.25) (M 1.0000 -1.5708 -0.8660 0.5000))) (T (a 0.25) (M 1.0000 -0.5236 -0.8660 -0.5000))) (M 1 0 0.900 -1.559))) (M 0.750 0 0 0)),6,convex,radial,6,balanced_data/dim_balanced/regular_polygons/dim2/var1/images/203.png
(T (C (C (T (C (C (C (C (C (T (a 0.25) (M 1.0000 0.5236 0.0000 -1.0000)) (T (a 0.25) (M 1.0000 1.5708 0.8660 -0.5000))) (T (a 0.25) (M 1.0000 2.6180 0.8660 0.5000))) (T (a 0.25) (M 1.0000 -2.6180 0.0000 1.0000))) (T (a 0.25) (M 1.0000 -1.5708 -0.8660 0.5000))) (T (a 0.25) (M 1.0000 -0.5236 -0.8660 -0.5000))) (M 1 0 -2.540 0)) (T (C (C (C (C (C (T (a 0.25) (M 1.0000 0.5236 0.0000 -1.0000)) (T (a 0.25) (M 1.0000 1.5708 0.8660 -0.5000))) (T (a 0.25) (M 1.0000 2.6180 0.8660 0.5000))) (T (a 0.25) (M 1.0000 -2.6180 0.0000 1.0000))) (T (a 0.25) (M 1.0000 -1.5708 -0.8660 0.5000))) (T (a 0.25) (M 1.0000 -0.5236 -0.8660 -0.5000))) (M 1 0 0.000 0))) (T (C (C (C (C (C (T (a 0.25) (M 1.0000 0.5236 0.0000 -1.0000)) (T (a 0.25) (M 1.0000 1.5708 0.8660 -0.5000))) (T (a 0.25) (M 1.0000 2.6180 0.8660 0.5000))) (T (a 0.25) (M 1.0000 -2.6180 0.0000 1.0000))) (T (a 0.25) (M 1.0000 -1.5708 -0.8660 0.5000))) (T (a 0.25) (M 1.0000 -0.5236 -0.8660 -0.5000))) (M 1 0 2.540 0))) (M 0.750 0 0 0)),6,convex,line,3,balanced_data/dim_balanced/regular_polygons/dim2/var1/images/204.png
(T (C (C (C (T (C (C (C (C (C (T (a 0.25) (M 1.0000 0.5236 0.0000 -1.0000)) (T (a 0.25) (M 1.0000 1.5708 0.8660 -0.5000))) (T (a 0.25) (M 1.0000 2.6180 0.8660 0.5000))) (T (a 0.25) (M 1.0000 -2.6180 0.0000 1.0000))) (T (a 0.25) (M 1.0000 -1.5708 -0.8660 0.5000))) (T (a 0.25) (M 1.0000 -0.5236 -0.8660 -0.5000))) (M 1 0 -3.300 0)) (T (C (C (C (C (C (T (a 0.25) (M 1.0000 0.5236 0.0000 -1.0000)) (T (a 0.25) (M 1.0000 1.5708 0.8660 -0.5000))) (T (a 0.25) (M 1.0000 2.6180 0.8660 0.5000))) (T (a 0.25) (M 1.0000 -2.6180 0.0000 1.0000))) (T (a 0.25) (M 1.0000 -1.5708 -0.8660 0.5000))) (T (a 0.25) (M 1.0000 -0.5236 -0.8660 -0.5000))) (M 1 0 -1.100 0))) (T (C (C (C (C (C (T (a 0.25) (M 1.0000 0.5236 0.0000 -1.0000)) (T (a 0.25) (M 1.0000 1.5708 0.8660 -0.5000))) (T (a 0.25) (M 1.0000 2.6180 0.8660 0.5000))) (T (a 0.25) (M 1.0000 -2.6180 0.0000 1.0000))) (T (a 0.25) (M 1.0000 -1.5708 -0.8660 0.5000))) (T (a 0.25) (M 1.0000 -0.5236 -0.8660 -0.5000))) (M 1 0 1.100 0))) (T (C (C (C (C (C (T (a 0.25) (M 1.0000 0.5236 0.0000 -1.0000)) (T (a 0.25) (M 1.0000 1.5708 0.8660 -0.5000))) (T (a 0.25) (M 1.0000 2.6180 0.8660 0.5000))) (T (a 0.25) (M 1.0000 -2.6180 0.0000 1.0000))) (T (a 0.25) (M 1.0000 -1.5708 -0.8660 0.5000))) (T (a 0.25) (M 1.0000 -0.5236 -0.8660 -0.5000))) (M 1 0 3.300 0))) (M 0.750 0 0 0)),6,convex,line,4,balanced_data/dim_balanced/regular_polygons/dim2/var1/images/205.png
(T (C (C (C (C (T (C (C (C (C (C (T (a 0.25) (M 1.0000 0.5236 0.0000 -1.0000)) (T (a 0.25) (M 1.0000 1.5708 0.8660 -0.5000))) (T (a 0.25) (M 1.0000 2.6180 0.8660 0.5000))) (T (a 0.25) (M 1.0000 -2.6180 0.0000 1.0000))) (T (a 0.25) (M 1.0000 -1.5708 -0.8660 0.5000))) (T (a 0.25) (M 1.0000 -0.5236 -0.8660 -0.5000))) (M 1 0 -3.935 0)) (T (C (C (C (C (C (T (a 0.25) (M 1.0000 0.5236 0.0000 -1.0000)) (T (a 0.25) (M 1.0000 1.5708 0.8660 -0.5000))) (T (a 0.25) (M 1.0000 2.6180 0.8660 0.5000))) (T (a 0.25) (M 1.0000 -2.6180 0.0000 1.0000))) (T (a 0.25) (M 1.0000 -1.5708 -0.8660 0.5000))) (T (a 0.25) (M 1.0000 -0.5236 -0.8660 -0.5000))) (M 1 0 -1.968 0))) (T (C (C (C (C (C (T (a 0.25) (M 1.0000 0.5236 0.0000 -1.0000)) (T (a 0.25) (M 1.0000 1.5708 0.8660 -0.5000))) (T (a 0.25) (M 1.0000 2.6180 0.8660 0.5000))) (T (a 0.25) (M 1.0000 -2.6180 0.0000 1.0000))) (T (a 0.25) (M 1.0000 -1.5708 -0.8660 0.5000))) (T (a 0.25) (M 1.0000 -0.5236 -0.8660 -0.5000))) (M 1 0 0.000 0))) (T (C (C (C (C (C (T (a 0.25) (M 1.0000 0.5236 0.0000 -1.0000)) (T (a 0.25) (M 1.0000 1.5708 0.8660 -0.5000))) (T (a 0.25) (M 1.0000 2.6180 0.8660 0.5000))) (T (a 0.25) (M 1.0000 -2.6180 0.0000 1.0000))) (T (a 0.25) (M 1.0000 -1.5708 -0.8660 0.5000))) (T (a 0.25) (M 1.0000 -0.5236 -0.8660 -0.5000))) (M 1 0 1.968 0))) (T (C (C (C (C (C (T (a 0.25) (M 1.0000 0.5236 0.0000 -1.0000)) (T (a 0.25) (M 1.0000 1.5708 0.8660 -0.5000))) (T (a 0.25) (M 1.0000 2.6180 0.8660 0.5000))) (T (a 0.25) (M 1.0000 -2.6180 0.0000 1.0000))) (T (a 0.25) (M 1.0000 -1.5708 -0.8660 0.5000))) (T (a 0.25) (M 1.0000 -0.5236 -0.8660 -0.5000))) (M 1 0 3.935 0))) (M 0.731 0 0 0)),6,convex,line,5,balanced_data/dim_balanced/regular_polygons/dim2/var1/images/206.png
(T (C (C (C (C (C (T (C (C (C (C (C (T (a 0.25) (M 1.0000 0.5236 0.0000 -1.0000)) (T (a 0.25) (M 1.0000 1.5708 0.8660 -0.5000))) (T (a 0.25) (M 1.0000 2.6180 0.8660 0.5000))) (T (a 0.25) (M 1.0000 -2.6180 0.0000 1.0000))) (T (a 0.25) (M 1.0000 -1.5708 -0.8660 0.5000))) (T (a 0.25) (M 1.0000 -0.5236 -0.8660 -0.5000))) (M 1 0 -4.491 0)) (T (C (C (C (C (C (T (a 0.25) (M 1.0000 0.5236 0.0000 -1.0000)) (T (a 0.25) (M 1.0000 1.5708 0.8660 -0.5000))) (T (a 0.25) (M 1.0000 2.6180 0.8660 0.5000))) (T (a 0.25) (M 1.0000 -2.6180 0.0000 1.0000))) (T (a 0.25) (M 1.0000 -1.5708 -0.8660 0.5000))) (T (a 0.25) (M 1.0000 -0.5236 -0.8660 -0.5000))) (M 1 0 -2.694 0))) (T (C (C (C (C (C (T (a 0.25) (M 1.0000 0.5236 0.0000 -1.0000)) (T (a 0.25) (M 1.0000 1.5708 0.8660 -0.5000))) (T (a 0.25) (M 1.0000 2.6180 0.8660 0.5000))) (T (a 0.25) (M 1.0000 -2.6180 0.0000 1.0000))) (T (a 0.25) (M 1.0000 -1.5708 -0.8660 0.5000))) (T (a 0.25) (M 1.0000 -0.5236 -0.8660 -0.5000))) (M 1 0 -0.898 0))) (T (C (C (C (C (C (T (a 0.25) (M 1.0000 0.5236 0.0000 -1.0000)) (T (a 0.25) (M 1.0000 1.5708 0.8660 -0.5000))) (T (a 0.25) (M 1.0000 2.6180 0.8660 0.5000))) (T (a 0.25) (M 1.0000 -2.6180 0.0000 1.0000))) (T (a 0.25) (M 1.0000 -1.5708 -0.8660 0.5000))) (T (a 0.25) (M 1.0000 -0.5236 -0.8660 -0.5000))) (M 1 0 0.898 0))) (T (C (C (C (C (C (T (a 0.25) (M 1.0000 0.5236 0.0000 -1.0000)) (T (a 0.25) (M 1.0000 1.5708 0.8660 -0.5000))) (T (a 0.25) (M 1.0000 2.6180 0.8660 0.5000))) (T (a 0.25) (M 1.0000 -2.6180 0.0000 1.0000))) (T (a 0.25) (M 1.0000 -1.5708 -0.8660 0.5000))) (T (a 0.25) (M 1.0000 -0.5236 -0.8660 -0.5000))) (M 1 0 2.694 0))) (T (C (C (C (C (C (T (a 0.25) (M 1.0000 0.5236 0.0000 -1.0000)) (T (a 0.25) (M 1.0000 1.5708 0.8660 -0.5000))) (T (a 0.25) (M 1.0000 2.6180 0.8660 0.5000))) (T (a 0.25) (M 1.0000 -2.6180 0.0000 1.0000))) (T (a 0.25) (M 1.0000 -1.5708 -0.8660 0.5000))) (T (a 0.25) (M 1.0000 -0.5236 -0.8660 -0.5000))) (M 1 0 4.491 0))) (M 0.677 0 0 0)),6,convex,line,6,balanced_data/dim_balanced/regular_polygons/dim2/var1/images/207.png
(T (repeat (C (C (C (C (C (T (a 0.25) (M 1.0000 0.5236 0.0000 -1.0000)) (T (a 0.25) (M 1.0000 1.5708 0.8660 -0.5000))) (T (a 0.25) (M 1.0000 2.6180 0.8660 0.5000))) (T (a 0.25) (M 1.0000 -2.6180 0.0000 1.0000))) (T (a 0.25) (M 1.0000 -1.5708 -0.8660 0.5000))) (T (a 0.25) (M 1.0000 -0.5236 -0.8660 -0.5000))) 3 0 0 0.900 2.29440) (M 0.750 0 0 0)),6,convex,spiral,3,balanced_data/dim_balanced/regular_polygons/dim2/var1/images/208.png
(T (repeat (C (C (C (C (C (T (a 0.25) (M 1.0000 0.5236 0.0000 -1.0000)) (T (a 0.25) (M 1.0000 1.5708 0.8660 -0.5000))) (T (a 0.25) (M 1.0000 2.6180 0.8660 0.5000))) (T (a 0.25) (M 1.0000 -2.6180 0.0000 1.0000))) (T (a 0.25) (M 1.0000 -1.5708 -0.8660 0.5000))) (T (a 0.25) (M 1.0000 -0.5236 -0.8660 -0.5000))) 4 0 0 0.900 1.77080) (M 0.750 0 0 0)),6,convex,spiral,4,balanced_data/dim_balanced/regular_polygons/dim2/var1/images/209.png
(T (repeat (C (C (C (C (C (T (a 0.25) (M 1.0000 0.5236 0.0000 -1.0000)) (T (a 0.25) (M 1.0000 1.5708 0.8660 -0.5000))) (T (a 0.25) (M 1.0000 2.6180 0.8660 0.5000))) (T (a 0.25) (M 1.0000 -2.6180 0.0000 1.0000))) (T (a 0.25) (M 1.0000 -1.5708 -0.8660 0.5000))) (T (a 0.25) (M 1.0000 -0.5236 -0.8660 -0.5000))) 5 0 0 0.900 1.45664) (M 0.750 0 0 0)),6,convex,spiral,5,balanced_data/dim_balanced/regular_polygons/dim2/var1/images/210.png
(T (repeat (C (C (C (C (C (T (a 0.25) (M 1.0000 0.5236 0.0000 -1.0000)) (T (a 0.25) (M 1.0000 1.5708 0.8660 -0.5000))) (T (a 0.25) (M 1.0000 2.6180 0.8660 0.5000))) (T (a 0.25) (M 1.0000 -2.6180 0.0000 1.0000))) (T (a 0.25) (M 1.0000 -1.5708 -0.8660 0.5000))) (T (a 0.25) (M 1.0000 -0.5236 -0.8660 -0.5000))) 6 0 0 0.900 1.24720) (M 0.750 0 0 0)),6,convex,spiral,6,balanced_data/dim_balanced/regular_polygons/dim2/var1/images/211.png
(T (C (C (T (C (C (C (C (C (T (a 0.25) (M 1.0000 0.5236 0.0000 -1.0000)) (T (a 0.25) (M 1.0000 1.5708 0.8660 -0.5000))) (T (a 0.25) (M 1.0000 2.6180 0.8660 0.5000))) (T (a 0.25) (M 1.0000 -2.6180 0.0000 1.0000))) (T (a 0.25) (M 1.0000 -1.5708 -0.8660 0.5000))) (T (a 0.25) (M 1.0000 -0.5236 -0.8660 -0.5000))) (M 1.00 0 0 0)) (T (C (C (C (C (C (T (a 0.25) (M 1.0000 0.5236 0.0000 -1.0000)) (T (a 0.25) (M 1.0000 1.5708 0.8660 -0.5000))) (T (a 0.25) (M 1.0000 2.6180 0.8660 0.5000))) (T (a 0.25) (M 1.0000 -2.6180 0.0000 1.0000))) (T (a 0.25) (M 1.0000 -1.5708 -0.8660 0.5000))) (T (a 0.25) (M 1.0000 -0.5236 -0.8660 -0.5000))) (M 1.40 0 0 0))) (T (C (C (C (C (C (T (a 0.25) (M 1.0000 0.5236 0.0000 -1.0000)) (T (a 0.25) (M 1.0000 1.5708 0.8660 -0.5000))) (T (a 0.25) (M 1.0000 2.6180 0.8660 0.5000))) (T (a 0.25) (M 1.0000 -2.6180 0.0000 1.0000))) (T (a 0.25) (M 1.0000 -1.5708 -0.8660 0.5000))) (T (a 0.25) (M 1.0000 -0.5236 -0.8660 -0.5000))) (M 1.80 0 0 0))) (M 0.750 0 0 0)),6,convex,scale_origin,3,balanced_data/dim_balanced/regular_polygons/dim2/var1/images/212.png
(T (C (C (C (T (C (C (C (C (C (T (a 0.25) (M 1.0000 0.5236 0.0000 -1.0000)) (T (a 0.25) (M 1.0000 1.5708 0.8660 -0.5000))) (T (a 0.25) (M 1.0000 2.6180 0.8660 0.5000))) (T (a 0.25) (M 1.0000 -2.6180 0.0000 1.0000))) (T (a 0.25) (M 1.0000 -1.5708 -0.8660 0.5000))) (T (a 0.25) (M 1.0000 -0.5236 -0.8660 -0.5000))) (M 1.00 0 0 0)) (T (C (C (C (C (C (T (a 0.25) (M 1.0000 0.5236 0.0000 -1.0000)) (T (a 0.25) (M 1.0000 1.5708 0.8660 -0.5000))) (T (a 0.25) (M 1.0000 2.6180 0.8660 0.5000))) (T (a 0.25) (M 1.0000 -2.6180 0.0000 1.0000))) (T (a 0.25) (M 1.0000 -1.5708 -0.8660 0.5000))) (T (a 0.25) (M 1.0000 -0.5236 -0.8660 -0.5000))) (M 1.40 0 0 0))) (T (C (C (C (C (C (T (a 0.25) (M 1.0000 0.5236 0.0000 -1.0000)) (T (a 0.25) (M 1.0000 1.5708 0.8660 -0.5000))) (T (a 0.25) (M 1.0000 2.6180 0.8660 0.5000))) (T (a 0.25) (M 1.0000 -2.6180 0.0000 1.0000))) (T (a 0.25) (M 1.0000 -1.5708 -0.8660 0.5000))) (T (a 0.25) (M 1.0000 -0.5236 -0.8660 -0.5000))) (M 1.80 0 0 0))) (T (C (C (C (C (C (T (a 0.25) (M 1.0000 0.5236 0.0000 -1.0000)) (T (a 0.25) (M 1.0000 1.5708 0.8660 -0.5000))) (T (a 0.25) (M 1.0000 2.6180 0.8660 0.5000))) (T (a 0.25) (M 1.0000 -2.6180 0.0000 1.0000))) (T (a 0.25) (M 1.0000 -1.5708 -0.8660 0.5000))) (T (a 0.25) (M 1.0000 -0.5236 -0.8660 -0.5000))) (M 2.20 0 0 0))) (M 0.750 0 0 0)),6,convex,scale_origin,4,balanced_data/dim_balanced/regular_polygons/dim2/var1/images/213.png
(T (C (C (C (C (T (C (C (C (C (C (T (a 0.25) (M 1.0000 0.5236 0.0000 -1.0000)) (T (a 0.25) (M 1.0000 1.5708 0.8660 -0.5000))) (T (a 0.25) (M 1.0000 2.6180 0.8660 0.5000))) (T (a 0.25) (M 1.0000 -2.6180 0.0000 1.0000))) (T (a 0.25) (M 1.0000 -1.5708 -0.8660 0.5000))) (T (a 0.25) (M 1.0000 -0.5236 -0.8660 -0.5000))) (M 1.00 0 0 0)) (T (C (C (C (C (C (T (a 0.25) (M 1.0000 0.5236 0.0000 -1.0000)) (T (a 0.25) (M 1.0000 1.5708 0.8660 -0.5000))) (T (a 0.25) (M 1.0000 2.6180 0.8660 0.5000))) (T (a 0.25) (M 1.0000 -2.6180 0.0000 1.0000))) (T (a 0.25) (M 1.0000 -1.5708 -0.8660 0.5000))) (T (a 0.25) (M 1.0000 -0.5236 -0.8660 -0.5000))) (M 1.40 0 0 0))) (T (C (C (C (C (C (T (a 0.25) (M 1.0000 0.5236 0.0000 -1.0000)) (T (a 0.25) (M 1.0000 1.5708 0.8660 -0.5000))) (T (a 0.25) (M 1.0000 2.6180 0.8660 0.5000))) (T (a 0.25) (M 1.0000 -2.6180 0.0000 1.0000))) (T (a 0.25) (M 1.0000 -1.5708 -0.8660 0.5000))) (T (a 0.25) (M 1.0000 -0.5236 -0.8660 -0.5000))) (M 1.80 0 0 0))) (T (C (C (C (C (C (T (a 0.25) (M 1.0000 0.5236 0.0000 -1.0000)) (T (a 0.25) (M 1.0000 1.5708 0.8660 -0.5000))) (T (a 0.25) (M 1.0000 2.6180 0.8660 0.5000))) (T (a 0.25) (M 1.0000 -2.6180 0.0000 1.0000))) (T (a 0.25) (M 1.0000 -1.5708 -0.8660 0.5000))) (T (a 0.25) (M 1.0000 -0.5236 -0.8660 -0.5000))) (M 2.20 0 0 0))) (T (C (C (C (C (C (T (a 0.25) (M 1.0000 0.5236 0.0000 -1.0000)) (T (a 0.25) (M 1.0000 1.5708 0.8660 -0.5000))) (T (a 0.25) (M 1.0000 2.6180 0.8660 0.5000))) (T (a 0.25) (M 1.0000 -2.6180 0.0000 1.0000))) (T (a 0.25) (M 1.0000 -1.5708 -0.8660 0.5000))) (T (a 0.25) (M 1.0000 -0.5236 -0.8660 -0.5000))) (M 2.60 0 0 0))) (M 0.750 0 0 0)),6,convex,scale_origin,5,balanced_data/dim_balanced/regular_polygons/dim2/var1/images/214.png
(T (C (C (C (C (C (T (C (C (C (C (C (T (a 0.25) (M 1.0000 0.5236 0.0000 -1.0000)) (T (a 0.25) (M 1.0000 1.5708 0.8660 -0.5000))) (T (a 0.25) (M 1.0000 2.6180 0.8660 0.5000))) (T (a 0.25) (M 1.0000 -2.6180 0.0000 1.0000))) (T (a 0.25) (M 1.0000 -1.5708 -0.8660 0.5000))) (T (a 0.25) (M 1.0000 -0.5236 -0.8660 -0.5000))) (M 1.00 0 0 0)) (T (C (C (C (C (C (T (a 0.25) (M 1.0000 0.5236 0.0000 -1.0000)) (T (a 0.25) (M 1.0000 1.5708 0.8660 -0.5000))) (T (a 0.25) (M 1.0000 2.6180 0.8660 0.5000))) (T (a 0.25) (M 1.0000 -2.6180 0.0000 1.0000))) (T (a 0.25) (M 1.0000 -1.5708 -0.8660 0.5000))) (T (a 0.25) (M 1.0000 -0.5236 -0.8660 -0.5000))) (M 1.40 0 0 0))) (T (C (C (C (C (C (T (a 0.25) (M 1.0000 0.5236 0.0000 -1.0000)) (T (a 0.25) (M 1.0000 1.5708 0.8660 -0.5000))) (T (a 0.25) (M 1.0000 2.6180 0.8660 0.5000))) (T (a 0.25) (M 1.0000 -2.6180 0.0000 1.0000))) (T (a 0.25) (M 1.0000 -1.5708 -0.8660 0.5000))) (T (a 0.25) (M 1.0000 -0.5236 -0.8660 -0.5000))) (M 1.80 0 0 0))) (T (C (C (C (C (C (T (a 0.25) (M 1.0000 0.5236 0.0000 -1.0000)) (T (a 0.25) (M 1.0000 1.5708 0.8660 -0.5000))) (T (a 0.25) (M 1.0000 2.6180 0.8660 0.5000))) (T (a 0.25) (M 1.0000 -2.6180 0.0000 1.0000))) (T (a 0.25) (M 1.0000 -1.5708 -0.8660 0.5000))) (T (a 0.25) (M 1.0000 -0.5236 -0.8660 -0.5000))) (M 2.20 0 0 0))) (T (C (C (C (C (C (T (a 0.25) (M 1.0000 0.5236 0.0000 -1.0000)) (T (a 0.25) (M 1.0000 1.5708 0.8660 -0.5000))) (T (a 0.25) (M 1.0000 2.6180 0.8660 0.5000))) (T (a 0.25) (M 1.0000 -2.6180 0.0000 1.0000))) (T (a 0.25) (M 1.0000 -1.5708 -0.8660 0.5000))) (T (a 0.25) (M 1.0000 -0.5236 -0.8660 -0.5000))) (M 2.60 0 0 0))) (T (C (C (C (C (C (T (a 0.25) (M 1.0000 0.5236 0.0000 -1.0000)) (T (a 0.25) (M 1.0000 1.5708 0.8660 -0.5000))) (T (a 0.25) (M 1.0000 2.6180 0.8660 0.5000))) (T (a 0.25) (M 1.0000 -2.6180 0.0000 1.0000))) (T (a 0.25) (M 1.0000 -1.5708 -0.8660 0.5000))) (T (a 0.25) (M 1.0000 -0.5236 -0.8660 -0.5000))) (M 3.00 0 0 0))) (M 0.750 0 0 0)),6,convex,scale_origin,6,balanced_data/dim_balanced/regular_polygons/dim2/var1/images/215.png
(T (C (C (T (C (C (C (C (C (T (a 0.25) (M 1.0000 0.5236 0.0000 -1.0000)) (T (a 0.25) (M 1.0000 1.5708 0.8660 -0.5000))) (T (a 0.25) (M 1.0000 2.6180 0.8660 0.5000))) (T (a 0.25) (M 1.0000 -2.6180 0.0000 1.0000))) (T (a 0.25) (M 1.0000 -1.5708 -0.8660 0.5000))) (T (a 0.25) (M 1.0000 -0.5236 -0.8660 -0.5000))) (M 1.000 0 0.000 0.000)) (T (C (C (C (C (C (T (a 0.25) (M 1.0000 0.5236 0.0000 -1.0000)) (T (a 0.25) (M 1.0000 1.5708 0.8660 -0.5000))) (T (a 0.25) (M 1.0000 2.6180 0.8660 0.5000))) (T (a 0.25) (M 1.0000 -2.6180 0.0000 1.0000))) (T (a 0.25) (M 1.0000 -1.5708 -0.8660 0.5000))) (T (a 0.25) (M 1.0000 -0.5236 -0.8660 -0.5000))) (M 1.400 0 0.400 0.400))) (T (C (C (C (C (C (T (a 0.25) (M 1.0000 0.5236 0.0000 -1.0000)) (T (a 0.25) (M 1.0000 1.5708 0.8660 -0.5000))) (T (a 0.25) (M 1.0000 2.6180 0.8660 0.5000))) (T (a 0.25) (M 1.0000 -2.6180 0.0000 1.0000))) (T (a 0.25) (M 1.0000 -1.5708 -0.8660 0.5000))) (T (a 0.25) (M 1.0000 -0.5236 -0.8660 -0.5000))) (M 1.960 0 0.960 0.960))) (M 0.750 0 0 0)),6,convex,scale_outward,3,balanced_data/dim_balanced/regular_polygons/dim2/var1/images/216.png
(T (C (C (C (T (C (C (C (C (C (T (a 0.25) (M 1.0000 0.5236 0.0000 -1.0000)) (T (a 0.25) (M 1.0000 1.5708 0.8660 -0.5000))) (T (a 0.25) (M 1.0000 2.6180 0.8660 0.5000))) (T (a 0.25) (M 1.0000 -2.6180 0.0000 1.0000))) (T (a 0.25) (M 1.0000 -1.5708 -0.8660 0.5000))) (T (a 0.25) (M 1.0000 -0.5236 -0.8660 -0.5000))) (M 1.000 0 0.000 0.000)) (T (C (C (C (C (C (T (a 0.25) (M 1.0000 0.5236 0.0000 -1.0000)) (T (a 0.25) (M 1.0000 1.5708 0.8660 -0.5000))) (T (a 0.25) (M 1.0000 2.6180 0.8660 0.5000))) (T (a 0.25) (M 1.0000 -2.6180 0.0000 1.0000))) (T (a 0.25) (M 1.0000 -1.5708 -0.8660 0.5000))) (T (a 0.25) (M 1.0000 -0.5236 -0.8660 -0.5000))) (M 1.400 0 0.400 0.400))) (T (C (C (C (C (C (T (a 0.25) (M 1.0000 0.5236 0.0000 -1.0000)) (T (a 0.25) (M 1.0000 1.5708 0.8660 -0.5000))) (T (a 0.25) (M 1.0000 2.6180 0.8660 0.5000))) (T (a 0.25) (M 1.0000 -2.6180 0.0000 1.0000))) (T (a 0.25) (M 1.0000 -1.5708 -0.8660 0.5000))) (T (a 0.25) (M 1.0000 -0.5236 -0.8660 -0.5000))) (M 1.960 0 0.960 0.960))) (T (C (C (C (C (C (T (a 0.25) (M 1.0000 0.5236 0.0000 -1.0000)) (T (a 0.25) (M 1.0000 1.5708 0.8660 -0.5000))) (T (a 0.25) (M 1.0000 2.6180 0.8660 0.5000))) (T (a 0.25) (M 1.0000 -2.6180 0.0000 1.0000))) (T (a 0.25) (M 1.0000 -1.5708 -0.8660 0.5000))) (T (a 0.25) (M 1.0000 -0.5236 -0.8660 -0.5000))) (M 2.744 0 1.744 1.744))) (M 0.750 0 0 0)),6,convex,scale_outward,4,balanced_data/dim_balanced/regular_polygons/dim2/var1/images/217.png
(T (C (C (C (C (T (C (C (C (C (C (T (a 0.25) (M 1.0000 0.5236 0.0000 -1.0000)) (T (a 0.25) (M 1.0000 1.5708 0.8660 -0.5000))) (T (a 0.25) (M 1.0000 2.6180 0.8660 0.5000))) (T (a 0.25) (M 1.0000 -2.6180 0.0000 1.0000))) (T (a 0.25) (M 1.0000 -1.5708 -0.8660 0.5000))) (T (a 0.25) (M 1.0000 -0.5236 -0.8660 -0.5000))) (M 1.000 0 0.000 0.000)) (T (C (C (C (C (C (T (a 0.25) (M 1.0000 0.5236 0.0000 -1.0000)) (T (a 0.25) (M 1.0000 1.5708 0.8660 -0.5000))) (T (a 0.25) (M 1.0000 2.6180 0.8660 0.5000))) (T (a 0.25) (M 1.0000 -2.6180 0.0000 1.0000))) (T (a 0.25) (M 1.0000 -1.5708 -0.8660 0.5000))) (T (a 0.25) (M 1.0000 -0.5236 -0.8660 -0.5000))) (M 1.400 0 0.400 0.400))) (T (C (C (C (C (C (T (a 0.25) (M 1.0000 0.5236 0.0000 -1.0000)) (T (a 0.25) (M 1.0000 1.5708 0.8660 -0.5000))) (T (a 0.25) (M 1.0000 2.6180 0.8660 0.5000))) (T (a 0.25) (M 1.0000 -2.6180 0.0000 1.0000))) (T (a 0.25) (M 1.0000 -1.5708 -0.8660 0.5000))) (T (a 0.25) (M 1.0000 -0.5236 -0.8660 -0.5000))) (M 1.960 0 0.960 0.960))) (T (C (C (C (C (C (T (a 0.25) (M 1.0000 0.5236 0.0000 -1.0000)) (T (a 0.25) (M 1.0000 1.5708 0.8660 -0.5000))) (T (a 0.25) (M 1.0000 2.6180 0.8660 0.5000))) (T (a 0.25) (M 1.0000 -2.6180 0.0000 1.0000))) (T (a 0.25) (M 1.0000 -1.5708 -0.8660 0.5000))) (T (a 0.25) (M 1.0000 -0.5236 -0.8660 -0.5000))) (M 2.744 0 1.744 1.744))) (T (C (C (C (C (C (T (a 0.25) (M 1.0000 0.5236 0.0000 -1.0000)) (T (a 0.25) (M 1.0000 1.5708 0.8660 -0.5000))) (T (a 0.25) (M 1.0000 2.6180 0.8660 0.5000))) (T (a 0.25) (M 1.0000 -2.6180 0.0000 1.0000))) (T (a 0.25) (M 1.0000 -1.5708 -0.8660 0.5000))) (T (a 0.25) (M 1.0000 -0.5236 -0.8660 -0.5000))) (M 3.842 0 2.842 2.842))) (M 0.639 0 0 0)),6,convex,scale_outward,5,balanced_data/dim_balanced/regular_polygons/dim2/var1/images/218.png
(T (C (C (C (C (C (T (C (C (C (C (C (T (a 0.25) (M 1.0000 0.5236 0.0000 -1.0000)) (T (a 0.25) (M 1.0000 1.5708 0.8660 -0.5000))) (T (a 0.25) (M 1.0000 2.6180 0.8660 0.5000))) (T (a 0.25) (M 1.0000 -2.6180 0.0000 1.0000))) (T (a 0.25) (M 1.0000 -1.5708 -0.8660 0.5000))) (T (a 0.25) (M 1.0000 -0.5236 -0.8660 -0.5000))) (M 1.000 0 0.000 0.000)) (T (C (C (C (C (C (T (a 0.25) (M 1.0000 0.5236 0.0000 -1.0000)) (T (a 0.25) (M 1.0000 1.5708 0.8660 -0.5000))) (T (a 0.25) (M 1.0000 2.6180 0.8660 0.5000))) (T (a 0.25) (M 1.0000 -2.6180 0.0000 1.0000))) (T (a 0.25) (M 1.0000 -1.5708 -0.8660 0.5000))) (T (a 0.25) (M 1.0000 -0.5236 -0.8660 -0.5000))) (M 1.400 0 0.400 0.400))) (T (C (C (C (C (C (T (a 0.25) (M 1.0000 0.5236 0.0000 -1.0000)) (T (a 0.25) (M 1.0000 1.5708 0.8660 -0.5000))) (T (a 0.25) (M 1.0000 2.6180 0.8660 0.5000))) (T (a 0.25) (M 1.0000 -2.6180 0.0000 1.0000))) (T (a 0.25) (M 1.0000 -1.5708 -0.8660 0.5000))) (T (a 0.25) (M 1.0000 -0.5236 -0.8660 -0.5000))) (M 1.960 0 0.960 0.960))) (T (C (C (C (C (C (T (a 0.25) (M 1.0000 0.5236 0.0000 -1.0000)) (T (a 0.25) (M 1.0000 1.5708 0.8660 -0.5000))) (T (a 0.25) (M 1.0000 2.6180 0.8660 0.5000))) (T (a 0.25) (M 1.0000 -2.6180 0.0000 1.0000))) (T (a 0.25) (M 1.0000 -1.5708 -0.8660 0.5000))) (T (a 0.25) (M 1.0000 -0.5236 -0.8660 -0.5000))) (M 2.744 0 1.744 1.744))) (T (C (C (C (C (C (T (a 0.25) (M 1.0000 0.5236 0.0000 -1.0000)) (T (a 0.25) (M 1.0000 1.5708 0.8660 -0.5000))) (T (a 0.25) (M 1.0000 2.6180 0.8660 0.5000))) (T (a 0.25) (M 1.0000 -2.6180 0.0000 1.0000))) (T (a 0.25) (M 1.0000 -1.5708 -0.8660 0.5000))) (T (a 0.25) (M 1.0000 -0.5236 -0.8660 -0.5000))) (M 3.842 0 2.842 2.842))) (T (C (C (C (C (C (T (a 0.25) (M 1.0000 0.5236 0.0000 -1.0000)) (T (a 0.25) (M 1.0000 1.5708 0.8660 -0.5000))) (T (a 0.25) (M 1.0000 2.6180 0.8660 0.5000))) (T (a 0.25) (M 1.0000 -2.6180 0.0000 1.0000))) (T (a 0.25) (M 1.0000 -1.5708 -0.8660 0.5000))) (T (a 0.25) (M 1.0000 -0.5236 -0.8660 -0.5000))) (M 5.378 0 4.378 4.378))) (M 0.471 0 0 0)),6,convex,scale_outward,6,balanced_data/dim_balanced/regular_polygons/dim2/var1/images/219.png
(T (C (C (T (C (C (C (C (C (T (a -0.25) (M 1.0000 0.5236 0.0000 -1.0000)) (T (a -0.25) (M 1.0000 1.5708 0.8660 -0.5000))) (T (a -0.25) (M 1.0000 2.6180 0.8660 0.5000))) (T (a -0.25) (M 1.0000 -2.6180 0.0000 1.0000))) (T (a -0.25) (M 1.0000 -1.5708 -0.8660 0.5000))) (T (a -0.25) (M 1.0000 -0.5236 -0.8660 -0.5000))) (M 1 0 1.800 0.000)) (T (C (C (C (C (C (T (a -0.25) (M 1.0000 0.5236 0.0000 -1.0000)) (T (a -0.25) (M 1.0000 1.5708 0.8660 -0.5000))) (T (a -0.25) (M 1.0000 2.6180 0.8660 0.5000))) (T (a -0.25) (M 1.0000 -2.6180 0.0000 1.0000))) (T (a -0.25) (M 1.0000 -1.5708 -0.8660 0.5000))) (T (a -0.25) (M 1.0000 -0.5236 -0.8660 -0.5000))) (M 1 0 -0.900 1.559))) (T (C (C (C (C (C (T (a -0.25) (M 1.0000 0.5236 0.0000 -1.0000)) (T (a -0.25) (M 1.0000 1.5708 0.8660 -0.5000))) (T (a -0.25) (M 1.0000 2.6180 0.8660 0.5000))) (T (a -0.25) (M 1.0000 -2.6180 0.0000 1.0000))) (T (a -0.25) (M 1.0000 -1.5708 -0.8660 0.5000))) (T (a -0.25) (M 1.0000 -0.5236 -0.8660 -0.5000))) (M 1 0 -0.900 -1.559))) (M 0.750 0 0 0)),6,concave,radial,3,balanced_data/dim_balanced/regular_polygons/dim2/var1/images/220.png
(T (C (C (C (T (C (C (C (C (C (T (a -0.25) (M 1.0000 0.5236 0.0000 -1.0000)) (T (a -0.25) (M 1.0000 1.5708 0.8660 -0.5000))) (T (a -0.25) (M 1.0000 2.6180 0.8660 0.5000))) (T (a -0.25) (M 1.0000 -2.6180 0.0000 1.0000))) (T (a -0.25) (M 1.0000 -1.5708 -0.8660 0.5000))) (T (a -0.25) (M 1.0000 -0.5236 -0.8660 -0.5000))) (M 1 0 1.800 0.000)) (T (C (C (C (C (C (T (a -0.25) (M 1.0000 0.5236 0.0000 -1.0000)) (T (a -0.25) (M 1.0000 1.5708 0.8660 -0.5000))) (T (a -0.25) (M 1.0000 2.6180 0.8660 0.5000))) (T (a -0.25) (M 1.0000 -2.6180 0.0000 1.0000))) (T (a -0.25) (M 1.0000 -1.5708 -0.8660 0.5000))) (T (a -0.25) (M 1.0000 -0.5236 -0.8660 -0.5000))) (M 1 0 0.000 1.800))) (T (C (C (C (C (C (T (a -0.25) (M 1.0000 0.5236 0.0000 -1.0000)) (T (a -0.25) (M 1.0000 1.5708 0.8660 -0.5000))) (T (a -0.25) (M 1.0000 2.6180 0.8660 0.5000))) (T (a -0.25) (M 1.0000 -2.6180 0.0000 1.0000))) (T (a -0.25) (M 1.0000 -1.5708 -0.8660 0.5000))) (T (a -0.25) (M 1.0000 -0.5236 -0.8660 -0.5000))) (M 1 0 -1.800 0.000))) (T (C (C (C (C (C (T (a -0.25) (M 1.0000 0.5236 0.0000 -1.0000)) (T (a -0.25) (M 1.0000 1.5708 0.8660 -0.5000))) (T (a -0.25) (M 1.0000 2.6180 0.8660 0.5000))) (T (a -0.25) (M 1.0000 -2.6180 0.0000 1.0000))) (T (a -0.25) (M 1.0000 -1.5708 -0.8660 0.5000))) (T (a -0.25) (M 1.0000 -0.5236 -0.8660 -0.5000))) (M 1 0 -0.000 -1.800))) (M 0.750 0 0 0)),6,concave,radial,4,balanced_data/dim_balanced/regular_polygons/dim2/var1/images/221.png
(T (C (C (C (C (T (C (C (C (C (C (T (a -0.25) (M 1.0000 0.5236 0.0000 -1.0000)) (T (a -0.25) (M 1.0000 1.5708 0.8660 -0.5000))) (T (a -0.25) (M 1.0000 2.6180 0.8660 0.5000))) (T (a -0.25) (M 1.0000 -2.6180 0.0000 1.0000))) (T (a -0.25) (M 1.0000 -1.5708 -0.8660 0.5000))) (T (a -0.25) (M 1.0000 -0.5236 -0.8660 -0.5000))) (M 1 0 1.800 0.000)) (T (C (C (C (C (C (T (a -0.25) (M 1.0000 0.5236 0.0000 -1.0000)) (T (a -0.25) (M 1.0000 1.5708 0.8660 -0.5000))) (T (a -0.25) (M 1.0000 2.6180 0.8660 0.5000))) (T (a -0.25) (M 1.0000 -2.6180 0.0000 1.0000))) (T (a -0.25) (M 1.0000 -1.5708 -0.8660 0.5000))) (T (a -0.25) (M 1.0000 -0.5236 -0.8660 -0.5000))) (M 1 0 0.556 1.712))) (T (C (C (C (C (C (T (a -0.25) (M 1.0000 0.5236 0.0000 -1.0000)) (T (a -0.25) (M 1.0000 1.5708 0.8660 -0.5000))) (T (a -0.25) (M 1.0000 2.6180 0.8660 0.5000))) (T (a -0.25) (M 1.0000 -2.6180 0.0000 1.0000))) (T (a -0.25) (M 1.0000 -1.5708 -0.8660 0.5000))) (T (a -0.25) (M 1.0000 -0.5236 -0.8660 -0.5000))) (M 1 0 -1.456 1.058))) (T (C (C (C (C (C (T (a -0.25) (M 1.0000 0.5236 0.0000 -1.0000)) (T (a -0.25) (M 1.0000 1.5708 0.8660 -0.5000))) (T (a -0.25) (M 1.0000 2.6180 0.8660 0.5000))) (T (a -0.25) (M 1.0000 -2.6180 0.0000 1.0000))) (T (a -0.25) (M 1.0000 -1.5708 -0.8660 0.5000))) (T (a -0.25) (M 1.0000 -0.5236 -0.8660 -0.5000))) (M 1 0 -1.456 -1.058))) (T (C (C (C (C (C (T (a -0.25) (M 1.0000 0.5236 0.0000 -1.0000)) (T (a -0.25) (M 1.0000 1.5708 0.8660 -0.5000))) (T (a -0.25) (M 1.0000 2.6180 0.8660 0.5000))) (T (a -0.25) (M 1.0000 -2.6180 0.0000 1.0000))) (T (a -0.25) (M 1.0000 -1.5708 -0.8660 0.5000))) (T (a -0.25) (M 1.0000 -0.5236 -0.8660 -0.5000))) (M 1 0 0.556 -1.712))) (M 0.750 0 0 0)),6,concave,radial,5,balanced_data/dim_balanced/regular_polygons/dim2/var1/images/222.png
(T (C (C (C (C (C (T (C (C (C (C (C (T (a -0.25) (M 1.0000 0.5236 0.0000 -1.0000)) (T (a -0.25) (M 1.0000 1.5708 0.8660 -0.5000))) (T (a -0.25) (M 1.0000 2.6180 0.8660 0.5000))) (T (a -0.25) (M 1.0000 -2.6180 0.0000 1.0000))) (T (a -0.25) (M 1.0000 -1.5708 -0.8660 0.5000))) (T (a -0.25) (M 1.0000 -0.5236 -0.8660 -0.5000))) (M 1 0 1.800 0.000)) (T (C (C (C (C (C (T (a -0.25) (M 1.0000 0.5236 0.0000 -1.0000)) (T (a -0.25) (M 1.0000 1.5708 0.8660 -0.5000))) (T (a -0.25) (M 1.0000 2.6180 0.8660 0.5000))) (T (a -0.25) (M 1.0000 -2.6180 0.0000 1.0000))) (T (a -0.25) (M 1.0000 -1.5708 -0.8660 0.5000))) (T (a -0.25) (M 1.0000 -0.5236 -0.8660 -0.5000))) (M 1 0 0.900 1.559))) (T (C (C (C (C (C (T (a -0.25) (M 1.0000 0.5236 0.0000 -1.0000)) (T (a -0.25) (M 1.0000 1.5708 0.8660 -0.5000))) (T (a -0.25) (M 1.0000 2.6180 0.8660 0.5000))) (T (a -0.25) (M 1.0000 -2.6180 0.0000 1.0000))) (T (a -0.25) (M 1.0000 -1.5708 -0.8660 0.5000))) (T (a -0.25) (M 1.0000 -0.5236 -0.8660 -0.5000))) (M 1 0 -0.900 1.559))) (T (C (C (C (C (C (T (a -0.25) (M 1.0000 0.5236 0.0000 -1.0000)) (T (a -0.25) (M 1.0000 1.5708 0.8660 -0.5000))) (T (a -0.25) (M 1.0000 2.6180 0.8660 0.5000))) (T (a -0.25) (M 1.0000 -2.6180 0.0000 1.0000))) (T (a -0.25) (M 1.0000 -1.5708 -0.8660 0.5000))) (T (a -0.25) (M 1.0000 -0.5236 -0.8660 -0.5000))) (M 1 0 -1.800 0.000))) (T (C (C (C (C (C (T (a -0.25) (M 1.0000 0.5236 0.0000 -1.0000)) (T (a -0.25) (M 1.0000 1.5708 0.8660 -0.5000))) (T (a -0.25) (M 1.0000 2.6180 0.8660 0.5000))) (T (a -0.25) (M 1.0000 -2.6180 0.0000 1.0000))) (T (a -0.25) (M 1.0000 -1.5708 -0.8660 0.5000))) (T (a -0.25) (M 1.0000 -0.5236 -0.8660 -0.5000))) (M 1 0 -0.900 -1.559))) (T (C (C (C (C (C (T (a -0.25) (M 1.0000 0.5236 0.0000 -1.0000)) (T (a -0.25) (M 1.0000 1.5708 0.8660 -0.5000))) (T (a -0.25) (M 1.0000 2.6180 0.8660 0.5000))) (T (a -0.25) (M 1.0000 -2.6180 0.0000 1.0000))) (T (a -0.25) (M 1.0000 -1.5708 -0.8660 0.5000))) (T (a -0.25) (M 1.0000 -0.5236 -0.8660 -0.5000))) (M 1 0 0.900 -1.559))) (M 0.750 0 0 0)),6,concave,radial,6,balanced_data/dim_balanced/regular_polygons/dim2/var1/images/223.png
(T (C (C (T (C (C (C (C (C (T (a -0.25) (M 1.0000 0.5236 0.0000 -1.0000)) (T (a -0.25) (M 1.0000 1.5708 0.8660 -0.5000))) (T (a -0.25) (M 1.0000 2.6180 0.8660 0.5000))) (T (a -0.25) (M 1.0000 -2.6180 0.0000 1.0000))) (T (a -0.25) (M 1.0000 -1.5708 -0.8660 0.5000))) (T (a -0.25) (M 1.0000 -0.5236 -0.8660 -0.5000))) (M 1 0 -2.540 0)) (T (C (C (C (C (C (T (a -0.25) (M 1.0000 0.5236 0.0000 -1.0000)) (T (a -0.25) (M 1.0000 1.5708 0.8660 -0.5000))) (T (a -0.25) (M 1.0000 2.6180 0.8660 0.5000))) (T (a -0.25) (M 1.0000 -2.6180 0.0000 1.0000))) (T (a -0.25) (M 1.0000 -1.5708 -0.8660 0.5000))) (T (a -0.25) (M 1.0000 -0.5236 -0.8660 -0.5000))) (M 1 0 0.000 0))) (T (C (C (C (C (C (T (a -0.25) (M 1.0000 0.5236 0.0000 -1.0000)) (T (a -0.25) (M 1.0000 1.5708 0.8660 -0.5000))) (T (a -0.25) (M 1.0000 2.6180 0.8660 0.5000))) (T (a -0.25) (M 1.0000 -2.6180 0.0000 1.0000))) (T (a -0.25) (M 1.0000 -1.5708 -0.8660 0.5000))) (T (a -0.25) (M 1.0000 -0.5236 -0.8660 -0.5000))) (M 1 0 2.540 0))) (M 0.750 0 0 0)),6,concave,line,3,balanced_data/dim_balanced/regular_polygons/dim2/var1/images/224.png
(T (C (C (C (T (C (C (C (C (C (T (a -0.25) (M 1.0000 0.5236 0.0000 -1.0000)) (T (a -0.25) (M 1.0000 1.5708 0.8660 -0.5000))) (T (a -0.25) (M 1.0000 2.6180 0.8660 0.5000))) (T (a -0.25) (M 1.0000 -2.6180 0.0000 1.0000))) (T (a -0.25) (M 1.0000 -1.5708 -0.8660 0.5000))) (T (a -0.25) (M 1.0000 -0.5236 -0.8660 -0.5000))) (M 1 0 -3.300 0)) (T (C (C (C (C (C (T (a -0.25) (M 1.0000 0.5236 0.0000 -1.0000)) (T (a -0.25) (M 1.0000 1.5708 0.8660 -0.5000))) (T (a -0.25) (M 1.0000 2.6180 0.8660 0.5000))) (T (a -0.25) (M 1.0000 -2.6180 0.0000 1.0000))) (T (a -0.25) (M 1.0000 -1.5708 -0.8660 0.5000))) (T (a -0.25) (M 1.0000 -0.5236 -0.8660 -0.5000))) (M 1 0 -1.100 0))) (T (C (C (C (C (C (T (a -0.25) (M 1.0000 0.5236 0.0000 -1.0000)) (T (a -0.25) (M 1.0000 1.5708 0.8660 -0.5000))) (T (a -0.25) (M 1.0000 2.6180 0.8660 0.5000))) (T (a -0.25) (M 1.0000 -2.6180 0.0000 1.0000))) (T (a -0.25) (M 1.0000 -1.5708 -0.8660 0.5000))) (T (a -0.25) (M 1.0000 -0.5236 -0.8660 -0.5000))) (M 1 0 1.100 0))) (T (C (C (C (C (C (T (a -0.25) (M 1.0000 0.5236 0.0000 -1.0000)) (T (a -0.25) (M 1.0000 1.5708 0.8660 -0.5000))) (T (a -0.25) (M 1.0000 2.6180 0.8660 0.5000))) (T (a -0.25) (M 1.0000 -2.6180 0.0000 1.0000))) (T (a -0.25) (M 1.0000 -1.5708 -0.8660 0.5000))) (T (a -0.25) (M 1.0000 -0.5236 -0.8660 -0.5000))) (M 1 0 3.300 0))) (M 0.750 0 0 0)),6,concave,line,4,balanced_data/dim_balanced/regular_polygons/dim2/var1/images/225.png
(T (C (C (C (C (T (C (C (C (C (C (T (a -0.25) (M 1.0000 0.5236 0.0000 -1.0000)) (T (a -0.25) (M 1.0000 1.5708 0.8660 -0.5000))) (T (a -0.25) (M 1.0000 2.6180 0.8660 0.5000))) (T (a -0.25) (M 1.0000 -2.6180 0.0000 1.0000))) (T (a -0.25) (M 1.0000 -1.5708 -0.8660 0.5000))) (T (a -0.25) (M 1.0000 -0.5236 -0.8660 -0.5000))) (M 1 0 -3.935 0)) (T (C (C (C (C (C (T (a -0.25) (M 1.0000 0.5236 0.0000 -1.0000)) (T (a -0.25) (M 1.0000 1.5708 0.8660 -0.5000))) (T (a -0.25) (M 1.0000 2.6180 0.8660 0.5000))) (T (a -0.25) (M 1.0000 -2.6180 0.0000 1.0000))) (T (a -0.25) (M 1.0000 -1.5708 -0.8660 0.5000))) (T (a -0.25) (M 1.0000 -0.5236 -0.8660 -0.5000))) (M 1 0 -1.968 0))) (T (C (C (C (C (C (T (a -0.25) (M 1.0000 0.5236 0.0000 -1.0000)) (T (a -0.25) (M 1.0000 1.5708 0.8660 -0.5000))) (T (a -0.25) (M 1.0000 2.6180 0.8660 0.5000))) (T (a -0.25) (M 1.0000 -2.6180 0.0000 1.0000))) (T (a -0.25) (M 1.0000 -1.5708 -0.8660 0.5000))) (T (a -0.25) (M 1.0000 -0.5236 -0.8660 -0.5000))) (M 1 0 0.000 0))) (T (C (C (C (C (C (T (a -0.25) (M 1.0000 0.5236 0.0000 -1.0000)) (T (a -0.25) (M 1.0000 1.5708 0.8660 -0.5000))) (T (a -0.25) (M 1.0000 2.6180 0.8660 0.5000))) (T (a -0.25) (M 1.0000 -2.6180 0.0000 1.0000))) (T (a -0.25) (M 1.0000 -1.5708 -0.8660 0.5000))) (T (a -0.25) (M 1.0000 -0.5236 -0.8660 -0.5000))) (M 1 0 1.968 0))) (T (C (C (C (C (C (T (a -0.25) (M 1.0000 0.5236 0.0000 -1.0000)) (T (a -0.25) (M 1.0000 1.5708 0.8660 -0.5000))) (T (a -0.25) (M 1.0000 2.6180 0.8660 0.5000))) (T (a -0.25) (M 1.0000 -2.6180 0.0000 1.0000))) (T (a -0.25) (M 1.0000 -1.5708 -0.8660 0.5000))) (T (a -0.25) (M 1.0000 -0.5236 -0.8660 -0.5000))) (M 1 0 3.935 0))) (M 0.750 0 0 0)),6,concave,line,5,balanced_data/dim_balanced/regular_polygons/dim2/var1/images/226.png
(T (C (C (C (C (C (T (C (C (C (C (C (T (a -0.25) (M 1.0000 0.5236 0.0000 -1.0000)) (T (a -0.25) (M 1.0000 1.5708 0.8660 -0.5000))) (T (a -0.25) (M 1.0000 2.6180 0.8660 0.5000))) (T (a -0.25) (M 1.0000 -2.6180 0.0000 1.0000))) (T (a -0.25) (M 1.0000 -1.5708 -0.8660 0.5000))) (T (a -0.25) (M 1.0000 -0.5236 -0.8660 -0.5000))) (M 1 0 -4.491 0)) (T (C (C (C (C (C (T (a -0.25) (M 1.0000 0.5236 0.0000 -1.0000)) (T (a -0.25) (M 1.0000 1.5708 0.8660 -0.5000))) (T (a -0.25) (M 1.0000 2.6180 0.8660 0.5000))) (T (a -0.25) (M 1.0000 -2.6180 0.0000 1.0000))) (T (a -0.25) (M 1.0000 -1.5708 -0.8660 0.5000))) (T (a -0.25) (M 1.0000 -0.5236 -0.8660 -0.5000))) (M 1 0 -2.694 0))) (T (C (C (C (C (C (T (a -0.25) (M 1.0000 0.5236 0.0000 -1.0000)) (T (a -0.25) (M 1.0000 1.5708 0.8660 -0.5000))) (T (a -0.25) (M 1.0000 2.6180 0.8660 0.5000))) (T (a -0.25) (M 1.0000 -2.6180 0.0000 1.0000))) (T (a -0.25) (M 1.0000 -1.5708 -0.8660 0.5000))) (T (a -0.25) (M 1.0000 -0.5236 -0.8660 -0.5000))) (M 1 0 -0.898 0))) (T (C (C (C (C (C (T (a -0.25) (M 1.0000 0.5236 0.0000 -1.0000)) (T (a -0.25) (M 1.0000 1.5708 0.8660 -0.5000))) (T (a -0.25) (M 1.0000 2.6180 0.8660 0.5000))) (T (a -0.25) (M 1.0000 -2.6180 0.0000 1.0000))) (T (a -0.25) (M 1.0000 -1.5708 -0.8660 0.5000))) (T (a -0.25) (M 1.0000 -0.5236 -0.8660 -0.5000))) (M 1 0 0.898 0))) (T (C (C (C (C (C (T (a -0.25) (M 1.0000 0.5236 0.0000 -1.0000)) (T (a -0.25) (M 1.0000 1.5708 0.8660 -0.5000))) (T (a -0.25) (M 1.0000 2.6180 0.8660 0.5000))) (T (a -0.25) (M 1.0000 -2.6180 0.0000 1.0000))) (T (a -0.25) (M 1.0000 -1.5708 -0.8660 0.5000))) (T (a -0.25) (M 1.0000 -0.5236 -0.8660 -0.5000))) (M 1 0 2.694 0))) (T (C (C (C (C (C (T (a -0.25) (M 1.0000 0.5236 0.0000 -1.0000)) (T (a -0.25) (M 1.0000 1.5708 0.8660 -0.5000))) (T (a -0.25) (M 1.0000 2.6180 0.8660 0.5000))) (T (a -0.25) (M 1.0000 -2.6180 0.0000 1.0000))) (T (a -0.25) (M 1.0000 -1.5708 -0.8660 0.5000))) (T (a -0.25) (M 1.0000 -0.5236 -0.8660 -0.5000))) (M 1 0 4.491 0))) (M 0.750 0 0 0)),6,concave,line,6,balanced_data/dim_balanced/regular_polygons/dim2/var1/images/227.png
(T (repeat (C (C (C (C (C (T (a -0.25) (M 1.0000 0.5236 0.0000 -1.0000)) (T (a -0.25) (M 1.0000 1.5708 0.8660 -0.5000))) (T (a -0.25) (M 1.0000 2.6180 0.8660 0.5000))) (T (a -0.25) (M 1.0000 -2.6180 0.0000 1.0000))) (T (a -0.25) (M 1.0000 -1.5708 -0.8660 0.5000))) (T (a -0.25) (M 1.0000 -0.5236 -0.8660 -0.5000))) 3 0 0 0.900 2.29440) (M 0.750 0 0 0)),6,concave,spiral,3,balanced_data/dim_balanced/regular_polygons/dim2/var1/images/228.png
(T (repeat (C (C (C (C (C (T (a -0.25) (M 1.0000 0.5236 0.0000 -1.0000)) (T (a -0.25) (M 1.0000 1.5708 0.8660 -0.5000))) (T (a -0.25) (M 1.0000 2.6180 0.8660 0.5000))) (T (a -0.25) (M 1.0000 -2.6180 0.0000 1.0000))) (T (a -0.25) (M 1.0000 -1.5708 -0.8660 0.5000))) (T (a -0.25) (M 1.0000 -0.5236 -0.8660 -0.5000))) 4 0 0 0.900 1.77080) (M 0.750 0 0 0)),6,concave,spiral,4,balanced_data/dim_balanced/regular_polygons/dim2/var1/images/229.png
(T (repeat (C (C (C (C (C (T (a -0.25) (M 1.0000 0.5236 0.0000 -1.0000)) (T (a -0.25) (M 1.0000 1.5708 0.8660 -0.5000))) (T (a -0.25) (M 1.0000 2.6180 0.8660 0.5000))) (T (a -0.25) (M 1.0000 -2.6180 0.0000 1.0000))) (T (a -0.25) (M 1.0000 -1.5708 -0.8660 0.5000))) (T (a -0.25) (M 1.0000 -0.5236 -0.8660 -0.5000))) 5 0 0 0.900 1.45664) (M 0.750 0 0 0)),6,concave,spiral,5,balanced_data/dim_balanced/regular_polygons/dim2/var1/images/230.png
(T (repeat (C (C (C (C (C (T (a -0.25) (M 1.0000 0.5236 0.0000 -1.0000)) (T (a -0.25) (M 1.0000 1.5708 0.8660 -0.5000))) (T (a -0.25) (M 1.0000 2.6180 0.8660 0.5000))) (T (a -0.25) (M 1.0000 -2.6180 0.0000 1.0000))) (T (a -0.25) (M 1.0000 -1.5708 -0.8660 0.5000))) (T (a -0.25) (M 1.0000 -0.5236 -0.8660 -0.5000))) 6 0 0 0.900 1.24720) (M 0.750 0 0 0)),6,concave,spiral,6,balanced_data/dim_balanced/regular_polygons/dim2/var1/images/231.png
(T (C (C (T (C (C (C (C (C (T (a -0.25) (M 1.0000 0.5236 0.0000 -1.0000)) (T (a -0.25) (M 1.0000 1.5708 0.8660 -0.5000))) (T (a -0.25) (M 1.0000 2.6180 0.8660 0.5000))) (T (a -0.25) (M 1.0000 -2.6180 0.0000 1.0000))) (T (a -0.25) (M 1.0000 -1.5708 -0.8660 0.5000))) (T (a -0.25) (M 1.0000 -0.5236 -0.8660 -0.5000))) (M 1.00 0 0 0)) (T (C (C (C (C (C (T (a -0.25) (M 1.0000 0.5236 0.0000 -1.0000)) (T (a -0.25) (M 1.0000 1.5708 0.8660 -0.5000))) (T (a -0.25) (M 1.0000 2.6180 0.8660 0.5000))) (T (a -0.25) (M 1.0000 -2.6180 0.0000 1.0000))) (T (a -0.25) (M 1.0000 -1.5708 -0.8660 0.5000))) (T (a -0.25) (M 1.0000 -0.5236 -0.8660 -0.5000))) (M 1.40 0 0 0))) (T (C (C (C (C (C (T (a -0.25) (M 1.0000 0.5236 0.0000 -1.0000)) (T (a -0.25) (M 1.0000 1.5708 0.8660 -0.5000))) (T (a -0.25) (M 1.0000 2.6180 0.8660 0.5000))) (T (a -0.25) (M 1.0000 -2.6180 0.0000 1.0000))) (T (a -0.25) (M 1.0000 -1.5708 -0.8660 0.5000))) (T (a -0.25) (M 1.0000 -0.5236 -0.8660 -0.5000))) (M 1.80 0 0 0))) (M 0.750 0 0 0)),6,concave,scale_origin,3,balanced_data/dim_balanced/regular_polygons/dim2/var1/images/232.png
(T (C (C (C (T (C (C (C (C (C (T (a -0.25) (M 1.0000 0.5236 0.0000 -1.0000)) (T (a -0.25) (M 1.0000 1.5708 0.8660 -0.5000))) (T (a -0.25) (M 1.0000 2.6180 0.8660 0.5000))) (T (a -0.25) (M 1.0000 -2.6180 0.0000 1.0000))) (T (a -0.25) (M 1.0000 -1.5708 -0.8660 0.5000))) (T (a -0.25) (M 1.0000 -0.5236 -0.8660 -0.5000))) (M 1.00 0 0 0)) (T (C (C (C (C (C (T (a -0.25) (M 1.0000 0.5236 0.0000 -1.0000)) (T (a -0.25) (M 1.0000 1.5708 0.8660 -0.5000))) (T (a -0.25) (M 1.0000 2.6180 0.8660 0.5000))) (T (a -0.25) (M 1.0000 -2.6180 0.0000 1.0000))) (T (a -0.25) (M 1.0000 -1.5708 -0.8660 0.5000))) (T (a -0.25) (M 1.0000 -0.5236 -0.8660 -0.5000))) (M 1.40 0 0 0))) (T (C (C (C (C (C (T (a -0.25) (M 1.0000 0.5236 0.0000 -1.0000)) (T (a -0.25) (M 1.0000 1.5708 0.8660 -0.5000))) (T (a -0.25) (M 1.0000 2.6180 0.8660 0.5000))) (T (a -0.25) (M 1.0000 -2.6180 0.0000 1.0000))) (T (a -0.25) (M 1.0000 -1.5708 -0.8660 0.5000))) (T (a -0.25) (M 1.0000 -0.5236 -0.8660 -0.5000))) (M 1.80 0 0 0))) (T (C (C (C (C (C (T (a -0.25) (M 1.0000 0.5236 0.0000 -1.0000)) (T (a -0.25) (M 1.0000 1.5708 0.8660 -0.5000))) (T (a -0.25) (M 1.0000 2.6180 0.8660 0.5000))) (T (a -0.25) (M 1.0000 -2.6180 0.0000 1.0000))) (T (a -0.25) (M 1.0000 -1.5708 -0.8660 0.5000))) (T (a -0.25) (M 1.0000 -0.5236 -0.8660 -0.5000))) (M 2.20 0 0 0))) (M 0.750 0 0 0)),6,concave,scale_origin,4,balanced_data/dim_balanced/regular_polygons/dim2/var1/images/233.png
(T (C (C (C (C (T (C (C (C (C (C (T (a -0.25) (M 1.0000 0.5236 0.0000 -1.0000)) (T (a -0.25) (M 1.0000 1.5708 0.8660 -0.5000))) (T (a -0.25) (M 1.0000 2.6180 0.8660 0.5000))) (T (a -0.25) (M 1.0000 -2.6180 0.0000 1.0000))) (T (a -0.25) (M 1.0000 -1.5708 -0.8660 0.5000))) (T (a -0.25) (M 1.0000 -0.5236 -0.8660 -0.5000))) (M 1.00 0 0 0)) (T (C (C (C (C (C (T (a -0.25) (M 1.0000 0.5236 0.0000 -1.0000)) (T (a -0.25) (M 1.0000 1.5708 0.8660 -0.5000))) (T (a -0.25) (M 1.0000 2.6180 0.8660 0.5000))) (T (a -0.25) (M 1.0000 -2.6180 0.0000 1.0000))) (T (a -0.25) (M 1.0000 -1.5708 -0.8660 0.5000))) (T (a -0.25) (M 1.0000 -0.5236 -0.8660 -0.5000))) (M 1.40 0 0 0))) (T (C (C (C (C (C (T (a -0.25) (M 1.0000 0.5236 0.0000 -1.0000)) (T (a -0.25) (M 1.0000 1.5708 0.8660 -0.5000))) (T (a -0.25) (M 1.0000 2.6180 0.8660 0.5000))) (T (a -0.25) (M 1.0000 -2.6180 0.0000 1.0000))) (T (a -0.25) (M 1.0000 -1.5708 -0.8660 0.5000))) (T (a -0.25) (M 1.0000 -0.5236 -0.8660 -0.5000))) (M 1.80 0 0 0))) (T (C (C (C (C (C (T (a -0.25) (M 1.0000 0.5236 0.0000 -1.0000)) (T (a -0.25) (M 1.0000 1.5708 0.8660 -0.5000))) (T (a -0.25) (M 1.0000 2.6180 0.8660 0.5000))) (T (a -0.25) (M 1.0000 -2.6180 0.0000 1.0000))) (T (a -0.25) (M 1.0000 -1.5708 -0.8660 0.5000))) (T (a -0.25) (M 1.0000 -0.5236 -0.8660 -0.5000))) (M 2.20 0 0 0))) (T (C (C (C (C (C (T (a -0.25) (M 1.0000 0.5236 0.0000 -1.0000)) (T (a -0.25) (M 1.0000 1.5708 0.8660 -0.5000))) (T (a -0.25) (M 1.0000 2.6180 0.8660 0.5000))) (T (a -0.25) (M 1.0000 -2.6180 0.0000 1.0000))) (T (a -0.25) (M 1.0000 -1.5708 -0.8660 0.5000))) (T (a -0.25) (M 1.0000 -0.5236 -0.8660 -0.5000))) (M 2.60 0 0 0))) (M 0.750 0 0 0)),6,concave,scale_origin,5,balanced_data/dim_balanced/regular_polygons/dim2/var1/images/234.png
(T (C (C (C (C (C (T (C (C (C (C (C (T (a -0.25) (M 1.0000 0.5236 0.0000 -1.0000)) (T (a -0.25) (M 1.0000 1.5708 0.8660 -0.5000))) (T (a -0.25) (M 1.0000 2.6180 0.8660 0.5000))) (T (a -0.25) (M 1.0000 -2.6180 0.0000 1.0000))) (T (a -0.25) (M 1.0000 -1.5708 -0.8660 0.5000))) (T (a -0.25) (M 1.0000 -0.5236 -0.8660 -0.5000))) (M 1.00 0 0 0)) (T (C (C (C (C (C (T (a -0.25) (M 1.0000 0.5236 0.0000 -1.0000)) (T (a -0.25) (M 1.0000 1.5708 0.8660 -0.5000))) (T (a -0.25) (M 1.0000 2.6180 0.8660 0.5000))) (T (a -0.25) (M 1.0000 -2.6180 0.0000 1.0000))) (T (a -0.25) (M 1.0000 -1.5708 -0.8660 0.5000))) (T (a -0.25) (M 1.0000 -0.5236 -0.8660 -0.5000))) (M 1.40 0 0 0))) (T (C (C (C (C (C (T (a -0.25) (M 1.0000 0.5236 0.0000 -1.0000)) (T (a -0.25) (M 1.0000 1.5708 0.8660 -0.5000))) (T (a -0.25) (M 1.0000 2.6180 0.8660 0.5000))) (T (a -0.25) (M 1.0000 -2.6180 0.0000 1.0000))) (T (a -0.25) (M 1.0000 -1.5708 -0.8660 0.5000))) (T (a -0.25) (M 1.0000 -0.5236 -0.8660 -0.5000))) (M 1.80 0 0 0))) (T (C (C (C (C (C (T (a -0.25) (M 1.0000 0.5236 0.0000 -1.0000)) (T (a -0.25) (M 1.0000 1.5708 0.8660 -0.5000))) (T (a -0.25) (M 1.0000 2.6180 0.8660 0.5000))) (T (a -0.25) (M 1.0000 -2.6180 0.0000 1.0000))) (T (a -0.25) (M 1.0000 -1.5708 -0.8660 0.5000))) (T (a -0.25) (M 1.0000 -0.5236 -0.8660 -0.5000))) (M 2.20 0 0 0))) (T (C (C (C (C (C (T (a -0.25) (M 1.0000 0.5236 0.0000 -1.0000)) (T (a -0.25) (M 1.0000 1.5708 0.8660 -0.5000))) (T (a -0.25) (M 1.0000 2.6180 0.8660 0.5000))) (T (a -0.25) (M 1.0000 -2.6180 0.0000 1.0000))) (T (a -0.25) (M 1.0000 -1.5708 -0.8660 0.5000))) (T (a -0.25) (M 1.0000 -0.5236 -0.8660 -0.5000))) (M 2.60 0 0 0))) (T (C (C (C (C (C (T (a -0.25) (M 1.0000 0.5236 0.0000 -1.0000)) (T (a -0.25) (M 1.0000 1.5708 0.8660 -0.5000))) (T (a -0.25) (M 1.0000 2.6180 0.8660 0.5000))) (T (a -0.25) (M 1.0000 -2.6180 0.0000 1.0000))) (T (a -0.25) (M 1.0000 -1.5708 -0.8660 0.5000))) (T (a -0.25) (M 1.0000 -0.5236 -0.8660 -0.5000))) (M 3.00 0 0 0))) (M 0.750 0 0 0)),6,concave,scale_origin,6,balanced_data/dim_balanced/regular_polygons/dim2/var1/images/235.png
(T (C (C (T (C (C (C (C (C (T (a -0.25) (M 1.0000 0.5236 0.0000 -1.0000)) (T (a -0.25) (M 1.0000 1.5708 0.8660 -0.5000))) (T (a -0.25) (M 1.0000 2.6180 0.8660 0.5000))) (T (a -0.25) (M 1.0000 -2.6180 0.0000 1.0000))) (T (a -0.25) (M 1.0000 -1.5708 -0.8660 0.5000))) (T (a -0.25) (M 1.0000 -0.5236 -0.8660 -0.5000))) (M 1.000 0 0.000 0.000)) (T (C (C (C (C (C (T (a -0.25) (M 1.0000 0.5236 0.0000 -1.0000)) (T (a -0.25) (M 1.0000 1.5708 0.8660 -0.5000))) (T (a -0.25) (M 1.0000 2.6180 0.8660 0.5000))) (T (a -0.25) (M 1.0000 -2.6180 0.0000 1.0000))) (T (a -0.25) (M 1.0000 -1.5708 -0.8660 0.5000))) (T (a -0.25) (M 1.0000 -0.5236 -0.8660 -0.5000))) (M 1.400 0 0.400 0.400))) (T (C (C (C (C (C (T (a -0.25) (M 1.0000 0.5236 0.0000 -1.0000)) (T (a -0.25) (M 1.0000 1.5708 0.8660 -0.5000))) (T (a -0.25) (M 1.0000 2.6180 0.8660 0.5000))) (T (a -0.25) (M 1.0000 -2.6180 0.0000 1.0000))) (T (a -0.25) (M 1.0000 -1.5708 -0.8660 0.5000))) (T (a -0.25) (M 1.0000 -0.5236 -0.8660 -0.5000))) (M 1.960 0 0.960 0.960))) (M 0.750 0 0 0)),6,concave,scale_outward,3,balanced_data/dim_balanced/regular_polygons/dim2/var1/images/236.png
(T (C (C (C (T (C (C (C (C (C (T (a -0.25) (M 1.0000 0.5236 0.0000 -1.0000)) (T (a -0.25) (M 1.0000 1.5708 0.8660 -0.5000))) (T (a -0.25) (M 1.0000 2.6180 0.8660 0.5000))) (T (a -0.25) (M 1.0000 -2.6180 0.0000 1.0000))) (T (a -0.25) (M 1.0000 -1.5708 -0.8660 0.5000))) (T (a -0.25) (M 1.0000 -0.5236 -0.8660 -0.5000))) (M 1.000 0 0.000 0.000)) (T (C (C (C (C (C (T (a -0.25) (M 1.0000 0.5236 0.0000 -1.0000)) (T (a -0.25) (M 1.0000 1.5708 0.8660 -0.5000))) (T (a -0.25) (M 1.0000 2.6180 0.8660 0.5000))) (T (a -0.25) (M 1.0000 -2.6180 0.0000 1.0000))) (T (a -0.25) (M 1.0000 -1.5708 -0.8660 0.5000))) (T (a -0.25) (M 1.0000 -0.5236 -0.8660 -0.5000))) (M 1.400 0 0.400 0.400))) (T (C (C (C (C (C (T (a -0.25) (M 1.0000 0.5236 0.0000 -1.0000)) (T (a -0.25) (M 1.0000 1.5708 0.8660 -0.5000))) (T (a -0.25) (M 1.0000 2.6180 0.8660 0.5000))) (T (a -0.25) (M 1.0000 -2.6180 0.0000 1.0000))) (T (a -0.25) (M 1.0000 -1.5708 -0.8660 0.5000))) (T (a -0.25) (M 1.0000 -0.5236 -0.8660 -0.5000))) (M 1.960 0 0.960 0.960))) (T (C (C (C (C (C (T (a -0.25) (M 1.0000 0.5236 0.0000 -1.0000)) (T (a -0.25) (M 1.0000 1.5708 0.8660 -0.5000))) (T (a -0.25) (M 1.0000 2.6180 0.8660 0.5000))) (T (a -0.25) (M 1.0000 -2.6180 0.0000 1.0000))) (T (a -0.25) (M 1.0000 -1.5708 -0.8660 0.5000))) (T (a -0.25) (M 1.0000 -0.5236 -0.8660 -0.5000))) (M 2.744 0 1.744 1.744))) (M 0.750 0 0 0)),6,concave,scale_outward,4,balanced_data/dim_balanced/regular_polygons/dim2/var1/images/237.png
(T (C (C (C (C (T (C (C (C (C (C (T (a -0.25) (M 1.0000 0.5236 0.0000 -1.0000)) (T (a -0.25) (M 1.0000 1.5708 0.8660 -0.5000))) (T (a -0.25) (M 1.0000 2.6180 0.8660 0.5000))) (T (a -0.25) (M 1.0000 -2.6180 0.0000 1.0000))) (T (a -0.25) (M 1.0000 -1.5708 -0.8660 0.5000))) (T (a -0.25) (M 1.0000 -0.5236 -0.8660 -0.5000))) (M 1.000 0 0.000 0.000)) (T (C (C (C (C (C (T (a -0.25) (M 1.0000 0.5236 0.0000 -1.0000)) (T (a -0.25) (M 1.0000 1.5708 0.8660 -0.5000))) (T (a -0.25) (M 1.0000 2.6180 0.8660 0.5000))) (T (a -0.25) (M 1.0000 -2.6180 0.0000 1.0000))) (T (a -0.25) (M 1.0000 -1.5708 -0.8660 0.5000))) (T (a -0.25) (M 1.0000 -0.5236 -0.8660 -0.5000))) (M 1.400 0 0.400 0.400))) (T (C (C (C (C (C (T (a -0.25) (M 1.0000 0.5236 0.0000 -1.0000)) (T (a -0.25) (M 1.0000 1.5708 0.8660 -0.5000))) (T (a -0.25) (M 1.0000 2.6180 0.8660 0.5000))) (T (a -0.25) (M 1.0000 -2.6180 0.0000 1.0000))) (T (a -0.25) (M 1.0000 -1.5708 -0.8660 0.5000))) (T (a -0.25) (M 1.0000 -0.5236 -0.8660 -0.5000))) (M 1.960 0 0.960 0.960))) (T (C (C (C (C (C (T (a -0.25) (M 1.0000 0.5236 0.0000 -1.0000)) (T (a -0.25) (M 1.0000 1.5708 0.8660 -0.5000))) (T (a -0.25) (M 1.0000 2.6180 0.8660 0.5000))) (T (a -0.25) (M 1.0000 -2.6180 0.0000 1.0000))) (T (a -0.25) (M 1.0000 -1.5708 -0.8660 0.5000))) (T (a -0.25) (M 1.0000 -0.5236 -0.8660 -0.5000))) (M 2.744 0 1.744 1.744))) (T (C (C (C (C (C (T (a -0.25) (M 1.0000 0.5236 0.0000 -1.0000)) (T (a -0.25) (M 1.0000 1.5708 0.8660 -0.5000))) (T (a -0.25) (M 1.0000 2.6180 0.8660 0.5000))) (T (a -0.25) (M 1.0000 -2.6180 0.0000 1.0000))) (T (a -0.25) (M 1.0000 -1.5708 -0.8660 0.5000))) (T (a -0.25) (M 1.0000 -0.5236 -0.8660 -0.5000))) (M 3.842 0 2.842 2.842))) (M 0.750 0 0 0)),6,concave,scale_outward,5,balanced_data/dim_balanced/regular_polygons/dim2/var1/images/238.png
(T (C (C (C (C (C (T (C (C (C (C (C (T (a -0.25) (M 1.0000 0.5236 0.0000 -1.0000)) (T (a -0.25) (M 1.0000 1.5708 0.8660 -0.5000))) (T (a -0.25) (M 1.0000 2.6180 0.8660 0.5000))) (T (a -0.25) (M 1.0000 -2.6180 0.0000 1.0000))) (T (a -0.25) (M 1.0000 -1.5708 -0.8660 0.5000))) (T (a -0.25) (M 1.0000 -0.5236 -0.8660 -0.5000))) (M 1.000 0 0.000 0.000)) (T (C (C (C (C (C (T (a -0.25) (M 1.0000 0.5236 0.0000 -1.0000)) (T (a -0.25) (M 1.0000 1.5708 0.8660 -0.5000))) (T (a -0.25) (M 1.0000 2.6180 0.8660 0.5000))) (T (a -0.25) (M 1.0000 -2.6180 0.0000 1.0000))) (T (a -0.25) (M 1.0000 -1.5708 -0.8660 0.5000))) (T (a -0.25) (M 1.0000 -0.5236 -0.8660 -0.5000))) (M 1.400 0 0.400 0.400))) (T (C (C (C (C (C (T (a -0.25) (M 1.0000 0.5236 0.0000 -1.0000)) (T (a -0.25) (M 1.0000 1.5708 0.8660 -0.5000))) (T (a -0.25) (M 1.0000 2.6180 0.8660 0.5000))) (T (a -0.25) (M 1.0000 -2.6180 0.0000 1.0000))) (T (a -0.25) (M 1.0000 -1.5708 -0.8660 0.5000))) (T (a -0.25) (M 1.0000 -0.5236 -0.8660 -0.5000))) (M 1.960 0 0.960 0.960))) (T (C (C (C (C (C (T (a -0.25) (M 1.0000 0.5236 0.0000 -1.0000)) (T (a -0.25) (M 1.0000 1.5708 0.8660 -0.5000))) (T (a -0.25) (M 1.0000 2.6180 0.8660 0.5000))) (T (a -0.25) (M 1.0000 -2.6180 0.0000 1.0000))) (T (a -0.25) (M 1.0000 -1.5708 -0.8660 0.5000))) (T (a -0.25) (M 1.0000 -0.5236 -0.8660 -0.5000))) (M 2.744 0 1.744 1.744))) (T (C (C (C (C (C (T (a -0.25) (M 1.0000 0.5236 0.0000 -1.0000)) (T (a -0.25) (M 1.0000 1.5708 0.8660 -0.5000))) (T (a -0.25) (M 1.0000 2.6180 0.8660 0.5000))) (T (a -0.25) (M 1.0000 -2.6180 0.0000 1.0000))) (T (a -0.25) (M 1.0000 -1.5708 -0.8660 0.5000))) (T (a -0.25) (M 1.0000 -0.5236 -0.8660 -0.5000))) (M 3.842 0 2.842 2.842))) (T (C (C (C (C (C (T (a -0.25) (M 1.0000 0.5236 0.0000 -1.0000)) (T (a -0.25) (M 1.0000 1.5708 0.8660 -0.5000))) (T (a -0.25) (M 1.0000 2.6180 0.8660 0.5000))) (T (a -0.25) (M 1.0000 -2.6180 0.0000 1.0000))) (T (a -0.25) (M 1.0000 -1.5708 -0.8660 0.5000))) (T (a -0.25) (M 1.0000 -0.5236 -0.8660 -0.5000))) (M 5.378 0 4.378 4.378))) (M 0.588 0 0 0)),6,concave,scale_outward,6,balanced_data/dim_balanced/regular_polygons/dim2/var1/images/239.png
