Unnamed: 0,image_path,condition,name,program,program_description,human_description
0,/scratch/gpfs/nb0564/vlm_reasoning/logo_experiment/images/train-110.png,train,4 medium semicircle s in a row_copy_1,(lambda (logo_forLoop 4 (lambda (lambda (logo_GETSET (lambda (logo_forLoop logo_IFTY (lambda (lambda (logo_FWRT (logo_MULL logo_epsL 2) logo_epsA $0))) $0)) (logo_PT (lambda (logo_FWRT logo_UL logo_ZA $0)) $0)))) $0)),4 medium semicircle s in a row,"['4 half circle s arranged in a horizontal line', '4 medium half circle s side by side curve on the right', '4 medium semicircle s in a row']"
1,/scratch/gpfs/nb0564/vlm_reasoning/logo_experiment/images/train-23.png,train,a medium semicircle connected by a medium line to a medium circle,(lambda (logo_forLoop logo_IFTY (lambda (lambda (logo_FWRT (logo_MULL logo_epsL 2) logo_epsA $0))) (logo_FWRT (logo_MULL logo_UL 2) logo_ZA (logo_forLoop logo_IFTY (lambda (lambda (logo_FWRT (logo_MULL logo_epsL 2) logo_epsA $0))) (logo_forLoop logo_IFTY (lambda (lambda (logo_FWRT (logo_MULL logo_epsL 2) logo_epsA $0))) $0))))),a medium semicircle connected by a medium line to a medium circle,"['lower case g on its left side', 'small circle connected to hook shape which looks like number 9', 'a small circle connected to a larger oval that is not closed', 'a 9 on its side']"
2,/scratch/gpfs/nb0564/vlm_reasoning/logo_experiment/images/train-48.png,train,5 sided snowflake with a short line and a medium 5 gon as arms,(lambda (logo_forLoop 5 (lambda (lambda (logo_GETSET (lambda (logo_FWRT (logo_MULL logo_UL 1) logo_ZA (logo_forLoop 5 (lambda (lambda (logo_FWRT (logo_MULL logo_UL 2) (logo_DIVA logo_UA 5) $0))) $0))) (logo_FWRT logo_ZL (logo_DIVA logo_UA 5) $0)))) $0)),5 sided snowflake with a short line and a medium 5 gon as arms,"['5 sided snowflake with 5 gon touching at the end of each arm', '5 5 gon s on a starburst', 'hexagon flower']"
3,/scratch/gpfs/nb0564/vlm_reasoning/logo_experiment/images/train-196.png,train,5 sided snowflake with a small triangle and a medium circle as arms,(lambda (logo_forLoop 5 (lambda (lambda (logo_GETSET (lambda (logo_PT (lambda (logo_FWRT logo_UL logo_ZA $0)) (logo_forLoop 3 (lambda (lambda (logo_FWRT (logo_MULL logo_UL 1) (logo_DIVA logo_UA 3) $0))) (logo_PT (lambda (logo_FWRT logo_UL logo_ZA $0)) (logo_forLoop logo_IFTY (lambda (lambda (logo_FWRT (logo_MULL logo_epsL 2) logo_epsA $0))) (logo_forLoop logo_IFTY (lambda (lambda (logo_FWRT (logo_MULL logo_epsL 2) logo_epsA $0))) $0)))))) (logo_FWRT logo_ZL (logo_DIVA logo_UA 5) $0)))) $0)),5 sided snowflake with a small triangle and a medium circle as arms,"['5 candy corn pointing in', '5 ice cream c1 s in a circle', '5 lamps in rounded', 'a 5 sided snowflake made of medium circle s connected to small triangles']"
4,/scratch/gpfs/nb0564/vlm_reasoning/logo_experiment/images/train-42.png,train,3 sided snowflake with a short space and a short line and a short space and a small square as arms,(lambda (logo_forLoop 3 (lambda (lambda (logo_GETSET (lambda (logo_PT (lambda (logo_FWRT logo_UL logo_ZA $0)) (logo_FWRT logo_UL logo_ZA (logo_PT (lambda (logo_FWRT logo_UL logo_ZA $0)) (logo_forLoop 4 (lambda (lambda (logo_FWRT (logo_MULL logo_UL 1) (logo_DIVA logo_UA 4) $0))) $0))))) (logo_FWRT logo_ZL (logo_DIVA logo_UA 3) $0)))) $0)),3 sided snowflake with a short space and a short line and a short space and a small square as arms,"['small square s and lines in a y formation', '3 point star made of lines and square s', '3 lines shooting out from middle square on the outside']"
5,/scratch/gpfs/nb0564/vlm_reasoning/logo_experiment/images/train-171.png,train,4 concentric square s_copy_4,(lambda (logo_forLoop 5 (lambda (lambda (logo_GETSET (lambda (logo_forLoop 4 (lambda (lambda (logo_FWRT (logo_MULL logo_UL $4) (logo_DIVA logo_UA 4) $0))) $0)) $0))) $0)),4 concentric square s,"['nested square with little damage at the top right corner', 'square s inside', '4 nested square s']"
6,/scratch/gpfs/nb0564/vlm_reasoning/logo_experiment/images/train-29.png,train,a 7 stepped staircase_copy_1,(lambda (logo_forLoop 7 (lambda (lambda (logo_FWRT logo_UL (logo_DIVA logo_UA 4) (logo_FWRT logo_UL (logo_DIVA logo_UA 4) (logo_FWRT logo_ZL (logo_DIVA logo_UA 2) $0))))) $0)),a 7 stepped staircase,"['a large 6 step stair going to the right', 'ladder shape object']"
7,/scratch/gpfs/nb0564/vlm_reasoning/logo_experiment/images/train-135.png,train,7 sided snowflake with a short space and a short line and a short space and a short line as arms,(lambda (logo_forLoop 7 (lambda (lambda (logo_GETSET (lambda (logo_PT (lambda (logo_FWRT logo_UL logo_ZA $0)) (logo_FWRT logo_UL logo_ZA (logo_PT (lambda (logo_FWRT logo_UL logo_ZA $0)) (logo_FWRT logo_UL logo_ZA $0))))) (logo_FWRT logo_ZL (logo_DIVA logo_UA 7) $0)))) $0)),7 sided snowflake with a short space and a short line and a short space and a short line as arms,"['line art', '6 lines each with 2 black lines separated by a white space and forming a pinwheel nothing is connected']"
8,/scratch/gpfs/nb0564/vlm_reasoning/logo_experiment/images/train-67.png,train,3 concentric square s_copy_0,(lambda (logo_forLoop 4 (lambda (lambda (logo_GETSET (lambda (logo_forLoop 4 (lambda (lambda (logo_FWRT (logo_MULL logo_UL $4) (logo_DIVA logo_UA 4) $0))) $0)) $0))) $0)),3 concentric square s,"['3 nesting square s', '3 nested square s', '3 nestled square s going small medium then large to the right', '3 nested square s']"
9,/scratch/gpfs/nb0564/vlm_reasoning/logo_experiment/images/train-154.png,train,6 sided snowflake with a medium space and a medium triangle as arms,(lambda (logo_forLoop 6 (lambda (lambda (logo_GETSET (lambda (logo_PT (lambda (logo_FWRT (logo_MULL logo_UL 2) logo_ZA $0)) (logo_forLoop 3 (lambda (lambda (logo_FWRT (logo_MULL logo_UL 2) (logo_DIVA logo_UA 3) $0))) $0))) (logo_FWRT logo_ZL (logo_DIVA logo_UA 6) $0)))) $0)),6 sided snowflake with a medium space and a medium triangle as arms,"['a 6 sided snowflake with a space and triangles for arms', '7 snowflake 7 sdoed triangles', '6 triangles unconnected']"
10,/scratch/gpfs/nb0564/vlm_reasoning/logo_experiment/images/train-80.png,train,3 short line s in a row,(lambda (logo_forLoop 3 (lambda (lambda (logo_GETSET (lambda (logo_FWRT logo_UL logo_ZA $0)) (logo_PT (lambda (logo_FWRT logo_UL logo_ZA $0)) $0)))) $0)),3 short line s in a row,"['medium horizontal line', 'medium horizontal line in the middle', 'medium horizontal line']"
11,/scratch/gpfs/nb0564/vlm_reasoning/logo_experiment/images/train-63.png,train,6 sided snowflake with a small semicircle as arms,(lambda (logo_forLoop 6 (lambda (lambda (logo_GETSET (lambda (logo_forLoop logo_IFTY (lambda (lambda (logo_FWRT (logo_MULL logo_epsL 1) logo_epsA $0))) $0)) (logo_FWRT logo_ZL (logo_DIVA logo_UA 6) $0)))) $0)),6 sided snowflake with a small semicircle as arms,"['3 tiny s shapes in an overlapped spiral', 'small sun with 6 arms', 'a snowflake with 6 curvy arms', '6 cc spiraling from middle']"
12,/scratch/gpfs/nb0564/vlm_reasoning/logo_experiment/images/train-150.png,train,a small 7 gon connected by a medium line to a small triangle,(lambda (logo_forLoop 7 (lambda (lambda (logo_FWRT (logo_MULL logo_UL 1) (logo_DIVA logo_UA 7) $0))) (logo_FWRT (logo_MULL logo_UL 2) logo_ZA (logo_forLoop 3 (lambda (lambda (logo_FWRT (logo_MULL logo_UL 1) (logo_DIVA logo_UA 3) $0))) $0)))),a small 7 gon connected by a medium line to a small triangle,"['medium heptagon connected to small triangle', '7 gon medium on the left side top of a medium line and a small triangle on the top right side of the line', 'medium 7 gon connected by line to small triangle']"
13,/scratch/gpfs/nb0564/vlm_reasoning/logo_experiment/images/train-84.png,train,5 short line s in a row,(lambda (logo_forLoop 5 (lambda (lambda (logo_GETSET (lambda (logo_FWRT logo_UL logo_ZA $0)) (logo_PT (lambda (logo_FWRT logo_UL logo_ZA $0)) $0)))) $0)),5 short line s in a row,"['a medium vertical line', 'a straihjt line', 'longer straight line']"
14,/scratch/gpfs/nb0564/vlm_reasoning/logo_experiment/images/train-131.png,train,4 medium semicircle s in a row,(lambda (logo_forLoop 4 (lambda (lambda (logo_GETSET (lambda (logo_forLoop logo_IFTY (lambda (lambda (logo_FWRT (logo_MULL logo_epsL 2) logo_epsA $0))) $0)) (logo_PT (lambda (logo_FWRT logo_UL logo_ZA $0)) $0)))) $0)),4 medium semicircle s in a row,"['4 semi circle s', '4 half circle s', '4 semi circle s arranged horizontally']"
15,/scratch/gpfs/nb0564/vlm_reasoning/logo_experiment/images/train-69.png,train,a 9 pointed star,(lambda (logo_forLoop 9 (lambda (lambda (logo_FWRT (logo_MULL logo_UL 4) (logo_SUBA (logo_DIVA logo_UA 2) (logo_DIVA (logo_DIVA logo_UA 2) 9)) $0))) $0)),a 9 pointed star,"['9 sided pointy star with a circle in the middle', 'star']"
16,/scratch/gpfs/nb0564/vlm_reasoning/logo_experiment/images/train-192.png,train,4 concentric square s_copy_1,(lambda (logo_forLoop 5 (lambda (lambda (logo_GETSET (lambda (logo_forLoop 4 (lambda (lambda (logo_FWRT (logo_MULL logo_UL $4) (logo_DIVA logo_UA 4) $0))) $0)) $0))) $0)),4 concentric square s,"['4 nested square s', '5 nested box', '4 square s inside each other wifi symbol']"
17,/scratch/gpfs/nb0564/vlm_reasoning/logo_experiment/images/train-46.png,train,3 small triangle s in a row,(lambda (logo_forLoop 3 (lambda (lambda (logo_GETSET (lambda (logo_forLoop 3 (lambda (lambda (logo_FWRT (logo_MULL logo_UL 1) (logo_DIVA logo_UA 3) $0))) $0)) (logo_PT (lambda (logo_FWRT logo_UL logo_ZA $0)) $0)))) $0)),3 small triangle s in a row,"['3 small touching triangles', '3 little triangles side by side', '3 triangle in a row', '3 small triangles in a row']"
18,/scratch/gpfs/nb0564/vlm_reasoning/logo_experiment/images/train-175.png,train,a small 7 gon connected by a medium line to a small semicircle,(lambda (logo_forLoop 7 (lambda (lambda (logo_FWRT (logo_MULL logo_UL 1) (logo_DIVA logo_UA 7) $0))) (logo_FWRT (logo_MULL logo_UL 2) logo_ZA (logo_forLoop logo_IFTY (lambda (lambda (logo_FWRT (logo_MULL logo_epsL 1) logo_epsA $0))) $0)))),a small 7 gon connected by a medium line to a small semicircle,"['asa', '7 gon with a candy cane connected to the base of it']"
19,/scratch/gpfs/nb0564/vlm_reasoning/logo_experiment/images/train-198.png,train,3 sided snowflake with a small 7 gon as arms,(lambda (logo_forLoop 3 (lambda (lambda (logo_GETSET (lambda (logo_forLoop 7 (lambda (lambda (logo_FWRT (logo_MULL logo_UL 1) (logo_DIVA logo_UA 7) $0))) $0)) (logo_FWRT logo_ZL (logo_DIVA logo_UA 3) $0)))) $0)),3 sided snowflake with a small 7 gon as arms,"['3 sided snowflake that is made up of 3 7 gon s', '3 7 gon s attached', '3 octagon']"
20,/scratch/gpfs/nb0564/vlm_reasoning/logo_experiment/images/train-114.png,train,8 sided snowflake with a small triangle as arms,(lambda (logo_forLoop 8 (lambda (lambda (logo_GETSET (lambda (logo_forLoop 3 (lambda (lambda (logo_FWRT (logo_MULL logo_UL 1) (logo_DIVA logo_UA 3) $0))) $0)) (logo_FWRT logo_ZL (logo_DIVA logo_UA 8) $0)))) $0)),8 sided snowflake with a small triangle as arms,"['a small 8 sided snowflake with lines connecting for arms', 'octagon fiolled with 9 balck sied', 'shaded black pinwheel']"
21,/scratch/gpfs/nb0564/vlm_reasoning/logo_experiment/images/train-27.png,train,7 sided snowflake with a short line and a small 8 gon as arms,(lambda (logo_forLoop 7 (lambda (lambda (logo_GETSET (lambda (logo_FWRT (logo_MULL logo_UL 1) logo_ZA (logo_forLoop 8 (lambda (lambda (logo_FWRT (logo_MULL logo_UL 1) (logo_DIVA logo_UA 8) $0))) $0))) (logo_FWRT logo_ZL (logo_DIVA logo_UA 7) $0)))) $0)),7 sided snowflake with a short line and a small 8 gon as arms,"['a snowflake with 8 gon with a small space and a circle with 7 gon s as arms', '7 flake with med 8 gon arms overlapping', '7 small lined snowflake pattern connecting to 8 sided polygon', 'flower made up of 7 arms of 8 gon s']"
22,/scratch/gpfs/nb0564/vlm_reasoning/logo_experiment/images/train-140.png,train,8 sided snowflake with a short space and a short line and a short space and a small 5 gon as arms,(lambda (logo_forLoop 8 (lambda (lambda (logo_GETSET (lambda (logo_PT (lambda (logo_FWRT logo_UL logo_ZA $0)) (logo_FWRT logo_UL logo_ZA (logo_PT (lambda (logo_FWRT logo_UL logo_ZA $0)) (logo_forLoop 5 (lambda (lambda (logo_FWRT (logo_MULL logo_UL 1) (logo_DIVA logo_UA 5) $0))) $0))))) (logo_FWRT logo_ZL (logo_DIVA logo_UA 8) $0)))) $0)),8 sided snowflake with a short space and a short line and a short space and a small 5 gon as arms,"['8 medium lines arranged in a circle inside of 8 pentagon s', '8 medium 5 gon s with spaces between each and 8 small lines in a circle inside with spaces between each', '8 sided snowflake with floating line and pentagon arms']"
23,/scratch/gpfs/nb0564/vlm_reasoning/logo_experiment/images/train-73.png,train,a small square connected by a big line to a small 9 gon,(lambda (logo_forLoop 4 (lambda (lambda (logo_FWRT (logo_MULL logo_UL 1) (logo_DIVA logo_UA 4) $0))) (logo_FWRT (logo_MULL logo_UL 5) logo_ZA (logo_forLoop 9 (lambda (lambda (logo_FWRT (logo_MULL logo_UL 1) (logo_DIVA logo_UA 9) $0))) $0)))),a small square connected by a big line to a small 9 gon,"['a small square connected by a medium line to a medium 9 gon', '1 small square connected by medium line to medium 9 gon', 'a small square on the left attached by a straight line to a larger 9 gon on the right', 'a square is connected to a 6 on its side']"
24,/scratch/gpfs/nb0564/vlm_reasoning/logo_experiment/images/train-18.png,train,a big semicircle,(lambda (logo_forLoop logo_IFTY (lambda (lambda (logo_FWRT (logo_MULL logo_epsL 5) logo_epsA $0))) $0)),a big semicircle,"['semicircle', 'a semi circle', 'half circle']"
25,/scratch/gpfs/nb0564/vlm_reasoning/logo_experiment/images/train-94.png,train,3 sided snowflake with a medium space and a small 6 gon as arms,(lambda (logo_forLoop 3 (lambda (lambda (logo_GETSET (lambda (logo_PT (lambda (logo_FWRT (logo_MULL logo_UL 2) logo_ZA $0)) (logo_forLoop 6 (lambda (lambda (logo_FWRT (logo_MULL logo_UL 1) (logo_DIVA logo_UA 6) $0))) $0))) (logo_FWRT logo_ZL (logo_DIVA logo_UA 3) $0)))) $0)),3 sided snowflake with a medium space and a small 6 gon as arms,"['3 sided snowflake with a space and 6 gon for arms', '3 pentagon s', '3 non connected 6 g1']"
26,/scratch/gpfs/nb0564/vlm_reasoning/logo_experiment/images/train-12.png,train,a small 9 gon,(lambda (logo_forLoop 9 (lambda (lambda (logo_FWRT (logo_MULL logo_UL 1) (logo_DIVA logo_UA 9) $0))) $0)),a small 9 gon,"['9 sided polygon', 'octagon', '9 sided polygoncircle in the middle']"
27,/scratch/gpfs/nb0564/vlm_reasoning/logo_experiment/images/train-121.png,train,2 concentric circle s_copy_1,(lambda (logo_forLoop 3 (lambda (lambda (logo_forLoop logo_IFTY (lambda (lambda (logo_FWRT (logo_MULL logo_epsL $3) logo_epsA $0))) (logo_forLoop logo_IFTY (lambda (lambda (logo_FWRT (logo_MULL logo_epsL $3) logo_epsA $0))) $0)))) $0)),2 concentric circle s,"['circle within circle', 'small circle in larger circle', 'a small circle with a medium circle overlapped']"
28,/scratch/gpfs/nb0564/vlm_reasoning/logo_experiment/images/train-79.png,train,3 sided snowflake with a medium line and a small 9 gon as arms,(lambda (logo_forLoop 3 (lambda (lambda (logo_GETSET (lambda (logo_FWRT (logo_MULL logo_UL 2) logo_ZA (logo_forLoop 9 (lambda (lambda (logo_FWRT (logo_MULL logo_UL 1) (logo_DIVA logo_UA 9) $0))) $0))) (logo_FWRT logo_ZL (logo_DIVA logo_UA 3) $0)))) $0)),3 sided snowflake with a medium line and a small 9 gon as arms,"['3 9 shaped objects connected by 3 lines making a y shape', '3 wheel']"
29,/scratch/gpfs/nb0564/vlm_reasoning/logo_experiment/images/train-7.png,train,a medium 6 gon,(lambda (logo_forLoop 6 (lambda (lambda (logo_FWRT (logo_MULL logo_UL 2) (logo_DIVA logo_UA 6) $0))) $0)),a medium 6 gon,"['6 sided gon', 'large 6 gon', 'medium to large 6 sided polygon', '6 gon']"
30,/scratch/gpfs/nb0564/vlm_reasoning/logo_experiment/images/train-182.png,train,7 sided snowflake with a short space and a short line and a short space and a small triangle as arms,(lambda (logo_forLoop 7 (lambda (lambda (logo_GETSET (lambda (logo_PT (lambda (logo_FWRT logo_UL logo_ZA $0)) (logo_FWRT logo_UL logo_ZA (logo_PT (lambda (logo_FWRT logo_UL logo_ZA $0)) (logo_forLoop 3 (lambda (lambda (logo_FWRT (logo_MULL logo_UL 1) (logo_DIVA logo_UA 3) $0))) $0))))) (logo_FWRT logo_ZL (logo_DIVA logo_UA 7) $0)))) $0)),7 sided snowflake with a short space and a short line and a short space and a small triangle as arms,"['a 7 sided snowflake with 7 triangles and lines', '7 point snowflake made of lines and triangles', '7 lines in the middle shooting out and triangles going counter clockwise']"
31,/scratch/gpfs/nb0564/vlm_reasoning/logo_experiment/images/train-165.png,train,a medium triangle connected by a big line to a small square,(lambda (logo_forLoop 3 (lambda (lambda (logo_FWRT (logo_MULL logo_UL 2) (logo_DIVA logo_UA 3) $0))) (logo_FWRT (logo_MULL logo_UL 5) logo_ZA (logo_forLoop 4 (lambda (lambda (logo_FWRT (logo_MULL logo_UL 1) (logo_DIVA logo_UA 4) $0))) $0)))),a medium triangle connected by a big line to a small square,"['line art', 'a triangle and a square connected to each other via a line at the base']"
32,/scratch/gpfs/nb0564/vlm_reasoning/logo_experiment/images/train-56.png,train,a small 9 gon connected by a big line to a small 8 gon,(lambda (logo_forLoop 9 (lambda (lambda (logo_FWRT (logo_MULL logo_UL 1) (logo_DIVA logo_UA 9) $0))) (logo_FWRT (logo_MULL logo_UL 5) logo_ZA (logo_forLoop 8 (lambda (lambda (logo_FWRT (logo_MULL logo_UL 1) (logo_DIVA logo_UA 8) $0))) $0)))),a small 9 gon connected by a big line to a small 8 gon,"['8 gon l underline small 8 gon r', 'a 9 gon connected to an octagon by a line', '9 shape with 8 shape', 'a 9 gon connected by a long line to an octagon']"
33,/scratch/gpfs/nb0564/vlm_reasoning/logo_experiment/images/train-188.png,train,a small circle connected by a medium line to a small 8 gon,(lambda (logo_forLoop logo_IFTY (lambda (lambda (logo_FWRT (logo_MULL logo_epsL 1) logo_epsA $0))) (logo_forLoop logo_IFTY (lambda (lambda (logo_FWRT (logo_MULL logo_epsL 1) logo_epsA $0))) (logo_FWRT (logo_MULL logo_UL 2) logo_ZA (logo_forLoop 8 (lambda (lambda (logo_FWRT (logo_MULL logo_UL 1) (logo_DIVA logo_UA 8) $0))) $0))))),a small circle connected by a medium line to a small 8 gon,"['small circle connected to 8 gon via a line', 'a circle attached to a 8 gon by a line', 'octacgon with tail']"
34,/scratch/gpfs/nb0564/vlm_reasoning/logo_experiment/images/train-37.png,train,6 small 5 gon s in a row,(lambda (logo_forLoop 6 (lambda (lambda (logo_GETSET (lambda (logo_forLoop 5 (lambda (lambda (logo_FWRT (logo_MULL logo_UL 1) (logo_DIVA logo_UA 5) $0))) $0)) (logo_PT (lambda (logo_FWRT logo_UL logo_ZA $0)) $0)))) $0)),6 small 5 gon s in a row,"['6 4 sided gon in a row with a long line at the bottom', '6 5 gon s in a row overlapping', '6 overlapped pentagon s going left to right', '6 pentagon s overlapping each other']"
35,/scratch/gpfs/nb0564/vlm_reasoning/logo_experiment/images/train-104.png,train,a short line next to a small 6 gon,(lambda (logo_FWRT logo_UL logo_ZA (logo_PT (lambda (logo_FWRT (logo_MULL logo_UL 2) logo_ZA $0)) (logo_forLoop 6 (lambda (lambda (logo_FWRT (logo_MULL logo_UL 1) (logo_DIVA logo_UA 6) $0))) $0)))),a short line next to a small 6 gon,"['a small dash and a medium 6 gon', 'shoirt loine with a 5 sided medium gon', 'line on left and 6 gon on the right']"
36,/scratch/gpfs/nb0564/vlm_reasoning/logo_experiment/images/train-33.png,train,a 4 stepped staircase_copy_2,(lambda (logo_forLoop 4 (lambda (lambda (logo_FWRT logo_UL (logo_DIVA logo_UA 4) (logo_FWRT logo_UL (logo_DIVA logo_UA 4) (logo_FWRT logo_ZL (logo_DIVA logo_UA 2) $0))))) $0)),a 4 stepped staircase,"['small zigzag of 4 steps', '4 stepped staircase', 'a 4 step staircase', '4 stairs']"
37,/scratch/gpfs/nb0564/vlm_reasoning/logo_experiment/images/train-100.png,train,a small 9 gon next to a medium square,(lambda (logo_forLoop 9 (lambda (lambda (logo_FWRT (logo_MULL logo_UL 1) (logo_DIVA logo_UA 9) $0))) (logo_PT (lambda (logo_FWRT (logo_MULL logo_UL 2) logo_ZA $0)) (logo_forLoop 4 (lambda (lambda (logo_FWRT (logo_MULL logo_UL 2) (logo_DIVA logo_UA 4) $0))) $0)))),a small 9 gon next to a medium square,"['a large nonagon next to a medium square', '1 medium 8 gon with 1 flat side up against the left top side of a medium square', '9 gon touching a square']"
38,/scratch/gpfs/nb0564/vlm_reasoning/logo_experiment/images/train-58.png,train,3 sided snowflake with a short space and a short line and a short space and a medium semicircle as arms,(lambda (logo_forLoop 3 (lambda (lambda (logo_GETSET (lambda (logo_PT (lambda (logo_FWRT logo_UL logo_ZA $0)) (logo_FWRT logo_UL logo_ZA (logo_PT (lambda (logo_FWRT logo_UL logo_ZA $0)) (logo_forLoop logo_IFTY (lambda (lambda (logo_FWRT (logo_MULL logo_epsL 2) logo_epsA $0))) $0))))) (logo_FWRT logo_ZL (logo_DIVA logo_UA 3) $0)))) $0)),3 sided snowflake with a short space and a short line and a short space and a medium semicircle as arms,"['3 sided snowflake with arms that are lines with a semi circle at the end', '3 candy cane shapes with spaces in them', 'boomerang']"
39,/scratch/gpfs/nb0564/vlm_reasoning/logo_experiment/images/train-186.png,train,3 sided snowflake with a small triangle and a small 5 gon as arms,(lambda (logo_forLoop 3 (lambda (lambda (logo_GETSET (lambda (logo_PT (lambda (logo_FWRT logo_UL logo_ZA $0)) (logo_forLoop 3 (lambda (lambda (logo_FWRT (logo_MULL logo_UL 1) (logo_DIVA logo_UA 3) $0))) (logo_PT (lambda (logo_FWRT logo_UL logo_ZA $0)) (logo_forLoop 5 (lambda (lambda (logo_FWRT (logo_MULL logo_UL 1) (logo_DIVA logo_UA 5) $0))) $0))))) (logo_FWRT logo_ZL (logo_DIVA logo_UA 3) $0)))) $0)),3 sided snowflake with a small triangle and a small 5 gon as arms,"['3 spaced 5 gon s each connected to small triangles', '3 pentagon s and triangles as spokes of a wheel', '3 different objects', '3 medium pentagon shapes with 3 small triangles attached to each 1']"
40,/scratch/gpfs/nb0564/vlm_reasoning/logo_experiment/images/train-161.png,train,a small semicircle connected by a big line to a medium circle,(lambda (logo_forLoop logo_IFTY (lambda (lambda (logo_FWRT (logo_MULL logo_epsL 1) logo_epsA $0))) (logo_FWRT (logo_MULL logo_UL 5) logo_ZA (logo_forLoop logo_IFTY (lambda (lambda (logo_FWRT (logo_MULL logo_epsL 2) logo_epsA $0))) (logo_forLoop logo_IFTY (lambda (lambda (logo_FWRT (logo_MULL logo_epsL 2) logo_epsA $0))) $0))))),a small semicircle connected by a big line to a medium circle,"['broken paperclip', 'short paperclip', 'a medium circle connected by a line to a small semi circle']"
41,/scratch/gpfs/nb0564/vlm_reasoning/logo_experiment/images/train-52.png,train,a medium triangle separated by a big space from a small 9 gon,(lambda (logo_forLoop 3 (lambda (lambda (logo_FWRT (logo_MULL logo_UL 2) (logo_DIVA logo_UA 3) $0))) (logo_PT (lambda (logo_FWRT (logo_MULL logo_UL 5) logo_ZA $0)) (logo_forLoop 9 (lambda (lambda (logo_FWRT (logo_MULL logo_UL 1) (logo_DIVA logo_UA 9) $0))) $0)))),a medium triangle separated by a big space from a small 9 gon,"['a small triangle close to a bigger 9 sided polygon', 'triangle and hexagon spaced', 'small triangle on the left and circle on the right spaced out']"
42,/scratch/gpfs/nb0564/vlm_reasoning/logo_experiment/images/train-39.png,train,7 sided snowflake with a small semicircle and a short line as arms,(lambda (logo_forLoop 7 (lambda (lambda (logo_GETSET (lambda (logo_PT (lambda (logo_FWRT logo_UL logo_ZA $0)) (logo_forLoop logo_IFTY (lambda (lambda (logo_FWRT (logo_MULL logo_epsL 1) logo_epsA $0))) (logo_PT (lambda (logo_FWRT logo_UL logo_ZA $0)) (logo_FWRT logo_UL logo_ZA $0))))) (logo_FWRT logo_ZL (logo_DIVA logo_UA 7) $0)))) $0)),7 sided snowflake with a small semicircle and a short line as arms,"['7 clouds on top of each other going in a circle making a star shape', 'ring flower']"
43,/scratch/gpfs/nb0564/vlm_reasoning/logo_experiment/images/train-16.png,train,a medium semicircle,(lambda (logo_forLoop logo_IFTY (lambda (lambda (logo_FWRT (logo_MULL logo_epsL 2) logo_epsA $0))) $0)),a medium semicircle,"['right half circle', 'a small right half of a semicircle', 'an half circle', 'half a circle']"
44,/scratch/gpfs/nb0564/vlm_reasoning/logo_experiment/images/train-125.png,train,3 sided snowflake with a medium line and a small 6 gon as arms,(lambda (logo_forLoop 3 (lambda (lambda (logo_GETSET (lambda (logo_FWRT (logo_MULL logo_UL 2) logo_ZA (logo_forLoop 6 (lambda (lambda (logo_FWRT (logo_MULL logo_UL 1) (logo_DIVA logo_UA 6) $0))) $0))) (logo_FWRT logo_ZL (logo_DIVA logo_UA 3) $0)))) $0)),3 sided snowflake with a medium line and a small 6 gon as arms,"['sa', '3 hexagon s each with a line extending off of them and connecting at the center']"
45,/scratch/gpfs/nb0564/vlm_reasoning/logo_experiment/images/train-3.png,train,a medium square,(lambda (logo_forLoop 4 (lambda (lambda (logo_FWRT (logo_MULL logo_UL 2) (logo_DIVA logo_UA 4) $0))) $0)),a medium square,"['a medium square', '1 medium square', 'a square', 'a medium square']"
46,/scratch/gpfs/nb0564/vlm_reasoning/logo_experiment/images/train-144.png,train,3 sided snowflake with a medium space and a medium triangle as arms,(lambda (logo_forLoop 3 (lambda (lambda (logo_GETSET (lambda (logo_PT (lambda (logo_FWRT (logo_MULL logo_UL 2) logo_ZA $0)) (logo_forLoop 3 (lambda (lambda (logo_FWRT (logo_MULL logo_UL 2) (logo_DIVA logo_UA 3) $0))) $0))) (logo_FWRT logo_ZL (logo_DIVA logo_UA 3) $0)))) $0)),3 sided snowflake with a medium space and a medium triangle as arms,"['a 3 sided snowflake with a large space and triangles for arms', '3 med traingles', '3 traingles']"
47,/scratch/gpfs/nb0564/vlm_reasoning/logo_experiment/images/train-77.png,train,a medium semicircle next to a small 9 gon,(lambda (logo_forLoop logo_IFTY (lambda (lambda (logo_FWRT (logo_MULL logo_epsL 2) logo_epsA $0))) (logo_PT (lambda (logo_FWRT (logo_MULL logo_UL 2) logo_ZA $0)) (logo_forLoop 9 (lambda (lambda (logo_FWRT (logo_MULL logo_UL 1) (logo_DIVA logo_UA 9) $0))) $0)))),a medium semicircle next to a small 9 gon,"['a 9 sided gon and a semicircle', '9 gon next to small semicircle', 'medium to large 9 sided polygon on left and small semi circle on the left facing the left not touching', 'medium 9 gon next to small semicircle']"
48,/scratch/gpfs/nb0564/vlm_reasoning/logo_experiment/images/train-90.png,train,a medium 5 gon separated by a big space from a short line,(lambda (logo_forLoop 5 (lambda (lambda (logo_FWRT (logo_MULL logo_UL 2) (logo_DIVA logo_UA 5) $0))) (logo_PT (lambda (logo_FWRT (logo_MULL logo_UL 5) logo_ZA $0)) (logo_FWRT logo_UL logo_ZA $0)))),a medium 5 gon separated by a big space from a short line,"['large pentagon with a small line to the right', 'on large 5 g1 point up and big space then small line on the right', 'big pentagon far from short low line']"
49,/scratch/gpfs/nb0564/vlm_reasoning/logo_experiment/images/train-9.png,train,a medium 7 gon,(lambda (logo_forLoop 7 (lambda (lambda (logo_FWRT (logo_MULL logo_UL 2) (logo_DIVA logo_UA 7) $0))) $0)),a medium 7 gon,"['a 6 sided hexagon', 'its an hexagon it has 7 sides']"
50,/scratch/gpfs/nb0564/vlm_reasoning/logo_experiment/images/train-136.png,train,8 sided snowflake with a short line and a medium circle as arms,(lambda (logo_forLoop 8 (lambda (lambda (logo_GETSET (lambda (logo_PT (lambda (logo_FWRT logo_UL logo_ZA $0)) (logo_FWRT logo_UL logo_ZA (logo_PT (lambda (logo_FWRT logo_UL logo_ZA $0)) (logo_forLoop logo_IFTY (lambda (lambda (logo_FWRT (logo_MULL logo_epsL 2) logo_epsA $0))) (logo_forLoop logo_IFTY (lambda (lambda (logo_FWRT (logo_MULL logo_epsL 2) logo_epsA $0))) $0)))))) (logo_FWRT logo_ZL (logo_DIVA logo_UA 8) $0)))) $0)),8 sided snowflake with a short line and a medium circle as arms,"['flower', 'circle s made of circle s', 'an 8 sided snowflake with a black center and 8 overlapping circle s as arms']"
51,/scratch/gpfs/nb0564/vlm_reasoning/logo_experiment/images/train-89.png,train,6 sided snowflake with a short space and a small semicircle as arms,(lambda (logo_forLoop 6 (lambda (lambda (logo_GETSET (lambda (logo_PT (lambda (logo_FWRT (logo_MULL logo_UL 1) logo_ZA $0)) (logo_forLoop logo_IFTY (lambda (lambda (logo_FWRT (logo_MULL logo_epsL 1) logo_epsA $0))) $0))) (logo_FWRT logo_ZL (logo_DIVA logo_UA 6) $0)))) $0)),6 sided snowflake with a short space and a small semicircle as arms,"['disconnected 6 sided star with round edges', 'ring circle']"
52,/scratch/gpfs/nb0564/vlm_reasoning/logo_experiment/images/train-157.png,train,a small 8 gon next to a small 5 gon,(lambda (logo_forLoop 8 (lambda (lambda (logo_FWRT (logo_MULL logo_UL 1) (logo_DIVA logo_UA 8) $0))) (logo_PT (lambda (logo_FWRT (logo_MULL logo_UL 2) logo_ZA $0)) (logo_forLoop 5 (lambda (lambda (logo_FWRT (logo_MULL logo_UL 1) (logo_DIVA logo_UA 5) $0))) $0)))),a small 8 gon next to a small 5 gon,"['a 8 sided gon beside a 5 sided gon', '8 gon next to 5 gon', 'medium octagon on left touching a small pentagon on right at 1 point', 'medium 8 gon next to small 5 gon']"
53,/scratch/gpfs/nb0564/vlm_reasoning/logo_experiment/images/train-64.png,train,a greek spiral with 8 turns,(lambda (logo_forLoop 9 (lambda (lambda (logo_FWRT (logo_MULL logo_UL $1) (logo_DIVA logo_UA 4) $0))) $0)),a greek spiral with 8 turns,"['a long line that curls in on itself at right angles', 'lines evolving concentrically', 'e shape']"
54,/scratch/gpfs/nb0564/vlm_reasoning/logo_experiment/images/train-83.png,train,8 sided snowflake with a short space and a short line and a short space and a small circle as arms,(lambda (logo_forLoop 8 (lambda (lambda (logo_GETSET (lambda (logo_PT (lambda (logo_FWRT logo_UL logo_ZA $0)) (logo_FWRT logo_UL logo_ZA (logo_PT (lambda (logo_FWRT logo_UL logo_ZA $0)) (logo_forLoop logo_IFTY (lambda (lambda (logo_FWRT (logo_MULL logo_epsL 1) logo_epsA $0))) (logo_forLoop logo_IFTY (lambda (lambda (logo_FWRT (logo_MULL logo_epsL 1) logo_epsA $0))) $0)))))) (logo_FWRT logo_ZL (logo_DIVA logo_UA 8) $0)))) $0)),8 sided snowflake with a short space and a short line and a short space and a small circle as arms,"['a sunburst of 8 short lines with tiny circle s just past the outer ends', 'small space in middle with 8 small lines with 8 small circle arms', '8 small circle s on the outside with 8 small detached lines on the inside', '8 small circle s with lines going inward']"
55,/scratch/gpfs/nb0564/vlm_reasoning/logo_experiment/images/train-178.png,train,a 4 stepped zigzag,(lambda (logo_FWRT logo_ZL (logo_DIVA logo_UA 8) (logo_forLoop 4 (lambda (lambda (logo_FWRT logo_UL (logo_DIVA logo_UA 4) (logo_FWRT logo_UL (logo_ADDA (logo_DIVA logo_UA 2) (logo_DIVA logo_UA 4)) $0)))) $0))),a 4 stepped zigzag,"['4 step ladder going from top to bottom', 'squiggly line with 8 dashes', 'zig zag long']"
56,/scratch/gpfs/nb0564/vlm_reasoning/logo_experiment/images/train-20.png,train,a short line,(lambda (logo_FWRT logo_UL logo_ZA $0)),a short line,"['short horizontal line', 'short line horizontal', 'short horizontal line']"
57,/scratch/gpfs/nb0564/vlm_reasoning/logo_experiment/images/train-113.png,train,6 sided snowflake with a small triangle as arms,(lambda (logo_forLoop 6 (lambda (lambda (logo_GETSET (lambda (logo_forLoop 3 (lambda (lambda (logo_FWRT (logo_MULL logo_UL 1) (logo_DIVA logo_UA 3) $0))) $0)) (logo_FWRT logo_ZL (logo_DIVA logo_UA 6) $0)))) $0)),6 sided snowflake with a small triangle as arms,"['6 gon made of 6 tiny triangles touching', 'small 6 gon made up of 6 smaller triangles', 'a 6 sided gon that is divided into 6 triangles on the inside', 'a 6 gon divided into triangles']"
58,/scratch/gpfs/nb0564/vlm_reasoning/logo_experiment/images/train-195.png,train,8 sided snowflake with a small 5 gon and a short line as arms,(lambda (logo_forLoop 8 (lambda (lambda (logo_GETSET (lambda (logo_PT (lambda (logo_FWRT logo_UL logo_ZA $0)) (logo_forLoop 5 (lambda (lambda (logo_FWRT (logo_MULL logo_UL 1) (logo_DIVA logo_UA 5) $0))) (logo_PT (lambda (logo_FWRT logo_UL logo_ZA $0)) (logo_FWRT logo_UL logo_ZA $0))))) (logo_FWRT logo_ZL (logo_DIVA logo_UA 8) $0)))) $0)),8 sided snowflake with a small 5 gon and a short line as arms,"['sa', '8 pentagon s connecting to each other with each 1 separated by a line kind of looks like a ninja star or a weapon']"
59,/scratch/gpfs/nb0564/vlm_reasoning/logo_experiment/images/train-119.png,train,6 sided snowflake with a short line as arms,(lambda (logo_forLoop 6 (lambda (lambda (logo_GETSET (lambda (logo_FWRT logo_UL logo_ZA $0)) (logo_FWRT logo_ZL (logo_DIVA logo_UA 6) $0)))) $0)),6 sided snowflake with a short line as arms,"['star symbol on a ph1', 'its has a star shape']"
60,/scratch/gpfs/nb0564/vlm_reasoning/logo_experiment/images/train-172.png,train,5 sided snowflake with a medium line and a small 7 gon as arms,(lambda (logo_forLoop 5 (lambda (lambda (logo_GETSET (lambda (logo_FWRT (logo_MULL logo_UL 2) logo_ZA (logo_forLoop 7 (lambda (lambda (logo_FWRT (logo_MULL logo_UL 1) (logo_DIVA logo_UA 7) $0))) $0))) (logo_FWRT logo_ZL (logo_DIVA logo_UA 5) $0)))) $0)),5 sided snowflake with a medium line and a small 7 gon as arms,"['5 7 sided polygon s connected by 5 lines to a single point', 'snowflake made with hexagon s', '5 circle s in clover']"
61,/scratch/gpfs/nb0564/vlm_reasoning/logo_experiment/images/train-41.png,train,4 small square s in a row,(lambda (logo_forLoop 4 (lambda (lambda (logo_GETSET (lambda (logo_forLoop 4 (lambda (lambda (logo_FWRT (logo_MULL logo_UL 1) (logo_DIVA logo_UA 4) $0))) $0)) (logo_PT (lambda (logo_FWRT logo_UL logo_ZA $0)) $0)))) $0)),4 small square s in a row,"['4 square s', '4 square s', '4 square s sharing sides arranged horizontally']"
62,/scratch/gpfs/nb0564/vlm_reasoning/logo_experiment/images/train-191.png,train,a small semicircle connected by a medium line to a medium triangle,(lambda (logo_forLoop logo_IFTY (lambda (lambda (logo_FWRT (logo_MULL logo_epsL 1) logo_epsA $0))) (logo_FWRT (logo_MULL logo_UL 2) logo_ZA (logo_forLoop 3 (lambda (lambda (logo_FWRT (logo_MULL logo_UL 2) (logo_DIVA logo_UA 3) $0))) $0)))),a small semicircle connected by a medium line to a medium triangle,"['broken half umbrella', 'triangle clip', 'a triangle connected to a small semi circle by a line']"
63,/scratch/gpfs/nb0564/vlm_reasoning/logo_experiment/images/train-176.png,train,a 5 stepped zigzag,(lambda (logo_FWRT logo_ZL (logo_DIVA logo_UA 8) (logo_forLoop 5 (lambda (lambda (logo_FWRT logo_UL (logo_DIVA logo_UA 4) (logo_FWRT logo_UL (logo_ADDA (logo_DIVA logo_UA 2) (logo_DIVA logo_UA 4)) $0)))) $0))),a 5 stepped zigzag,"['zigzag vertical', '5 greater than signs on top of each other', 'zig zag', 'a vertical zig zag made of 1 0 short lines']"
64,/scratch/gpfs/nb0564/vlm_reasoning/logo_experiment/images/train-45.png,train,a small 8 gon next to a small 7 gon,(lambda (logo_forLoop 8 (lambda (lambda (logo_FWRT (logo_MULL logo_UL 1) (logo_DIVA logo_UA 8) $0))) (logo_PT (lambda (logo_FWRT (logo_MULL logo_UL 2) logo_ZA $0)) (logo_forLoop 7 (lambda (lambda (logo_FWRT (logo_MULL logo_UL 1) (logo_DIVA logo_UA 7) $0))) $0)))),a small 8 gon next to a small 7 gon,"['sdsa', 'an octagon slightly going into the left side of a 7 gon']"
65,/scratch/gpfs/nb0564/vlm_reasoning/logo_experiment/images/train-24.png,train,a 4 stepped staircase_copy_3,(lambda (logo_forLoop 4 (lambda (lambda (logo_FWRT logo_UL (logo_DIVA logo_UA 4) (logo_FWRT logo_UL (logo_DIVA logo_UA 4) (logo_FWRT logo_ZL (logo_DIVA logo_UA 2) $0))))) $0)),a 4 stepped staircase,"['medium zig zag horizontal lines with 4 bottom points', 'wavy line', 'shorter squiggly line pointing right']"
66,/scratch/gpfs/nb0564/vlm_reasoning/logo_experiment/images/train-117.png,train,8 concentric circle s_copy_3,(lambda (logo_forLoop 9 (lambda (lambda (logo_forLoop logo_IFTY (lambda (lambda (logo_FWRT (logo_MULL logo_epsL $3) logo_epsA $0))) (logo_forLoop logo_IFTY (lambda (lambda (logo_FWRT (logo_MULL logo_epsL $3) logo_epsA $0))) $0)))) $0)),8 concentric circle s,"['8 nesting circle s', '8 nested circle s', 'nestled circle s inside 1 another going from large to small', '8 nested circle s']"
67,/scratch/gpfs/nb0564/vlm_reasoning/logo_experiment/images/train-138.png,train,6 short line s in a row,(lambda (logo_forLoop 6 (lambda (lambda (logo_GETSET (lambda (logo_FWRT logo_UL logo_ZA $0)) (logo_PT (lambda (logo_FWRT logo_UL logo_ZA $0)) $0)))) $0)),6 short line s in a row,"['horizontal line', 'a straight line', 'straight line']"
68,/scratch/gpfs/nb0564/vlm_reasoning/logo_experiment/images/train-153.png,train,7 sided snowflake with a medium 5 gon as arms,(lambda (logo_forLoop 7 (lambda (lambda (logo_GETSET (lambda (logo_forLoop 5 (lambda (lambda (logo_FWRT (logo_MULL logo_UL 2) (logo_DIVA logo_UA 5) $0))) $0)) (logo_FWRT logo_ZL (logo_DIVA logo_UA 7) $0)))) $0)),7 sided snowflake with a medium 5 gon as arms,"['7 overlapped 5 gon s that make a flower with 7 petals in the center', '4 5 gon s connected in the middle with 3 more 5 gon s connected behind them to make flower shape', 'overlapping pentagon s with 7 boded lines in the middle', '7 pentagon s joined together']"
69,/scratch/gpfs/nb0564/vlm_reasoning/logo_experiment/images/train-60.png,train,7 sided snowflake with a medium semicircle and a short line as arms,(lambda (logo_forLoop 7 (lambda (lambda (logo_GETSET (lambda (logo_PT (lambda (logo_FWRT logo_UL logo_ZA $0)) (logo_forLoop logo_IFTY (lambda (lambda (logo_FWRT (logo_MULL logo_epsL 2) logo_epsA $0))) (logo_PT (lambda (logo_FWRT logo_UL logo_ZA $0)) (logo_FWRT logo_UL logo_ZA $0))))) (logo_FWRT logo_ZL (logo_DIVA logo_UA 7) $0)))) $0)),7 sided snowflake with a medium semicircle and a short line as arms,"['7 medium half circle s with lines through them spaced in a large circle', '7 half circle s in a snowflake shape with a short line on the right side of each 1', '7 sided snowflake with semicircle s and short lines for arms']"
70,/scratch/gpfs/nb0564/vlm_reasoning/logo_experiment/images/train-87.png,train,a 7 stepped staircase_copy_5,(lambda (logo_forLoop 7 (lambda (lambda (logo_FWRT logo_UL (logo_DIVA logo_UA 4) (logo_FWRT logo_UL (logo_DIVA logo_UA 4) (logo_FWRT logo_ZL (logo_DIVA logo_UA 2) $0))))) $0)),a 7 stepped staircase,"['a small line going to the right a small line going up and a continuous repeat pattern for 7 times', 'staircase with 7 steps', 'stairway pattern going up from left to right', '7 step ladder']"
71,/scratch/gpfs/nb0564/vlm_reasoning/logo_experiment/images/train-159.png,train,a 4 stepped staircase_copy_0,(lambda (logo_forLoop 4 (lambda (lambda (logo_FWRT logo_UL (logo_DIVA logo_UA 4) (logo_FWRT logo_UL (logo_DIVA logo_UA 4) (logo_FWRT logo_ZL (logo_DIVA logo_UA 2) $0))))) $0)),a 4 stepped staircase,"['3 short stairs going up to the right', 'ladder']"
72,/scratch/gpfs/nb0564/vlm_reasoning/logo_experiment/images/train-132.png,train,a small semicircle connected by a big line to a small 9 gon,(lambda (logo_forLoop logo_IFTY (lambda (lambda (logo_FWRT (logo_MULL logo_epsL 1) logo_epsA $0))) (logo_FWRT (logo_MULL logo_UL 5) logo_ZA (logo_forLoop 9 (lambda (lambda (logo_FWRT (logo_MULL logo_UL 1) (logo_DIVA logo_UA 9) $0))) $0)))),a small semicircle connected by a big line to a small 9 gon,"['a fish hook with a 9 sided polygon', 'octagon hook', '9 side polygon with cane coming out of the top cane is curved downward']"
73,/scratch/gpfs/nb0564/vlm_reasoning/logo_experiment/images/train-181.png,train,3 sided snowflake with a short space and a short line and a short space and a small semicircle as arms,(lambda (logo_forLoop 3 (lambda (lambda (logo_GETSET (lambda (logo_PT (lambda (logo_FWRT logo_UL logo_ZA $0)) (logo_FWRT logo_UL logo_ZA (logo_PT (lambda (logo_FWRT logo_UL logo_ZA $0)) (logo_forLoop logo_IFTY (lambda (lambda (logo_FWRT (logo_MULL logo_epsL 1) logo_epsA $0))) $0))))) (logo_FWRT logo_ZL (logo_DIVA logo_UA 3) $0)))) $0)),3 sided snowflake with a short space and a short line and a short space and a small semicircle as arms,"['spinner', '3 dashes and 3 lines', '3 sided snowflake with 3 lines a space and 3 semi circle s as arms']"
74,/scratch/gpfs/nb0564/vlm_reasoning/logo_experiment/images/train-55.png,train,7 concentric circle s_copy_4,(lambda (logo_forLoop 8 (lambda (lambda (logo_forLoop logo_IFTY (lambda (lambda (logo_FWRT (logo_MULL logo_epsL $3) logo_epsA $0))) (logo_forLoop logo_IFTY (lambda (lambda (logo_FWRT (logo_MULL logo_epsL $3) logo_epsA $0))) $0)))) $0)),7 concentric circle s,"['sasas', 'a smaller version of the bunch of circle s within each other']"
75,/scratch/gpfs/nb0564/vlm_reasoning/logo_experiment/images/train-166.png,train,a 4 stepped staircase_copy_4,(lambda (logo_forLoop 4 (lambda (lambda (logo_FWRT logo_UL (logo_DIVA logo_UA 4) (logo_FWRT logo_UL (logo_DIVA logo_UA 4) (logo_FWRT logo_ZL (logo_DIVA logo_UA 2) $0))))) $0)),a 4 stepped staircase,"['4 base steps', 'diagonal wavy line', 'like steps', '4 backwards ls making a stair shape']"
76,/scratch/gpfs/nb0564/vlm_reasoning/logo_experiment/images/train-107.png,train,3 sided snowflake with a short line and a small square as arms,(lambda (logo_forLoop 3 (lambda (lambda (logo_GETSET (lambda (logo_FWRT (logo_MULL logo_UL 1) logo_ZA (logo_forLoop 4 (lambda (lambda (logo_FWRT (logo_MULL logo_UL 1) (logo_DIVA logo_UA 4) $0))) $0))) (logo_FWRT logo_ZL (logo_DIVA logo_UA 3) $0)))) $0)),3 sided snowflake with a short line and a small square as arms,"['snowflake with 3 lines 3 square s as arms', '3 flake with line arms and square ends', '3 lined snowflake pattern connected at a point in center 3 smallmedium square s on each line at ends', 'snowflake made up of 3 arms of small line and small square']"
77,/scratch/gpfs/nb0564/vlm_reasoning/logo_experiment/images/train-34.png,train,a medium triangle connected by a medium line to a small 9 gon,(lambda (logo_forLoop 3 (lambda (lambda (logo_FWRT (logo_MULL logo_UL 2) (logo_DIVA logo_UA 3) $0))) (logo_FWRT (logo_MULL logo_UL 2) logo_ZA (logo_forLoop 9 (lambda (lambda (logo_FWRT (logo_MULL logo_UL 1) (logo_DIVA logo_UA 9) $0))) $0)))),a medium triangle connected by a medium line to a small 9 gon,"['a triangle next to a 9 gon', 'truiangle attacjed to large octo', 'ice cream c1']"
78,/scratch/gpfs/nb0564/vlm_reasoning/logo_experiment/images/train-128.png,train,2 concentric circle s_copy_2,(lambda (logo_forLoop 3 (lambda (lambda (logo_forLoop logo_IFTY (lambda (lambda (logo_FWRT (logo_MULL logo_epsL $3) logo_epsA $0))) (logo_forLoop logo_IFTY (lambda (lambda (logo_FWRT (logo_MULL logo_epsL $3) logo_epsA $0))) $0)))) $0)),2 concentric circle s,"['3 nested circle', '2 small nesting circle s', 'circle in circle small tunnel']"
79,/scratch/gpfs/nb0564/vlm_reasoning/logo_experiment/images/train-70.png,train,5 medium semicircle s in a row,(lambda (logo_forLoop 5 (lambda (lambda (logo_GETSET (lambda (logo_forLoop logo_IFTY (lambda (lambda (logo_FWRT (logo_MULL logo_epsL 2) logo_epsA $0))) $0)) (logo_PT (lambda (logo_FWRT logo_UL logo_ZA $0)) $0)))) $0)),5 medium semicircle s in a row,"['5 medium half circle s', '5 half circle s in a row on their sides with the curves facing right', '5 medium semicircle s in a row']"
80,/scratch/gpfs/nb0564/vlm_reasoning/logo_experiment/images/train-143.png,train,5 sided snowflake with a short space and a short line and a short space and a small 5 gon as arms,(lambda (logo_forLoop 5 (lambda (lambda (logo_GETSET (lambda (logo_PT (lambda (logo_FWRT logo_UL logo_ZA $0)) (logo_FWRT logo_UL logo_ZA (logo_PT (lambda (logo_FWRT logo_UL logo_ZA $0)) (logo_forLoop 5 (lambda (lambda (logo_FWRT (logo_MULL logo_UL 1) (logo_DIVA logo_UA 5) $0))) $0))))) (logo_FWRT logo_ZL (logo_DIVA logo_UA 5) $0)))) $0)),5 sided snowflake with a short space and a short line and a short space and a small 5 gon as arms,"['a sunburst of 5 lines with 5 5 gon s just past the outer ends', 'small space in middle with 5 small lines outside then 5 small 5 gon s outside the lines', '5 pentagon s on the outside with 5 detached lines on the inside', '5 pentagon s in a pentagon formation with lines pointing inward']"
81,/scratch/gpfs/nb0564/vlm_reasoning/logo_experiment/images/train-97.png,train,5 sided snowflake with a small square and a small triangle as arms,(lambda (logo_forLoop 5 (lambda (lambda (logo_GETSET (lambda (logo_PT (lambda (logo_FWRT logo_UL logo_ZA $0)) (logo_forLoop 4 (lambda (lambda (logo_FWRT (logo_MULL logo_UL 1) (logo_DIVA logo_UA 4) $0))) (logo_PT (lambda (logo_FWRT logo_UL logo_ZA $0)) (logo_forLoop 3 (lambda (lambda (logo_FWRT (logo_MULL logo_UL 1) (logo_DIVA logo_UA 3) $0))) $0))))) (logo_FWRT logo_ZL (logo_DIVA logo_UA 5) $0)))) $0)),5 sided snowflake with a small square and a small triangle as arms,"['5 sided snowflake with a medium space with a 4 side square and a 4 triangles as arms', '5 flake with squaretriangle arms', '5 snowflake design with nothing in middle and arms are 4 square s with triangles connected to it small square s and smaller triangles', 'snowflake with 5 arms made up of small square s next to small triangles']"
82,/scratch/gpfs/nb0564/vlm_reasoning/logo_experiment/images/train-149.png,train,3 sided snowflake with a short line and a small 5 gon as arms,(lambda (logo_forLoop 3 (lambda (lambda (logo_GETSET (lambda (logo_FWRT (logo_MULL logo_UL 1) logo_ZA (logo_forLoop 5 (lambda (lambda (logo_FWRT (logo_MULL logo_UL 1) (logo_DIVA logo_UA 5) $0))) $0))) (logo_FWRT logo_ZL (logo_DIVA logo_UA 3) $0)))) $0)),3 sided snowflake with a short line and a small 5 gon as arms,"['3 house shaped symbols connected by 3 lines in a y shape', 'pentagon s']"
83,/scratch/gpfs/nb0564/vlm_reasoning/logo_experiment/images/train-122.png,train,6 small square s in a row,(lambda (logo_forLoop 6 (lambda (lambda (logo_GETSET (lambda (logo_forLoop 4 (lambda (lambda (logo_FWRT (logo_MULL logo_UL 1) (logo_DIVA logo_UA 4) $0))) $0)) (logo_PT (lambda (logo_FWRT logo_UL logo_ZA $0)) $0)))) $0)),6 small square s in a row,"['6 square s in a row', '6 boxes next to each other', '6 square tetris piece']"
84,/scratch/gpfs/nb0564/vlm_reasoning/logo_experiment/images/train-11.png,train,a medium 8 gon,(lambda (logo_forLoop 8 (lambda (lambda (logo_FWRT (logo_MULL logo_UL 2) (logo_DIVA logo_UA 8) $0))) $0)),a medium 8 gon,"['octagonal', 'octogon', 'large 8 gon']"
85,/scratch/gpfs/nb0564/vlm_reasoning/logo_experiment/images/train-4.png,train,a small 5 gon,(lambda (logo_forLoop 5 (lambda (lambda (logo_FWRT (logo_MULL logo_UL 1) (logo_DIVA logo_UA 5) $0))) $0)),a small 5 gon,"['a medium 5 gon', 'smnall 5 sided gon', 'small pentagon']"
86,/scratch/gpfs/nb0564/vlm_reasoning/logo_experiment/images/train-126.png,train,7 sided snowflake with a small 9 gon as arms,(lambda (logo_forLoop 7 (lambda (lambda (logo_GETSET (lambda (logo_forLoop 9 (lambda (lambda (logo_FWRT (logo_MULL logo_UL 1) (logo_DIVA logo_UA 9) $0))) $0)) (logo_FWRT logo_ZL (logo_DIVA logo_UA 7) $0)))) $0)),7 sided snowflake with a small 9 gon as arms,"['7 8 gon s in spiral connection', '7 overlapping 9 sided figures in a circle formation', 'like a rangoli', '7 9 gon s connected at 1 point']"
87,/scratch/gpfs/nb0564/vlm_reasoning/logo_experiment/images/train-15.png,train,a small circle,(lambda (logo_forLoop logo_IFTY (lambda (lambda (logo_FWRT (logo_MULL logo_epsL 1) logo_epsA $0))) (logo_forLoop logo_IFTY (lambda (lambda (logo_FWRT (logo_MULL logo_epsL 1) logo_epsA $0))) $0))),a small circle,"['asas', 'a small circle']"
88,/scratch/gpfs/nb0564/vlm_reasoning/logo_experiment/images/train-99.png,train,7 sided snowflake with a small triangle as arms,(lambda (logo_forLoop 7 (lambda (lambda (logo_GETSET (lambda (logo_forLoop 3 (lambda (lambda (logo_FWRT (logo_MULL logo_UL 1) (logo_DIVA logo_UA 3) $0))) $0)) (logo_FWRT logo_ZL (logo_DIVA logo_UA 7) $0)))) $0)),7 sided snowflake with a small triangle as arms,"['a dark small hampster wheel with 7 small tirangles and a circle in the middle', 'wheel']"
89,/scratch/gpfs/nb0564/vlm_reasoning/logo_experiment/images/train-0.png,train,a small triangle,(lambda (logo_forLoop 3 (lambda (lambda (logo_FWRT (logo_MULL logo_UL 1) (logo_DIVA logo_UA 3) $0))) $0)),a small triangle,"['small triangle', 'small thick lined triangle in the center of page', 'small triangle']"
90,/scratch/gpfs/nb0564/vlm_reasoning/logo_experiment/images/train-74.png,train,3 small 5 gon s in a row,(lambda (logo_forLoop 3 (lambda (lambda (logo_GETSET (lambda (logo_forLoop 5 (lambda (lambda (logo_FWRT (logo_MULL logo_UL 1) (logo_DIVA logo_UA 5) $0))) $0)) (logo_PT (lambda (logo_FWRT logo_UL logo_ZA $0)) $0)))) $0)),3 small 5 gon s in a row,"['3 overlapping 5 gon s', '3 5 goins c1 cted in middle', '3 connected pentagon s']"
91,/scratch/gpfs/nb0564/vlm_reasoning/logo_experiment/images/train-147.png,train,6 sided snowflake with a short space and a short line and a short space and a medium semicircle as arms,(lambda (logo_forLoop 6 (lambda (lambda (logo_GETSET (lambda (logo_PT (lambda (logo_FWRT logo_UL logo_ZA $0)) (logo_FWRT logo_UL logo_ZA (logo_PT (lambda (logo_FWRT logo_UL logo_ZA $0)) (logo_forLoop logo_IFTY (lambda (lambda (logo_FWRT (logo_MULL logo_epsL 2) logo_epsA $0))) $0))))) (logo_FWRT logo_ZL (logo_DIVA logo_UA 6) $0)))) $0)),6 sided snowflake with a short space and a short line and a short space and a medium semicircle as arms,"['snowflake with space small line medium space and 6 semicircle arms', '6 flake with arms of space line space semicircle', '6 sided snowflake with small lines then a small space then half circle s above each line', 'snowflake made up of 6 arms of small line and semicircle']"
92,/scratch/gpfs/nb0564/vlm_reasoning/logo_experiment/images/train-93.png,train,a greek spiral with 6 turns,(lambda (logo_forLoop 7 (lambda (lambda (logo_FWRT (logo_MULL logo_UL $1) (logo_DIVA logo_UA 4) $0))) $0)),a greek spiral with 6 turns,"['a spiral going counterclock', '6 lines connected together to from backwards large g shape', 'a line that goes right down left up right and then down', 'a square spiral that starts at the top left']"
93,/scratch/gpfs/nb0564/vlm_reasoning/logo_experiment/images/train-168.png,train,a medium square connected by a big line to a small square,(lambda (logo_forLoop 4 (lambda (lambda (logo_FWRT (logo_MULL logo_UL 2) (logo_DIVA logo_UA 4) $0))) (logo_FWRT (logo_MULL logo_UL 5) logo_ZA (logo_forLoop 4 (lambda (lambda (logo_FWRT (logo_MULL logo_UL 1) (logo_DIVA logo_UA 4) $0))) $0)))),a medium square connected by a big line to a small square,"['large square connected to small square via horizontal line', 'a medium square with a small square to the right attached by a line', 'square tail square']"
94,/scratch/gpfs/nb0564/vlm_reasoning/logo_experiment/images/train-103.png,train,7 sided snowflake with a medium circle and a small 5 gon as arms,(lambda (logo_forLoop 7 (lambda (lambda (logo_GETSET (lambda (logo_PT (lambda (logo_FWRT logo_UL logo_ZA $0)) (logo_forLoop logo_IFTY (lambda (lambda (logo_FWRT (logo_MULL logo_epsL 2) logo_epsA $0))) (logo_forLoop logo_IFTY (lambda (lambda (logo_FWRT (logo_MULL logo_epsL 2) logo_epsA $0))) (logo_PT (lambda (logo_FWRT logo_UL logo_ZA $0)) (logo_forLoop 5 (lambda (lambda (logo_FWRT (logo_MULL logo_UL 1) (logo_DIVA logo_UA 5) $0))) $0)))))) (logo_FWRT logo_ZL (logo_DIVA logo_UA 7) $0)))) $0)),7 sided snowflake with a medium circle and a small 5 gon as arms,"['ring of 7 overlapped circle s surrounded by 7 5 gon s', 'small space in middle with 7 small circle s around it and 7 5 gon s outside circle s', 'a snowflake with 7 pentagon leaves on the outside with 7 small circle s on the inside', '7 circle s in the middle with 7 pentagon s on the outside']"
95,/scratch/gpfs/nb0564/vlm_reasoning/logo_experiment/images/train-30.png,train,3 sided snowflake with a short space and a small 5 gon as arms,(lambda (logo_forLoop 3 (lambda (lambda (logo_GETSET (lambda (logo_PT (lambda (logo_FWRT (logo_MULL logo_UL 1) logo_ZA $0)) (logo_forLoop 5 (lambda (lambda (logo_FWRT (logo_MULL logo_UL 1) (logo_DIVA logo_UA 5) $0))) $0))) (logo_FWRT logo_ZL (logo_DIVA logo_UA 3) $0)))) $0)),3 sided snowflake with a short space and a small 5 gon as arms,"['3 small pentagon s', '3 5 gon medium snowflake', '3 pentagon s in a circle']"
96,/scratch/gpfs/nb0564/vlm_reasoning/logo_experiment/images/train-185.png,train,5 sided snowflake with a short line and a medium circle as arms,(lambda (logo_forLoop 5 (lambda (lambda (logo_GETSET (lambda (logo_PT (lambda (logo_FWRT logo_UL logo_ZA $0)) (logo_FWRT logo_UL logo_ZA (logo_PT (lambda (logo_FWRT logo_UL logo_ZA $0)) (logo_forLoop logo_IFTY (lambda (lambda (logo_FWRT (logo_MULL logo_epsL 2) logo_epsA $0))) (logo_forLoop logo_IFTY (lambda (lambda (logo_FWRT (logo_MULL logo_epsL 2) logo_epsA $0))) $0)))))) (logo_FWRT logo_ZL (logo_DIVA logo_UA 5) $0)))) $0)),5 sided snowflake with a short line and a medium circle as arms,"['dsd', '5 circle s each with a line next to them forming a pinwhell nothing is connected']"
97,/scratch/gpfs/nb0564/vlm_reasoning/logo_experiment/images/train-109.png,train,3 sided snowflake with a short space and a short line and a short space and a short line as arms,(lambda (logo_forLoop 3 (lambda (lambda (logo_GETSET (lambda (logo_PT (lambda (logo_FWRT logo_UL logo_ZA $0)) (logo_FWRT logo_UL logo_ZA (logo_PT (lambda (logo_FWRT logo_UL logo_ZA $0)) (logo_FWRT logo_UL logo_ZA $0))))) (logo_FWRT logo_ZL (logo_DIVA logo_UA 3) $0)))) $0)),3 sided snowflake with a short space and a short line and a short space and a short line as arms,"['a large y shape using 6 disconnected lines', '3 disjoint lines']"
98,/scratch/gpfs/nb0564/vlm_reasoning/logo_experiment/images/train-51.png,train,8 sided snowflake with a medium line and a small 9 gon as arms,(lambda (logo_forLoop 8 (lambda (lambda (logo_GETSET (lambda (logo_FWRT (logo_MULL logo_UL 2) logo_ZA (logo_forLoop 9 (lambda (lambda (logo_FWRT (logo_MULL logo_UL 1) (logo_DIVA logo_UA 9) $0))) $0))) (logo_FWRT logo_ZL (logo_DIVA logo_UA 8) $0)))) $0)),8 sided snowflake with a medium line and a small 9 gon as arms,"['wheel with 8 gon', 'octogon s with lines', 'an 8 sided snowflake with a black dot connected to lines connected to 9 gon s as sides']"
99,/scratch/gpfs/nb0564/vlm_reasoning/logo_experiment/images/train-162.png,train,5 sided snowflake with a medium circle and a short line as arms,(lambda (logo_forLoop 5 (lambda (lambda (logo_GETSET (lambda (logo_PT (lambda (logo_FWRT logo_UL logo_ZA $0)) (logo_forLoop logo_IFTY (lambda (lambda (logo_FWRT (logo_MULL logo_epsL 2) logo_epsA $0))) (logo_forLoop logo_IFTY (lambda (lambda (logo_FWRT (logo_MULL logo_epsL 2) logo_epsA $0))) (logo_PT (lambda (logo_FWRT logo_UL logo_ZA $0)) (logo_FWRT logo_UL logo_ZA $0)))))) (logo_FWRT logo_ZL (logo_DIVA logo_UA 5) $0)))) $0)),5 sided snowflake with a medium circle and a short line as arms,"['5 small circle s joined in a circle with 5 expanding lines', 'snowflake made of circle s and lines', '5 circle in middle 5 lines shooting out']"
100,/scratch/gpfs/nb0564/vlm_reasoning/logo_experiment/images/train-82.png,train,a 4 stepped staircase,(lambda (logo_forLoop 4 (lambda (lambda (logo_FWRT logo_UL (logo_DIVA logo_UA 4) (logo_FWRT logo_UL (logo_DIVA logo_UA 4) (logo_FWRT logo_ZL (logo_DIVA logo_UA 2) $0))))) $0)),a 4 stepped staircase,"['4 stairs', '4 step steps', '4 step stair']"
101,/scratch/gpfs/nb0564/vlm_reasoning/logo_experiment/images/train-65.png,train,8 sided snowflake with a medium space and a small 8 gon as arms,(lambda (logo_forLoop 8 (lambda (lambda (logo_GETSET (lambda (logo_PT (lambda (logo_FWRT (logo_MULL logo_UL 2) logo_ZA $0)) (logo_forLoop 8 (lambda (lambda (logo_FWRT (logo_MULL logo_UL 1) (logo_DIVA logo_UA 8) $0))) $0))) (logo_FWRT logo_ZL (logo_DIVA logo_UA 8) $0)))) $0)),8 sided snowflake with a medium space and a small 8 gon as arms,"['ads', '8 octagon s forming a snowflake']"
102,/scratch/gpfs/nb0564/vlm_reasoning/logo_experiment/images/train-156.png,train,a medium triangle connected by a big line to a small 8 gon,(lambda (logo_forLoop 3 (lambda (lambda (logo_FWRT (logo_MULL logo_UL 2) (logo_DIVA logo_UA 3) $0))) (logo_FWRT (logo_MULL logo_UL 5) logo_ZA (logo_forLoop 8 (lambda (lambda (logo_FWRT (logo_MULL logo_UL 1) (logo_DIVA logo_UA 8) $0))) $0)))),a medium triangle connected by a big line to a small 8 gon,"['triangle on left bottom line to 8 gon right', 'triangle medium line medium octagon', 'a triangle with 8 shape', 'a large triangle connected by a long line to an octagon']"
103,/scratch/gpfs/nb0564/vlm_reasoning/logo_experiment/images/train-88.png,train,7 sided snowflake with a medium semicircle as arms,(lambda (logo_forLoop 7 (lambda (lambda (logo_GETSET (lambda (logo_forLoop logo_IFTY (lambda (lambda (logo_FWRT (logo_MULL logo_epsL 2) logo_epsA $0))) $0)) (logo_FWRT logo_ZL (logo_DIVA logo_UA 7) $0)))) $0)),7 sided snowflake with a medium semicircle as arms,"['7 semicircle s touching at a central point and fanning out like a pinwheel', 'a hurricane snowflake', 'swirly']"
104,/scratch/gpfs/nb0564/vlm_reasoning/logo_experiment/images/train-137.png,train,a small circle next to a small 6 gon,(lambda (logo_forLoop logo_IFTY (lambda (lambda (logo_FWRT (logo_MULL logo_epsL 1) logo_epsA $0))) (logo_forLoop logo_IFTY (lambda (lambda (logo_FWRT (logo_MULL logo_epsL 1) logo_epsA $0))) (logo_PT (lambda (logo_FWRT (logo_MULL logo_UL 2) logo_ZA $0)) (logo_forLoop 6 (lambda (lambda (logo_FWRT (logo_MULL logo_UL 1) (logo_DIVA logo_UA 6) $0))) $0))))),a small circle next to a small 6 gon,"['a small circle and a 6 sided gon', 'small circle next to 6 gon', 'small circle on left and 6 sided polygon on right not connected or touching', 'small circle next to 6 gon']"
105,/scratch/gpfs/nb0564/vlm_reasoning/logo_experiment/images/train-40.png,train,7 sided snowflake with a small circle and a small 5 gon as arms,(lambda (logo_forLoop 7 (lambda (lambda (logo_GETSET (lambda (logo_PT (lambda (logo_FWRT logo_UL logo_ZA $0)) (logo_forLoop logo_IFTY (lambda (lambda (logo_FWRT (logo_MULL logo_epsL 1) logo_epsA $0))) (logo_forLoop logo_IFTY (lambda (lambda (logo_FWRT (logo_MULL logo_epsL 1) logo_epsA $0))) (logo_PT (lambda (logo_FWRT logo_UL logo_ZA $0)) (logo_forLoop 5 (lambda (lambda (logo_FWRT (logo_MULL logo_UL 1) (logo_DIVA logo_UA 5) $0))) $0)))))) (logo_FWRT logo_ZL (logo_DIVA logo_UA 7) $0)))) $0)),7 sided snowflake with a small circle and a small 5 gon as arms,"['7 small circle s inside of 7 medium pentagon s', '7 5 gon s snowflake with 7 small circle s around in the center', '7 sided snowflake with floating small circle and medium pentagon arms']"
106,/scratch/gpfs/nb0564/vlm_reasoning/logo_experiment/images/train-173.png,train,5 small square s in a row,(lambda (logo_forLoop 5 (lambda (lambda (logo_GETSET (lambda (logo_forLoop 4 (lambda (lambda (logo_FWRT (logo_MULL logo_UL 1) (logo_DIVA logo_UA 4) $0))) $0)) (logo_PT (lambda (logo_FWRT logo_UL logo_ZA $0)) $0)))) $0)),5 small square s in a row,"['5 tiny square s in a row touching', 'medium rectangle made from 5 small square s', '5 square boxes in a row', '5 square s touching in a line']"
107,/scratch/gpfs/nb0564/vlm_reasoning/logo_experiment/images/train-118.png,train,a small 7 gon next to a small 9 gon,(lambda (logo_forLoop 7 (lambda (lambda (logo_FWRT (logo_MULL logo_UL 1) (logo_DIVA logo_UA 7) $0))) (logo_PT (lambda (logo_FWRT (logo_MULL logo_UL 2) logo_ZA $0)) (logo_forLoop 9 (lambda (lambda (logo_FWRT (logo_MULL logo_UL 1) (logo_DIVA logo_UA 9) $0))) $0)))),a small 7 gon next to a small 9 gon,"['7 gon and 9 gon interconnected', 'med 7 gon intertwined with a large 8 gon', 'circle link']"
108,/scratch/gpfs/nb0564/vlm_reasoning/logo_experiment/images/train-194.png,train,a 7 stepped staircase,(lambda (logo_forLoop 7 (lambda (lambda (logo_FWRT logo_UL (logo_DIVA logo_UA 4) (logo_FWRT logo_UL (logo_DIVA logo_UA 4) (logo_FWRT logo_ZL (logo_DIVA logo_UA 2) $0))))) $0)),a 7 stepped staircase,"['a long zig zag line running diagonally', 'lobnest wavy line', '7 stair steps facing right']"
109,/scratch/gpfs/nb0564/vlm_reasoning/logo_experiment/images/train-112.png,train,a medium 5 gon next to a small 5 gon,(lambda (logo_forLoop 5 (lambda (lambda (logo_FWRT (logo_MULL logo_UL 2) (logo_DIVA logo_UA 5) $0))) (logo_PT (lambda (logo_FWRT (logo_MULL logo_UL 2) logo_ZA $0)) (logo_forLoop 5 (lambda (lambda (logo_FWRT (logo_MULL logo_UL 1) (logo_DIVA logo_UA 5) $0))) $0)))),a medium 5 gon next to a small 5 gon,"['a small pentagon somewhat in front of a larger pentagon', 'i big pentagon and 1 small pentagon inside', 'larger polygon in the middle and small polygon overlapping the bottom right side']"
110,/scratch/gpfs/nb0564/vlm_reasoning/logo_experiment/images/train-21.png,train,a vertical short line,(lambda (logo_FWRT logo_ZL (logo_DIVA logo_UA 4) (logo_FWRT logo_UL logo_ZA $0))),a vertical short line,"['half of the number 1', 'dash', 'a vertical line']"
111,/scratch/gpfs/nb0564/vlm_reasoning/logo_experiment/images/train-179.png,train,8 sided snowflake with a short line and a medium semicircle as arms,(lambda (logo_forLoop 8 (lambda (lambda (logo_GETSET (lambda (logo_FWRT (logo_MULL logo_UL 1) logo_ZA (logo_forLoop logo_IFTY (lambda (lambda (logo_FWRT (logo_MULL logo_epsL 2) logo_epsA $0))) $0))) (logo_FWRT logo_ZL (logo_DIVA logo_UA 8) $0)))) $0)),8 sided snowflake with a short line and a medium semicircle as arms,"['loading wheel 8 hooks making a circle with a circle in the middle', 'flower shape object']"
112,/scratch/gpfs/nb0564/vlm_reasoning/logo_experiment/images/train-116.png,train,6 sided snowflake with a short line and a medium circle as arms,(lambda (logo_forLoop 6 (lambda (lambda (logo_GETSET (lambda (logo_PT (lambda (logo_FWRT logo_UL logo_ZA $0)) (logo_FWRT logo_UL logo_ZA (logo_PT (lambda (logo_FWRT logo_UL logo_ZA $0)) (logo_forLoop logo_IFTY (lambda (lambda (logo_FWRT (logo_MULL logo_epsL 2) logo_epsA $0))) (logo_forLoop logo_IFTY (lambda (lambda (logo_FWRT (logo_MULL logo_epsL 2) logo_epsA $0))) $0)))))) (logo_FWRT logo_ZL (logo_DIVA logo_UA 6) $0)))) $0)),6 sided snowflake with a short line and a medium circle as arms,"['6 circle s spaced with 6 lines in middle', '6 spoked wheel with space short line and then space and small circle s as spokes', '6 circle s around 6 lines', '6 sided snowflake with a medium circle and small lines that are not connected as arms']"
113,/scratch/gpfs/nb0564/vlm_reasoning/logo_experiment/images/train-25.png,train,5 sided snowflake with a short space and a short line and a short space and a short line as arms,(lambda (logo_forLoop 5 (lambda (lambda (logo_GETSET (lambda (logo_PT (lambda (logo_FWRT logo_UL logo_ZA $0)) (logo_FWRT logo_UL logo_ZA (logo_PT (lambda (logo_FWRT logo_UL logo_ZA $0)) (logo_FWRT logo_UL logo_ZA $0))))) (logo_FWRT logo_ZL (logo_DIVA logo_UA 5) $0)))) $0)),5 sided snowflake with a short space and a short line and a short space and a short line as arms,"['daad', 'a 5 sides version of the pinwhell with each line separated by a white space']"
114,/scratch/gpfs/nb0564/vlm_reasoning/logo_experiment/images/train-44.png,train,4 concentric square s,(lambda (logo_forLoop 5 (lambda (lambda (logo_GETSET (lambda (logo_forLoop 4 (lambda (lambda (logo_FWRT (logo_MULL logo_UL $4) (logo_DIVA logo_UA 4) $0))) $0)) $0))) $0)),4 concentric square s,"['4 stacked square s', '4 concentric square s', '4 nested square s']"
115,/scratch/gpfs/nb0564/vlm_reasoning/logo_experiment/images/train-177.png,train,7 sided snowflake with a medium space and a small 5 gon as arms,(lambda (logo_forLoop 7 (lambda (lambda (logo_GETSET (lambda (logo_PT (lambda (logo_FWRT (logo_MULL logo_UL 2) logo_ZA $0)) (logo_forLoop 5 (lambda (lambda (logo_FWRT (logo_MULL logo_UL 1) (logo_DIVA logo_UA 5) $0))) $0))) (logo_FWRT logo_ZL (logo_DIVA logo_UA 7) $0)))) $0)),7 sided snowflake with a medium space and a small 5 gon as arms,"['a snowflake with 5 sided gon and 7 arms', '7 flake with small 5 gon arms not overlapping', 'snowflake design with 7 objects nothing in the middle and objects are pentagon s arranged in the snowfake pattern', 'snowflake made up of 7 pentagon s']"
116,/scratch/gpfs/nb0564/vlm_reasoning/logo_experiment/images/train-190.png,train,4 small 5 gon s in a row,(lambda (logo_forLoop 4 (lambda (lambda (logo_GETSET (lambda (logo_forLoop 5 (lambda (lambda (logo_FWRT (logo_MULL logo_UL 1) (logo_DIVA logo_UA 5) $0))) $0)) (logo_PT (lambda (logo_FWRT logo_UL logo_ZA $0)) $0)))) $0)),4 small 5 gon s in a row,"['4 interlocking pentagon s in a straight line', '4 5 gon s overlapping on top of a medium long horizontal line', '4 small interlocked pentagon s in a row']"
117,/scratch/gpfs/nb0564/vlm_reasoning/logo_experiment/images/train-133.png,train,7 sided snowflake with a short line and a small square as arms,(lambda (logo_forLoop 7 (lambda (lambda (logo_GETSET (lambda (logo_FWRT (logo_MULL logo_UL 1) logo_ZA (logo_forLoop 4 (lambda (lambda (logo_FWRT (logo_MULL logo_UL 1) (logo_DIVA logo_UA 4) $0))) $0))) (logo_FWRT logo_ZL (logo_DIVA logo_UA 7) $0)))) $0)),7 sided snowflake with a short line and a small square as arms,"['a wheel of 7 square flags', 'small circle 6 small lines 7 small square s', 'a snowflake with 7 small square s on the outside attached to 7 connected lines on the inside', '7 6 s joined in the middle']"
118,/scratch/gpfs/nb0564/vlm_reasoning/logo_experiment/images/train-158.png,train,7 sided snowflake with a short space and a small square as arms,(lambda (logo_forLoop 7 (lambda (lambda (logo_GETSET (lambda (logo_PT (lambda (logo_FWRT (logo_MULL logo_UL 1) logo_ZA $0)) (logo_forLoop 4 (lambda (lambda (logo_FWRT (logo_MULL logo_UL 1) (logo_DIVA logo_UA 4) $0))) $0))) (logo_FWRT logo_ZL (logo_DIVA logo_UA 7) $0)))) $0)),7 sided snowflake with a short space and a small square as arms,"['7 small square s arranged in a circular shape', '7 square s in a circle', 'flower square']"
119,/scratch/gpfs/nb0564/vlm_reasoning/logo_experiment/images/train-86.png,train,a medium circle connected by a medium line to a small 5 gon,(lambda (logo_forLoop logo_IFTY (lambda (lambda (logo_FWRT (logo_MULL logo_epsL 2) logo_epsA $0))) (logo_forLoop logo_IFTY (lambda (lambda (logo_FWRT (logo_MULL logo_epsL 2) logo_epsA $0))) (logo_FWRT (logo_MULL logo_UL 2) logo_ZA (logo_forLoop 5 (lambda (lambda (logo_FWRT (logo_MULL logo_UL 1) (logo_DIVA logo_UA 5) $0))) $0))))),a medium circle connected by a medium line to a small 5 gon,"['circle with underline connecting 5 gon', 'circle line pentagon', 'circle with 5 shape', 'a medium circle connected by a line to a pentagon']"
120,/scratch/gpfs/nb0564/vlm_reasoning/logo_experiment/images/train-61.png,train,7 sided snowflake with a medium space and a small circle as arms,(lambda (logo_forLoop 7 (lambda (lambda (logo_GETSET (lambda (logo_PT (lambda (logo_FWRT (logo_MULL logo_UL 2) logo_ZA $0)) (logo_forLoop logo_IFTY (lambda (lambda (logo_FWRT (logo_MULL logo_epsL 1) logo_epsA $0))) (logo_forLoop logo_IFTY (lambda (lambda (logo_FWRT (logo_MULL logo_epsL 1) logo_epsA $0))) $0)))) (logo_FWRT logo_ZL (logo_DIVA logo_UA 7) $0)))) $0)),7 sided snowflake with a medium space and a small circle as arms,"['7 circle s', '7 circle s', 'a 7 sided snowflake with a space and small circle s as sides']"
121,/scratch/gpfs/nb0564/vlm_reasoning/logo_experiment/images/train-152.png,train,5 sided snowflake with a short space and a short line and a short space and a small square as arms,(lambda (logo_forLoop 5 (lambda (lambda (logo_GETSET (lambda (logo_PT (lambda (logo_FWRT logo_UL logo_ZA $0)) (logo_FWRT logo_UL logo_ZA (logo_PT (lambda (logo_FWRT logo_UL logo_ZA $0)) (logo_forLoop 4 (lambda (lambda (logo_FWRT (logo_MULL logo_UL 1) (logo_DIVA logo_UA 4) $0))) $0))))) (logo_FWRT logo_ZL (logo_DIVA logo_UA 5) $0)))) $0)),5 sided snowflake with a short space and a short line and a short space and a small square as arms,"['a small line then a square in a star formation', 'star with boxes on the ends', '5 lines shooting out from middle square s on the outside']"
122,/scratch/gpfs/nb0564/vlm_reasoning/logo_experiment/images/train-139.png,train,a small 6 gon next to a medium 5 gon,(lambda (logo_forLoop 6 (lambda (lambda (logo_FWRT (logo_MULL logo_UL 1) (logo_DIVA logo_UA 6) $0))) (logo_PT (lambda (logo_FWRT (logo_MULL logo_UL 2) logo_ZA $0)) (logo_forLoop 5 (lambda (lambda (logo_FWRT (logo_MULL logo_UL 2) (logo_DIVA logo_UA 5) $0))) $0)))),a small 6 gon next to a medium 5 gon,"['a small 6 sided shape on the left of a larger 5 sided shape', 'a 6 sides shape and a 5 sides shape']"
123,/scratch/gpfs/nb0564/vlm_reasoning/logo_experiment/images/train-35.png,train,8 concentric circle s_copy_0,(lambda (logo_forLoop 9 (lambda (lambda (logo_forLoop logo_IFTY (lambda (lambda (logo_FWRT (logo_MULL logo_epsL $3) logo_epsA $0))) (logo_forLoop logo_IFTY (lambda (lambda (logo_FWRT (logo_MULL logo_epsL $3) logo_epsA $0))) $0)))) $0)),8 concentric circle s,"['asas', '8 circle s in each other']"
124,/scratch/gpfs/nb0564/vlm_reasoning/logo_experiment/images/train-106.png,train,6 small 5 gon s in a row_copy_0,(lambda (logo_forLoop 6 (lambda (lambda (logo_GETSET (lambda (logo_forLoop 5 (lambda (lambda (logo_FWRT (logo_MULL logo_UL 1) (logo_DIVA logo_UA 5) $0))) $0)) (logo_PT (lambda (logo_FWRT logo_UL logo_ZA $0)) $0)))) $0)),6 small 5 gon s in a row,"['6 overlapping horizontal 5 gon s', '6 overlapping pentagon s in a line', '6 merged pentagon', '6 pentagon s in a row']"
125,/scratch/gpfs/nb0564/vlm_reasoning/logo_experiment/images/train-167.png,train,8 sided snowflake with a small square as arms,(lambda (logo_forLoop 8 (lambda (lambda (logo_GETSET (lambda (logo_forLoop 4 (lambda (lambda (logo_FWRT (logo_MULL logo_UL 1) (logo_DIVA logo_UA 4) $0))) $0)) (logo_FWRT logo_ZL (logo_DIVA logo_UA 8) $0)))) $0)),8 sided snowflake with a small square as arms,"['a diamond with 8 small lines with a dark center circle and a square', '2 overlapping square s offset 4 5 degrees with lines between their corners', '8 lined snowflake pattern connecting to a square thats inside of another square wheel figure inside of a diamond inside of a square', 'wheel inside 2 square s']"
126,/scratch/gpfs/nb0564/vlm_reasoning/logo_experiment/images/train-54.png,train,3 sided snowflake with a short line and a small semicircle as arms,(lambda (logo_forLoop 3 (lambda (lambda (logo_GETSET (lambda (logo_FWRT (logo_MULL logo_UL 1) logo_ZA (logo_forLoop logo_IFTY (lambda (lambda (logo_FWRT (logo_MULL logo_epsL 1) logo_epsA $0))) $0))) (logo_FWRT logo_ZL (logo_DIVA logo_UA 3) $0)))) $0)),3 sided snowflake with a short line and a small semicircle as arms,"['a 3 sided snowflake with a small line and a small semi circle for arms', 'snowflake compsoed of 3 j like fugures', '3 line wave']"
127,/scratch/gpfs/nb0564/vlm_reasoning/logo_experiment/images/train-180.png,train,5 sided snowflake with a short space and a medium circle as arms,(lambda (logo_forLoop 5 (lambda (lambda (logo_GETSET (lambda (logo_PT (lambda (logo_FWRT (logo_MULL logo_UL 1) logo_ZA $0)) (logo_forLoop logo_IFTY (lambda (lambda (logo_FWRT (logo_MULL logo_epsL 2) logo_epsA $0))) (logo_forLoop logo_IFTY (lambda (lambda (logo_FWRT (logo_MULL logo_epsL 2) logo_epsA $0))) $0)))) (logo_FWRT logo_ZL (logo_DIVA logo_UA 5) $0)))) $0)),5 sided snowflake with a short space and a medium circle as arms,"['5 small circle s arranged in a circle', '5 medium circle s touching and looking like a snowflake', '5 sided snowflake with small circle s for arms']"
128,/scratch/gpfs/nb0564/vlm_reasoning/logo_experiment/images/train-5.png,train,a medium 5 gon,(lambda (logo_forLoop 5 (lambda (lambda (logo_FWRT (logo_MULL logo_UL 2) (logo_DIVA logo_UA 5) $0))) $0)),a medium 5 gon,"['line art', 'pentagon']"
129,/scratch/gpfs/nb0564/vlm_reasoning/logo_experiment/images/train-10.png,train,a small 8 gon,(lambda (logo_forLoop 8 (lambda (lambda (logo_FWRT (logo_MULL logo_UL 1) (logo_DIVA logo_UA 8) $0))) $0)),a small 8 gon,"['a medium octagon', '1 large 8 gon in center of page', 'medium octagon']"
130,/scratch/gpfs/nb0564/vlm_reasoning/logo_experiment/images/train-123.png,train,3 sided snowflake with a short line and a small triangle as arms,(lambda (logo_forLoop 3 (lambda (lambda (logo_GETSET (lambda (logo_FWRT (logo_MULL logo_UL 1) logo_ZA (logo_forLoop 3 (lambda (lambda (logo_FWRT (logo_MULL logo_UL 1) (logo_DIVA logo_UA 3) $0))) $0))) (logo_FWRT logo_ZL (logo_DIVA logo_UA 3) $0)))) $0)),3 sided snowflake with a short line and a small triangle as arms,"['a wheel of 3 tiny triangle flags', '3 sided figure with small line and small triangle arms', 'snowflake with 3 small triangles on the outside attached to straight lines on the inside', '3 triangles connected by 3 lines']"
131,/scratch/gpfs/nb0564/vlm_reasoning/logo_experiment/images/train-148.png,train,8 sided snowflake with a small 6 gon as arms,(lambda (logo_forLoop 8 (lambda (lambda (logo_GETSET (lambda (logo_forLoop 6 (lambda (lambda (logo_FWRT (logo_MULL logo_UL 1) (logo_DIVA logo_UA 6) $0))) $0)) (logo_FWRT logo_ZL (logo_DIVA logo_UA 8) $0)))) $0)),8 sided snowflake with a small 6 gon as arms,"['complex snowflake with solid center of 8 lines', 'a snowflake with dark starburst in inside', 'flower star']"
132,/scratch/gpfs/nb0564/vlm_reasoning/logo_experiment/images/train-96.png,train,a small semicircle connected by a big line to a medium semicircle,(lambda (logo_forLoop logo_IFTY (lambda (lambda (logo_FWRT (logo_MULL logo_epsL 1) logo_epsA $0))) (logo_FWRT (logo_MULL logo_UL 5) logo_ZA (logo_forLoop logo_IFTY (lambda (lambda (logo_FWRT (logo_MULL logo_epsL 2) logo_epsA $0))) $0)))),a small semicircle connected by a big line to a medium semicircle,"['hook large end left down', 'a medium left semicircle long line and smaller right semicicrcle', 'like a hook', 'a double sided cane with 1 small end and 1 large end']"
133,/scratch/gpfs/nb0564/vlm_reasoning/logo_experiment/images/train-142.png,train,7 sided snowflake with a medium semicircle and a medium circle as arms,(lambda (logo_forLoop 7 (lambda (lambda (logo_GETSET (lambda (logo_PT (lambda (logo_FWRT logo_UL logo_ZA $0)) (logo_forLoop logo_IFTY (lambda (lambda (logo_FWRT (logo_MULL logo_epsL 2) logo_epsA $0))) (logo_PT (lambda (logo_FWRT logo_UL logo_ZA $0)) (logo_forLoop logo_IFTY (lambda (lambda (logo_FWRT (logo_MULL logo_epsL 2) logo_epsA $0))) (logo_forLoop logo_IFTY (lambda (lambda (logo_FWRT (logo_MULL logo_epsL 2) logo_epsA $0))) $0)))))) (logo_FWRT logo_ZL (logo_DIVA logo_UA 7) $0)))) $0)),7 sided snowflake with a medium semicircle and a medium circle as arms,"['7 sided circular fan', 'very complex snowflake with hooks', 'complicated flower that is spinning clockwise 7 legs']"
134,/scratch/gpfs/nb0564/vlm_reasoning/logo_experiment/images/train-71.png,train,8 sided snowflake with a small triangle and a medium circle as arms,(lambda (logo_forLoop 8 (lambda (lambda (logo_GETSET (lambda (logo_PT (lambda (logo_FWRT logo_UL logo_ZA $0)) (logo_forLoop 3 (lambda (lambda (logo_FWRT (logo_MULL logo_UL 1) (logo_DIVA logo_UA 3) $0))) (logo_PT (lambda (logo_FWRT logo_UL logo_ZA $0)) (logo_forLoop logo_IFTY (lambda (lambda (logo_FWRT (logo_MULL logo_epsL 2) logo_epsA $0))) (logo_forLoop logo_IFTY (lambda (lambda (logo_FWRT (logo_MULL logo_epsL 2) logo_epsA $0))) $0)))))) (logo_FWRT logo_ZL (logo_DIVA logo_UA 8) $0)))) $0)),8 sided snowflake with a small triangle and a medium circle as arms,"['8 light bulbs', 'ice cream c1 s', '8 sided snowflake with light bulbs as arms']"
135,/scratch/gpfs/nb0564/vlm_reasoning/logo_experiment/images/train-129.png,train,7 concentric circle s,(lambda (logo_forLoop 8 (lambda (lambda (logo_forLoop logo_IFTY (lambda (lambda (logo_FWRT (logo_MULL logo_epsL $3) logo_epsA $0))) (logo_forLoop logo_IFTY (lambda (lambda (logo_FWRT (logo_MULL logo_epsL $3) logo_epsA $0))) $0)))) $0)),7 concentric circle s,"['7 circle russian doll', 'a spring']"
136,/scratch/gpfs/nb0564/vlm_reasoning/logo_experiment/images/train-92.png,train,6 medium circle s in a row,(lambda (logo_forLoop 6 (lambda (lambda (logo_GETSET (lambda (logo_forLoop logo_IFTY (lambda (lambda (logo_FWRT (logo_MULL logo_epsL 2) logo_epsA $0))) (logo_forLoop logo_IFTY (lambda (lambda (logo_FWRT (logo_MULL logo_epsL 2) logo_epsA $0))) $0))) (logo_PT (lambda (logo_FWRT logo_UL logo_ZA $0)) $0)))) $0)),6 medium circle s in a row,"['6 connected small circle s', '6 circle chain', 'audi but with 6 rings']"
137,/scratch/gpfs/nb0564/vlm_reasoning/logo_experiment/images/train-146.png,train,a medium semicircle connected by a big line to a medium triangle,(lambda (logo_forLoop logo_IFTY (lambda (lambda (logo_FWRT (logo_MULL logo_epsL 2) logo_epsA $0))) (logo_FWRT (logo_MULL logo_UL 5) logo_ZA (logo_forLoop 3 (lambda (lambda (logo_FWRT (logo_MULL logo_UL 2) (logo_DIVA logo_UA 3) $0))) $0)))),a medium semicircle connected by a big line to a medium triangle,"['hook inverted triangle l hook d right', 'triangle with vertex down then a long line to the right and a semicircle curving down', 'a reversed hanger', 'a cane with a triangle shaped flag on the straight end']"
138,/scratch/gpfs/nb0564/vlm_reasoning/logo_experiment/images/train-75.png,train,5 sided snowflake with a short space and a small 7 gon as arms,(lambda (logo_forLoop 5 (lambda (lambda (logo_GETSET (lambda (logo_PT (lambda (logo_FWRT (logo_MULL logo_UL 1) logo_ZA $0)) (logo_forLoop 7 (lambda (lambda (logo_FWRT (logo_MULL logo_UL 1) (logo_DIVA logo_UA 7) $0))) $0))) (logo_FWRT logo_ZL (logo_DIVA logo_UA 5) $0)))) $0)),5 sided snowflake with a short space and a small 7 gon as arms,"['foot ballvector', '5 7 sided shapes forming a snowflake']"
139,/scratch/gpfs/nb0564/vlm_reasoning/logo_experiment/images/train-1.png,train,a medium triangle,(lambda (logo_forLoop 3 (lambda (lambda (logo_FWRT (logo_MULL logo_UL 2) (logo_DIVA logo_UA 3) $0))) $0)),a medium triangle,"['triangle', 'triangles', 'a medium triangle']"
140,/scratch/gpfs/nb0564/vlm_reasoning/logo_experiment/images/train-98.png,train,6 sided snowflake with a medium triangle as arms,(lambda (logo_forLoop 6 (lambda (lambda (logo_GETSET (lambda (logo_forLoop 3 (lambda (lambda (logo_FWRT (logo_MULL logo_UL 2) (logo_DIVA logo_UA 3) $0))) $0)) (logo_FWRT logo_ZL (logo_DIVA logo_UA 6) $0)))) $0)),6 sided snowflake with a medium triangle as arms,"['6 gon divided into 6 touching triangles', '6 triangles that make a 6 gon', 'hexagon triangle']"
141,/scratch/gpfs/nb0564/vlm_reasoning/logo_experiment/images/train-14.png,train,a small semicircle,(lambda (logo_forLoop logo_IFTY (lambda (lambda (logo_FWRT (logo_MULL logo_epsL 1) logo_epsA $0))) $0)),a small semicircle,"['a small semi circle', 'semicricle', '1 semicircle facing left']"
142,/scratch/gpfs/nb0564/vlm_reasoning/logo_experiment/images/train-127.png,train,5 sided snowflake with a small 9 gon as arms,(lambda (logo_forLoop 5 (lambda (lambda (logo_GETSET (lambda (logo_forLoop 9 (lambda (lambda (logo_FWRT (logo_MULL logo_UL 1) (logo_DIVA logo_UA 9) $0))) $0)) (logo_FWRT logo_ZL (logo_DIVA logo_UA 5) $0)))) $0)),5 sided snowflake with a small 9 gon as arms,"['snowflake with 9 sided gon as arms', '5 flake with 9 gon arms', 'snowflake pattern of 5 lines connecting to 9 sided polygon and the lines make up 1 side of the polygon has a medium 3 d appearance', '5 overlapping 9 gon s']"
143,/scratch/gpfs/nb0564/vlm_reasoning/logo_experiment/images/train-163.png,train,5 sided snowflake with a short space and a short line and a short space and a small triangle as arms,(lambda (logo_forLoop 5 (lambda (lambda (logo_GETSET (lambda (logo_PT (lambda (logo_FWRT logo_UL logo_ZA $0)) (logo_FWRT logo_UL logo_ZA (logo_PT (lambda (logo_FWRT logo_UL logo_ZA $0)) (logo_forLoop 3 (lambda (lambda (logo_FWRT (logo_MULL logo_UL 1) (logo_DIVA logo_UA 3) $0))) $0))))) (logo_FWRT logo_ZL (logo_DIVA logo_UA 5) $0)))) $0)),5 sided snowflake with a short space and a short line and a short space and a small triangle as arms,"['sunburst of 5 short lines with 5 tiny triangles just past the outer ends', 'small space with 5 small lines outside then 5 small triangles outside lines', 'snow flake with 5 small triangles on the outside with 5 small detached lines on the inside', '5 triangles wiht lines pointing inward']"
144,/scratch/gpfs/nb0564/vlm_reasoning/logo_experiment/images/train-50.png,train,7 sided snowflake with a short space and a short line and a short space and a medium semicircle as arms,(lambda (logo_forLoop 7 (lambda (lambda (logo_GETSET (lambda (logo_PT (lambda (logo_FWRT logo_UL logo_ZA $0)) (logo_FWRT logo_UL logo_ZA (logo_PT (lambda (logo_FWRT logo_UL logo_ZA $0)) (logo_forLoop logo_IFTY (lambda (lambda (logo_FWRT (logo_MULL logo_epsL 2) logo_epsA $0))) $0))))) (logo_FWRT logo_ZL (logo_DIVA logo_UA 7) $0)))) $0)),7 sided snowflake with a short space and a short line and a short space and a medium semicircle as arms,"['7 medium lines inside of 7 medium half circle s', '7 half circle g1 curve on the outside with 7 short lines in the center around a medium circle', '7 sided snowflake with floating line and semicircle arms']"
145,/scratch/gpfs/nb0564/vlm_reasoning/logo_experiment/images/train-108.png,train,6 sided snowflake with a small 5 gon and a short line as arms,(lambda (logo_forLoop 6 (lambda (lambda (logo_GETSET (lambda (logo_PT (lambda (logo_FWRT logo_UL logo_ZA $0)) (logo_forLoop 5 (lambda (lambda (logo_FWRT (logo_MULL logo_UL 1) (logo_DIVA logo_UA 5) $0))) (logo_PT (lambda (logo_FWRT logo_UL logo_ZA $0)) (logo_FWRT logo_UL logo_ZA $0))))) (logo_FWRT logo_ZL (logo_DIVA logo_UA 6) $0)))) $0)),6 sided snowflake with a small 5 gon and a short line as arms,"['6 sided snowflake with 6 lines and 5 gon s between those lines', 'a 5 gon with 6 arms and small 5 gon s between the arms', 'flower with hexagon s']"
146,/scratch/gpfs/nb0564/vlm_reasoning/logo_experiment/images/train-184.png,train,a small 9 gon separated by a big space from a small circle,(lambda (logo_forLoop 9 (lambda (lambda (logo_FWRT (logo_MULL logo_UL 1) (logo_DIVA logo_UA 9) $0))) (logo_PT (lambda (logo_FWRT (logo_MULL logo_UL 5) logo_ZA $0)) (logo_forLoop logo_IFTY (lambda (lambda (logo_FWRT (logo_MULL logo_epsL 1) logo_epsA $0))) (logo_forLoop logo_IFTY (lambda (lambda (logo_FWRT (logo_MULL logo_epsL 1) logo_epsA $0))) $0))))),a small 9 gon separated by a big space from a small circle,"['a large 9 gon and a small circle', 'vbog octo small circle', '9 gon on left with small circle on right not connected']"
147,/scratch/gpfs/nb0564/vlm_reasoning/logo_experiment/images/train-31.png,train,a small 5 gon separated by a big space from a small 9 gon,(lambda (logo_forLoop 5 (lambda (lambda (logo_FWRT (logo_MULL logo_UL 1) (logo_DIVA logo_UA 5) $0))) (logo_PT (lambda (logo_FWRT (logo_MULL logo_UL 5) logo_ZA $0)) (logo_forLoop 9 (lambda (lambda (logo_FWRT (logo_MULL logo_UL 1) (logo_DIVA logo_UA 9) $0))) $0)))),a small 5 gon separated by a big space from a small 9 gon,"['hexagon and big gon', 'circlegon pentagon', 'a small 5 gon and a space and a large 9 gon']"
148,/scratch/gpfs/nb0564/vlm_reasoning/logo_experiment/images/train-102.png,train,4 concentric square s_copy_3,(lambda (logo_forLoop 5 (lambda (lambda (logo_GETSET (lambda (logo_forLoop 4 (lambda (lambda (logo_FWRT (logo_MULL logo_UL $4) (logo_DIVA logo_UA 4) $0))) $0)) $0))) $0)),4 concentric square s,"['4 nested small square s', '4 nested box', '4 square s inside each other wifi symbol']"
149,/scratch/gpfs/nb0564/vlm_reasoning/logo_experiment/images/train-169.png,train,8 sided snowflake with a short space and a medium circle as arms,(lambda (logo_forLoop 8 (lambda (lambda (logo_GETSET (lambda (logo_PT (lambda (logo_FWRT (logo_MULL logo_UL 1) logo_ZA $0)) (logo_forLoop logo_IFTY (lambda (lambda (logo_FWRT (logo_MULL logo_epsL 2) logo_epsA $0))) (logo_forLoop logo_IFTY (lambda (lambda (logo_FWRT (logo_MULL logo_epsL 2) logo_epsA $0))) $0)))) (logo_FWRT logo_ZL (logo_DIVA logo_UA 8) $0)))) $0)),8 sided snowflake with a short space and a medium circle as arms,"['9 looped circle s making 1 giant circle', 'rings of circle']"
150,/scratch/gpfs/nb0564/vlm_reasoning/logo_experiment/images/train-28.png,train,2 concentric circle s,(lambda (logo_forLoop 3 (lambda (lambda (logo_forLoop logo_IFTY (lambda (lambda (logo_FWRT (logo_MULL logo_epsL $3) logo_epsA $0))) (logo_forLoop logo_IFTY (lambda (lambda (logo_FWRT (logo_MULL logo_epsL $3) logo_epsA $0))) $0)))) $0)),2 concentric circle s,"['3 nested circle', '2 small circle s nesting', 'circle in circle']"
151,/scratch/gpfs/nb0564/vlm_reasoning/logo_experiment/images/train-170.png,train,6 sided snowflake with a small 7 gon as arms,(lambda (logo_forLoop 6 (lambda (lambda (logo_GETSET (lambda (logo_forLoop 7 (lambda (lambda (logo_FWRT (logo_MULL logo_UL 1) (logo_DIVA logo_UA 7) $0))) $0)) (logo_FWRT logo_ZL (logo_DIVA logo_UA 6) $0)))) $0)),6 sided snowflake with a small 7 gon as arms,"['6 heptagon s arranged in a circle', '6 7 sided medium sized gon s snowflake with thick 5 sided small line in a star shaped in the center', '6 sided snowflake made from interlocking 7 gon s']"
152,/scratch/gpfs/nb0564/vlm_reasoning/logo_experiment/images/train-43.png,train,3 sided snowflake with a short space and a medium square as arms,(lambda (logo_forLoop 3 (lambda (lambda (logo_GETSET (lambda (logo_PT (lambda (logo_FWRT (logo_MULL logo_UL 1) logo_ZA $0)) (logo_forLoop 4 (lambda (lambda (logo_FWRT (logo_MULL logo_UL 2) (logo_DIVA logo_UA 4) $0))) $0))) (logo_FWRT logo_ZL (logo_DIVA logo_UA 3) $0)))) $0)),3 sided snowflake with a short space and a medium square as arms,"['3 medium square s arranged in a messy triangle', '3 medium square s with small space in the middle', '3 square s that are not in a line', '3 square s in a triangle formation']"
153,/scratch/gpfs/nb0564/vlm_reasoning/logo_experiment/images/train-197.png,train,7 sided snowflake with a medium triangle as arms,(lambda (logo_forLoop 7 (lambda (lambda (logo_GETSET (lambda (logo_forLoop 3 (lambda (lambda (logo_FWRT (logo_MULL logo_UL 2) (logo_DIVA logo_UA 3) $0))) $0)) (logo_FWRT logo_ZL (logo_DIVA logo_UA 7) $0)))) $0)),7 sided snowflake with a medium triangle as arms,"['a 7 section pie with 7 medium dark lines in between sections', '7 gon with lines from center to vertices', '7 lined snowflake design inside of a 7 sided polygon looks like a wheel', '7 spoked wheel']"
154,/scratch/gpfs/nb0564/vlm_reasoning/logo_experiment/images/train-49.png,train,5 small triangle s in a row,(lambda (logo_forLoop 5 (lambda (lambda (logo_GETSET (lambda (logo_forLoop 3 (lambda (lambda (logo_FWRT (logo_MULL logo_UL 1) (logo_DIVA logo_UA 3) $0))) $0)) (logo_PT (lambda (logo_FWRT logo_UL logo_ZA $0)) $0)))) $0)),5 small triangle s in a row,"['5 small triangles in a row', 'a teeth shape object']"
155,/scratch/gpfs/nb0564/vlm_reasoning/logo_experiment/images/train-22.png,train,3 concentric square s,(lambda (logo_forLoop 4 (lambda (lambda (logo_GETSET (lambda (logo_forLoop 4 (lambda (lambda (logo_FWRT (logo_MULL logo_UL $4) (logo_DIVA logo_UA 4) $0))) $0)) $0))) $0)),3 concentric square s,"['3 nested square s', '3 nested boxes', '3 square s inside wifi symbol']"
156,/scratch/gpfs/nb0564/vlm_reasoning/logo_experiment/images/train-111.png,train,a small circle connected by a big line to a small semicircle,(lambda (logo_forLoop logo_IFTY (lambda (lambda (logo_FWRT (logo_MULL logo_epsL 1) logo_epsA $0))) (logo_forLoop logo_IFTY (lambda (lambda (logo_FWRT (logo_MULL logo_epsL 1) logo_epsA $0))) (logo_FWRT (logo_MULL logo_UL 5) logo_ZA (logo_forLoop logo_IFTY (lambda (lambda (logo_FWRT (logo_MULL logo_epsL 1) logo_epsA $0))) $0))))),a small circle connected by a big line to a small semicircle,"['broken paperclip facing upwards', 'flat broken paperclip', 'a small circle connected at the bottom to a line connected to a small semi circle']"
157,/scratch/gpfs/nb0564/vlm_reasoning/logo_experiment/images/train-81.png,train,8 sided snowflake with a short space and a small semicircle as arms,(lambda (logo_forLoop 8 (lambda (lambda (logo_GETSET (lambda (logo_PT (lambda (logo_FWRT (logo_MULL logo_UL 1) logo_ZA $0)) (logo_forLoop logo_IFTY (lambda (lambda (logo_FWRT (logo_MULL logo_epsL 1) logo_epsA $0))) $0))) (logo_FWRT logo_ZL (logo_DIVA logo_UA 8) $0)))) $0)),8 sided snowflake with a short space and a small semicircle as arms,"['8 rainbows formed a circle', 'half circle s', 'an 8 sided snowflake with a large space and semi circle s as arms']"
158,/scratch/gpfs/nb0564/vlm_reasoning/logo_experiment/images/train-155.png,train,a small 9 gon connected by a big line to a medium square,(lambda (logo_forLoop 9 (lambda (lambda (logo_FWRT (logo_MULL logo_UL 1) (logo_DIVA logo_UA 9) $0))) (logo_FWRT (logo_MULL logo_UL 5) logo_ZA (logo_forLoop 4 (lambda (lambda (logo_FWRT (logo_MULL logo_UL 2) (logo_DIVA logo_UA 4) $0))) $0)))),a small 9 gon connected by a big line to a medium square,"['sasas', 'nonagon on left connected to square on right by a line']"
159,/scratch/gpfs/nb0564/vlm_reasoning/logo_experiment/images/train-66.png,train,a small 8 gon next to a medium square,(lambda (logo_forLoop 8 (lambda (lambda (logo_FWRT (logo_MULL logo_UL 1) (logo_DIVA logo_UA 8) $0))) (logo_PT (lambda (logo_FWRT (logo_MULL logo_UL 2) logo_ZA $0)) (logo_forLoop 4 (lambda (lambda (logo_FWRT (logo_MULL logo_UL 2) (logo_DIVA logo_UA 4) $0))) $0)))),a small 8 gon next to a medium square,"['8 gon l square r', 'an octagon and then a square right next to it', '8 shape nearby square', 'a large octagon next to a large square']"
160,/scratch/gpfs/nb0564/vlm_reasoning/logo_experiment/images/train-134.png,train,6 sided snowflake with a medium semicircle and a small circle as arms,(lambda (logo_forLoop 6 (lambda (lambda (logo_GETSET (lambda (logo_PT (lambda (logo_FWRT logo_UL logo_ZA $0)) (logo_forLoop logo_IFTY (lambda (lambda (logo_FWRT (logo_MULL logo_epsL 2) logo_epsA $0))) (logo_PT (lambda (logo_FWRT logo_UL logo_ZA $0)) (logo_forLoop logo_IFTY (lambda (lambda (logo_FWRT (logo_MULL logo_epsL 1) logo_epsA $0))) (logo_forLoop logo_IFTY (lambda (lambda (logo_FWRT (logo_MULL logo_epsL 1) logo_epsA $0))) $0)))))) (logo_FWRT logo_ZL (logo_DIVA logo_UA 6) $0)))) $0)),6 sided snowflake with a medium semicircle and a small circle as arms,"['a 6 sided snowflake with a space and a circle and a semi circle for arms', 'circle and attached semic ricle snopwgflkake of 5 sides', '6 eyes']"
161,/scratch/gpfs/nb0564/vlm_reasoning/logo_experiment/images/train-68.png,train,5 sided snowflake with a short line and a small 5 gon as arms,(lambda (logo_forLoop 5 (lambda (lambda (logo_GETSET (lambda (logo_PT (lambda (logo_FWRT logo_UL logo_ZA $0)) (logo_FWRT logo_UL logo_ZA (logo_PT (lambda (logo_FWRT logo_UL logo_ZA $0)) (logo_forLoop 5 (lambda (lambda (logo_FWRT (logo_MULL logo_UL 1) (logo_DIVA logo_UA 5) $0))) $0))))) (logo_FWRT logo_ZL (logo_DIVA logo_UA 5) $0)))) $0)),5 sided snowflake with a short line and a small 5 gon as arms,"['5 sided snowflake with each arm having a line and a 5 gon at the end', 'a sun with 5 5 gon s surrounding it', 'hexagon flower']"
162,/scratch/gpfs/nb0564/vlm_reasoning/logo_experiment/images/train-130.png,train,7 sided snowflake with a short space and a short line and a short space and a small 5 gon as arms,(lambda (logo_forLoop 7 (lambda (lambda (logo_GETSET (lambda (logo_PT (lambda (logo_FWRT logo_UL logo_ZA $0)) (logo_FWRT logo_UL logo_ZA (logo_PT (lambda (logo_FWRT logo_UL logo_ZA $0)) (logo_forLoop 5 (lambda (lambda (logo_FWRT (logo_MULL logo_UL 1) (logo_DIVA logo_UA 5) $0))) $0))))) (logo_FWRT logo_ZL (logo_DIVA logo_UA 7) $0)))) $0)),7 sided snowflake with a short space and a short line and a short space and a small 5 gon as arms,"['7 small lines inside of 7 medium pentagon s', '7 5 gon s snowflake with 7 short lines inside around a circle shape center', '7 sided snowflake with floating line and pentagon arms']"
163,/scratch/gpfs/nb0564/vlm_reasoning/logo_experiment/images/train-85.png,train,4 small semicircle s in a row,(lambda (logo_forLoop 4 (lambda (lambda (logo_GETSET (lambda (logo_forLoop logo_IFTY (lambda (lambda (logo_FWRT (logo_MULL logo_epsL 1) logo_epsA $0))) $0)) (logo_PT (lambda (logo_FWRT logo_UL logo_ZA $0)) $0)))) $0)),4 small semicircle s in a row,"['sd', '4 small half circle s in a line facing the left side']"
164,/scratch/gpfs/nb0564/vlm_reasoning/logo_experiment/images/train-151.png,train,5 sided snowflake with a medium semicircle and a small semicircle as arms,(lambda (logo_forLoop 5 (lambda (lambda (logo_GETSET (lambda (logo_PT (lambda (logo_FWRT logo_UL logo_ZA $0)) (logo_forLoop logo_IFTY (lambda (lambda (logo_FWRT (logo_MULL logo_epsL 2) logo_epsA $0))) (logo_PT (lambda (logo_FWRT logo_UL logo_ZA $0)) (logo_forLoop logo_IFTY (lambda (lambda (logo_FWRT (logo_MULL logo_epsL 1) logo_epsA $0))) $0))))) (logo_FWRT logo_ZL (logo_DIVA logo_UA 5) $0)))) $0)),5 sided snowflake with a medium semicircle and a small semicircle as arms,"['separated flower', 'interlocking half circle s', '5 sided snow flake with 5 small semi circle s and 5 medium semi circle s as arms']"
165,/scratch/gpfs/nb0564/vlm_reasoning/logo_experiment/images/train-62.png,train,3 sided snowflake with a short space and a small triangle as arms,(lambda (logo_forLoop 3 (lambda (lambda (logo_GETSET (lambda (logo_PT (lambda (logo_FWRT (logo_MULL logo_UL 1) logo_ZA $0)) (logo_forLoop 3 (lambda (lambda (logo_FWRT (logo_MULL logo_UL 1) (logo_DIVA logo_UA 3) $0))) $0))) (logo_FWRT logo_ZL (logo_DIVA logo_UA 3) $0)))) $0)),3 sided snowflake with a short space and a small triangle as arms,"['3 small triangles in no order', '3 triangles spaced', '3 small triangles overall points north west']"
166,/scratch/gpfs/nb0564/vlm_reasoning/logo_experiment/images/train-26.png,train,a medium triangle separated by a big space from a medium triangle,(lambda (logo_forLoop 3 (lambda (lambda (logo_FWRT (logo_MULL logo_UL 2) (logo_DIVA logo_UA 3) $0))) (logo_PT (lambda (logo_FWRT (logo_MULL logo_UL 5) logo_ZA $0)) (logo_forLoop 3 (lambda (lambda (logo_FWRT (logo_MULL logo_UL 2) (logo_DIVA logo_UA 3) $0))) $0)))),a medium triangle separated by a big space from a medium triangle,"['2 spaced triangles', 'a triangle medium space and then another triangle', '2 triangles in distance', '2 large triangles']"
167,/scratch/gpfs/nb0564/vlm_reasoning/logo_experiment/images/train-115.png,train,7 sided snowflake with a short space and a medium triangle as arms,(lambda (logo_forLoop 7 (lambda (lambda (logo_GETSET (lambda (logo_PT (lambda (logo_FWRT (logo_MULL logo_UL 1) logo_ZA $0)) (logo_forLoop 3 (lambda (lambda (logo_FWRT (logo_MULL logo_UL 2) (logo_DIVA logo_UA 3) $0))) $0))) (logo_FWRT logo_ZL (logo_DIVA logo_UA 7) $0)))) $0)),7 sided snowflake with a short space and a medium triangle as arms,"['asdsd', '7 slices forming a circular formation']"
168,/scratch/gpfs/nb0564/vlm_reasoning/logo_experiment/images/train-199.png,train,6 sided snowflake with 2 short line s as arms,(lambda (logo_forLoop 6 (lambda (lambda (logo_GETSET (lambda (logo_PT (lambda (logo_FWRT logo_UL logo_ZA $0)) (logo_FWRT logo_UL logo_ZA (logo_PT (lambda (logo_FWRT logo_UL logo_ZA $0)) (logo_FWRT logo_UL logo_ZA $0))))) (logo_FWRT logo_ZL (logo_DIVA logo_UA 6) $0)))) $0)),6 sided snowflake with 2 short line s as arms,"['a large disconnected 5 sided star with disconnected lines and an invisible circle in the middle', 'art clip']"
169,/scratch/gpfs/nb0564/vlm_reasoning/logo_experiment/images/train-174.png,train,3 sided snowflake with a medium line and a medium 5 gon as arms,(lambda (logo_forLoop 3 (lambda (lambda (logo_GETSET (lambda (logo_FWRT (logo_MULL logo_UL 2) logo_ZA (logo_forLoop 5 (lambda (lambda (logo_FWRT (logo_MULL logo_UL 2) (logo_DIVA logo_UA 5) $0))) $0))) (logo_FWRT logo_ZL (logo_DIVA logo_UA 3) $0)))) $0)),3 sided snowflake with a medium line and a medium 5 gon as arms,"['a 3 sided snowflake with straight lines and 5 gon s for arms', 'snowflake composed of 3 5 sided gon s ande radiant connecte d lines', '3 pentagon wheel']"
170,/scratch/gpfs/nb0564/vlm_reasoning/logo_experiment/images/train-47.png,train,a small 5 gon next to a small 7 gon,(lambda (logo_forLoop 5 (lambda (lambda (logo_FWRT (logo_MULL logo_UL 1) (logo_DIVA logo_UA 5) $0))) (logo_PT (lambda (logo_FWRT (logo_MULL logo_UL 2) logo_ZA $0)) (logo_forLoop 7 (lambda (lambda (logo_FWRT (logo_MULL logo_UL 1) (logo_DIVA logo_UA 7) $0))) $0)))),a small 5 gon next to a small 7 gon,"['a 5 sided gon beside a 7 sided gon', 'small 5 gon next to med 7 gon', 'smallmedium pentagon connected on leftto 7 sided polygon they are touching at 1 point', '5 gon next to 7 gon']"
171,/scratch/gpfs/nb0564/vlm_reasoning/logo_experiment/images/train-193.png,train,3 sided snowflake with a short space and a medium triangle as arms,(lambda (logo_forLoop 3 (lambda (lambda (logo_GETSET (lambda (logo_PT (lambda (logo_FWRT (logo_MULL logo_UL 1) logo_ZA $0)) (logo_forLoop 3 (lambda (lambda (logo_FWRT (logo_MULL logo_UL 2) (logo_DIVA logo_UA 3) $0))) $0))) (logo_FWRT logo_ZL (logo_DIVA logo_UA 3) $0)))) $0)),3 sided snowflake with a short space and a medium triangle as arms,"['3 medium triangles arranged in a messy triangle', 'small space in between 3 medium triangles', '3 triangles that are not aligned or attached together', '3 triangles spread apart']"
172,/scratch/gpfs/nb0564/vlm_reasoning/logo_experiment/images/train-6.png,train,a small 6 gon,(lambda (logo_forLoop 6 (lambda (lambda (logo_FWRT (logo_MULL logo_UL 1) (logo_DIVA logo_UA 6) $0))) $0)),a small 6 gon,"['6 gon', 'small hexagon', 'hexagon', 'medium hexagon']"
173,/scratch/gpfs/nb0564/vlm_reasoning/logo_experiment/images/train-78.png,train,7 sided snowflake with a short line and a small 5 gon as arms,(lambda (logo_forLoop 7 (lambda (lambda (logo_GETSET (lambda (logo_FWRT (logo_MULL logo_UL 1) logo_ZA (logo_forLoop 5 (lambda (lambda (logo_FWRT (logo_MULL logo_UL 1) (logo_DIVA logo_UA 5) $0))) $0))) (logo_FWRT logo_ZL (logo_DIVA logo_UA 7) $0)))) $0)),7 sided snowflake with a short line and a small 5 gon as arms,"['7 sided snowflake with 5 gon s touching each other like a flower', '7 small triangles surrounded by multiple 5 gon s', 'flower triangle hex']"
174,/scratch/gpfs/nb0564/vlm_reasoning/logo_experiment/images/train-120.png,train,5 sided snowflake with a short line and a medium triangle as arms,(lambda (logo_forLoop 5 (lambda (lambda (logo_GETSET (lambda (logo_FWRT (logo_MULL logo_UL 1) logo_ZA (logo_forLoop 3 (lambda (lambda (logo_FWRT (logo_MULL logo_UL 2) (logo_DIVA logo_UA 3) $0))) $0))) (logo_FWRT logo_ZL (logo_DIVA logo_UA 5) $0)))) $0)),5 sided snowflake with a short line and a medium triangle as arms,"['snowflake with 5 triangles connected to an axis', '5 medium triangles snowflake on underside outer edge of 5 medium lines in a star shape', '5 sided snowflake with connected line and triangle arms']"
175,/scratch/gpfs/nb0564/vlm_reasoning/logo_experiment/images/train-13.png,train,a medium 9 gon,(lambda (logo_forLoop 9 (lambda (lambda (logo_FWRT (logo_MULL logo_UL 2) (logo_DIVA logo_UA 9) $0))) $0)),a medium 9 gon,"['a large 9 gon', '9 gon very large', 'a large 9 gon', 'a large 9 gon']"
176,/scratch/gpfs/nb0564/vlm_reasoning/logo_experiment/images/train-95.png,train,5 sided snowflake with a small 5 gon and a small circle as arms,(lambda (logo_forLoop 5 (lambda (lambda (logo_GETSET (lambda (logo_PT (lambda (logo_FWRT logo_UL logo_ZA $0)) (logo_forLoop 5 (lambda (lambda (logo_FWRT (logo_MULL logo_UL 1) (logo_DIVA logo_UA 5) $0))) (logo_PT (lambda (logo_FWRT logo_UL logo_ZA $0)) (logo_forLoop logo_IFTY (lambda (lambda (logo_FWRT (logo_MULL logo_epsL 1) logo_epsA $0))) (logo_forLoop logo_IFTY (lambda (lambda (logo_FWRT (logo_MULL logo_epsL 1) logo_epsA $0))) $0)))))) (logo_FWRT logo_ZL (logo_DIVA logo_UA 5) $0)))) $0)),5 sided snowflake with a small 5 gon and a small circle as arms,"['dsd', '5 pentagon s forming a snowflake a small circle intersects each of the pentagon s on 1 of the sides']"
177,/scratch/gpfs/nb0564/vlm_reasoning/logo_experiment/images/train-19.png,train,a big circle,(lambda (logo_forLoop logo_IFTY (lambda (lambda (logo_FWRT (logo_MULL logo_epsL 5) logo_epsA $0))) (logo_forLoop logo_IFTY (lambda (lambda (logo_FWRT (logo_MULL logo_epsL 5) logo_epsA $0))) $0))),a big circle,"['just a circle', 'a round circle']"
178,/scratch/gpfs/nb0564/vlm_reasoning/logo_experiment/images/train-72.png,train,4 small circle s in a row,(lambda (logo_forLoop 4 (lambda (lambda (logo_GETSET (lambda (logo_forLoop logo_IFTY (lambda (lambda (logo_FWRT (logo_MULL logo_epsL 1) logo_epsA $0))) (logo_forLoop logo_IFTY (lambda (lambda (logo_FWRT (logo_MULL logo_epsL 1) logo_epsA $0))) $0))) (logo_PT (lambda (logo_FWRT logo_UL logo_ZA $0)) $0)))) $0)),4 small circle s in a row,"['4 small circle s in a row', '4 circle s spaced', 'audi but not overlapping small circle s small spaces between']"
179,/scratch/gpfs/nb0564/vlm_reasoning/logo_experiment/images/train-141.png,train,8 sided snowflake with a short line and a medium circle as arms,(lambda (logo_forLoop 8 (lambda (lambda (logo_GETSET (lambda (logo_FWRT (logo_MULL logo_UL 1) logo_ZA (logo_forLoop logo_IFTY (lambda (lambda (logo_FWRT (logo_MULL logo_epsL 2) logo_epsA $0))) (logo_forLoop logo_IFTY (lambda (lambda (logo_FWRT (logo_MULL logo_epsL 2) logo_epsA $0))) $0)))) (logo_FWRT logo_ZL (logo_DIVA logo_UA 8) $0)))) $0)),8 sided snowflake with a short line and a medium circle as arms,"['flower', 'circle s made of circle s', 'an 8 sided snowflake with a black center and 8 overlapping circle s as arms']"
180,/scratch/gpfs/nb0564/vlm_reasoning/logo_experiment/images/train-105.png,train,6 sided snowflake with a short line and a small semicircle as arms,(lambda (logo_forLoop 6 (lambda (lambda (logo_GETSET (lambda (logo_FWRT (logo_MULL logo_UL 1) logo_ZA (logo_forLoop logo_IFTY (lambda (lambda (logo_FWRT (logo_MULL logo_epsL 1) logo_epsA $0))) $0))) (logo_FWRT logo_ZL (logo_DIVA logo_UA 6) $0)))) $0)),6 sided snowflake with a short line and a small semicircle as arms,"['line art', '6 candy cane pinwheel']"
181,/scratch/gpfs/nb0564/vlm_reasoning/logo_experiment/images/train-36.png,train,3 sided snowflake with a small 8 gon as arms,(lambda (logo_forLoop 3 (lambda (lambda (logo_GETSET (lambda (logo_forLoop 8 (lambda (lambda (logo_FWRT (logo_MULL logo_UL 1) (logo_DIVA logo_UA 8) $0))) $0)) (logo_FWRT logo_ZL (logo_DIVA logo_UA 3) $0)))) $0)),3 sided snowflake with a small 8 gon as arms,"['3 slightly overlapping 8 gon s', '3 octagon s forming a clover shape', '3 merged 8 shapes', '3 octagon s connected at 1 point']"
182,/scratch/gpfs/nb0564/vlm_reasoning/logo_experiment/images/train-189.png,train,4 concentric square s_copy_2,(lambda (logo_forLoop 5 (lambda (lambda (logo_GETSET (lambda (logo_forLoop 4 (lambda (lambda (logo_FWRT (logo_MULL logo_UL $4) (logo_DIVA logo_UA 4) $0))) $0)) $0))) $0)),4 concentric square s,"['russian doll square', 'art clip']"
183,/scratch/gpfs/nb0564/vlm_reasoning/logo_experiment/images/train-57.png,train,8 sided snowflake with a small 7 gon as arms,(lambda (logo_forLoop 8 (lambda (lambda (logo_GETSET (lambda (logo_forLoop 7 (lambda (lambda (logo_FWRT (logo_MULL logo_UL 1) (logo_DIVA logo_UA 7) $0))) $0)) (logo_FWRT logo_ZL (logo_DIVA logo_UA 8) $0)))) $0)),8 sided snowflake with a small 7 gon as arms,"['a snowflake with 7 sided gon and 8 arms', '8 flake with med 7 gon arms overlapping like flower', 'snowflake pattern 8 lines in center connected to 6 sided polygon creating a 3 d ball illusion', 'flower made up of 7 gon s']"
184,/scratch/gpfs/nb0564/vlm_reasoning/logo_experiment/images/train-164.png,train,4 short line s in a row,(lambda (logo_forLoop 4 (lambda (lambda (logo_GETSET (lambda (logo_FWRT logo_UL logo_ZA $0)) (logo_PT (lambda (logo_FWRT logo_UL logo_ZA $0)) $0)))) $0)),4 short line s in a row,"['a medium horizontal line', 'medium straihght loine', 'shorter line horizontal']"
185,/scratch/gpfs/nb0564/vlm_reasoning/logo_experiment/images/train-183.png,train,7 sided snowflake with a medium square as arms,(lambda (logo_forLoop 7 (lambda (lambda (logo_GETSET (lambda (logo_forLoop 4 (lambda (lambda (logo_FWRT (logo_MULL logo_UL 2) (logo_DIVA logo_UA 4) $0))) $0)) (logo_FWRT logo_ZL (logo_DIVA logo_UA 7) $0)))) $0)),7 sided snowflake with a medium square as arms,"['a 7 pizza petal flower on a 7 point napkin', 'small black circle with 7 4 gon s connected to ti with large 4 gon around it with large 5 gon underneath flower', 'overlapping square s with 7 triangles in the middle', 'a flower with 7 petals on top of 2 square s']"
186,/scratch/gpfs/nb0564/vlm_reasoning/logo_experiment/images/train-38.png,train,6 sided snowflake with a short space and a small 7 gon as arms,(lambda (logo_forLoop 6 (lambda (lambda (logo_GETSET (lambda (logo_PT (lambda (logo_FWRT (logo_MULL logo_UL 1) logo_ZA $0)) (logo_forLoop 7 (lambda (lambda (logo_FWRT (logo_MULL logo_UL 1) (logo_DIVA logo_UA 7) $0))) $0))) (logo_FWRT logo_ZL (logo_DIVA logo_UA 6) $0)))) $0)),6 sided snowflake with a short space and a small 7 gon as arms,"['6 sided snowflake with 7 gon at end of each arm', 'small 5 gon surrounded by 6 7 gon s', 'many octagon flower']"
187,/scratch/gpfs/nb0564/vlm_reasoning/logo_experiment/images/train-53.png,train,a small 9 gon connected by a medium line to a small 7 gon,(lambda (logo_forLoop 9 (lambda (lambda (logo_FWRT (logo_MULL logo_UL 1) (logo_DIVA logo_UA 9) $0))) (logo_FWRT (logo_MULL logo_UL 2) logo_ZA (logo_forLoop 7 (lambda (lambda (logo_FWRT (logo_MULL logo_UL 1) (logo_DIVA logo_UA 7) $0))) $0)))),a small 9 gon connected by a medium line to a small 7 gon,"['a medium 9 gon connected to and overlapping a small 7 gon', 'medium 8 gon connected to small 8 gon by small line', 'a 9 sided gon that is attached by a line on the bottom to a smaller 7 sided gon that overlaps the tow gon s', 'a 9 gon overlapping a 7 gon with a line on the bottom']"
188,/scratch/gpfs/nb0564/vlm_reasoning/logo_experiment/images/train-160.png,train,3 medium semicircle s in a row,(lambda (logo_forLoop 3 (lambda (lambda (logo_GETSET (lambda (logo_forLoop logo_IFTY (lambda (lambda (logo_FWRT (logo_MULL logo_epsL 2) logo_epsA $0))) $0)) (logo_PT (lambda (logo_FWRT logo_UL logo_ZA $0)) $0)))) $0)),3 medium semicircle s in a row,"['3 medium half circle s', '3 medium half circle s in a horizontal side by side row curve on the right', '3 medium semicircle s in a row']"
189,/scratch/gpfs/nb0564/vlm_reasoning/logo_experiment/images/train-187.png,train,a small triangle connected by a big line to a medium triangle,(lambda (logo_forLoop 3 (lambda (lambda (logo_FWRT (logo_MULL logo_UL 1) (logo_DIVA logo_UA 3) $0))) (logo_FWRT (logo_MULL logo_UL 5) logo_ZA (logo_forLoop 3 (lambda (lambda (logo_FWRT (logo_MULL logo_UL 2) (logo_DIVA logo_UA 3) $0))) $0)))),a small triangle connected by a big line to a medium triangle,"['a small triangle with a long line and a medium triangle', 'small triangle connected to med triangle with line', 'small triangle connected to a larger large triangle by a large line', 'small triangle connected to a larger triangle by a line']"
190,/scratch/gpfs/nb0564/vlm_reasoning/logo_experiment/images/train-59.png,train,a medium circle connected by a big line to a medium circle,(lambda (logo_forLoop logo_IFTY (lambda (lambda (logo_FWRT (logo_MULL logo_epsL 2) logo_epsA $0))) (logo_forLoop logo_IFTY (lambda (lambda (logo_FWRT (logo_MULL logo_epsL 2) logo_epsA $0))) (logo_FWRT (logo_MULL logo_UL 5) logo_ZA (logo_forLoop logo_IFTY (lambda (lambda (logo_FWRT (logo_MULL logo_epsL 2) logo_epsA $0))) (logo_forLoop logo_IFTY (lambda (lambda (logo_FWRT (logo_MULL logo_epsL 2) logo_epsA $0))) $0)))))),a medium circle connected by a big line to a medium circle,"['1 circle on each end of a long line making a face', 'pin']"
191,/scratch/gpfs/nb0564/vlm_reasoning/logo_experiment/images/train-101.png,train,4 concentric square s_copy_5,(lambda (logo_forLoop 5 (lambda (lambda (logo_GETSET (lambda (logo_forLoop 4 (lambda (lambda (logo_FWRT (logo_MULL logo_UL $4) (logo_DIVA logo_UA 4) $0))) $0)) $0))) $0)),4 concentric square s,"['nested square', 'square of square s', '4 nested square s']"
192,/scratch/gpfs/nb0564/vlm_reasoning/logo_experiment/images/train-32.png,train,8 sided snowflake with a medium triangle as arms,(lambda (logo_forLoop 8 (lambda (lambda (logo_GETSET (lambda (logo_forLoop 3 (lambda (lambda (logo_FWRT (logo_MULL logo_UL 2) (logo_DIVA logo_UA 3) $0))) $0)) (logo_FWRT logo_ZL (logo_DIVA logo_UA 8) $0)))) $0)),8 sided snowflake with a medium triangle as arms,"['a pinwheel with 8 skinny triangles', 'hexagon snowflake', 'buddhism wheel']"
193,/scratch/gpfs/nb0564/vlm_reasoning/logo_experiment/images/train-8.png,train,a small 7 gon,(lambda (logo_forLoop 7 (lambda (lambda (logo_FWRT (logo_MULL logo_UL 1) (logo_DIVA logo_UA 7) $0))) $0)),a small 7 gon,"['7 gon', 'medium 7 gon', 'hectagon by itself']"
194,/scratch/gpfs/nb0564/vlm_reasoning/logo_experiment/images/train-91.png,train,8 sided snowflake with a short space and a short line and a short space and a small square as arms,(lambda (logo_forLoop 8 (lambda (lambda (logo_GETSET (lambda (logo_PT (lambda (logo_FWRT logo_UL logo_ZA $0)) (logo_FWRT logo_UL logo_ZA (logo_PT (lambda (logo_FWRT logo_UL logo_ZA $0)) (logo_forLoop 4 (lambda (lambda (logo_FWRT (logo_MULL logo_UL 1) (logo_DIVA logo_UA 4) $0))) $0))))) (logo_FWRT logo_ZL (logo_DIVA logo_UA 8) $0)))) $0)),8 sided snowflake with a short space and a short line and a short space and a small square as arms,"['sun with 8 square s', '8 square s with 8 lines', '8 sided snowflake with 8 lines a space and 8 square s as arms']"
195,/scratch/gpfs/nb0564/vlm_reasoning/logo_experiment/images/train-76.png,train,3 sided snowflake with a short space and a small 7 gon as arms,(lambda (logo_forLoop 3 (lambda (lambda (logo_GETSET (lambda (logo_PT (lambda (logo_FWRT (logo_MULL logo_UL 1) logo_ZA $0)) (logo_forLoop 7 (lambda (lambda (logo_FWRT (logo_MULL logo_UL 1) (logo_DIVA logo_UA 7) $0))) $0))) (logo_FWRT logo_ZL (logo_DIVA logo_UA 3) $0)))) $0)),3 sided snowflake with a short space and a small 7 gon as arms,"['3 7 gon s not touch inverted triangle', '3 medium hexagon s forming triangle', '3 rounded 7 shapes', '3 large 7 gon s']"
196,/scratch/gpfs/nb0564/vlm_reasoning/logo_experiment/images/train-145.png,train,8 sided snowflake with a small circle and a medium circle as arms,(lambda (logo_forLoop 8 (lambda (lambda (logo_GETSET (lambda (logo_PT (lambda (logo_FWRT logo_UL logo_ZA $0)) (logo_forLoop logo_IFTY (lambda (lambda (logo_FWRT (logo_MULL logo_epsL 1) logo_epsA $0))) (logo_forLoop logo_IFTY (lambda (lambda (logo_FWRT (logo_MULL logo_epsL 1) logo_epsA $0))) (logo_PT (lambda (logo_FWRT logo_UL logo_ZA $0)) (logo_forLoop logo_IFTY (lambda (lambda (logo_FWRT (logo_MULL logo_epsL 2) logo_epsA $0))) (logo_forLoop logo_IFTY (lambda (lambda (logo_FWRT (logo_MULL logo_epsL 2) logo_epsA $0))) $0))))))) (logo_FWRT logo_ZL (logo_DIVA logo_UA 8) $0)))) $0)),8 sided snowflake with a small circle and a medium circle as arms,"['dasdas', '8 small circle s encased by 8 larger circle s']"
197,/scratch/gpfs/nb0564/vlm_reasoning/logo_experiment/images/train-2.png,train,a small square,(lambda (logo_forLoop 4 (lambda (lambda (logo_FWRT (logo_MULL logo_UL 1) (logo_DIVA logo_UA 4) $0))) $0)),a small square,"['a small square', 'small square', 'small square']"
198,/scratch/gpfs/nb0564/vlm_reasoning/logo_experiment/images/train-124.png,train,5 sided snowflake with a short space and a short line and a short space and a small semicircle as arms,(lambda (logo_forLoop 5 (lambda (lambda (logo_GETSET (lambda (logo_PT (lambda (logo_FWRT logo_UL logo_ZA $0)) (logo_FWRT logo_UL logo_ZA (logo_PT (lambda (logo_FWRT logo_UL logo_ZA $0)) (logo_forLoop logo_IFTY (lambda (lambda (logo_FWRT (logo_MULL logo_epsL 1) logo_epsA $0))) $0))))) (logo_FWRT logo_ZL (logo_DIVA logo_UA 5) $0)))) $0)),5 sided snowflake with a short space and a short line and a short space and a small semicircle as arms,"['a 5 sided snowflake with a space a line a space and semicircle s as arms', '5 semi circle s 5 rafiant lnes', '5 lines with semicricles at the top']"
199,/scratch/gpfs/nb0564/vlm_reasoning/logo_experiment/images/train-17.png,train,a medium circle,(lambda (logo_forLoop logo_IFTY (lambda (lambda (logo_FWRT (logo_MULL logo_epsL 2) logo_epsA $0))) (logo_forLoop logo_IFTY (lambda (lambda (logo_FWRT (logo_MULL logo_epsL 2) logo_epsA $0))) $0))),a medium circle,"['medium circle', 'med circle', 'smallmedium circle', 'small circle']"
200,/scratch/gpfs/nb0564/vlm_reasoning/logo_experiment/images/test-110.png,test,6 sided snowflake with a small 5 gon and a small square as arms,(lambda (logo_forLoop 6 (lambda (lambda (logo_GETSET (lambda (logo_PT (lambda (logo_FWRT logo_UL logo_ZA $0)) (logo_forLoop 5 (lambda (lambda (logo_FWRT (logo_MULL logo_UL 1) (logo_DIVA logo_UA 5) $0))) (logo_PT (lambda (logo_FWRT logo_UL logo_ZA $0)) (logo_forLoop 4 (lambda (lambda (logo_FWRT (logo_MULL logo_UL 1) (logo_DIVA logo_UA 4) $0))) $0))))) (logo_FWRT logo_ZL (logo_DIVA logo_UA 6) $0)))) $0)),6 sided snowflake with a small 5 gon and a small square as arms,"['6 pentagon s with square s attached', '6 medium 6 gon s snowflake with small square s ont eh top right of each gon at the outer side', '6 sided snowflake with arms of touching pentagon s and small square s']"
201,/scratch/gpfs/nb0564/vlm_reasoning/logo_experiment/images/test-23.png,test,a medium square next to a medium triangle,(lambda (logo_forLoop 4 (lambda (lambda (logo_FWRT (logo_MULL logo_UL 2) (logo_DIVA logo_UA 4) $0))) (logo_PT (lambda (logo_FWRT (logo_MULL logo_UL 2) logo_ZA $0)) (logo_forLoop 3 (lambda (lambda (logo_FWRT (logo_MULL logo_UL 2) (logo_DIVA logo_UA 3) $0))) $0)))),a medium square next to a medium triangle,"['a medium square touching a medium triangle', 'medium square connected to medium triangle', 'a slightly larger square attached to a triangle', 'a square and triangle touching']"
202,/scratch/gpfs/nb0564/vlm_reasoning/logo_experiment/images/test-48.png,test,3 small circle s in a row,(lambda (logo_forLoop 3 (lambda (lambda (logo_GETSET (lambda (logo_forLoop logo_IFTY (lambda (lambda (logo_FWRT (logo_MULL logo_epsL 1) logo_epsA $0))) (logo_forLoop logo_IFTY (lambda (lambda (logo_FWRT (logo_MULL logo_epsL 1) logo_epsA $0))) $0))) (logo_PT (lambda (logo_FWRT logo_UL logo_ZA $0)) $0)))) $0)),3 small circle s in a row,"['3 small circle s lined up in a line', '3 small circle s', '3 circle s']"
203,/scratch/gpfs/nb0564/vlm_reasoning/logo_experiment/images/test-42.png,test,3 small semicircle s in a row,(lambda (logo_forLoop 3 (lambda (lambda (logo_GETSET (lambda (logo_forLoop logo_IFTY (lambda (lambda (logo_FWRT (logo_MULL logo_epsL 1) logo_epsA $0))) $0)) (logo_PT (lambda (logo_FWRT logo_UL logo_ZA $0)) $0)))) $0)),3 small semicircle s in a row,"['3 small half circle s', '3 semi circle s spaced', '3 commas facing right']"
204,/scratch/gpfs/nb0564/vlm_reasoning/logo_experiment/images/test-29.png,test,a short line connected by a big line to a medium semicircle,(lambda (logo_FWRT logo_UL logo_ZA (logo_FWRT (logo_MULL logo_UL 5) logo_ZA (logo_forLoop logo_IFTY (lambda (lambda (logo_FWRT (logo_MULL logo_epsL 2) logo_epsA $0))) $0)))),a short line connected by a big line to a medium semicircle,"['candy cane laying on its side sticking up', 'hook shape']"
205,/scratch/gpfs/nb0564/vlm_reasoning/logo_experiment/images/test-67.png,test,6 sided snowflake with a medium line and a small 9 gon as arms,(lambda (logo_forLoop 6 (lambda (lambda (logo_GETSET (lambda (logo_FWRT (logo_MULL logo_UL 2) logo_ZA (logo_forLoop 9 (lambda (lambda (logo_FWRT (logo_MULL logo_UL 1) (logo_DIVA logo_UA 9) $0))) $0))) (logo_FWRT logo_ZL (logo_DIVA logo_UA 6) $0)))) $0)),6 sided snowflake with a medium line and a small 9 gon as arms,"['snowflake with 9 sided gon star shape with 6 medium lines and 6 arms', '6 flake with 9 gon arms connect via line', '6 lined snowflake pattern connecting to 9 sided polygon', 'wheel made up of 6 arms of 9 gon s']"
206,/scratch/gpfs/nb0564/vlm_reasoning/logo_experiment/images/test-80.png,test,8 sided snowflake with a short space and a small 8 gon as arms,(lambda (logo_forLoop 8 (lambda (lambda (logo_GETSET (lambda (logo_PT (lambda (logo_FWRT (logo_MULL logo_UL 1) logo_ZA $0)) (logo_forLoop 8 (lambda (lambda (logo_FWRT (logo_MULL logo_UL 1) (logo_DIVA logo_UA 8) $0))) $0))) (logo_FWRT logo_ZL (logo_DIVA logo_UA 8) $0)))) $0)),8 sided snowflake with a short space and a small 8 gon as arms,"['8 octagon s arranged in a circle', '8 8 gon s overlapping with small 8 gon in the center touching all the others', '8 sided snowflake with overlapping octagon arms']"
207,/scratch/gpfs/nb0564/vlm_reasoning/logo_experiment/images/test-63.png,test,6 sided snowflake with a short line and a medium semicircle as arms,(lambda (logo_forLoop 6 (lambda (lambda (logo_GETSET (lambda (logo_FWRT (logo_MULL logo_UL 1) logo_ZA (logo_forLoop logo_IFTY (lambda (lambda (logo_FWRT (logo_MULL logo_epsL 2) logo_epsA $0))) $0))) (logo_FWRT logo_ZL (logo_DIVA logo_UA 6) $0)))) $0)),6 sided snowflake with a short line and a medium semicircle as arms,"['a wheel of 3 backward s shapes', 'very small black circle connected to 6 medium curve sun arms', 'a snow flake with 6 curvy lines slightly larger than the other 1', '6 js connected at the center']"
208,/scratch/gpfs/nb0564/vlm_reasoning/logo_experiment/images/test-84.png,test,8 sided snowflake with a short space and a small square as arms,(lambda (logo_forLoop 8 (lambda (lambda (logo_GETSET (lambda (logo_PT (lambda (logo_FWRT (logo_MULL logo_UL 1) logo_ZA $0)) (logo_forLoop 4 (lambda (lambda (logo_FWRT (logo_MULL logo_UL 1) (logo_DIVA logo_UA 4) $0))) $0))) (logo_FWRT logo_ZL (logo_DIVA logo_UA 8) $0)))) $0)),8 sided snowflake with a short space and a small square as arms,"['an 8 sided snowflake with a space and square s for arms', '8 ssnowflake compsed of sqyuares', '8 square wheel no lines']"
209,/scratch/gpfs/nb0564/vlm_reasoning/logo_experiment/images/test-69.png,test,6 sided snowflake with a medium line and a small circle as arms,(lambda (logo_forLoop 6 (lambda (lambda (logo_GETSET (lambda (logo_FWRT (logo_MULL logo_UL 2) logo_ZA (logo_forLoop logo_IFTY (lambda (lambda (logo_FWRT (logo_MULL logo_epsL 1) logo_epsA $0))) (logo_forLoop logo_IFTY (lambda (lambda (logo_FWRT (logo_MULL logo_epsL 1) logo_epsA $0))) $0)))) (logo_FWRT logo_ZL (logo_DIVA logo_UA 6) $0)))) $0)),6 sided snowflake with a medium line and a small circle as arms,"['3 long lines on top of each other making a 6 sided star with hollow circle s on each end', 'pin circle']"
210,/scratch/gpfs/nb0564/vlm_reasoning/logo_experiment/images/test-46.png,test,5 small 5 gon s in a row,(lambda (logo_forLoop 5 (lambda (lambda (logo_GETSET (lambda (logo_forLoop 5 (lambda (lambda (logo_FWRT (logo_MULL logo_UL 1) (logo_DIVA logo_UA 5) $0))) $0)) (logo_PT (lambda (logo_FWRT logo_UL logo_ZA $0)) $0)))) $0)),5 small 5 gon s in a row,"['5 overlapping 5 gon s', '5 overlapping pentagon s in a row', '5 merged pentagon', '5 pentagon s in a row']"
211,/scratch/gpfs/nb0564/vlm_reasoning/logo_experiment/images/test-27.png,test,a small triangle connected by a medium line to a small 8 gon,(lambda (logo_forLoop 3 (lambda (lambda (logo_FWRT (logo_MULL logo_UL 1) (logo_DIVA logo_UA 3) $0))) (logo_FWRT (logo_MULL logo_UL 2) logo_ZA (logo_forLoop 8 (lambda (lambda (logo_FWRT (logo_MULL logo_UL 1) (logo_DIVA logo_UA 8) $0))) $0)))),a small triangle connected by a medium line to a small 8 gon,"['small triangle small line 8 sided gon', 'med 6 gon and small triangle connect by line', 'small triangle connected on left to medium 8 sided polygon by a short distance line', 'small triangle next to 8 gon connected by small line']"
212,/scratch/gpfs/nb0564/vlm_reasoning/logo_experiment/images/test-73.png,test,8 sided snowflake with a short line and a medium triangle as arms,(lambda (logo_forLoop 8 (lambda (lambda (logo_GETSET (lambda (logo_FWRT (logo_MULL logo_UL 1) logo_ZA (logo_forLoop 3 (lambda (lambda (logo_FWRT (logo_MULL logo_UL 2) (logo_DIVA logo_UA 3) $0))) $0))) (logo_FWRT logo_ZL (logo_DIVA logo_UA 8) $0)))) $0)),8 sided snowflake with a short line and a medium triangle as arms,"['a wheel of 8 medium triangle flags', 'very small circle in middle connected to 8 medium lines which connect to 8 medium triangles', 'snowflake with 8 medium sized triangles attached to 8 connected lines on the inside', '8 triangles with lines going to the center']"
213,/scratch/gpfs/nb0564/vlm_reasoning/logo_experiment/images/test-18.png,test,a medium circle next to a small 9 gon,(lambda (logo_forLoop logo_IFTY (lambda (lambda (logo_FWRT (logo_MULL logo_epsL 2) logo_epsA $0))) (logo_forLoop logo_IFTY (lambda (lambda (logo_FWRT (logo_MULL logo_epsL 2) logo_epsA $0))) (logo_PT (lambda (logo_FWRT (logo_MULL logo_UL 2) logo_ZA $0)) (logo_forLoop 9 (lambda (lambda (logo_FWRT (logo_MULL logo_UL 1) (logo_DIVA logo_UA 9) $0))) $0))))),a medium circle next to a small 9 gon,"['small circle next to a larger 9 gon', 'a small circle next to a large 9 gon', 'octagon circle']"
214,/scratch/gpfs/nb0564/vlm_reasoning/logo_experiment/images/test-94.png,test,3 sided snowflake with a short space and a short line and a short space and a small circle as arms,(lambda (logo_forLoop 3 (lambda (lambda (logo_GETSET (lambda (logo_PT (lambda (logo_FWRT logo_UL logo_ZA $0)) (logo_FWRT logo_UL logo_ZA (logo_PT (lambda (logo_FWRT logo_UL logo_ZA $0)) (logo_forLoop logo_IFTY (lambda (lambda (logo_FWRT (logo_MULL logo_epsL 1) logo_epsA $0))) (logo_forLoop logo_IFTY (lambda (lambda (logo_FWRT (logo_MULL logo_epsL 1) logo_epsA $0))) $0)))))) (logo_FWRT logo_ZL (logo_DIVA logo_UA 3) $0)))) $0)),3 sided snowflake with a short space and a short line and a short space and a small circle as arms,"['a 3 sided snowflake with a space a line a space and small circle s for arms', 'snowflake composed of 3 dcirlcles and 3 radiant lines', '3 circle s connected by 3 lines']"
215,/scratch/gpfs/nb0564/vlm_reasoning/logo_experiment/images/test-12.png,test,a 3 stepped staircase,(lambda (logo_forLoop 3 (lambda (lambda (logo_FWRT logo_UL (logo_DIVA logo_UA 4) (logo_FWRT logo_UL (logo_DIVA logo_UA 4) (logo_FWRT logo_ZL (logo_DIVA logo_UA 2) $0))))) $0)),a 3 stepped staircase,"['3 stairs', '3 step stairs', '3 step stair']"
216,/scratch/gpfs/nb0564/vlm_reasoning/logo_experiment/images/test-79.png,test,5 sided snowflake with a medium space and a medium semicircle as arms,(lambda (logo_forLoop 5 (lambda (lambda (logo_GETSET (lambda (logo_PT (lambda (logo_FWRT (logo_MULL logo_UL 2) logo_ZA $0)) (logo_forLoop logo_IFTY (lambda (lambda (logo_FWRT (logo_MULL logo_epsL 2) logo_epsA $0))) $0))) (logo_FWRT logo_ZL (logo_DIVA logo_UA 5) $0)))) $0)),5 sided snowflake with a medium space and a medium semicircle as arms,"['large 5 sided disconnected star with round edges', 'line circle']"
217,/scratch/gpfs/nb0564/vlm_reasoning/logo_experiment/images/test-7.png,test,4 concentric circle s,(lambda (logo_forLoop 5 (lambda (lambda (logo_forLoop logo_IFTY (lambda (lambda (logo_FWRT (logo_MULL logo_epsL $3) logo_epsA $0))) (logo_forLoop logo_IFTY (lambda (lambda (logo_FWRT (logo_MULL logo_epsL $3) logo_epsA $0))) $0)))) $0)),4 concentric circle s,"['4 nesting circle s', '4 nested circle s', '4 nestled circle s going upward in size and direction', '4 nested circle s']"
218,/scratch/gpfs/nb0564/vlm_reasoning/logo_experiment/images/test-56.png,test,8 sided snowflake with a medium 5 gon as arms,(lambda (logo_forLoop 8 (lambda (lambda (logo_GETSET (lambda (logo_forLoop 5 (lambda (lambda (logo_FWRT (logo_MULL logo_UL 2) (logo_DIVA logo_UA 5) $0))) $0)) (logo_FWRT logo_ZL (logo_DIVA logo_UA 8) $0)))) $0)),8 sided snowflake with a medium 5 gon as arms,"['8 overlapped 5 gon s', '8 large pentagon s forming a circle and overlapping', 'complicated 1', '8 pentagon s connected at 1 point']"
219,/scratch/gpfs/nb0564/vlm_reasoning/logo_experiment/images/test-37.png,test,a small square connected by a medium line to a small 6 gon,(lambda (logo_forLoop 4 (lambda (lambda (logo_FWRT (logo_MULL logo_UL 1) (logo_DIVA logo_UA 4) $0))) (logo_FWRT (logo_MULL logo_UL 2) logo_ZA (logo_forLoop 6 (lambda (lambda (logo_FWRT (logo_MULL logo_UL 1) (logo_DIVA logo_UA 6) $0))) $0)))),a small square connected by a medium line to a small 6 gon,"['small square small line medium 6 sided gon', 'small square connected to 6 gon by line', 'smallmedium square on left connected to 6 sided polygon on right by a smallmedium line', 'small square connected to medium 6 gon by small line']"
220,/scratch/gpfs/nb0564/vlm_reasoning/logo_experiment/images/test-104.png,test,6 sided snowflake with a small triangle and a medium circle as arms,(lambda (logo_forLoop 6 (lambda (lambda (logo_GETSET (lambda (logo_PT (lambda (logo_FWRT logo_UL logo_ZA $0)) (logo_forLoop 3 (lambda (lambda (logo_FWRT (logo_MULL logo_UL 1) (logo_DIVA logo_UA 3) $0))) (logo_PT (lambda (logo_FWRT logo_UL logo_ZA $0)) (logo_forLoop logo_IFTY (lambda (lambda (logo_FWRT (logo_MULL logo_epsL 2) logo_epsA $0))) (logo_forLoop logo_IFTY (lambda (lambda (logo_FWRT (logo_MULL logo_epsL 2) logo_epsA $0))) $0)))))) (logo_FWRT logo_ZL (logo_DIVA logo_UA 6) $0)))) $0)),6 sided snowflake with a small triangle and a medium circle as arms,"['a 6 sided snowflake with a space and a triangle and a circle for arms', 'snoflake 6 sides odd ball shaoes', '6 ice cream c1 s']"
221,/scratch/gpfs/nb0564/vlm_reasoning/logo_experiment/images/test-33.png,test,a small circle connected by a medium line to a medium semicircle,(lambda (logo_forLoop logo_IFTY (lambda (lambda (logo_FWRT (logo_MULL logo_epsL 1) logo_epsA $0))) (logo_forLoop logo_IFTY (lambda (lambda (logo_FWRT (logo_MULL logo_epsL 1) logo_epsA $0))) (logo_FWRT (logo_MULL logo_UL 2) logo_ZA (logo_forLoop logo_IFTY (lambda (lambda (logo_FWRT (logo_MULL logo_epsL 2) logo_epsA $0))) $0))))),a small circle connected by a medium line to a medium semicircle,"['a fishhook pointing right', 'very small circle connected to hook shape looks like side umbrella', 'small circle with a short straight line attached to a hook that points up and to the left', 'a fish hook on its side']"
222,/scratch/gpfs/nb0564/vlm_reasoning/logo_experiment/images/test-100.png,test,8 sided snowflake with a short line and a small semicircle as arms,(lambda (logo_forLoop 8 (lambda (lambda (logo_GETSET (lambda (logo_PT (lambda (logo_FWRT logo_UL logo_ZA $0)) (logo_FWRT logo_UL logo_ZA (logo_PT (lambda (logo_FWRT logo_UL logo_ZA $0)) (logo_forLoop logo_IFTY (lambda (lambda (logo_FWRT (logo_MULL logo_epsL 1) logo_epsA $0))) $0))))) (logo_FWRT logo_ZL (logo_DIVA logo_UA 8) $0)))) $0)),8 sided snowflake with a short line and a small semicircle as arms,"['8 medium lines arranged in a circle inside of 8 small half circle s', '8 half circle s snowflake with 8 short lines around a center circle', '8 sided snowflake with small floating lines and semicircle s for arms']"
223,/scratch/gpfs/nb0564/vlm_reasoning/logo_experiment/images/test-58.png,test,8 sided snowflake with a medium semicircle as arms,(lambda (logo_forLoop 8 (lambda (lambda (logo_GETSET (lambda (logo_forLoop logo_IFTY (lambda (lambda (logo_FWRT (logo_MULL logo_epsL 2) logo_epsA $0))) $0)) (logo_FWRT logo_ZL (logo_DIVA logo_UA 8) $0)))) $0)),8 sided snowflake with a medium semicircle as arms,"['8 semicircle s connected at a central point', 'a hurricane with 8 arms', 'swirly']"
224,/scratch/gpfs/nb0564/vlm_reasoning/logo_experiment/images/test-52.png,test,3 sided snowflake with a small 5 gon as arms,(lambda (logo_forLoop 3 (lambda (lambda (logo_GETSET (lambda (logo_forLoop 5 (lambda (lambda (logo_FWRT (logo_MULL logo_UL 1) (logo_DIVA logo_UA 5) $0))) $0)) (logo_FWRT logo_ZL (logo_DIVA logo_UA 3) $0)))) $0)),3 sided snowflake with a small 5 gon as arms,"['3 pentagon s connected at a single point', '3 pentagon s connected', '3 pentagon stuck together in the middle offset 4 5 deg right']"
225,/scratch/gpfs/nb0564/vlm_reasoning/logo_experiment/images/test-39.png,test,4 small triangle s in a row,(lambda (logo_forLoop 4 (lambda (lambda (logo_GETSET (lambda (logo_forLoop 3 (lambda (lambda (logo_FWRT (logo_MULL logo_UL 1) (logo_DIVA logo_UA 3) $0))) $0)) (logo_PT (lambda (logo_FWRT logo_UL logo_ZA $0)) $0)))) $0)),4 small triangle s in a row,"['4 small tirangles in a row', 'teeth shape object']"
226,/scratch/gpfs/nb0564/vlm_reasoning/logo_experiment/images/test-16.png,test,a medium semicircle next to a small 8 gon,(lambda (logo_forLoop logo_IFTY (lambda (lambda (logo_FWRT (logo_MULL logo_epsL 2) logo_epsA $0))) (logo_PT (lambda (logo_FWRT (logo_MULL logo_UL 2) logo_ZA $0)) (logo_forLoop 8 (lambda (lambda (logo_FWRT (logo_MULL logo_UL 1) (logo_DIVA logo_UA 8) $0))) $0)))),a medium semicircle next to a small 8 gon,"['8 gon and small half circle', 'larger octagon space small semicircle', '8 shape with half circle', 'a large octagon to the left of a medium half circle']"
227,/scratch/gpfs/nb0564/vlm_reasoning/logo_experiment/images/test-3.png,test,8 concentric square s,(lambda (logo_forLoop 9 (lambda (lambda (logo_GETSET (lambda (logo_forLoop 4 (lambda (lambda (logo_FWRT (logo_MULL logo_UL $4) (logo_DIVA logo_UA 4) $0))) $0)) $0))) $0)),8 concentric square s,"['8 concentric square s starting bottom left', '8 square s stepped together from very small to huge', '8 square s on top of each other', '8 nested square s']"
228,/scratch/gpfs/nb0564/vlm_reasoning/logo_experiment/images/test-77.png,test,7 sided snowflake with a short space and a small 7 gon as arms,(lambda (logo_forLoop 7 (lambda (lambda (logo_GETSET (lambda (logo_PT (lambda (logo_FWRT (logo_MULL logo_UL 1) logo_ZA $0)) (logo_forLoop 7 (lambda (lambda (logo_FWRT (logo_MULL logo_UL 1) (logo_DIVA logo_UA 7) $0))) $0))) (logo_FWRT logo_ZL (logo_DIVA logo_UA 7) $0)))) $0)),7 sided snowflake with a short space and a small 7 gon as arms,"['a snowflake with 7 sided gon medium space and 7 arms', '7 flake with 7 gon arms', 'snowflake pattern with 7 sided polygon connected by larger 7 sided polygon s', 'snowflake made up of 7 arms of 7 gon s']"
229,/scratch/gpfs/nb0564/vlm_reasoning/logo_experiment/images/test-90.png,test,6 sided snowflake with a short space and a short line and a short space and a small triangle as arms,(lambda (logo_forLoop 6 (lambda (lambda (logo_GETSET (lambda (logo_PT (lambda (logo_FWRT logo_UL logo_ZA $0)) (logo_FWRT logo_UL logo_ZA (logo_PT (lambda (logo_FWRT logo_UL logo_ZA $0)) (logo_forLoop 3 (lambda (lambda (logo_FWRT (logo_MULL logo_UL 1) (logo_DIVA logo_UA 3) $0))) $0))))) (logo_FWRT logo_ZL (logo_DIVA logo_UA 6) $0)))) $0)),6 sided snowflake with a short space and a short line and a short space and a small triangle as arms,"['6 lines arranged in a circle inside of 6 small triangles', '6 small triangles snowflake with 6 short lines in a circle at the middle', '7 sided snowflake with floating line and small triangle arms']"
230,/scratch/gpfs/nb0564/vlm_reasoning/logo_experiment/images/test-9.png,test,3 concentric circle s,(lambda (logo_forLoop 4 (lambda (lambda (logo_forLoop logo_IFTY (lambda (lambda (logo_FWRT (logo_MULL logo_epsL $3) logo_epsA $0))) (logo_forLoop logo_IFTY (lambda (lambda (logo_FWRT (logo_MULL logo_epsL $3) logo_epsA $0))) $0)))) $0)),3 concentric circle s,"['3 circle s russian doll', 'spring']"
231,/scratch/gpfs/nb0564/vlm_reasoning/logo_experiment/images/test-89.png,test,3 sided snowflake with a short space and a short line and a short space and a small 5 gon as arms,(lambda (logo_forLoop 3 (lambda (lambda (logo_GETSET (lambda (logo_PT (lambda (logo_FWRT logo_UL logo_ZA $0)) (logo_FWRT logo_UL logo_ZA (logo_PT (lambda (logo_FWRT logo_UL logo_ZA $0)) (logo_forLoop 5 (lambda (lambda (logo_FWRT (logo_MULL logo_UL 1) (logo_DIVA logo_UA 5) $0))) $0))))) (logo_FWRT logo_ZL (logo_DIVA logo_UA 3) $0)))) $0)),3 sided snowflake with a short space and a short line and a short space and a small 5 gon as arms,"['a y shape with 3 disconnected lines with 3 house shapes at each end', '3 pentagon']"
232,/scratch/gpfs/nb0564/vlm_reasoning/logo_experiment/images/test-64.png,test,3 sided snowflake with a medium line and a medium square as arms,(lambda (logo_forLoop 3 (lambda (lambda (logo_GETSET (lambda (logo_FWRT (logo_MULL logo_UL 2) logo_ZA (logo_forLoop 4 (lambda (lambda (logo_FWRT (logo_MULL logo_UL 2) (logo_DIVA logo_UA 4) $0))) $0))) (logo_FWRT logo_ZL (logo_DIVA logo_UA 3) $0)))) $0)),3 sided snowflake with a medium line and a medium square as arms,"['a 3 sided snowflake with straight arms and square s at the end of the arms', '3 sided snowflake on triple axia', '3 connected square s']"
233,/scratch/gpfs/nb0564/vlm_reasoning/logo_experiment/images/test-83.png,test,7 sided snowflake with a short space and a medium 5 gon as arms,(lambda (logo_forLoop 7 (lambda (lambda (logo_GETSET (lambda (logo_PT (lambda (logo_FWRT (logo_MULL logo_UL 1) logo_ZA $0)) (logo_forLoop 5 (lambda (lambda (logo_FWRT (logo_MULL logo_UL 2) (logo_DIVA logo_UA 5) $0))) $0))) (logo_FWRT logo_ZL (logo_DIVA logo_UA 7) $0)))) $0)),7 sided snowflake with a short space and a medium 5 gon as arms,"['overlapping linked large 5 gon bracelet', 'small space in middle with 7 medium 5 gon s connected around it', '7 pentagon s in a snowflake shape that overlap', '7 pentagon s joined']"
234,/scratch/gpfs/nb0564/vlm_reasoning/logo_experiment/images/test-20.png,test,a small semicircle next to a small 9 gon,(lambda (logo_forLoop logo_IFTY (lambda (lambda (logo_FWRT (logo_MULL logo_epsL 1) logo_epsA $0))) (logo_PT (lambda (logo_FWRT (logo_MULL logo_UL 2) logo_ZA $0)) (logo_forLoop 9 (lambda (lambda (logo_FWRT (logo_MULL logo_UL 1) (logo_DIVA logo_UA 9) $0))) $0)))),a small semicircle next to a small 9 gon,"['a large nonagon with a small half circle', 'large n1 gon and a small half circle at top right after a space curve to the right', 'big 9 gon next to small high semicircle']"
235,/scratch/gpfs/nb0564/vlm_reasoning/logo_experiment/images/test-41.png,test,5 medium circle s in a row,(lambda (logo_forLoop 5 (lambda (lambda (logo_GETSET (lambda (logo_forLoop logo_IFTY (lambda (lambda (logo_FWRT (logo_MULL logo_epsL 2) logo_epsA $0))) (logo_forLoop logo_IFTY (lambda (lambda (logo_FWRT (logo_MULL logo_epsL 2) logo_epsA $0))) $0))) (logo_PT (lambda (logo_FWRT logo_UL logo_ZA $0)) $0)))) $0)),5 medium circle s in a row,"['5 circle s', '5 circle s', '5 small overlapping circle s in a row']"
236,/scratch/gpfs/nb0564/vlm_reasoning/logo_experiment/images/test-45.png,test,6 small circle s in a row,(lambda (logo_forLoop 6 (lambda (lambda (logo_GETSET (lambda (logo_forLoop logo_IFTY (lambda (lambda (logo_FWRT (logo_MULL logo_epsL 1) logo_epsA $0))) (logo_forLoop logo_IFTY (lambda (lambda (logo_FWRT (logo_MULL logo_epsL 1) logo_epsA $0))) $0))) (logo_PT (lambda (logo_FWRT logo_UL logo_ZA $0)) $0)))) $0)),6 small circle s in a row,"['sa', '6 small circle s forming a line']"
237,/scratch/gpfs/nb0564/vlm_reasoning/logo_experiment/images/test-24.png,test,a small 7 gon separated by a big space from a small circle,(lambda (logo_forLoop 7 (lambda (lambda (logo_FWRT (logo_MULL logo_UL 1) (logo_DIVA logo_UA 7) $0))) (logo_PT (lambda (logo_FWRT (logo_MULL logo_UL 5) logo_ZA $0)) (logo_forLoop logo_IFTY (lambda (lambda (logo_FWRT (logo_MULL logo_epsL 1) logo_epsA $0))) (logo_forLoop logo_IFTY (lambda (lambda (logo_FWRT (logo_MULL logo_epsL 1) logo_epsA $0))) $0))))),a small 7 gon separated by a big space from a small circle,"['a medium 7 gon and a small circle', 'large octagon with a small circle', '6 g1 with small circle on its right unconnected']"
238,/scratch/gpfs/nb0564/vlm_reasoning/logo_experiment/images/test-60.png,test,7 sided snowflake with a short line as arms,(lambda (logo_forLoop 7 (lambda (lambda (logo_GETSET (lambda (logo_FWRT logo_UL logo_ZA $0)) (logo_FWRT logo_ZL (logo_DIVA logo_UA 7) $0)))) $0)),7 sided snowflake with a short line as arms,"['an asterisk', '7 thick short lines in a snowflake', 'small 7 sided snowflake with short connected line arms']"
239,/scratch/gpfs/nb0564/vlm_reasoning/logo_experiment/images/test-87.png,test,5 sided snowflake with a short space and a short line and a short space and a small circle as arms,(lambda (logo_forLoop 5 (lambda (lambda (logo_GETSET (lambda (logo_PT (lambda (logo_FWRT logo_UL logo_ZA $0)) (logo_FWRT logo_UL logo_ZA (logo_PT (lambda (logo_FWRT logo_UL logo_ZA $0)) (logo_forLoop logo_IFTY (lambda (lambda (logo_FWRT (logo_MULL logo_epsL 1) logo_epsA $0))) (logo_forLoop logo_IFTY (lambda (lambda (logo_FWRT (logo_MULL logo_epsL 1) logo_epsA $0))) $0)))))) (logo_FWRT logo_ZL (logo_DIVA logo_UA 5) $0)))) $0)),5 sided snowflake with a short space and a short line and a short space and a small circle as arms,"['a snowflake with small circle s a space small lines and medium space with 5 arms', '5 flake with arms of space line space small circle', '5 lined snowflakepinwheel pattern with small spaces to small circle s with each line but not touching', 'loose snowflake made up of 5 arms of lines and circle s']"
240,/scratch/gpfs/nb0564/vlm_reasoning/logo_experiment/images/test-55.png,test,3 sided snowflake with a medium square as arms,(lambda (logo_forLoop 3 (lambda (lambda (logo_GETSET (lambda (logo_forLoop 4 (lambda (lambda (logo_FWRT (logo_MULL logo_UL 2) (logo_DIVA logo_UA 4) $0))) $0)) (logo_FWRT logo_ZL (logo_DIVA logo_UA 3) $0)))) $0)),3 sided snowflake with a medium square as arms,"['asa', '3 square s connecting at the center']"
241,/scratch/gpfs/nb0564/vlm_reasoning/logo_experiment/images/test-107.png,test,5 sided snowflake with 2 small circle s as arms,(lambda (logo_forLoop 5 (lambda (lambda (logo_GETSET (lambda (logo_PT (lambda (logo_FWRT logo_UL logo_ZA $0)) (logo_forLoop logo_IFTY (lambda (lambda (logo_FWRT (logo_MULL logo_epsL 1) logo_epsA $0))) (logo_forLoop logo_IFTY (lambda (lambda (logo_FWRT (logo_MULL logo_epsL 1) logo_epsA $0))) (logo_PT (lambda (logo_FWRT logo_UL logo_ZA $0)) (logo_forLoop logo_IFTY (lambda (lambda (logo_FWRT (logo_MULL logo_epsL 1) logo_epsA $0))) (logo_forLoop logo_IFTY (lambda (lambda (logo_FWRT (logo_MULL logo_epsL 1) logo_epsA $0))) $0))))))) (logo_FWRT logo_ZL (logo_DIVA logo_UA 5) $0)))) $0)),5 sided snowflake with 2 small circle s as arms,"['snowflake with 1 0 circle s as arms', '5 flake with arms made of 2 circle s in a line', 'snowflake design with no lines 2 circle pairs make up the 5 spoked design', 'star made up of 5 legs of 2 circle s']"
242,/scratch/gpfs/nb0564/vlm_reasoning/logo_experiment/images/test-34.png,test,a small 8 gon connected by a big line to a small 8 gon,(lambda (logo_forLoop 8 (lambda (lambda (logo_FWRT (logo_MULL logo_UL 1) (logo_DIVA logo_UA 8) $0))) (logo_FWRT (logo_MULL logo_UL 5) logo_ZA (logo_forLoop 8 (lambda (lambda (logo_FWRT (logo_MULL logo_UL 1) (logo_DIVA logo_UA 8) $0))) $0)))),a small 8 gon connected by a big line to a small 8 gon,"['2 8 gon s connected by a long straight line', '2 octo an a line', '6 g1 connected on botton to another 6 gon']"
243,/scratch/gpfs/nb0564/vlm_reasoning/logo_experiment/images/test-70.png,test,6 sided snowflake with a short line and a small 9 gon as arms,(lambda (logo_forLoop 6 (lambda (lambda (logo_GETSET (lambda (logo_FWRT (logo_MULL logo_UL 1) logo_ZA (logo_forLoop 9 (lambda (lambda (logo_FWRT (logo_MULL logo_UL 1) (logo_DIVA logo_UA 9) $0))) $0))) (logo_FWRT logo_ZL (logo_DIVA logo_UA 6) $0)))) $0)),6 sided snowflake with a short line and a small 9 gon as arms,"['6 nonagon s with a line to a middle axis point', '6 9 gon s overlapping into a snowflake with a 5 medium length star inside attached to each', '6 sided snowflake with 9 gon s for arms']"
244,/scratch/gpfs/nb0564/vlm_reasoning/logo_experiment/images/test-97.png,test,7 sided snowflake with a short space and a short line and a short space and a small square as arms,(lambda (logo_forLoop 7 (lambda (lambda (logo_GETSET (lambda (logo_PT (lambda (logo_FWRT logo_UL logo_ZA $0)) (logo_FWRT logo_UL logo_ZA (logo_PT (lambda (logo_FWRT logo_UL logo_ZA $0)) (logo_forLoop 4 (lambda (lambda (logo_FWRT (logo_MULL logo_UL 1) (logo_DIVA logo_UA 4) $0))) $0))))) (logo_FWRT logo_ZL (logo_DIVA logo_UA 7) $0)))) $0)),7 sided snowflake with a short space and a short line and a short space and a small square as arms,"['a 7 snowflake with a space a medium line and a medium space with 7 square arms', '7 gon with arms of space line space square', '7 lined snowflake and square s at the outermost locations good bit of space between the center the lines and the square s', 'snowflake made up of 7 arms of small square s and small lines']"
245,/scratch/gpfs/nb0564/vlm_reasoning/logo_experiment/images/test-11.png,test,a 8 stepped staircase,(lambda (logo_forLoop 8 (lambda (lambda (logo_FWRT logo_UL (logo_DIVA logo_UA 4) (logo_FWRT logo_UL (logo_DIVA logo_UA 4) (logo_FWRT logo_ZL (logo_DIVA logo_UA 2) $0))))) $0)),a 8 stepped staircase,"['stairs', 'large stairs', 'a staircase with 8 steps']"
246,/scratch/gpfs/nb0564/vlm_reasoning/logo_experiment/images/test-4.png,test,5 concentric square s,(lambda (logo_forLoop 6 (lambda (lambda (logo_GETSET (lambda (logo_forLoop 4 (lambda (lambda (logo_FWRT (logo_MULL logo_UL $4) (logo_DIVA logo_UA 4) $0))) $0)) $0))) $0)),5 concentric square s,"['5 stacked square s', '5 concentric square s', 'larger 5 nested square s']"
247,/scratch/gpfs/nb0564/vlm_reasoning/logo_experiment/images/test-15.png,test,a medium 5 gon next to a medium square,(lambda (logo_forLoop 5 (lambda (lambda (logo_FWRT (logo_MULL logo_UL 2) (logo_DIVA logo_UA 5) $0))) (logo_PT (lambda (logo_FWRT (logo_MULL logo_UL 2) logo_ZA $0)) (logo_forLoop 4 (lambda (lambda (logo_FWRT (logo_MULL logo_UL 2) (logo_DIVA logo_UA 4) $0))) $0)))),a medium 5 gon next to a medium square,"['ad', 'a pentagon penetrating a square from the left side of the square and touching part of the top side']"
248,/scratch/gpfs/nb0564/vlm_reasoning/logo_experiment/images/test-99.png,test,5 sided snowflake with 2 small 5 gon s as arms,(lambda (logo_forLoop 5 (lambda (lambda (logo_GETSET (lambda (logo_PT (lambda (logo_FWRT logo_UL logo_ZA $0)) (logo_forLoop 5 (lambda (lambda (logo_FWRT (logo_MULL logo_UL 1) (logo_DIVA logo_UA 5) $0))) (logo_PT (lambda (logo_FWRT logo_UL logo_ZA $0)) (logo_forLoop 5 (lambda (lambda (logo_FWRT (logo_MULL logo_UL 1) (logo_DIVA logo_UA 5) $0))) $0))))) (logo_FWRT logo_ZL (logo_DIVA logo_UA 5) $0)))) $0)),5 sided snowflake with 2 small 5 gon s as arms,"['5 pairings of house shaped objects', '1 0 pentagon']"
249,/scratch/gpfs/nb0564/vlm_reasoning/logo_experiment/images/test-0.png,test,a greek spiral with 7 turns,(lambda (logo_forLoop 8 (lambda (lambda (logo_FWRT (logo_MULL logo_UL $1) (logo_DIVA logo_UA 4) $0))) $0)),a greek spiral with 7 turns,"['a long line that snakes in on itself', 'l1 line on the left side with long line at top going right then medium long line going down on the right and at bottom of that line a small to medium line going left but not touching the left long line then a smaller line going up from that line then smaller line going right and small line going downlike a maze', 'large rectangular spiral made of 7 lines']"
250,/scratch/gpfs/nb0564/vlm_reasoning/logo_experiment/images/test-74.png,test,7 sided snowflake with a medium line and a medium triangle as arms,(lambda (logo_forLoop 7 (lambda (lambda (logo_GETSET (lambda (logo_FWRT (logo_MULL logo_UL 2) logo_ZA (logo_forLoop 3 (lambda (lambda (logo_FWRT (logo_MULL logo_UL 2) (logo_DIVA logo_UA 3) $0))) $0))) (logo_FWRT logo_ZL (logo_DIVA logo_UA 7) $0)))) $0)),7 sided snowflake with a medium line and a medium triangle as arms,"['a 7 sided snowflake with straight lines and triangles for arms', '7 sided snowflake arounfd a spiral 7 arms', '7 triangle wheel']"
251,/scratch/gpfs/nb0564/vlm_reasoning/logo_experiment/images/test-93.png,test,8 sided snowflake with a short space and a short line and a short space and a medium circle as arms,(lambda (logo_forLoop 8 (lambda (lambda (logo_GETSET (lambda (logo_PT (lambda (logo_FWRT logo_UL logo_ZA $0)) (logo_FWRT logo_UL logo_ZA (logo_PT (lambda (logo_FWRT logo_UL logo_ZA $0)) (logo_forLoop logo_IFTY (lambda (lambda (logo_FWRT (logo_MULL logo_epsL 2) logo_epsA $0))) (logo_forLoop logo_IFTY (lambda (lambda (logo_FWRT (logo_MULL logo_epsL 2) logo_epsA $0))) $0)))))) (logo_FWRT logo_ZL (logo_DIVA logo_UA 8) $0)))) $0)),8 sided snowflake with a short space and a short line and a short space and a medium circle as arms,"['sunburst of 8 short lines with 8 medium circle s just past the outer ends', 'small space 8 small lines outside 8 small circle s', 'a snowflake with 8 circle s on the outside with 8 small detached lines on the inside', '8 circle s with lines pointing to the center']"
252,/scratch/gpfs/nb0564/vlm_reasoning/logo_experiment/images/test-103.png,test,8 sided snowflake with a small 5 gon and a medium semicircle as arms,(lambda (logo_forLoop 8 (lambda (lambda (logo_GETSET (lambda (logo_PT (lambda (logo_FWRT logo_UL logo_ZA $0)) (logo_forLoop 5 (lambda (lambda (logo_FWRT (logo_MULL logo_UL 1) (logo_DIVA logo_UA 5) $0))) (logo_PT (lambda (logo_FWRT logo_UL logo_ZA $0)) (logo_forLoop logo_IFTY (lambda (lambda (logo_FWRT (logo_MULL logo_epsL 2) logo_epsA $0))) $0))))) (logo_FWRT logo_ZL (logo_DIVA logo_UA 8) $0)))) $0)),8 sided snowflake with a small 5 gon and a medium semicircle as arms,"['8 5 gon s in a circle with semi circle s attached outside each', '7 gon in middle with 9 small 5 gon s around it with half cir cles connected to the 5 gon s', '8 pentagon s with hooks that go up and to the right on the outside with a 8 gon attached on the inside', '8 pentagon s with a curl']"
253,/scratch/gpfs/nb0564/vlm_reasoning/logo_experiment/images/test-30.png,test,a small circle connected by a medium line to a small triangle,(lambda (logo_forLoop logo_IFTY (lambda (lambda (logo_FWRT (logo_MULL logo_epsL 1) logo_epsA $0))) (logo_forLoop logo_IFTY (lambda (lambda (logo_FWRT (logo_MULL logo_epsL 1) logo_epsA $0))) (logo_FWRT (logo_MULL logo_UL 2) logo_ZA (logo_forLoop 3 (lambda (lambda (logo_FWRT (logo_MULL logo_UL 1) (logo_DIVA logo_UA 3) $0))) $0))))),a small circle connected by a medium line to a small triangle,"['small circle connected to a small triangle', 'a long line with a small circle on the left top and a small triangle on the right side top of the line', 'small circle connected by line to small triangle']"
254,/scratch/gpfs/nb0564/vlm_reasoning/logo_experiment/images/test-109.png,test,5 sided snowflake with a small 5 gon and a small square as arms,(lambda (logo_forLoop 5 (lambda (lambda (logo_GETSET (lambda (logo_PT (lambda (logo_FWRT logo_UL logo_ZA $0)) (logo_forLoop 5 (lambda (lambda (logo_FWRT (logo_MULL logo_UL 1) (logo_DIVA logo_UA 5) $0))) (logo_PT (lambda (logo_FWRT logo_UL logo_ZA $0)) (logo_forLoop 4 (lambda (lambda (logo_FWRT (logo_MULL logo_UL 1) (logo_DIVA logo_UA 4) $0))) $0))))) (logo_FWRT logo_ZL (logo_DIVA logo_UA 5) $0)))) $0)),5 sided snowflake with a small 5 gon and a small square as arms,"['5 pairs of a square and a house shape in a circle pattern', 'joint shapes of a square and pentagon']"
255,/scratch/gpfs/nb0564/vlm_reasoning/logo_experiment/images/test-51.png,test,5 sided snowflake with a small 8 gon as arms,(lambda (logo_forLoop 5 (lambda (lambda (logo_GETSET (lambda (logo_forLoop 8 (lambda (lambda (logo_FWRT (logo_MULL logo_UL 1) (logo_DIVA logo_UA 8) $0))) $0)) (logo_FWRT logo_ZL (logo_DIVA logo_UA 5) $0)))) $0)),5 sided snowflake with a small 8 gon as arms,"['5 gon', 'overlapping octogon s', '5 medium overlapping 8 gon s in a circle']"
256,/scratch/gpfs/nb0564/vlm_reasoning/logo_experiment/images/test-82.png,test,8 sided snowflake with a short space and a medium semicircle as arms,(lambda (logo_forLoop 8 (lambda (lambda (logo_GETSET (lambda (logo_PT (lambda (logo_FWRT (logo_MULL logo_UL 1) logo_ZA $0)) (logo_forLoop logo_IFTY (lambda (lambda (logo_FWRT (logo_MULL logo_epsL 2) logo_epsA $0))) $0))) (logo_FWRT logo_ZL (logo_DIVA logo_UA 8) $0)))) $0)),8 sided snowflake with a short space and a medium semicircle as arms,"['a 8 sided chubby snowflake', 'flower pattern made of semi circle s', 'cloud going clockwise']"
257,/scratch/gpfs/nb0564/vlm_reasoning/logo_experiment/images/test-65.png,test,8 sided snowflake with a short line and a small 5 gon as arms,(lambda (logo_forLoop 8 (lambda (lambda (logo_GETSET (lambda (logo_FWRT (logo_MULL logo_UL 1) logo_ZA (logo_forLoop 5 (lambda (lambda (logo_FWRT (logo_MULL logo_UL 1) (logo_DIVA logo_UA 5) $0))) $0))) (logo_FWRT logo_ZL (logo_DIVA logo_UA 8) $0)))) $0)),8 sided snowflake with a short line and a small 5 gon as arms,"['assas', '8 pentagon s with a circle in the center and 8 triangles within the circle s tight']"
258,/scratch/gpfs/nb0564/vlm_reasoning/logo_experiment/images/test-88.png,test,6 sided snowflake with a short space and a short line and a short space and a small square as arms,(lambda (logo_forLoop 6 (lambda (lambda (logo_GETSET (lambda (logo_PT (lambda (logo_FWRT logo_UL logo_ZA $0)) (logo_FWRT logo_UL logo_ZA (logo_PT (lambda (logo_FWRT logo_UL logo_ZA $0)) (logo_forLoop 4 (lambda (lambda (logo_FWRT (logo_MULL logo_UL 1) (logo_DIVA logo_UA 4) $0))) $0))))) (logo_FWRT logo_ZL (logo_DIVA logo_UA 6) $0)))) $0)),6 sided snowflake with a short space and a short line and a short space and a small square as arms,"['6 sided snowflake with each arm having a line and a square', 'a sun with 6 square s surrounding it', 'flower spread']"
259,/scratch/gpfs/nb0564/vlm_reasoning/logo_experiment/images/test-40.png,test,6 small semicircle s in a row,(lambda (logo_forLoop 6 (lambda (lambda (logo_GETSET (lambda (logo_forLoop logo_IFTY (lambda (lambda (logo_FWRT (logo_MULL logo_epsL 1) logo_epsA $0))) $0)) (logo_PT (lambda (logo_FWRT logo_UL logo_ZA $0)) $0)))) $0)),6 small semicircle s in a row,"['6 small half circle s', '6 small half circle in a horizontal row with curve on the right side', '6 small semicircle s in a row']"
260,/scratch/gpfs/nb0564/vlm_reasoning/logo_experiment/images/test-21.png,test,a small square next to a small 6 gon,(lambda (logo_forLoop 4 (lambda (lambda (logo_FWRT (logo_MULL logo_UL 1) (logo_DIVA logo_UA 4) $0))) (logo_PT (lambda (logo_FWRT (logo_MULL logo_UL 2) logo_ZA $0)) (logo_forLoop 6 (lambda (lambda (logo_FWRT (logo_MULL logo_UL 1) (logo_DIVA logo_UA 6) $0))) $0)))),a small square next to a small 6 gon,"['square with hexagon', 'square and stopsign', 'a small square and a medium 6 gon']"
261,/scratch/gpfs/nb0564/vlm_reasoning/logo_experiment/images/test-25.png,test,a medium semicircle next to a small semicircle,(lambda (logo_forLoop logo_IFTY (lambda (lambda (logo_FWRT (logo_MULL logo_epsL 2) logo_epsA $0))) (logo_PT (lambda (logo_FWRT (logo_MULL logo_UL 2) logo_ZA $0)) (logo_forLoop logo_IFTY (lambda (lambda (logo_FWRT (logo_MULL logo_epsL 1) logo_epsA $0))) $0)))),a medium semicircle next to a small semicircle,"['ds', 'a small half circle facing right next to the left of a larger half circle facing left']"
262,/scratch/gpfs/nb0564/vlm_reasoning/logo_experiment/images/test-44.png,test,5 small circle s in a row,(lambda (logo_forLoop 5 (lambda (lambda (logo_GETSET (lambda (logo_forLoop logo_IFTY (lambda (lambda (logo_FWRT (logo_MULL logo_epsL 1) logo_epsA $0))) (logo_forLoop logo_IFTY (lambda (lambda (logo_FWRT (logo_MULL logo_epsL 1) logo_epsA $0))) $0))) (logo_PT (lambda (logo_FWRT logo_UL logo_ZA $0)) $0)))) $0)),5 small circle s in a row,"['5 small circle s in a row', '5 asnall cirlces', '5 circle s']"
263,/scratch/gpfs/nb0564/vlm_reasoning/logo_experiment/images/test-86.png,test,3 sided snowflake with a medium space and a small 9 gon as arms,(lambda (logo_forLoop 3 (lambda (lambda (logo_GETSET (lambda (logo_PT (lambda (logo_FWRT (logo_MULL logo_UL 2) logo_ZA $0)) (logo_forLoop 9 (lambda (lambda (logo_FWRT (logo_MULL logo_UL 1) (logo_DIVA logo_UA 9) $0))) $0))) (logo_FWRT logo_ZL (logo_DIVA logo_UA 3) $0)))) $0)),3 sided snowflake with a medium space and a small 9 gon as arms,"['3 8 gon inverted triangle', '3 9 gon s in a triangle with space between them', '3 distance 9 shapes', '3 large 9 gon s']"
264,/scratch/gpfs/nb0564/vlm_reasoning/logo_experiment/images/test-61.png,test,8 sided snowflake with a medium square as arms,(lambda (logo_forLoop 8 (lambda (lambda (logo_GETSET (lambda (logo_forLoop 4 (lambda (lambda (logo_FWRT (logo_MULL logo_UL 2) (logo_DIVA logo_UA 4) $0))) $0)) (logo_FWRT logo_ZL (logo_DIVA logo_UA 8) $0)))) $0)),8 sided snowflake with a medium square as arms,"['2 square with different angle on top of each other', 'offset square s', 'an 8 sided snowflake with a dot connected to lines connected to the bottom center of triangles as sides']"
265,/scratch/gpfs/nb0564/vlm_reasoning/logo_experiment/images/test-35.png,test,a small 7 gon connected by a big line to a small 5 gon,(lambda (logo_forLoop 7 (lambda (lambda (logo_FWRT (logo_MULL logo_UL 1) (logo_DIVA logo_UA 7) $0))) (logo_FWRT (logo_MULL logo_UL 5) logo_ZA (logo_forLoop 5 (lambda (lambda (logo_FWRT (logo_MULL logo_UL 1) (logo_DIVA logo_UA 5) $0))) $0)))),a small 7 gon connected by a big line to a small 5 gon,"['sas', 'a 7 gon connecting at the based with a line to a hexagon']"
266,/scratch/gpfs/nb0564/vlm_reasoning/logo_experiment/images/test-106.png,test,8 sided snowflake with a medium circle and a small circle as arms,(lambda (logo_forLoop 8 (lambda (lambda (logo_GETSET (lambda (logo_PT (lambda (logo_FWRT logo_UL logo_ZA $0)) (logo_forLoop logo_IFTY (lambda (lambda (logo_FWRT (logo_MULL logo_epsL 2) logo_epsA $0))) (logo_forLoop logo_IFTY (lambda (lambda (logo_FWRT (logo_MULL logo_epsL 2) logo_epsA $0))) (logo_PT (lambda (logo_FWRT logo_UL logo_ZA $0)) (logo_forLoop logo_IFTY (lambda (lambda (logo_FWRT (logo_MULL logo_epsL 1) logo_epsA $0))) (logo_forLoop logo_IFTY (lambda (lambda (logo_FWRT (logo_MULL logo_epsL 1) logo_epsA $0))) $0))))))) (logo_FWRT logo_ZL (logo_DIVA logo_UA 8) $0)))) $0)),8 sided snowflake with a medium circle and a small circle as arms,"['6 overlapped circle s with 8 smaller circle s adjacent outer', 'snowflake with 8 circle s in the middle of the sides of an octagon with ovals connecting these to a smaller octagon in the center', 'flower art', '8 connected medium circle s with 8 smaller circle s on the outer edge']"
267,/scratch/gpfs/nb0564/vlm_reasoning/logo_experiment/images/test-54.png,test,3 sided snowflake with a small triangle as arms,(lambda (logo_forLoop 3 (lambda (lambda (logo_GETSET (lambda (logo_forLoop 3 (lambda (lambda (logo_FWRT (logo_MULL logo_UL 1) (logo_DIVA logo_UA 3) $0))) $0)) (logo_FWRT logo_ZL (logo_DIVA logo_UA 3) $0)))) $0)),3 sided snowflake with a small triangle as arms,"['a 3 sided snowflake with triangles for arms', 'snoflake composed of 3 tringles', '3 traingle wheel no lines']"
268,/scratch/gpfs/nb0564/vlm_reasoning/logo_experiment/images/test-5.png,test,7 concentric square s,(lambda (logo_forLoop 8 (lambda (lambda (logo_GETSET (lambda (logo_forLoop 4 (lambda (lambda (logo_FWRT (logo_MULL logo_UL $4) (logo_DIVA logo_UA 4) $0))) $0)) $0))) $0)),7 concentric square s,"['laberinto small and a', '7 square s in each other congregating at the left bottom corner']"
269,/scratch/gpfs/nb0564/vlm_reasoning/logo_experiment/images/test-10.png,test,a 5 stepped staircase,(lambda (logo_forLoop 5 (lambda (lambda (logo_FWRT logo_UL (logo_DIVA logo_UA 4) (logo_FWRT logo_UL (logo_DIVA logo_UA 4) (logo_FWRT logo_ZL (logo_DIVA logo_UA 2) $0))))) $0)),a 5 stepped staircase,"['5 step staircase', 'stair case going up to the right as 5 half square s', '4 step staircase']"
270,/scratch/gpfs/nb0564/vlm_reasoning/logo_experiment/images/test-96.png,test,3 sided snowflake with a short space and a short line and a short space and a small triangle as arms,(lambda (logo_forLoop 3 (lambda (lambda (logo_GETSET (lambda (logo_PT (lambda (logo_FWRT logo_UL logo_ZA $0)) (logo_FWRT logo_UL logo_ZA (logo_PT (lambda (logo_FWRT logo_UL logo_ZA $0)) (logo_forLoop 3 (lambda (lambda (logo_FWRT (logo_MULL logo_UL 1) (logo_DIVA logo_UA 3) $0))) $0))))) (logo_FWRT logo_ZL (logo_DIVA logo_UA 3) $0)))) $0)),3 sided snowflake with a short space and a short line and a short space and a small triangle as arms,"['3 outer triangles 3 inner lines not touching', '3 spoked wheel with space and then a short line and then a space and then a triangle as spokes', '3 triangle around 3 lines', 'a 3 sided snowflake with small triangles and small lines that are not connected as arms']"
271,/scratch/gpfs/nb0564/vlm_reasoning/logo_experiment/images/test-71.png,test,7 sided snowflake with a medium line and a medium circle as arms,(lambda (logo_forLoop 7 (lambda (lambda (logo_GETSET (lambda (logo_FWRT (logo_MULL logo_UL 2) logo_ZA (logo_forLoop logo_IFTY (lambda (lambda (logo_FWRT (logo_MULL logo_epsL 2) logo_epsA $0))) (logo_forLoop logo_IFTY (lambda (lambda (logo_FWRT (logo_MULL logo_epsL 2) logo_epsA $0))) $0)))) (logo_FWRT logo_ZL (logo_DIVA logo_UA 7) $0)))) $0)),7 sided snowflake with a medium line and a medium circle as arms,"['wheel with 9 balls', 'circle s with lines', 'a 7 sided snowflake with lines connected to circle s as arms']"
272,/scratch/gpfs/nb0564/vlm_reasoning/logo_experiment/images/test-92.png,test,8 sided snowflake with a short space and a short line and a short space and a small triangle as arms,(lambda (logo_forLoop 8 (lambda (lambda (logo_GETSET (lambda (logo_PT (lambda (logo_FWRT logo_UL logo_ZA $0)) (logo_FWRT logo_UL logo_ZA (logo_PT (lambda (logo_FWRT logo_UL logo_ZA $0)) (logo_forLoop 3 (lambda (lambda (logo_FWRT (logo_MULL logo_UL 1) (logo_DIVA logo_UA 3) $0))) $0))))) (logo_FWRT logo_ZL (logo_DIVA logo_UA 8) $0)))) $0)),8 sided snowflake with a short space and a short line and a short space and a small triangle as arms,"['8 flags and lines in a snowflake pattern', 'octagon snowflake made of lines and circle s', '8 lines shooting out from middle triangles on the outside going counter clockwise']"
273,/scratch/gpfs/nb0564/vlm_reasoning/logo_experiment/images/test-75.png,test,3 sided snowflake with a medium space and a medium circle as arms,(lambda (logo_forLoop 3 (lambda (lambda (logo_GETSET (lambda (logo_PT (lambda (logo_FWRT (logo_MULL logo_UL 2) logo_ZA $0)) (logo_forLoop logo_IFTY (lambda (lambda (logo_FWRT (logo_MULL logo_epsL 2) logo_epsA $0))) (logo_forLoop logo_IFTY (lambda (lambda (logo_FWRT (logo_MULL logo_epsL 2) logo_epsA $0))) $0)))) (logo_FWRT logo_ZL (logo_DIVA logo_UA 3) $0)))) $0)),3 sided snowflake with a medium space and a medium circle as arms,"['3 circle', '3 small circle s forming a triangle formation']"
274,/scratch/gpfs/nb0564/vlm_reasoning/logo_experiment/images/test-1.png,test,a 7 pointed star,(lambda (logo_forLoop 7 (lambda (lambda (logo_FWRT (logo_MULL logo_UL 4) (logo_SUBA (logo_DIVA logo_UA 2) (logo_DIVA (logo_DIVA logo_UA 2) 7)) $0))) $0)),a 7 pointed star,"['star', 'star', 'a 7 sided snowflake with long triangles as arms']"
275,/scratch/gpfs/nb0564/vlm_reasoning/logo_experiment/images/test-98.png,test,6 sided snowflake with a short space and a short line and a short space and a small 5 gon as arms,(lambda (logo_forLoop 6 (lambda (lambda (logo_GETSET (lambda (logo_PT (lambda (logo_FWRT logo_UL logo_ZA $0)) (logo_FWRT logo_UL logo_ZA (logo_PT (lambda (logo_FWRT logo_UL logo_ZA $0)) (logo_forLoop 5 (lambda (lambda (logo_FWRT (logo_MULL logo_UL 1) (logo_DIVA logo_UA 5) $0))) $0))))) (logo_FWRT logo_ZL (logo_DIVA logo_UA 6) $0)))) $0)),6 sided snowflake with a short space and a short line and a short space and a small 5 gon as arms,"['6 sided snowflake with each arm having a line and a 5 gon at the end', 'a sun with 6 5 gon s around it', 'hectagon flower spread']"
276,/scratch/gpfs/nb0564/vlm_reasoning/logo_experiment/images/test-14.png,test,a 3 stepped zigzag,(lambda (logo_FWRT logo_ZL (logo_DIVA logo_UA 8) (logo_forLoop 3 (lambda (lambda (logo_FWRT logo_UL (logo_DIVA logo_UA 4) (logo_FWRT logo_UL (logo_ADDA (logo_DIVA logo_UA 2) (logo_DIVA logo_UA 4)) $0)))) $0))),a 3 stepped zigzag,"['a vertical zig zag line with 3 right points', 'med veert wavy line', 'vertical squggle']"
277,/scratch/gpfs/nb0564/vlm_reasoning/logo_experiment/images/test-50.png,test,5 small semicircle s in a row,(lambda (logo_forLoop 5 (lambda (lambda (logo_GETSET (lambda (logo_forLoop logo_IFTY (lambda (lambda (logo_FWRT (logo_MULL logo_epsL 1) logo_epsA $0))) $0)) (logo_PT (lambda (logo_FWRT logo_UL logo_ZA $0)) $0)))) $0)),5 small semicircle s in a row,"['5 small half circle s', '5 small half circle s with space between them in a row curve on the right', '5 small semicircle s in a row']"
278,/scratch/gpfs/nb0564/vlm_reasoning/logo_experiment/images/test-108.png,test,3 sided snowflake with a small square and a small circle as arms,(lambda (logo_forLoop 3 (lambda (lambda (logo_GETSET (lambda (logo_PT (lambda (logo_FWRT logo_UL logo_ZA $0)) (logo_forLoop 4 (lambda (lambda (logo_FWRT (logo_MULL logo_UL 1) (logo_DIVA logo_UA 4) $0))) (logo_PT (lambda (logo_FWRT logo_UL logo_ZA $0)) (logo_forLoop logo_IFTY (lambda (lambda (logo_FWRT (logo_MULL logo_epsL 1) logo_epsA $0))) (logo_forLoop logo_IFTY (lambda (lambda (logo_FWRT (logo_MULL logo_epsL 1) logo_epsA $0))) $0)))))) (logo_FWRT logo_ZL (logo_DIVA logo_UA 3) $0)))) $0)),3 sided snowflake with a small square and a small circle as arms,"['3 sided snowflake with square and circle at end of each arm', '3 small square s with tiny cirlces in them', 'circle square link']"
279,/scratch/gpfs/nb0564/vlm_reasoning/logo_experiment/images/test-31.png,test,a medium semicircle connected by a big line to a medium circle,(lambda (logo_forLoop logo_IFTY (lambda (lambda (logo_FWRT (logo_MULL logo_epsL 2) logo_epsA $0))) (logo_FWRT (logo_MULL logo_UL 5) logo_ZA (logo_forLoop logo_IFTY (lambda (lambda (logo_FWRT (logo_MULL logo_epsL 2) logo_epsA $0))) (logo_forLoop logo_IFTY (lambda (lambda (logo_FWRT (logo_MULL logo_epsL 2) logo_epsA $0))) $0))))),a medium semicircle connected by a big line to a medium circle,"['broken paperclip with longer ends', 'broken paperclip', 'a medium circle connected at the top by a horizontal line to a medium semi circle']"
280,/scratch/gpfs/nb0564/vlm_reasoning/logo_experiment/images/test-102.png,test,6 sided snowflake with a small circle and a small semicircle as arms,(lambda (logo_forLoop 6 (lambda (lambda (logo_GETSET (lambda (logo_PT (lambda (logo_FWRT logo_UL logo_ZA $0)) (logo_forLoop logo_IFTY (lambda (lambda (logo_FWRT (logo_MULL logo_epsL 1) logo_epsA $0))) (logo_forLoop logo_IFTY (lambda (lambda (logo_FWRT (logo_MULL logo_epsL 1) logo_epsA $0))) (logo_PT (lambda (logo_FWRT logo_UL logo_ZA $0)) (logo_forLoop logo_IFTY (lambda (lambda (logo_FWRT (logo_MULL logo_epsL 1) logo_epsA $0))) $0)))))) (logo_FWRT logo_ZL (logo_DIVA logo_UA 6) $0)))) $0)),6 sided snowflake with a small circle and a small semicircle as arms,"['a 6 sided snowflake with 6 small circle s inside', 'hexagon of circle s surrounded by semi circle s', '6 small circle s in the middle and half os on the outside']"
281,/scratch/gpfs/nb0564/vlm_reasoning/logo_experiment/images/test-28.png,test,a medium 5 gon connected by a big line to a medium circle,(lambda (logo_forLoop 5 (lambda (lambda (logo_FWRT (logo_MULL logo_UL 2) (logo_DIVA logo_UA 5) $0))) (logo_FWRT (logo_MULL logo_UL 5) logo_ZA (logo_forLoop logo_IFTY (lambda (lambda (logo_FWRT (logo_MULL logo_epsL 2) logo_epsA $0))) (logo_forLoop logo_IFTY (lambda (lambda (logo_FWRT (logo_MULL logo_epsL 2) logo_epsA $0))) $0))))),a medium 5 gon connected by a big line to a medium circle,"['large 5 gon on left connected to small circle via line', 'a 5 gon with a small circle attached by a line to the right', 'hexagon tail cricle']"
282,/scratch/gpfs/nb0564/vlm_reasoning/logo_experiment/images/test-43.png,test,4 medium circle s in a row,(lambda (logo_forLoop 4 (lambda (lambda (logo_GETSET (lambda (logo_forLoop logo_IFTY (lambda (lambda (logo_FWRT (logo_MULL logo_epsL 2) logo_epsA $0))) (logo_forLoop logo_IFTY (lambda (lambda (logo_FWRT (logo_MULL logo_epsL 2) logo_epsA $0))) $0))) (logo_PT (lambda (logo_FWRT logo_UL logo_ZA $0)) $0)))) $0)),4 medium circle s in a row,"['4 linked small circle s in a row', '4 small circle s linked together', '4 small circle s that overlap slightly and are arranged in a row', '4 circle s overlapping in a line']"
283,/scratch/gpfs/nb0564/vlm_reasoning/logo_experiment/images/test-49.png,test,3 small square s in a row,(lambda (logo_forLoop 3 (lambda (lambda (logo_GETSET (lambda (logo_forLoop 4 (lambda (lambda (logo_FWRT (logo_MULL logo_UL 1) (logo_DIVA logo_UA 4) $0))) $0)) (logo_PT (lambda (logo_FWRT logo_UL logo_ZA $0)) $0)))) $0)),3 small square s in a row,"['3 square s in a row on its side', '3 jointed square shape object']"
284,/scratch/gpfs/nb0564/vlm_reasoning/logo_experiment/images/test-22.png,test,a medium semicircle separated by a big space from a medium circle,(lambda (logo_forLoop logo_IFTY (lambda (lambda (logo_FWRT (logo_MULL logo_epsL 2) logo_epsA $0))) (logo_PT (lambda (logo_FWRT (logo_MULL logo_UL 5) logo_ZA $0)) (logo_forLoop logo_IFTY (lambda (lambda (logo_FWRT (logo_MULL logo_epsL 2) logo_epsA $0))) (logo_forLoop logo_IFTY (lambda (lambda (logo_FWRT (logo_MULL logo_epsL 2) logo_epsA $0))) $0))))),a medium semicircle separated by a big space from a medium circle,"['a small circle close to a half circle', 'circle with big space then semi circle', 'circle and then a half circle on the right of it spaced out pretty far half circle is pointing to right']"
285,/scratch/gpfs/nb0564/vlm_reasoning/logo_experiment/images/test-81.png,test,3 sided snowflake with a short space and a medium circle as arms,(lambda (logo_forLoop 3 (lambda (lambda (logo_GETSET (lambda (logo_PT (lambda (logo_FWRT (logo_MULL logo_UL 1) logo_ZA $0)) (logo_forLoop logo_IFTY (lambda (lambda (logo_FWRT (logo_MULL logo_epsL 2) logo_epsA $0))) (logo_forLoop logo_IFTY (lambda (lambda (logo_FWRT (logo_MULL logo_epsL 2) logo_epsA $0))) $0)))) (logo_FWRT logo_ZL (logo_DIVA logo_UA 3) $0)))) $0)),3 sided snowflake with a short space and a medium circle as arms,"['3 circle s', '3 circle s', '3 small circle s arranged in a triangle']"
286,/scratch/gpfs/nb0564/vlm_reasoning/logo_experiment/images/test-66.png,test,3 sided snowflake with a medium line and a medium circle as arms,(lambda (logo_forLoop 3 (lambda (lambda (logo_GETSET (lambda (logo_FWRT (logo_MULL logo_UL 2) logo_ZA (logo_forLoop logo_IFTY (lambda (lambda (logo_FWRT (logo_MULL logo_epsL 2) logo_epsA $0))) (logo_forLoop logo_IFTY (lambda (lambda (logo_FWRT (logo_MULL logo_epsL 2) logo_epsA $0))) $0)))) (logo_FWRT logo_ZL (logo_DIVA logo_UA 3) $0)))) $0)),3 sided snowflake with a medium line and a medium circle as arms,"['3 outer circle s connected by 3 lines', '3 spoked pinwheel with 3 medium lines and small circle s as spokes', 'like a fan', 'a 3 sided snowflake made of medium circle s and medium lines that are connected']"
287,/scratch/gpfs/nb0564/vlm_reasoning/logo_experiment/images/test-68.png,test,3 sided snowflake with a medium line and a small square as arms,(lambda (logo_forLoop 3 (lambda (lambda (logo_GETSET (lambda (logo_FWRT (logo_MULL logo_UL 2) logo_ZA (logo_forLoop 4 (lambda (lambda (logo_FWRT (logo_MULL logo_UL 1) (logo_DIVA logo_UA 4) $0))) $0))) (logo_FWRT logo_ZL (logo_DIVA logo_UA 3) $0)))) $0)),3 sided snowflake with a medium line and a small square as arms,"['3 sided snowflake with square s connected to lines as arms', '3 arms with 3 square s', 'boomerang square line']"
288,/scratch/gpfs/nb0564/vlm_reasoning/logo_experiment/images/test-85.png,test,7 sided snowflake with a short space and a small circle as arms,(lambda (logo_forLoop 7 (lambda (lambda (logo_GETSET (lambda (logo_PT (lambda (logo_FWRT (logo_MULL logo_UL 1) logo_ZA $0)) (logo_forLoop logo_IFTY (lambda (lambda (logo_FWRT (logo_MULL logo_epsL 1) logo_epsA $0))) (logo_forLoop logo_IFTY (lambda (lambda (logo_FWRT (logo_MULL logo_epsL 1) logo_epsA $0))) $0)))) (logo_FWRT logo_ZL (logo_DIVA logo_UA 7) $0)))) $0)),7 sided snowflake with a short space and a small circle as arms,"['sasas', '7 small circle s']"
289,/scratch/gpfs/nb0564/vlm_reasoning/logo_experiment/images/test-62.png,test,8 sided snowflake with a short line as arms,(lambda (logo_forLoop 8 (lambda (lambda (logo_GETSET (lambda (logo_FWRT logo_UL logo_ZA $0)) (logo_FWRT logo_ZL (logo_DIVA logo_UA 8) $0)))) $0)),8 sided snowflake with a short line as arms,"['an asterisk', 'snowflake of lines', 'asterisk 8 leg']"
290,/scratch/gpfs/nb0564/vlm_reasoning/logo_experiment/images/test-26.png,test,a medium circle separated by a big space from a short line,(lambda (logo_forLoop logo_IFTY (lambda (lambda (logo_FWRT (logo_MULL logo_epsL 2) logo_epsA $0))) (logo_forLoop logo_IFTY (lambda (lambda (logo_FWRT (logo_MULL logo_epsL 2) logo_epsA $0))) (logo_PT (lambda (logo_FWRT (logo_MULL logo_UL 5) logo_ZA $0)) (logo_FWRT logo_UL logo_ZA $0))))),a medium circle separated by a big space from a short line,"['circle left minus sign right', 'small circle large space short line', 'a circle distant with a line', 'a medium circle with a small line far to the right of it']"
291,/scratch/gpfs/nb0564/vlm_reasoning/logo_experiment/images/test-47.png,test,6 small triangle s in a row,(lambda (logo_forLoop 6 (lambda (lambda (logo_GETSET (lambda (logo_forLoop 3 (lambda (lambda (logo_FWRT (logo_MULL logo_UL 1) (logo_DIVA logo_UA 3) $0))) $0)) (logo_PT (lambda (logo_FWRT logo_UL logo_ZA $0)) $0)))) $0)),6 small triangle s in a row,"['6 small triangles', '6 triangles in a row', '6 small triangles connected in a row together', '6 triangles next to each other']"
292,/scratch/gpfs/nb0564/vlm_reasoning/logo_experiment/images/test-6.png,test,5 concentric circle s,(lambda (logo_forLoop 6 (lambda (lambda (logo_forLoop logo_IFTY (lambda (lambda (logo_FWRT (logo_MULL logo_epsL $3) logo_epsA $0))) (logo_forLoop logo_IFTY (lambda (lambda (logo_FWRT (logo_MULL logo_epsL $3) logo_epsA $0))) $0)))) $0)),5 concentric circle s,"['5 inscribed circle s', '5 concentric circle s', '5 nested holes', '5 nested circle s']"
293,/scratch/gpfs/nb0564/vlm_reasoning/logo_experiment/images/test-78.png,test,8 sided snowflake with a medium space and a medium circle as arms,(lambda (logo_forLoop 8 (lambda (lambda (logo_GETSET (lambda (logo_PT (lambda (logo_FWRT (logo_MULL logo_UL 2) logo_ZA $0)) (logo_forLoop logo_IFTY (lambda (lambda (logo_FWRT (logo_MULL logo_epsL 2) logo_epsA $0))) (logo_forLoop logo_IFTY (lambda (lambda (logo_FWRT (logo_MULL logo_epsL 2) logo_epsA $0))) $0)))) (logo_FWRT logo_ZL (logo_DIVA logo_UA 8) $0)))) $0)),8 sided snowflake with a medium space and a medium circle as arms,"['8 small circle s arranged in a circular shape', '8 small circle s in a circle', 'circle flower spread']"
294,/scratch/gpfs/nb0564/vlm_reasoning/logo_experiment/images/test-13.png,test,a 6 stepped staircase,(lambda (logo_forLoop 6 (lambda (lambda (logo_FWRT logo_UL (logo_DIVA logo_UA 4) (logo_FWRT logo_UL (logo_DIVA logo_UA 4) (logo_FWRT logo_ZL (logo_DIVA logo_UA 2) $0))))) $0)),a 6 stepped staircase,"['a zigzag of 6 steps', '6 stepped staircase', 'a 6 step staircase', '6 stairs']"
295,/scratch/gpfs/nb0564/vlm_reasoning/logo_experiment/images/test-95.png,test,7 sided snowflake with a short space and a short line and a short space and a medium circle as arms,(lambda (logo_forLoop 7 (lambda (lambda (logo_GETSET (lambda (logo_PT (lambda (logo_FWRT logo_UL logo_ZA $0)) (logo_FWRT logo_UL logo_ZA (logo_PT (lambda (logo_FWRT logo_UL logo_ZA $0)) (logo_forLoop logo_IFTY (lambda (lambda (logo_FWRT (logo_MULL logo_epsL 2) logo_epsA $0))) (logo_forLoop logo_IFTY (lambda (lambda (logo_FWRT (logo_MULL logo_epsL 2) logo_epsA $0))) $0)))))) (logo_FWRT logo_ZL (logo_DIVA logo_UA 7) $0)))) $0)),7 sided snowflake with a short space and a short line and a short space and a medium circle as arms,"['7 circle', '7 circle s with a small black line next to each of them forming a pinwhell nothing is connected']"
296,/scratch/gpfs/nb0564/vlm_reasoning/logo_experiment/images/test-19.png,test,a small 7 gon next to a medium triangle,(lambda (logo_forLoop 7 (lambda (lambda (logo_FWRT (logo_MULL logo_UL 1) (logo_DIVA logo_UA 7) $0))) (logo_PT (lambda (logo_FWRT (logo_MULL logo_UL 2) logo_ZA $0)) (logo_forLoop 3 (lambda (lambda (logo_FWRT (logo_MULL logo_UL 2) (logo_DIVA logo_UA 3) $0))) $0)))),a small 7 gon next to a medium triangle,"['a larger 7 sided shape on the left to a triangle', 'a mathematical shape of hexagon and triangle']"
297,/scratch/gpfs/nb0564/vlm_reasoning/logo_experiment/images/test-72.png,test,3 sided snowflake with a short line and a small 8 gon as arms,(lambda (logo_forLoop 3 (lambda (lambda (logo_GETSET (lambda (logo_FWRT (logo_MULL logo_UL 1) logo_ZA (logo_forLoop 8 (lambda (lambda (logo_FWRT (logo_MULL logo_UL 1) (logo_DIVA logo_UA 8) $0))) $0))) (logo_FWRT logo_ZL (logo_DIVA logo_UA 3) $0)))) $0)),3 sided snowflake with a short line and a small 8 gon as arms,"['3 octagon s connected by a y', '3 hexagon s connected', '3 ball cloverleaf']"
298,/scratch/gpfs/nb0564/vlm_reasoning/logo_experiment/images/test-105.png,test,3 sided snowflake with a medium semicircle and a small semicircle as arms,(lambda (logo_forLoop 3 (lambda (lambda (logo_GETSET (lambda (logo_PT (lambda (logo_FWRT logo_UL logo_ZA $0)) (logo_forLoop logo_IFTY (lambda (lambda (logo_FWRT (logo_MULL logo_epsL 2) logo_epsA $0))) (logo_PT (lambda (logo_FWRT logo_UL logo_ZA $0)) (logo_forLoop logo_IFTY (lambda (lambda (logo_FWRT (logo_MULL logo_epsL 1) logo_epsA $0))) $0))))) (logo_FWRT logo_ZL (logo_DIVA logo_UA 3) $0)))) $0)),3 sided snowflake with a medium semicircle and a small semicircle as arms,"['dsd', 'small half and big half circle but 3 of them and they are forming a snowflake']"
299,/scratch/gpfs/nb0564/vlm_reasoning/logo_experiment/images/test-36.png,test,a medium semicircle connected by a big line to a medium square,(lambda (logo_forLoop logo_IFTY (lambda (lambda (logo_FWRT (logo_MULL logo_epsL 2) logo_epsA $0))) (logo_FWRT (logo_MULL logo_UL 5) logo_ZA (logo_forLoop 4 (lambda (lambda (logo_FWRT (logo_MULL logo_UL 2) (logo_DIVA logo_UA 4) $0))) $0)))),a medium semicircle connected by a big line to a medium square,"['square with long hook on top', '1 half of square glasses', 'rotated 9', 'a cane with a square shaped flag at the straight end']"
300,/scratch/gpfs/nb0564/vlm_reasoning/logo_experiment/images/test-57.png,test,3 sided snowflake with a medium semicircle as arms,(lambda (logo_forLoop 3 (lambda (lambda (logo_GETSET (lambda (logo_forLoop logo_IFTY (lambda (lambda (logo_FWRT (logo_MULL logo_epsL 2) logo_epsA $0))) $0)) (logo_FWRT logo_ZL (logo_DIVA logo_UA 3) $0)))) $0)),3 sided snowflake with a medium semicircle as arms,"['3 semicircle s connected', '3 flake with semicircle arms', '3 object snowflake and the object is a half circle touching in the middle', 'snowflake with 3 semicircle arms']"
301,/scratch/gpfs/nb0564/vlm_reasoning/logo_experiment/images/test-38.png,test,a medium circle connected by a medium line to a medium 5 gon,(lambda (logo_forLoop logo_IFTY (lambda (lambda (logo_FWRT (logo_MULL logo_epsL 2) logo_epsA $0))) (logo_forLoop logo_IFTY (lambda (lambda (logo_FWRT (logo_MULL logo_epsL 2) logo_epsA $0))) (logo_FWRT (logo_MULL logo_UL 2) logo_ZA (logo_forLoop 5 (lambda (lambda (logo_FWRT (logo_MULL logo_UL 2) (logo_DIVA logo_UA 5) $0))) $0))))),a medium circle connected by a medium line to a medium 5 gon,"['small circle connected to larger 5 gon via a line', 'a circle is attached to a 5 gon by a line', 'hexagon circle']"
302,/scratch/gpfs/nb0564/vlm_reasoning/logo_experiment/images/test-53.png,test,5 sided snowflake with a small circle as arms,(lambda (logo_forLoop 5 (lambda (lambda (logo_GETSET (lambda (logo_forLoop logo_IFTY (lambda (lambda (logo_FWRT (logo_MULL logo_epsL 1) logo_epsA $0))) (logo_forLoop logo_IFTY (lambda (lambda (logo_FWRT (logo_MULL logo_epsL 1) logo_epsA $0))) $0))) (logo_FWRT logo_ZL (logo_DIVA logo_UA 5) $0)))) $0)),5 sided snowflake with a small circle as arms,"['5 tiny overlapping circle s', 'very small 5 gon made from super small circle s', 'a small circle that is divided into 5 circle s on the outside and 5 circle s on the inside', '5 tiny circle s in a pentagon formation']"
303,/scratch/gpfs/nb0564/vlm_reasoning/logo_experiment/images/test-59.png,test,3 sided snowflake with a small 6 gon as arms,(lambda (logo_forLoop 3 (lambda (lambda (logo_GETSET (lambda (logo_forLoop 6 (lambda (lambda (logo_FWRT (logo_MULL logo_UL 1) (logo_DIVA logo_UA 6) $0))) $0)) (logo_FWRT logo_ZL (logo_DIVA logo_UA 3) $0)))) $0)),3 sided snowflake with a small 6 gon as arms,"['a 3 piece h1 y comb 6 sided pieces', '3 hexagon']"
304,/scratch/gpfs/nb0564/vlm_reasoning/logo_experiment/images/test-101.png,test,8 sided snowflake with a medium semicircle and a small 5 gon as arms,(lambda (logo_forLoop 8 (lambda (lambda (logo_GETSET (lambda (logo_PT (lambda (logo_FWRT logo_UL logo_ZA $0)) (logo_forLoop logo_IFTY (lambda (lambda (logo_FWRT (logo_MULL logo_epsL 2) logo_epsA $0))) (logo_PT (lambda (logo_FWRT logo_UL logo_ZA $0)) (logo_forLoop 5 (lambda (lambda (logo_FWRT (logo_MULL logo_UL 1) (logo_DIVA logo_UA 5) $0))) $0))))) (logo_FWRT logo_ZL (logo_DIVA logo_UA 8) $0)))) $0)),8 sided snowflake with a medium semicircle and a small 5 gon as arms,"['dark whirlpool', 'blob of lines', 'an 8 sided snowflake with a black center and triangles connected to semi circle s as arms']"
305,/scratch/gpfs/nb0564/vlm_reasoning/logo_experiment/images/test-32.png,test,a small 5 gon connected by a medium line to a small 5 gon,(lambda (logo_forLoop 5 (lambda (lambda (logo_FWRT (logo_MULL logo_UL 1) (logo_DIVA logo_UA 5) $0))) (logo_FWRT (logo_MULL logo_UL 2) logo_ZA (logo_forLoop 5 (lambda (lambda (logo_FWRT (logo_MULL logo_UL 1) (logo_DIVA logo_UA 5) $0))) $0)))),a small 5 gon connected by a medium line to a small 5 gon,"['2 pentagon s connected by a line at the bottom', '2 pentagon s connected by a line', '2 pentagon s connected by line at the bottom spaced out pentagon']"
306,/scratch/gpfs/nb0564/vlm_reasoning/logo_experiment/images/test-8.png,test,6 concentric circle s,(lambda (logo_forLoop 7 (lambda (lambda (logo_forLoop logo_IFTY (lambda (lambda (logo_FWRT (logo_MULL logo_epsL $3) logo_epsA $0))) (logo_forLoop logo_IFTY (lambda (lambda (logo_FWRT (logo_MULL logo_epsL $3) logo_epsA $0))) $0)))) $0)),6 concentric circle s,"['6 nested circle s', 'nesting circle s with 6 circlews', 'circle tunnel']"
307,/scratch/gpfs/nb0564/vlm_reasoning/logo_experiment/images/test-91.png,test,7 sided snowflake with a short space and a short line and a short space and a small semicircle as arms,(lambda (logo_forLoop 7 (lambda (lambda (logo_GETSET (lambda (logo_PT (lambda (logo_FWRT logo_UL logo_ZA $0)) (logo_FWRT logo_UL logo_ZA (logo_PT (lambda (logo_FWRT logo_UL logo_ZA $0)) (logo_forLoop logo_IFTY (lambda (lambda (logo_FWRT (logo_MULL logo_epsL 1) logo_epsA $0))) $0))))) (logo_FWRT logo_ZL (logo_DIVA logo_UA 7) $0)))) $0)),7 sided snowflake with a short space and a short line and a short space and a small semicircle as arms,"['sun with 7 rainbows', '7 dashes with half circle s', 'a 7 sided snowflake with a space a line and a space and a semi circle as arms']"
308,/scratch/gpfs/nb0564/vlm_reasoning/logo_experiment/images/test-76.png,test,6 sided snowflake with a short space and a medium square as arms,(lambda (logo_forLoop 6 (lambda (lambda (logo_GETSET (lambda (logo_PT (lambda (logo_FWRT (logo_MULL logo_UL 1) logo_ZA $0)) (logo_forLoop 4 (lambda (lambda (logo_FWRT (logo_MULL logo_UL 2) (logo_DIVA logo_UA 4) $0))) $0))) (logo_FWRT logo_ZL (logo_DIVA logo_UA 6) $0)))) $0)),6 sided snowflake with a short space and a medium square as arms,"['6 gon square s', '6 square s in a circle', '6 sqaures', '6 large square s arranged in a circle']"
309,/scratch/gpfs/nb0564/vlm_reasoning/logo_experiment/images/test-2.png,test,6 concentric square s,(lambda (logo_forLoop 7 (lambda (lambda (logo_GETSET (lambda (logo_forLoop 4 (lambda (lambda (logo_FWRT (logo_MULL logo_UL $4) (logo_DIVA logo_UA 4) $0))) $0)) $0))) $0)),6 concentric square s,"['6 nested square s', '6 nested boxes', '6 square s inside each other wifi symbol']"
310,/scratch/gpfs/nb0564/vlm_reasoning/logo_experiment/images/test-17.png,test,a medium circle next to a short line,(lambda (logo_forLoop logo_IFTY (lambda (lambda (logo_FWRT (logo_MULL logo_epsL 2) logo_epsA $0))) (logo_forLoop logo_IFTY (lambda (lambda (logo_FWRT (logo_MULL logo_epsL 2) logo_epsA $0))) (logo_PT (lambda (logo_FWRT (logo_MULL logo_UL 2) logo_ZA $0)) (logo_FWRT logo_UL logo_ZA $0))))),a medium circle next to a short line,"['medium circle small line', 'small circle to left of underscore', 'smallmedium circle on left and dash or underscore on right with space in between', 'circle next to line']"
