Unnamed: 0,image_path,condition,name,program,program_description,human_description
0,/scratch/gpfs/nb0564/vlm_reasoning/logo_experiment/images/train-110.png,train,4 medium semicircle s in a row_copy_1,(lambda (logo_forLoop 4 (lambda (lambda (logo_GETSET (lambda (logo_forLoop logo_IFTY (lambda (lambda (logo_FWRT (logo_MULL logo_epsL 2) logo_epsA $0))) $0)) (logo_PT (lambda (logo_FWRT logo_UL logo_ZA $0)) $0)))) $0)),four medium semicircles in a row,"['four half circles arranged in a horizontal line', 'four medium half circles side by side curve on the right', 'four medium semicircles in a row']"
1,/scratch/gpfs/nb0564/vlm_reasoning/logo_experiment/images/train-23.png,train,a medium semicircle connected by a medium line to a medium circle,(lambda (logo_forLoop logo_IFTY (lambda (lambda (logo_FWRT (logo_MULL logo_epsL 2) logo_epsA $0))) (logo_FWRT (logo_MULL logo_UL 2) logo_ZA (logo_forLoop logo_IFTY (lambda (lambda (logo_FWRT (logo_MULL logo_epsL 2) logo_epsA $0))) (logo_forLoop logo_IFTY (lambda (lambda (logo_FWRT (logo_MULL logo_epsL 2) logo_epsA $0))) $0))))),a medium semicircle connected by a medium line to a medium circle,"['lower case g on its left side', 'small circle connected to hook shape which looks like number nine', 'a small circle connected to a larger oval that is not closed', 'a nine on its side']"
2,/scratch/gpfs/nb0564/vlm_reasoning/logo_experiment/images/train-48.png,train,5 sided snowflake with a short line and a medium 5 gon as arms,(lambda (logo_forLoop 5 (lambda (lambda (logo_GETSET (lambda (logo_FWRT (logo_MULL logo_UL 1) logo_ZA (logo_forLoop 5 (lambda (lambda (logo_FWRT (logo_MULL logo_UL 2) (logo_DIVA logo_UA 5) $0))) $0))) (logo_FWRT logo_ZL (logo_DIVA logo_UA 5) $0)))) $0)),five sided snowflake with a short line and a medium pentagon as arms,"['five sided snowflake with pentagon touching at the end of each arm', 'five pentagons on a starburst', 'hexagon flower']"
3,/scratch/gpfs/nb0564/vlm_reasoning/logo_experiment/images/train-196.png,train,5 sided snowflake with a small triangle and a medium circle as arms,(lambda (logo_forLoop 5 (lambda (lambda (logo_GETSET (lambda (logo_PT (lambda (logo_FWRT logo_UL logo_ZA $0)) (logo_forLoop 3 (lambda (lambda (logo_FWRT (logo_MULL logo_UL 1) (logo_DIVA logo_UA 3) $0))) (logo_PT (lambda (logo_FWRT logo_UL logo_ZA $0)) (logo_forLoop logo_IFTY (lambda (lambda (logo_FWRT (logo_MULL logo_epsL 2) logo_epsA $0))) (logo_forLoop logo_IFTY (lambda (lambda (logo_FWRT (logo_MULL logo_epsL 2) logo_epsA $0))) $0)))))) (logo_FWRT logo_ZL (logo_DIVA logo_UA 5) $0)))) $0)),five sided snowflake with a small triangle and a medium circle as arms,"['five candy corn pointing in', 'five ice cream c1s in a circle', 'five lamps in rounded', 'a five sided snowflake made of medium circles connected to small triangles']"
4,/scratch/gpfs/nb0564/vlm_reasoning/logo_experiment/images/train-42.png,train,3 sided snowflake with a short space and a short line and a short space and a small square as arms,(lambda (logo_forLoop 3 (lambda (lambda (logo_GETSET (lambda (logo_PT (lambda (logo_FWRT logo_UL logo_ZA $0)) (logo_FWRT logo_UL logo_ZA (logo_PT (lambda (logo_FWRT logo_UL logo_ZA $0)) (logo_forLoop 4 (lambda (lambda (logo_FWRT (logo_MULL logo_UL 1) (logo_DIVA logo_UA 4) $0))) $0))))) (logo_FWRT logo_ZL (logo_DIVA logo_UA 3) $0)))) $0)),three sided snowflake with a short space and a short line and a short space and a small square as arms,"['small squares and lines in a y formation', 'three point star made of lines and squares', 'three lines shooting out from middle square on the outside']"
5,/scratch/gpfs/nb0564/vlm_reasoning/logo_experiment/images/train-171.png,train,4 concentric square s_copy_4,(lambda (logo_forLoop 5 (lambda (lambda (logo_GETSET (lambda (logo_forLoop 4 (lambda (lambda (logo_FWRT (logo_MULL logo_UL $4) (logo_DIVA logo_UA 4) $0))) $0)) $0))) $0)),four concentric squares,"['nested square with little damage at the top right corner', 'squares inside', 'four nested squares']"
6,/scratch/gpfs/nb0564/vlm_reasoning/logo_experiment/images/train-29.png,train,a 7 stepped staircase_copy_1,(lambda (logo_forLoop 7 (lambda (lambda (logo_FWRT logo_UL (logo_DIVA logo_UA 4) (logo_FWRT logo_UL (logo_DIVA logo_UA 4) (logo_FWRT logo_ZL (logo_DIVA logo_UA 2) $0))))) $0)),a seven stepped staircase,"['a large six step stair going to the right', 'ladder shape object']"
7,/scratch/gpfs/nb0564/vlm_reasoning/logo_experiment/images/train-135.png,train,7 sided snowflake with a short space and a short line and a short space and a short line as arms,(lambda (logo_forLoop 7 (lambda (lambda (logo_GETSET (lambda (logo_PT (lambda (logo_FWRT logo_UL logo_ZA $0)) (logo_FWRT logo_UL logo_ZA (logo_PT (lambda (logo_FWRT logo_UL logo_ZA $0)) (logo_FWRT logo_UL logo_ZA $0))))) (logo_FWRT logo_ZL (logo_DIVA logo_UA 7) $0)))) $0)),seven sided snowflake with a short space and a short line and a short space and a short line as arms,"['line art', 'six lines each with two black lines separated by a white space and forming a pinwheel nothing is connected']"
8,/scratch/gpfs/nb0564/vlm_reasoning/logo_experiment/images/train-67.png,train,3 concentric square s_copy_0,(lambda (logo_forLoop 4 (lambda (lambda (logo_GETSET (lambda (logo_forLoop 4 (lambda (lambda (logo_FWRT (logo_MULL logo_UL $4) (logo_DIVA logo_UA 4) $0))) $0)) $0))) $0)),three concentric squares,"['three nesting squares', 'three nested squares', 'three nestled squares going small medium then large to the right', 'three nested squares']"
9,/scratch/gpfs/nb0564/vlm_reasoning/logo_experiment/images/train-154.png,train,6 sided snowflake with a medium space and a medium triangle as arms,(lambda (logo_forLoop 6 (lambda (lambda (logo_GETSET (lambda (logo_PT (lambda (logo_FWRT (logo_MULL logo_UL 2) logo_ZA $0)) (logo_forLoop 3 (lambda (lambda (logo_FWRT (logo_MULL logo_UL 2) (logo_DIVA logo_UA 3) $0))) $0))) (logo_FWRT logo_ZL (logo_DIVA logo_UA 6) $0)))) $0)),six sided snowflake with a medium space and a medium triangle as arms,"['a six sided snowflake with a space and triangles for arms', 'seven snowflake seven sdoed triangles', 'six triangles unconnected']"
10,/scratch/gpfs/nb0564/vlm_reasoning/logo_experiment/images/train-80.png,train,3 short line s in a row,(lambda (logo_forLoop 3 (lambda (lambda (logo_GETSET (lambda (logo_FWRT logo_UL logo_ZA $0)) (logo_PT (lambda (logo_FWRT logo_UL logo_ZA $0)) $0)))) $0)),three short lines in a row,"['medium horizontal line', 'medium horizontal line in the middle', 'medium horizontal line']"
11,/scratch/gpfs/nb0564/vlm_reasoning/logo_experiment/images/train-63.png,train,6 sided snowflake with a small semicircle as arms,(lambda (logo_forLoop 6 (lambda (lambda (logo_GETSET (lambda (logo_forLoop logo_IFTY (lambda (lambda (logo_FWRT (logo_MULL logo_epsL 1) logo_epsA $0))) $0)) (logo_FWRT logo_ZL (logo_DIVA logo_UA 6) $0)))) $0)),six sided snowflake with a small semicircle as arms,"['three tinys shapes in an overlapped spiral', 'small sun with six arms', 'a snowflake with six curvy arms', 'six cc spiraling from middle']"
12,/scratch/gpfs/nb0564/vlm_reasoning/logo_experiment/images/train-150.png,train,a small 7 gon connected by a medium line to a small triangle,(lambda (logo_forLoop 7 (lambda (lambda (logo_FWRT (logo_MULL logo_UL 1) (logo_DIVA logo_UA 7) $0))) (logo_FWRT (logo_MULL logo_UL 2) logo_ZA (logo_forLoop 3 (lambda (lambda (logo_FWRT (logo_MULL logo_UL 1) (logo_DIVA logo_UA 3) $0))) $0)))),a small heptagon connected by a medium line to a small triangle,"['medium heptagon connected to small triangle', 'heptagon medium on the left side top of a medium line and a small triangle on the top right side of the line', 'medium heptagon connected by line to small triangle']"
13,/scratch/gpfs/nb0564/vlm_reasoning/logo_experiment/images/train-84.png,train,5 short line s in a row,(lambda (logo_forLoop 5 (lambda (lambda (logo_GETSET (lambda (logo_FWRT logo_UL logo_ZA $0)) (logo_PT (lambda (logo_FWRT logo_UL logo_ZA $0)) $0)))) $0)),five short lines in a row,"['a medium vertical line', 'a straihjt line', 'longer straight line']"
14,/scratch/gpfs/nb0564/vlm_reasoning/logo_experiment/images/train-131.png,train,4 medium semicircle s in a row,(lambda (logo_forLoop 4 (lambda (lambda (logo_GETSET (lambda (logo_forLoop logo_IFTY (lambda (lambda (logo_FWRT (logo_MULL logo_epsL 2) logo_epsA $0))) $0)) (logo_PT (lambda (logo_FWRT logo_UL logo_ZA $0)) $0)))) $0)),four medium semicircles in a row,"['four semi circles', 'four half circles', 'four semi circles arranged horizontally']"
15,/scratch/gpfs/nb0564/vlm_reasoning/logo_experiment/images/train-69.png,train,a 9 pointed star,(lambda (logo_forLoop 9 (lambda (lambda (logo_FWRT (logo_MULL logo_UL 4) (logo_SUBA (logo_DIVA logo_UA 2) (logo_DIVA (logo_DIVA logo_UA 2) 9)) $0))) $0)),a nine pointed star,"['nine sided pointy star with a circle in the middle', 'star']"
16,/scratch/gpfs/nb0564/vlm_reasoning/logo_experiment/images/train-192.png,train,4 concentric square s_copy_1,(lambda (logo_forLoop 5 (lambda (lambda (logo_GETSET (lambda (logo_forLoop 4 (lambda (lambda (logo_FWRT (logo_MULL logo_UL $4) (logo_DIVA logo_UA 4) $0))) $0)) $0))) $0)),four concentric squares,"['four nested squares', 'five nested box', 'four squares inside each other wifi symbol']"
17,/scratch/gpfs/nb0564/vlm_reasoning/logo_experiment/images/train-46.png,train,3 small triangle s in a row,(lambda (logo_forLoop 3 (lambda (lambda (logo_GETSET (lambda (logo_forLoop 3 (lambda (lambda (logo_FWRT (logo_MULL logo_UL 1) (logo_DIVA logo_UA 3) $0))) $0)) (logo_PT (lambda (logo_FWRT logo_UL logo_ZA $0)) $0)))) $0)),three small triangles in a row,"['three small touching triangles', 'three little triangles side by side', 'three triangle in a row', 'three small triangles in a row']"
18,/scratch/gpfs/nb0564/vlm_reasoning/logo_experiment/images/train-175.png,train,a small 7 gon connected by a medium line to a small semicircle,(lambda (logo_forLoop 7 (lambda (lambda (logo_FWRT (logo_MULL logo_UL 1) (logo_DIVA logo_UA 7) $0))) (logo_FWRT (logo_MULL logo_UL 2) logo_ZA (logo_forLoop logo_IFTY (lambda (lambda (logo_FWRT (logo_MULL logo_epsL 1) logo_epsA $0))) $0)))),a small heptagon connected by a medium line to a small semicircle,"['asa', 'heptagon with a candy cane connected to the base of it']"
19,/scratch/gpfs/nb0564/vlm_reasoning/logo_experiment/images/train-198.png,train,3 sided snowflake with a small 7 gon as arms,(lambda (logo_forLoop 3 (lambda (lambda (logo_GETSET (lambda (logo_forLoop 7 (lambda (lambda (logo_FWRT (logo_MULL logo_UL 1) (logo_DIVA logo_UA 7) $0))) $0)) (logo_FWRT logo_ZL (logo_DIVA logo_UA 3) $0)))) $0)),three sided snowflake with a small heptagon as arms,"['three sided snowflake that is made up of three heptagons', 'three heptagons attached', 'three octagon']"
20,/scratch/gpfs/nb0564/vlm_reasoning/logo_experiment/images/train-114.png,train,8 sided snowflake with a small triangle as arms,(lambda (logo_forLoop 8 (lambda (lambda (logo_GETSET (lambda (logo_forLoop 3 (lambda (lambda (logo_FWRT (logo_MULL logo_UL 1) (logo_DIVA logo_UA 3) $0))) $0)) (logo_FWRT logo_ZL (logo_DIVA logo_UA 8) $0)))) $0)),eight sided snowflake with a small triangle as arms,"['a small eight sided snowflake with lines connecting for arms', 'octagon fiolled with nine balck sied', 'shaded black pinwheel']"
21,/scratch/gpfs/nb0564/vlm_reasoning/logo_experiment/images/train-27.png,train,7 sided snowflake with a short line and a small 8 gon as arms,(lambda (logo_forLoop 7 (lambda (lambda (logo_GETSET (lambda (logo_FWRT (logo_MULL logo_UL 1) logo_ZA (logo_forLoop 8 (lambda (lambda (logo_FWRT (logo_MULL logo_UL 1) (logo_DIVA logo_UA 8) $0))) $0))) (logo_FWRT logo_ZL (logo_DIVA logo_UA 7) $0)))) $0)),seven sided snowflake with a short line and a small octagon as arms,"['a snowflake with octagon with a small space and a circle with heptagons as arms', 'seven flake with med octagon arms overlapping', 'seven small lined snowflake pattern connecting to eight sided polygon', 'flower made up of seven arms of octagons']"
22,/scratch/gpfs/nb0564/vlm_reasoning/logo_experiment/images/train-140.png,train,8 sided snowflake with a short space and a short line and a short space and a small 5 gon as arms,(lambda (logo_forLoop 8 (lambda (lambda (logo_GETSET (lambda (logo_PT (lambda (logo_FWRT logo_UL logo_ZA $0)) (logo_FWRT logo_UL logo_ZA (logo_PT (lambda (logo_FWRT logo_UL logo_ZA $0)) (logo_forLoop 5 (lambda (lambda (logo_FWRT (logo_MULL logo_UL 1) (logo_DIVA logo_UA 5) $0))) $0))))) (logo_FWRT logo_ZL (logo_DIVA logo_UA 8) $0)))) $0)),eight sided snowflake with a short space and a short line and a short space and a small pentagon as arms,"['eight medium lines arranged in a circle inside of eight pentagons', 'eight medium pentagons with spaces between each and eight small lines in a circle inside with spaces between each', 'eight sided snowflake with floating line and pentagon arms']"
23,/scratch/gpfs/nb0564/vlm_reasoning/logo_experiment/images/train-73.png,train,a small square connected by a big line to a small 9 gon,(lambda (logo_forLoop 4 (lambda (lambda (logo_FWRT (logo_MULL logo_UL 1) (logo_DIVA logo_UA 4) $0))) (logo_FWRT (logo_MULL logo_UL 5) logo_ZA (logo_forLoop 9 (lambda (lambda (logo_FWRT (logo_MULL logo_UL 1) (logo_DIVA logo_UA 9) $0))) $0)))),a small square connected by a big line to a small nonagon,"['a small square connected by a medium line to a medium nonagon', 'one small square connected by medium line to medium nonagon', 'a small square on the left attached by a straight line to a larger nonagon on the right', 'a square is connected to a six on its side']"
24,/scratch/gpfs/nb0564/vlm_reasoning/logo_experiment/images/train-18.png,train,a big semicircle,(lambda (logo_forLoop logo_IFTY (lambda (lambda (logo_FWRT (logo_MULL logo_epsL 5) logo_epsA $0))) $0)),a big semicircle,"['semicircle', 'a semi circle', 'half circle']"
25,/scratch/gpfs/nb0564/vlm_reasoning/logo_experiment/images/train-94.png,train,3 sided snowflake with a medium space and a small 6 gon as arms,(lambda (logo_forLoop 3 (lambda (lambda (logo_GETSET (lambda (logo_PT (lambda (logo_FWRT (logo_MULL logo_UL 2) logo_ZA $0)) (logo_forLoop 6 (lambda (lambda (logo_FWRT (logo_MULL logo_UL 1) (logo_DIVA logo_UA 6) $0))) $0))) (logo_FWRT logo_ZL (logo_DIVA logo_UA 3) $0)))) $0)),three sided snowflake with a medium space and a small hexagon as arms,"['three sided snowflake with a space and hexagon for arms', 'three pentagons', 'three non connected six g1']"
26,/scratch/gpfs/nb0564/vlm_reasoning/logo_experiment/images/train-12.png,train,a small 9 gon,(lambda (logo_forLoop 9 (lambda (lambda (logo_FWRT (logo_MULL logo_UL 1) (logo_DIVA logo_UA 9) $0))) $0)),a small nonagon,"['nine sided polygon', 'octagon', 'nine sided polygoncircle in the middle']"
27,/scratch/gpfs/nb0564/vlm_reasoning/logo_experiment/images/train-121.png,train,2 concentric circle s_copy_1,(lambda (logo_forLoop 3 (lambda (lambda (logo_forLoop logo_IFTY (lambda (lambda (logo_FWRT (logo_MULL logo_epsL $3) logo_epsA $0))) (logo_forLoop logo_IFTY (lambda (lambda (logo_FWRT (logo_MULL logo_epsL $3) logo_epsA $0))) $0)))) $0)),two concentric circles,"['circle within circle', 'small circle in larger circle', 'a small circle with a medium circle overlapped']"
28,/scratch/gpfs/nb0564/vlm_reasoning/logo_experiment/images/train-79.png,train,3 sided snowflake with a medium line and a small 9 gon as arms,(lambda (logo_forLoop 3 (lambda (lambda (logo_GETSET (lambda (logo_FWRT (logo_MULL logo_UL 2) logo_ZA (logo_forLoop 9 (lambda (lambda (logo_FWRT (logo_MULL logo_UL 1) (logo_DIVA logo_UA 9) $0))) $0))) (logo_FWRT logo_ZL (logo_DIVA logo_UA 3) $0)))) $0)),three sided snowflake with a medium line and a small nonagon as arms,"['three nine shaped objects connected by three lines making a y shape', 'three wheel']"
29,/scratch/gpfs/nb0564/vlm_reasoning/logo_experiment/images/train-7.png,train,a medium 6 gon,(lambda (logo_forLoop 6 (lambda (lambda (logo_FWRT (logo_MULL logo_UL 2) (logo_DIVA logo_UA 6) $0))) $0)),a medium hexagon,"['six sided gon', 'large hexagon', 'medium to large six sided polygon', 'hexagon']"
30,/scratch/gpfs/nb0564/vlm_reasoning/logo_experiment/images/train-182.png,train,7 sided snowflake with a short space and a short line and a short space and a small triangle as arms,(lambda (logo_forLoop 7 (lambda (lambda (logo_GETSET (lambda (logo_PT (lambda (logo_FWRT logo_UL logo_ZA $0)) (logo_FWRT logo_UL logo_ZA (logo_PT (lambda (logo_FWRT logo_UL logo_ZA $0)) (logo_forLoop 3 (lambda (lambda (logo_FWRT (logo_MULL logo_UL 1) (logo_DIVA logo_UA 3) $0))) $0))))) (logo_FWRT logo_ZL (logo_DIVA logo_UA 7) $0)))) $0)),seven sided snowflake with a short space and a short line and a short space and a small triangle as arms,"['a seven sided snowflake with seven triangles and lines', 'seven point snowflake made of lines and triangles', 'seven lines in the middle shooting out and triangles going counter clockwise']"
31,/scratch/gpfs/nb0564/vlm_reasoning/logo_experiment/images/train-165.png,train,a medium triangle connected by a big line to a small square,(lambda (logo_forLoop 3 (lambda (lambda (logo_FWRT (logo_MULL logo_UL 2) (logo_DIVA logo_UA 3) $0))) (logo_FWRT (logo_MULL logo_UL 5) logo_ZA (logo_forLoop 4 (lambda (lambda (logo_FWRT (logo_MULL logo_UL 1) (logo_DIVA logo_UA 4) $0))) $0)))),a medium triangle connected by a big line to a small square,"['line art', 'a triangle and a square connected to each other via a line at the base']"
32,/scratch/gpfs/nb0564/vlm_reasoning/logo_experiment/images/train-56.png,train,a small 9 gon connected by a big line to a small 8 gon,(lambda (logo_forLoop 9 (lambda (lambda (logo_FWRT (logo_MULL logo_UL 1) (logo_DIVA logo_UA 9) $0))) (logo_FWRT (logo_MULL logo_UL 5) logo_ZA (logo_forLoop 8 (lambda (lambda (logo_FWRT (logo_MULL logo_UL 1) (logo_DIVA logo_UA 8) $0))) $0)))),a small nonagon connected by a big line to a small octagon,"['octagon l underline small octagon r', 'a nonagon connected to an octagon by a line', 'nine shape with eight shape', 'a nonagon connected by a long line to an octagon']"
33,/scratch/gpfs/nb0564/vlm_reasoning/logo_experiment/images/train-188.png,train,a small circle connected by a medium line to a small 8 gon,(lambda (logo_forLoop logo_IFTY (lambda (lambda (logo_FWRT (logo_MULL logo_epsL 1) logo_epsA $0))) (logo_forLoop logo_IFTY (lambda (lambda (logo_FWRT (logo_MULL logo_epsL 1) logo_epsA $0))) (logo_FWRT (logo_MULL logo_UL 2) logo_ZA (logo_forLoop 8 (lambda (lambda (logo_FWRT (logo_MULL logo_UL 1) (logo_DIVA logo_UA 8) $0))) $0))))),a small circle connected by a medium line to a small octagon,"['small circle connected to octagon via a line', 'a circle attached to a octagon by a line', 'octacgon with tail']"
34,/scratch/gpfs/nb0564/vlm_reasoning/logo_experiment/images/train-37.png,train,6 small 5 gon s in a row,(lambda (logo_forLoop 6 (lambda (lambda (logo_GETSET (lambda (logo_forLoop 5 (lambda (lambda (logo_FWRT (logo_MULL logo_UL 1) (logo_DIVA logo_UA 5) $0))) $0)) (logo_PT (lambda (logo_FWRT logo_UL logo_ZA $0)) $0)))) $0)),six small pentagons in a row,"['six four sided gon in a row with a long line at the bottom', 'six pentagons in a row overlapping', 'six overlapped pentagons going left to right', 'six pentagons overlapping each other']"
35,/scratch/gpfs/nb0564/vlm_reasoning/logo_experiment/images/train-104.png,train,a short line next to a small 6 gon,(lambda (logo_FWRT logo_UL logo_ZA (logo_PT (lambda (logo_FWRT (logo_MULL logo_UL 2) logo_ZA $0)) (logo_forLoop 6 (lambda (lambda (logo_FWRT (logo_MULL logo_UL 1) (logo_DIVA logo_UA 6) $0))) $0)))),a short line next to a small hexagon,"['a small dash and a medium hexagon', 'shoirt loine with a five sided medium gon', 'line on left and hexagon on the right']"
36,/scratch/gpfs/nb0564/vlm_reasoning/logo_experiment/images/train-33.png,train,a 4 stepped staircase_copy_2,(lambda (logo_forLoop 4 (lambda (lambda (logo_FWRT logo_UL (logo_DIVA logo_UA 4) (logo_FWRT logo_UL (logo_DIVA logo_UA 4) (logo_FWRT logo_ZL (logo_DIVA logo_UA 2) $0))))) $0)),a four stepped staircase,"['small zigzag of four steps', 'four stepped staircase', 'a four step staircase', 'four stairs']"
37,/scratch/gpfs/nb0564/vlm_reasoning/logo_experiment/images/train-100.png,train,a small 9 gon next to a medium square,(lambda (logo_forLoop 9 (lambda (lambda (logo_FWRT (logo_MULL logo_UL 1) (logo_DIVA logo_UA 9) $0))) (logo_PT (lambda (logo_FWRT (logo_MULL logo_UL 2) logo_ZA $0)) (logo_forLoop 4 (lambda (lambda (logo_FWRT (logo_MULL logo_UL 2) (logo_DIVA logo_UA 4) $0))) $0)))),a small nonagon next to a medium square,"['a large nonagon next to a medium square', 'one medium octagon with one flat side up against the left top side of a medium square', 'nonagon touching a square']"
38,/scratch/gpfs/nb0564/vlm_reasoning/logo_experiment/images/train-58.png,train,3 sided snowflake with a short space and a short line and a short space and a medium semicircle as arms,(lambda (logo_forLoop 3 (lambda (lambda (logo_GETSET (lambda (logo_PT (lambda (logo_FWRT logo_UL logo_ZA $0)) (logo_FWRT logo_UL logo_ZA (logo_PT (lambda (logo_FWRT logo_UL logo_ZA $0)) (logo_forLoop logo_IFTY (lambda (lambda (logo_FWRT (logo_MULL logo_epsL 2) logo_epsA $0))) $0))))) (logo_FWRT logo_ZL (logo_DIVA logo_UA 3) $0)))) $0)),three sided snowflake with a short space and a short line and a short space and a medium semicircle as arms,"['three sided snowflake with arms that are lines with a semi circle at the end', 'three candy cane shapes with spaces in them', 'boomerang']"
39,/scratch/gpfs/nb0564/vlm_reasoning/logo_experiment/images/train-186.png,train,3 sided snowflake with a small triangle and a small 5 gon as arms,(lambda (logo_forLoop 3 (lambda (lambda (logo_GETSET (lambda (logo_PT (lambda (logo_FWRT logo_UL logo_ZA $0)) (logo_forLoop 3 (lambda (lambda (logo_FWRT (logo_MULL logo_UL 1) (logo_DIVA logo_UA 3) $0))) (logo_PT (lambda (logo_FWRT logo_UL logo_ZA $0)) (logo_forLoop 5 (lambda (lambda (logo_FWRT (logo_MULL logo_UL 1) (logo_DIVA logo_UA 5) $0))) $0))))) (logo_FWRT logo_ZL (logo_DIVA logo_UA 3) $0)))) $0)),three sided snowflake with a small triangle and a small pentagon as arms,"['three spaced pentagons each connected to small triangles', 'three pentagons and triangles as spokes of a wheel', 'three different objects', 'three medium pentagon shapes with three small triangles attached to each one']"
40,/scratch/gpfs/nb0564/vlm_reasoning/logo_experiment/images/train-161.png,train,a small semicircle connected by a big line to a medium circle,(lambda (logo_forLoop logo_IFTY (lambda (lambda (logo_FWRT (logo_MULL logo_epsL 1) logo_epsA $0))) (logo_FWRT (logo_MULL logo_UL 5) logo_ZA (logo_forLoop logo_IFTY (lambda (lambda (logo_FWRT (logo_MULL logo_epsL 2) logo_epsA $0))) (logo_forLoop logo_IFTY (lambda (lambda (logo_FWRT (logo_MULL logo_epsL 2) logo_epsA $0))) $0))))),a small semicircle connected by a big line to a medium circle,"['broken paperclip', 'short paperclip', 'a medium circle connected by a line to a small semi circle']"
41,/scratch/gpfs/nb0564/vlm_reasoning/logo_experiment/images/train-52.png,train,a medium triangle separated by a big space from a small 9 gon,(lambda (logo_forLoop 3 (lambda (lambda (logo_FWRT (logo_MULL logo_UL 2) (logo_DIVA logo_UA 3) $0))) (logo_PT (lambda (logo_FWRT (logo_MULL logo_UL 5) logo_ZA $0)) (logo_forLoop 9 (lambda (lambda (logo_FWRT (logo_MULL logo_UL 1) (logo_DIVA logo_UA 9) $0))) $0)))),a medium triangle separated by a big space from a small nonagon,"['a small triangle close to a bigger nine sided polygon', 'triangle and hexagon spaced', 'small triangle on the left and circle on the right spaced out']"
42,/scratch/gpfs/nb0564/vlm_reasoning/logo_experiment/images/train-39.png,train,7 sided snowflake with a small semicircle and a short line as arms,(lambda (logo_forLoop 7 (lambda (lambda (logo_GETSET (lambda (logo_PT (lambda (logo_FWRT logo_UL logo_ZA $0)) (logo_forLoop logo_IFTY (lambda (lambda (logo_FWRT (logo_MULL logo_epsL 1) logo_epsA $0))) (logo_PT (lambda (logo_FWRT logo_UL logo_ZA $0)) (logo_FWRT logo_UL logo_ZA $0))))) (logo_FWRT logo_ZL (logo_DIVA logo_UA 7) $0)))) $0)),seven sided snowflake with a small semicircle and a short line as arms,"['seven clouds on top of each other going in a circle making a star shape', 'ring flower']"
43,/scratch/gpfs/nb0564/vlm_reasoning/logo_experiment/images/train-16.png,train,a medium semicircle,(lambda (logo_forLoop logo_IFTY (lambda (lambda (logo_FWRT (logo_MULL logo_epsL 2) logo_epsA $0))) $0)),a medium semicircle,"['right half circle', 'a small right half of a semicircle', 'an half circle', 'half a circle']"
44,/scratch/gpfs/nb0564/vlm_reasoning/logo_experiment/images/train-125.png,train,3 sided snowflake with a medium line and a small 6 gon as arms,(lambda (logo_forLoop 3 (lambda (lambda (logo_GETSET (lambda (logo_FWRT (logo_MULL logo_UL 2) logo_ZA (logo_forLoop 6 (lambda (lambda (logo_FWRT (logo_MULL logo_UL 1) (logo_DIVA logo_UA 6) $0))) $0))) (logo_FWRT logo_ZL (logo_DIVA logo_UA 3) $0)))) $0)),three sided snowflake with a medium line and a small hexagon as arms,"['sa', 'three hexagons each with a line extending off of them and connecting at the center']"
45,/scratch/gpfs/nb0564/vlm_reasoning/logo_experiment/images/train-3.png,train,a medium square,(lambda (logo_forLoop 4 (lambda (lambda (logo_FWRT (logo_MULL logo_UL 2) (logo_DIVA logo_UA 4) $0))) $0)),a medium square,"['a medium square', 'one medium square', 'a square', 'a medium square']"
46,/scratch/gpfs/nb0564/vlm_reasoning/logo_experiment/images/train-144.png,train,3 sided snowflake with a medium space and a medium triangle as arms,(lambda (logo_forLoop 3 (lambda (lambda (logo_GETSET (lambda (logo_PT (lambda (logo_FWRT (logo_MULL logo_UL 2) logo_ZA $0)) (logo_forLoop 3 (lambda (lambda (logo_FWRT (logo_MULL logo_UL 2) (logo_DIVA logo_UA 3) $0))) $0))) (logo_FWRT logo_ZL (logo_DIVA logo_UA 3) $0)))) $0)),three sided snowflake with a medium space and a medium triangle as arms,"['a three sided snowflake with a large space and triangles for arms', 'three med traingles', 'three traingles']"
47,/scratch/gpfs/nb0564/vlm_reasoning/logo_experiment/images/train-77.png,train,a medium semicircle next to a small 9 gon,(lambda (logo_forLoop logo_IFTY (lambda (lambda (logo_FWRT (logo_MULL logo_epsL 2) logo_epsA $0))) (logo_PT (lambda (logo_FWRT (logo_MULL logo_UL 2) logo_ZA $0)) (logo_forLoop 9 (lambda (lambda (logo_FWRT (logo_MULL logo_UL 1) (logo_DIVA logo_UA 9) $0))) $0)))),a medium semicircle next to a small nonagon,"['a nine sided gon and a semicircle', 'nonagon next to small semicircle', 'medium to large nine sided polygon on left and small semi circle on the left facing the left not touching', 'medium nonagon next to small semicircle']"
48,/scratch/gpfs/nb0564/vlm_reasoning/logo_experiment/images/train-90.png,train,a medium 5 gon separated by a big space from a short line,(lambda (logo_forLoop 5 (lambda (lambda (logo_FWRT (logo_MULL logo_UL 2) (logo_DIVA logo_UA 5) $0))) (logo_PT (lambda (logo_FWRT (logo_MULL logo_UL 5) logo_ZA $0)) (logo_FWRT logo_UL logo_ZA $0)))),a medium pentagon separated by a big space from a short line,"['large pentagon with a small line to the right', 'on large five g1 point up and big space then small line on the right', 'big pentagon far from short low line']"
49,/scratch/gpfs/nb0564/vlm_reasoning/logo_experiment/images/train-9.png,train,a medium 7 gon,(lambda (logo_forLoop 7 (lambda (lambda (logo_FWRT (logo_MULL logo_UL 2) (logo_DIVA logo_UA 7) $0))) $0)),a medium heptagon,"['a six sided hexagon', 'its an hexagon it has seven sides']"
50,/scratch/gpfs/nb0564/vlm_reasoning/logo_experiment/images/train-136.png,train,8 sided snowflake with a short line and a medium circle as arms,(lambda (logo_forLoop 8 (lambda (lambda (logo_GETSET (lambda (logo_PT (lambda (logo_FWRT logo_UL logo_ZA $0)) (logo_FWRT logo_UL logo_ZA (logo_PT (lambda (logo_FWRT logo_UL logo_ZA $0)) (logo_forLoop logo_IFTY (lambda (lambda (logo_FWRT (logo_MULL logo_epsL 2) logo_epsA $0))) (logo_forLoop logo_IFTY (lambda (lambda (logo_FWRT (logo_MULL logo_epsL 2) logo_epsA $0))) $0)))))) (logo_FWRT logo_ZL (logo_DIVA logo_UA 8) $0)))) $0)),eight sided snowflake with a short line and a medium circle as arms,"['flower', 'circles made of circles', 'an eight sided snowflake with a black center and eight overlapping circles as arms']"
51,/scratch/gpfs/nb0564/vlm_reasoning/logo_experiment/images/train-89.png,train,6 sided snowflake with a short space and a small semicircle as arms,(lambda (logo_forLoop 6 (lambda (lambda (logo_GETSET (lambda (logo_PT (lambda (logo_FWRT (logo_MULL logo_UL 1) logo_ZA $0)) (logo_forLoop logo_IFTY (lambda (lambda (logo_FWRT (logo_MULL logo_epsL 1) logo_epsA $0))) $0))) (logo_FWRT logo_ZL (logo_DIVA logo_UA 6) $0)))) $0)),six sided snowflake with a short space and a small semicircle as arms,"['disconnected six sided star with round edges', 'ring circle']"
52,/scratch/gpfs/nb0564/vlm_reasoning/logo_experiment/images/train-157.png,train,a small 8 gon next to a small 5 gon,(lambda (logo_forLoop 8 (lambda (lambda (logo_FWRT (logo_MULL logo_UL 1) (logo_DIVA logo_UA 8) $0))) (logo_PT (lambda (logo_FWRT (logo_MULL logo_UL 2) logo_ZA $0)) (logo_forLoop 5 (lambda (lambda (logo_FWRT (logo_MULL logo_UL 1) (logo_DIVA logo_UA 5) $0))) $0)))),a small octagon next to a small pentagon,"['a eight sided gon beside a five sided gon', 'octagon next to pentagon', 'medium octagon on left touching a small pentagon on right at one point', 'medium octagon next to small pentagon']"
53,/scratch/gpfs/nb0564/vlm_reasoning/logo_experiment/images/train-64.png,train,a greek spiral with 8 turns,(lambda (logo_forLoop 9 (lambda (lambda (logo_FWRT (logo_MULL logo_UL $1) (logo_DIVA logo_UA 4) $0))) $0)),a greek spiral with eight turns,"['a long line that curls in on itself at right angles', 'lines evolving concentrically', 'e shape']"
54,/scratch/gpfs/nb0564/vlm_reasoning/logo_experiment/images/train-83.png,train,8 sided snowflake with a short space and a short line and a short space and a small circle as arms,(lambda (logo_forLoop 8 (lambda (lambda (logo_GETSET (lambda (logo_PT (lambda (logo_FWRT logo_UL logo_ZA $0)) (logo_FWRT logo_UL logo_ZA (logo_PT (lambda (logo_FWRT logo_UL logo_ZA $0)) (logo_forLoop logo_IFTY (lambda (lambda (logo_FWRT (logo_MULL logo_epsL 1) logo_epsA $0))) (logo_forLoop logo_IFTY (lambda (lambda (logo_FWRT (logo_MULL logo_epsL 1) logo_epsA $0))) $0)))))) (logo_FWRT logo_ZL (logo_DIVA logo_UA 8) $0)))) $0)),eight sided snowflake with a short space and a short line and a short space and a small circle as arms,"['a sunburst of eight short lines with tiny circles just past the outer ends', 'small space in middle with eight small lines with eight small circle arms', 'eight small circles on the outside with eight small detached lines on the inside', 'eight small circles with lines going inward']"
55,/scratch/gpfs/nb0564/vlm_reasoning/logo_experiment/images/train-178.png,train,a 4 stepped zigzag,(lambda (logo_FWRT logo_ZL (logo_DIVA logo_UA 8) (logo_forLoop 4 (lambda (lambda (logo_FWRT logo_UL (logo_DIVA logo_UA 4) (logo_FWRT logo_UL (logo_ADDA (logo_DIVA logo_UA 2) (logo_DIVA logo_UA 4)) $0)))) $0))),a four stepped zigzag,"['four step ladder going from top to bottom', 'squiggly line with eight dashes', 'zig zag long']"
56,/scratch/gpfs/nb0564/vlm_reasoning/logo_experiment/images/train-20.png,train,a short line,(lambda (logo_FWRT logo_UL logo_ZA $0)),a short line,"['short horizontal line', 'short line horizontal', 'short horizontal line']"
57,/scratch/gpfs/nb0564/vlm_reasoning/logo_experiment/images/train-113.png,train,6 sided snowflake with a small triangle as arms,(lambda (logo_forLoop 6 (lambda (lambda (logo_GETSET (lambda (logo_forLoop 3 (lambda (lambda (logo_FWRT (logo_MULL logo_UL 1) (logo_DIVA logo_UA 3) $0))) $0)) (logo_FWRT logo_ZL (logo_DIVA logo_UA 6) $0)))) $0)),six sided snowflake with a small triangle as arms,"['hexagon made of six tiny triangles touching', 'small hexagon made up of six smaller triangles', 'a six sided gon that is divided into six triangles on the inside', 'a hexagon divided into triangles']"
58,/scratch/gpfs/nb0564/vlm_reasoning/logo_experiment/images/train-195.png,train,8 sided snowflake with a small 5 gon and a short line as arms,(lambda (logo_forLoop 8 (lambda (lambda (logo_GETSET (lambda (logo_PT (lambda (logo_FWRT logo_UL logo_ZA $0)) (logo_forLoop 5 (lambda (lambda (logo_FWRT (logo_MULL logo_UL 1) (logo_DIVA logo_UA 5) $0))) (logo_PT (lambda (logo_FWRT logo_UL logo_ZA $0)) (logo_FWRT logo_UL logo_ZA $0))))) (logo_FWRT logo_ZL (logo_DIVA logo_UA 8) $0)))) $0)),eight sided snowflake with a small pentagon and a short line as arms,"['sa', 'eight pentagons connecting to each other with each one separated by a line kind of looks like a ninja star or a weapon']"
59,/scratch/gpfs/nb0564/vlm_reasoning/logo_experiment/images/train-119.png,train,6 sided snowflake with a short line as arms,(lambda (logo_forLoop 6 (lambda (lambda (logo_GETSET (lambda (logo_FWRT logo_UL logo_ZA $0)) (logo_FWRT logo_ZL (logo_DIVA logo_UA 6) $0)))) $0)),six sided snowflake with a short line as arms,"['star symbol on a ph1', 'its has a star shape']"
60,/scratch/gpfs/nb0564/vlm_reasoning/logo_experiment/images/train-172.png,train,5 sided snowflake with a medium line and a small 7 gon as arms,(lambda (logo_forLoop 5 (lambda (lambda (logo_GETSET (lambda (logo_FWRT (logo_MULL logo_UL 2) logo_ZA (logo_forLoop 7 (lambda (lambda (logo_FWRT (logo_MULL logo_UL 1) (logo_DIVA logo_UA 7) $0))) $0))) (logo_FWRT logo_ZL (logo_DIVA logo_UA 5) $0)))) $0)),five sided snowflake with a medium line and a small heptagon as arms,"['five seven sided polygons connected by five lines to a single point', 'snowflake made with hexagons', 'five circles in clover']"
61,/scratch/gpfs/nb0564/vlm_reasoning/logo_experiment/images/train-41.png,train,4 small square s in a row,(lambda (logo_forLoop 4 (lambda (lambda (logo_GETSET (lambda (logo_forLoop 4 (lambda (lambda (logo_FWRT (logo_MULL logo_UL 1) (logo_DIVA logo_UA 4) $0))) $0)) (logo_PT (lambda (logo_FWRT logo_UL logo_ZA $0)) $0)))) $0)),four small squares in a row,"['four squares', 'four squares', 'four squares sharing sides arranged horizontally']"
62,/scratch/gpfs/nb0564/vlm_reasoning/logo_experiment/images/train-191.png,train,a small semicircle connected by a medium line to a medium triangle,(lambda (logo_forLoop logo_IFTY (lambda (lambda (logo_FWRT (logo_MULL logo_epsL 1) logo_epsA $0))) (logo_FWRT (logo_MULL logo_UL 2) logo_ZA (logo_forLoop 3 (lambda (lambda (logo_FWRT (logo_MULL logo_UL 2) (logo_DIVA logo_UA 3) $0))) $0)))),a small semicircle connected by a medium line to a medium triangle,"['broken half umbrella', 'triangle clip', 'a triangle connected to a small semi circle by a line']"
63,/scratch/gpfs/nb0564/vlm_reasoning/logo_experiment/images/train-176.png,train,a 5 stepped zigzag,(lambda (logo_FWRT logo_ZL (logo_DIVA logo_UA 8) (logo_forLoop 5 (lambda (lambda (logo_FWRT logo_UL (logo_DIVA logo_UA 4) (logo_FWRT logo_UL (logo_ADDA (logo_DIVA logo_UA 2) (logo_DIVA logo_UA 4)) $0)))) $0))),a five stepped zigzag,"['zigzag vertical', 'five greater than signs on top of each other', 'zig zag', 'a vertical zig zag made of one 0 short lines']"
64,/scratch/gpfs/nb0564/vlm_reasoning/logo_experiment/images/train-45.png,train,a small 8 gon next to a small 7 gon,(lambda (logo_forLoop 8 (lambda (lambda (logo_FWRT (logo_MULL logo_UL 1) (logo_DIVA logo_UA 8) $0))) (logo_PT (lambda (logo_FWRT (logo_MULL logo_UL 2) logo_ZA $0)) (logo_forLoop 7 (lambda (lambda (logo_FWRT (logo_MULL logo_UL 1) (logo_DIVA logo_UA 7) $0))) $0)))),a small octagon next to a small heptagon,"['sdsa', 'an octagon slightly going into the left side of a heptagon']"
65,/scratch/gpfs/nb0564/vlm_reasoning/logo_experiment/images/train-24.png,train,a 4 stepped staircase_copy_3,(lambda (logo_forLoop 4 (lambda (lambda (logo_FWRT logo_UL (logo_DIVA logo_UA 4) (logo_FWRT logo_UL (logo_DIVA logo_UA 4) (logo_FWRT logo_ZL (logo_DIVA logo_UA 2) $0))))) $0)),a four stepped staircase,"['medium zig zag horizontal lines with four bottom points', 'wavy line', 'shorter squiggly line pointing right']"
66,/scratch/gpfs/nb0564/vlm_reasoning/logo_experiment/images/train-117.png,train,8 concentric circle s_copy_3,(lambda (logo_forLoop 9 (lambda (lambda (logo_forLoop logo_IFTY (lambda (lambda (logo_FWRT (logo_MULL logo_epsL $3) logo_epsA $0))) (logo_forLoop logo_IFTY (lambda (lambda (logo_FWRT (logo_MULL logo_epsL $3) logo_epsA $0))) $0)))) $0)),eight concentric circles,"['eight nesting circles', 'eight nested circles', 'nestled circles inside one another going from large to small', 'eight nested circles']"
67,/scratch/gpfs/nb0564/vlm_reasoning/logo_experiment/images/train-138.png,train,6 short line s in a row,(lambda (logo_forLoop 6 (lambda (lambda (logo_GETSET (lambda (logo_FWRT logo_UL logo_ZA $0)) (logo_PT (lambda (logo_FWRT logo_UL logo_ZA $0)) $0)))) $0)),six short lines in a row,"['horizontal line', 'a straight line', 'straight line']"
68,/scratch/gpfs/nb0564/vlm_reasoning/logo_experiment/images/train-153.png,train,7 sided snowflake with a medium 5 gon as arms,(lambda (logo_forLoop 7 (lambda (lambda (logo_GETSET (lambda (logo_forLoop 5 (lambda (lambda (logo_FWRT (logo_MULL logo_UL 2) (logo_DIVA logo_UA 5) $0))) $0)) (logo_FWRT logo_ZL (logo_DIVA logo_UA 7) $0)))) $0)),seven sided snowflake with a medium pentagon as arms,"['seven overlapped pentagons that make a flower with seven petals in the center', 'four pentagons connected in the middle with three more pentagons connected behind them to make flower shape', 'overlapping pentagons with seven boded lines in the middle', 'seven pentagons joined together']"
69,/scratch/gpfs/nb0564/vlm_reasoning/logo_experiment/images/train-60.png,train,7 sided snowflake with a medium semicircle and a short line as arms,(lambda (logo_forLoop 7 (lambda (lambda (logo_GETSET (lambda (logo_PT (lambda (logo_FWRT logo_UL logo_ZA $0)) (logo_forLoop logo_IFTY (lambda (lambda (logo_FWRT (logo_MULL logo_epsL 2) logo_epsA $0))) (logo_PT (lambda (logo_FWRT logo_UL logo_ZA $0)) (logo_FWRT logo_UL logo_ZA $0))))) (logo_FWRT logo_ZL (logo_DIVA logo_UA 7) $0)))) $0)),seven sided snowflake with a medium semicircle and a short line as arms,"['seven medium half circles with lines through them spaced in a large circle', 'seven half circles in a snowflake shape with a short line on the right side of each one', 'seven sided snowflake with semicircles and short lines for arms']"
70,/scratch/gpfs/nb0564/vlm_reasoning/logo_experiment/images/train-87.png,train,a 7 stepped staircase_copy_5,(lambda (logo_forLoop 7 (lambda (lambda (logo_FWRT logo_UL (logo_DIVA logo_UA 4) (logo_FWRT logo_UL (logo_DIVA logo_UA 4) (logo_FWRT logo_ZL (logo_DIVA logo_UA 2) $0))))) $0)),a seven stepped staircase,"['a small line going to the right a small line going up and a continuous repeat pattern for seven times', 'staircase with seven steps', 'stairway pattern going up from left to right', 'seven step ladder']"
71,/scratch/gpfs/nb0564/vlm_reasoning/logo_experiment/images/train-159.png,train,a 4 stepped staircase_copy_0,(lambda (logo_forLoop 4 (lambda (lambda (logo_FWRT logo_UL (logo_DIVA logo_UA 4) (logo_FWRT logo_UL (logo_DIVA logo_UA 4) (logo_FWRT logo_ZL (logo_DIVA logo_UA 2) $0))))) $0)),a four stepped staircase,"['three short stairs going up to the right', 'ladder']"
72,/scratch/gpfs/nb0564/vlm_reasoning/logo_experiment/images/train-132.png,train,a small semicircle connected by a big line to a small 9 gon,(lambda (logo_forLoop logo_IFTY (lambda (lambda (logo_FWRT (logo_MULL logo_epsL 1) logo_epsA $0))) (logo_FWRT (logo_MULL logo_UL 5) logo_ZA (logo_forLoop 9 (lambda (lambda (logo_FWRT (logo_MULL logo_UL 1) (logo_DIVA logo_UA 9) $0))) $0)))),a small semicircle connected by a big line to a small nonagon,"['a fish hook with a nine sided polygon', 'octagon hook', 'nine side polygon with cane coming out of the top cane is curved downward']"
73,/scratch/gpfs/nb0564/vlm_reasoning/logo_experiment/images/train-181.png,train,3 sided snowflake with a short space and a short line and a short space and a small semicircle as arms,(lambda (logo_forLoop 3 (lambda (lambda (logo_GETSET (lambda (logo_PT (lambda (logo_FWRT logo_UL logo_ZA $0)) (logo_FWRT logo_UL logo_ZA (logo_PT (lambda (logo_FWRT logo_UL logo_ZA $0)) (logo_forLoop logo_IFTY (lambda (lambda (logo_FWRT (logo_MULL logo_epsL 1) logo_epsA $0))) $0))))) (logo_FWRT logo_ZL (logo_DIVA logo_UA 3) $0)))) $0)),three sided snowflake with a short space and a short line and a short space and a small semicircle as arms,"['spinner', 'three dashes and three lines', 'three sided snowflake with three lines a space and three semi circles as arms']"
74,/scratch/gpfs/nb0564/vlm_reasoning/logo_experiment/images/train-55.png,train,7 concentric circle s_copy_4,(lambda (logo_forLoop 8 (lambda (lambda (logo_forLoop logo_IFTY (lambda (lambda (logo_FWRT (logo_MULL logo_epsL $3) logo_epsA $0))) (logo_forLoop logo_IFTY (lambda (lambda (logo_FWRT (logo_MULL logo_epsL $3) logo_epsA $0))) $0)))) $0)),seven concentric circles,"['sasas', 'a smaller version of the bunch of circles within each other']"
75,/scratch/gpfs/nb0564/vlm_reasoning/logo_experiment/images/train-166.png,train,a 4 stepped staircase_copy_4,(lambda (logo_forLoop 4 (lambda (lambda (logo_FWRT logo_UL (logo_DIVA logo_UA 4) (logo_FWRT logo_UL (logo_DIVA logo_UA 4) (logo_FWRT logo_ZL (logo_DIVA logo_UA 2) $0))))) $0)),a four stepped staircase,"['four base steps', 'diagonal wavy line', 'like steps', 'four backwards ls making a stair shape']"
76,/scratch/gpfs/nb0564/vlm_reasoning/logo_experiment/images/train-107.png,train,3 sided snowflake with a short line and a small square as arms,(lambda (logo_forLoop 3 (lambda (lambda (logo_GETSET (lambda (logo_FWRT (logo_MULL logo_UL 1) logo_ZA (logo_forLoop 4 (lambda (lambda (logo_FWRT (logo_MULL logo_UL 1) (logo_DIVA logo_UA 4) $0))) $0))) (logo_FWRT logo_ZL (logo_DIVA logo_UA 3) $0)))) $0)),three sided snowflake with a short line and a small square as arms,"['snowflake with three lines three squares as arms', 'three flake with line arms and square ends', 'three lined snowflake pattern connected at a point in center three smallmedium squares on each line at ends', 'snowflake made up of three arms of small line and small square']"
77,/scratch/gpfs/nb0564/vlm_reasoning/logo_experiment/images/train-34.png,train,a medium triangle connected by a medium line to a small 9 gon,(lambda (logo_forLoop 3 (lambda (lambda (logo_FWRT (logo_MULL logo_UL 2) (logo_DIVA logo_UA 3) $0))) (logo_FWRT (logo_MULL logo_UL 2) logo_ZA (logo_forLoop 9 (lambda (lambda (logo_FWRT (logo_MULL logo_UL 1) (logo_DIVA logo_UA 9) $0))) $0)))),a medium triangle connected by a medium line to a small nonagon,"['a triangle next to a nonagon', 'truiangle attacjed to large octo', 'ice cream c1']"
78,/scratch/gpfs/nb0564/vlm_reasoning/logo_experiment/images/train-128.png,train,2 concentric circle s_copy_2,(lambda (logo_forLoop 3 (lambda (lambda (logo_forLoop logo_IFTY (lambda (lambda (logo_FWRT (logo_MULL logo_epsL $3) logo_epsA $0))) (logo_forLoop logo_IFTY (lambda (lambda (logo_FWRT (logo_MULL logo_epsL $3) logo_epsA $0))) $0)))) $0)),two concentric circles,"['three nested circle', 'two small nesting circles', 'circle in circle small tunnel']"
79,/scratch/gpfs/nb0564/vlm_reasoning/logo_experiment/images/train-70.png,train,5 medium semicircle s in a row,(lambda (logo_forLoop 5 (lambda (lambda (logo_GETSET (lambda (logo_forLoop logo_IFTY (lambda (lambda (logo_FWRT (logo_MULL logo_epsL 2) logo_epsA $0))) $0)) (logo_PT (lambda (logo_FWRT logo_UL logo_ZA $0)) $0)))) $0)),five medium semicircles in a row,"['five medium half circles', 'five half circles in a row on their sides with the curves facing right', 'five medium semicircles in a row']"
80,/scratch/gpfs/nb0564/vlm_reasoning/logo_experiment/images/train-143.png,train,5 sided snowflake with a short space and a short line and a short space and a small 5 gon as arms,(lambda (logo_forLoop 5 (lambda (lambda (logo_GETSET (lambda (logo_PT (lambda (logo_FWRT logo_UL logo_ZA $0)) (logo_FWRT logo_UL logo_ZA (logo_PT (lambda (logo_FWRT logo_UL logo_ZA $0)) (logo_forLoop 5 (lambda (lambda (logo_FWRT (logo_MULL logo_UL 1) (logo_DIVA logo_UA 5) $0))) $0))))) (logo_FWRT logo_ZL (logo_DIVA logo_UA 5) $0)))) $0)),five sided snowflake with a short space and a short line and a short space and a small pentagon as arms,"['a sunburst of five lines with five pentagons just past the outer ends', 'small space in middle with five small lines outside then five small pentagons outside the lines', 'five pentagons on the outside with five detached lines on the inside', 'five pentagons in a pentagon formation with lines pointing inward']"
81,/scratch/gpfs/nb0564/vlm_reasoning/logo_experiment/images/train-97.png,train,5 sided snowflake with a small square and a small triangle as arms,(lambda (logo_forLoop 5 (lambda (lambda (logo_GETSET (lambda (logo_PT (lambda (logo_FWRT logo_UL logo_ZA $0)) (logo_forLoop 4 (lambda (lambda (logo_FWRT (logo_MULL logo_UL 1) (logo_DIVA logo_UA 4) $0))) (logo_PT (lambda (logo_FWRT logo_UL logo_ZA $0)) (logo_forLoop 3 (lambda (lambda (logo_FWRT (logo_MULL logo_UL 1) (logo_DIVA logo_UA 3) $0))) $0))))) (logo_FWRT logo_ZL (logo_DIVA logo_UA 5) $0)))) $0)),five sided snowflake with a small square and a small triangle as arms,"['five sided snowflake with a medium space with a four side square and a four triangles as arms', 'five flake with squaretriangle arms', 'five snowflake design with nothing in middle and arms are four squares with triangles connected to it small squares and smaller triangles', 'snowflake with five arms made up of small squares next to small triangles']"
82,/scratch/gpfs/nb0564/vlm_reasoning/logo_experiment/images/train-149.png,train,3 sided snowflake with a short line and a small 5 gon as arms,(lambda (logo_forLoop 3 (lambda (lambda (logo_GETSET (lambda (logo_FWRT (logo_MULL logo_UL 1) logo_ZA (logo_forLoop 5 (lambda (lambda (logo_FWRT (logo_MULL logo_UL 1) (logo_DIVA logo_UA 5) $0))) $0))) (logo_FWRT logo_ZL (logo_DIVA logo_UA 3) $0)))) $0)),three sided snowflake with a short line and a small pentagon as arms,"['three house shaped symbols connected by three lines in a y shape', 'pentagons']"
83,/scratch/gpfs/nb0564/vlm_reasoning/logo_experiment/images/train-122.png,train,6 small square s in a row,(lambda (logo_forLoop 6 (lambda (lambda (logo_GETSET (lambda (logo_forLoop 4 (lambda (lambda (logo_FWRT (logo_MULL logo_UL 1) (logo_DIVA logo_UA 4) $0))) $0)) (logo_PT (lambda (logo_FWRT logo_UL logo_ZA $0)) $0)))) $0)),six small squares in a row,"['six squares in a row', 'six boxes next to each other', 'six square tetris piece']"
84,/scratch/gpfs/nb0564/vlm_reasoning/logo_experiment/images/train-11.png,train,a medium 8 gon,(lambda (logo_forLoop 8 (lambda (lambda (logo_FWRT (logo_MULL logo_UL 2) (logo_DIVA logo_UA 8) $0))) $0)),a medium octagon,"['octagonal', 'octogon', 'large octagon']"
85,/scratch/gpfs/nb0564/vlm_reasoning/logo_experiment/images/train-4.png,train,a small 5 gon,(lambda (logo_forLoop 5 (lambda (lambda (logo_FWRT (logo_MULL logo_UL 1) (logo_DIVA logo_UA 5) $0))) $0)),a small pentagon,"['a medium pentagon', 'smnall five sided gon', 'small pentagon']"
86,/scratch/gpfs/nb0564/vlm_reasoning/logo_experiment/images/train-126.png,train,7 sided snowflake with a small 9 gon as arms,(lambda (logo_forLoop 7 (lambda (lambda (logo_GETSET (lambda (logo_forLoop 9 (lambda (lambda (logo_FWRT (logo_MULL logo_UL 1) (logo_DIVA logo_UA 9) $0))) $0)) (logo_FWRT logo_ZL (logo_DIVA logo_UA 7) $0)))) $0)),seven sided snowflake with a small nonagon as arms,"['seven octagons in spiral connection', 'seven overlapping nine sided figures in a circle formation', 'like a rangoli', 'seven nonagons connected at one point']"
87,/scratch/gpfs/nb0564/vlm_reasoning/logo_experiment/images/train-15.png,train,a small circle,(lambda (logo_forLoop logo_IFTY (lambda (lambda (logo_FWRT (logo_MULL logo_epsL 1) logo_epsA $0))) (logo_forLoop logo_IFTY (lambda (lambda (logo_FWRT (logo_MULL logo_epsL 1) logo_epsA $0))) $0))),a small circle,"['asas', 'a small circle']"
88,/scratch/gpfs/nb0564/vlm_reasoning/logo_experiment/images/train-99.png,train,7 sided snowflake with a small triangle as arms,(lambda (logo_forLoop 7 (lambda (lambda (logo_GETSET (lambda (logo_forLoop 3 (lambda (lambda (logo_FWRT (logo_MULL logo_UL 1) (logo_DIVA logo_UA 3) $0))) $0)) (logo_FWRT logo_ZL (logo_DIVA logo_UA 7) $0)))) $0)),seven sided snowflake with a small triangle as arms,"['a dark small hampster wheel with seven small tirangles and a circle in the middle', 'wheel']"
89,/scratch/gpfs/nb0564/vlm_reasoning/logo_experiment/images/train-0.png,train,a small triangle,(lambda (logo_forLoop 3 (lambda (lambda (logo_FWRT (logo_MULL logo_UL 1) (logo_DIVA logo_UA 3) $0))) $0)),a small triangle,"['small triangle', 'small thick lined triangle in the center of page', 'small triangle']"
90,/scratch/gpfs/nb0564/vlm_reasoning/logo_experiment/images/train-74.png,train,3 small 5 gon s in a row,(lambda (logo_forLoop 3 (lambda (lambda (logo_GETSET (lambda (logo_forLoop 5 (lambda (lambda (logo_FWRT (logo_MULL logo_UL 1) (logo_DIVA logo_UA 5) $0))) $0)) (logo_PT (lambda (logo_FWRT logo_UL logo_ZA $0)) $0)))) $0)),three small pentagons in a row,"['three overlapping pentagons', 'three five goins c1 cted in middle', 'three connected pentagons']"
91,/scratch/gpfs/nb0564/vlm_reasoning/logo_experiment/images/train-147.png,train,6 sided snowflake with a short space and a short line and a short space and a medium semicircle as arms,(lambda (logo_forLoop 6 (lambda (lambda (logo_GETSET (lambda (logo_PT (lambda (logo_FWRT logo_UL logo_ZA $0)) (logo_FWRT logo_UL logo_ZA (logo_PT (lambda (logo_FWRT logo_UL logo_ZA $0)) (logo_forLoop logo_IFTY (lambda (lambda (logo_FWRT (logo_MULL logo_epsL 2) logo_epsA $0))) $0))))) (logo_FWRT logo_ZL (logo_DIVA logo_UA 6) $0)))) $0)),six sided snowflake with a short space and a short line and a short space and a medium semicircle as arms,"['snowflake with space small line medium space and six semicircle arms', 'six flake with arms of space line space semicircle', 'six sided snowflake with small lines then a small space then half circles above each line', 'snowflake made up of six arms of small line and semicircle']"
92,/scratch/gpfs/nb0564/vlm_reasoning/logo_experiment/images/train-93.png,train,a greek spiral with 6 turns,(lambda (logo_forLoop 7 (lambda (lambda (logo_FWRT (logo_MULL logo_UL $1) (logo_DIVA logo_UA 4) $0))) $0)),a greek spiral with six turns,"['a spiral going counterclock', 'six lines connected together to from backwards large g shape', 'a line that goes right down left up right and then down', 'a square spiral that starts at the top left']"
93,/scratch/gpfs/nb0564/vlm_reasoning/logo_experiment/images/train-168.png,train,a medium square connected by a big line to a small square,(lambda (logo_forLoop 4 (lambda (lambda (logo_FWRT (logo_MULL logo_UL 2) (logo_DIVA logo_UA 4) $0))) (logo_FWRT (logo_MULL logo_UL 5) logo_ZA (logo_forLoop 4 (lambda (lambda (logo_FWRT (logo_MULL logo_UL 1) (logo_DIVA logo_UA 4) $0))) $0)))),a medium square connected by a big line to a small square,"['large square connected to small square via horizontal line', 'a medium square with a small square to the right attached by a line', 'square tail square']"
94,/scratch/gpfs/nb0564/vlm_reasoning/logo_experiment/images/train-103.png,train,7 sided snowflake with a medium circle and a small 5 gon as arms,(lambda (logo_forLoop 7 (lambda (lambda (logo_GETSET (lambda (logo_PT (lambda (logo_FWRT logo_UL logo_ZA $0)) (logo_forLoop logo_IFTY (lambda (lambda (logo_FWRT (logo_MULL logo_epsL 2) logo_epsA $0))) (logo_forLoop logo_IFTY (lambda (lambda (logo_FWRT (logo_MULL logo_epsL 2) logo_epsA $0))) (logo_PT (lambda (logo_FWRT logo_UL logo_ZA $0)) (logo_forLoop 5 (lambda (lambda (logo_FWRT (logo_MULL logo_UL 1) (logo_DIVA logo_UA 5) $0))) $0)))))) (logo_FWRT logo_ZL (logo_DIVA logo_UA 7) $0)))) $0)),seven sided snowflake with a medium circle and a small pentagon as arms,"['ring of seven overlapped circles surrounded by seven pentagons', 'small space in middle with seven small circles around it and seven pentagons outside circles', 'a snowflake with seven pentagon leaves on the outside with seven small circles on the inside', 'seven circles in the middle with seven pentagons on the outside']"
95,/scratch/gpfs/nb0564/vlm_reasoning/logo_experiment/images/train-30.png,train,3 sided snowflake with a short space and a small 5 gon as arms,(lambda (logo_forLoop 3 (lambda (lambda (logo_GETSET (lambda (logo_PT (lambda (logo_FWRT (logo_MULL logo_UL 1) logo_ZA $0)) (logo_forLoop 5 (lambda (lambda (logo_FWRT (logo_MULL logo_UL 1) (logo_DIVA logo_UA 5) $0))) $0))) (logo_FWRT logo_ZL (logo_DIVA logo_UA 3) $0)))) $0)),three sided snowflake with a short space and a small pentagon as arms,"['three small pentagons', 'three pentagon medium snowflake', 'three pentagons in a circle']"
96,/scratch/gpfs/nb0564/vlm_reasoning/logo_experiment/images/train-185.png,train,5 sided snowflake with a short line and a medium circle as arms,(lambda (logo_forLoop 5 (lambda (lambda (logo_GETSET (lambda (logo_PT (lambda (logo_FWRT logo_UL logo_ZA $0)) (logo_FWRT logo_UL logo_ZA (logo_PT (lambda (logo_FWRT logo_UL logo_ZA $0)) (logo_forLoop logo_IFTY (lambda (lambda (logo_FWRT (logo_MULL logo_epsL 2) logo_epsA $0))) (logo_forLoop logo_IFTY (lambda (lambda (logo_FWRT (logo_MULL logo_epsL 2) logo_epsA $0))) $0)))))) (logo_FWRT logo_ZL (logo_DIVA logo_UA 5) $0)))) $0)),five sided snowflake with a short line and a medium circle as arms,"['dsd', 'five circles each with a line next to them forming a pinwhell nothing is connected']"
97,/scratch/gpfs/nb0564/vlm_reasoning/logo_experiment/images/train-109.png,train,3 sided snowflake with a short space and a short line and a short space and a short line as arms,(lambda (logo_forLoop 3 (lambda (lambda (logo_GETSET (lambda (logo_PT (lambda (logo_FWRT logo_UL logo_ZA $0)) (logo_FWRT logo_UL logo_ZA (logo_PT (lambda (logo_FWRT logo_UL logo_ZA $0)) (logo_FWRT logo_UL logo_ZA $0))))) (logo_FWRT logo_ZL (logo_DIVA logo_UA 3) $0)))) $0)),three sided snowflake with a short space and a short line and a short space and a short line as arms,"['a large y shape using six disconnected lines', 'three disjoint lines']"
98,/scratch/gpfs/nb0564/vlm_reasoning/logo_experiment/images/train-51.png,train,8 sided snowflake with a medium line and a small 9 gon as arms,(lambda (logo_forLoop 8 (lambda (lambda (logo_GETSET (lambda (logo_FWRT (logo_MULL logo_UL 2) logo_ZA (logo_forLoop 9 (lambda (lambda (logo_FWRT (logo_MULL logo_UL 1) (logo_DIVA logo_UA 9) $0))) $0))) (logo_FWRT logo_ZL (logo_DIVA logo_UA 8) $0)))) $0)),eight sided snowflake with a medium line and a small nonagon as arms,"['wheel with octagon', 'octogons with lines', 'an eight sided snowflake with a black dot connected to lines connected to nonagons as sides']"
99,/scratch/gpfs/nb0564/vlm_reasoning/logo_experiment/images/train-162.png,train,5 sided snowflake with a medium circle and a short line as arms,(lambda (logo_forLoop 5 (lambda (lambda (logo_GETSET (lambda (logo_PT (lambda (logo_FWRT logo_UL logo_ZA $0)) (logo_forLoop logo_IFTY (lambda (lambda (logo_FWRT (logo_MULL logo_epsL 2) logo_epsA $0))) (logo_forLoop logo_IFTY (lambda (lambda (logo_FWRT (logo_MULL logo_epsL 2) logo_epsA $0))) (logo_PT (lambda (logo_FWRT logo_UL logo_ZA $0)) (logo_FWRT logo_UL logo_ZA $0)))))) (logo_FWRT logo_ZL (logo_DIVA logo_UA 5) $0)))) $0)),five sided snowflake with a medium circle and a short line as arms,"['five small circles joined in a circle with five expanding lines', 'snowflake made of circles and lines', 'five circle in middle five lines shooting out']"
100,/scratch/gpfs/nb0564/vlm_reasoning/logo_experiment/images/train-82.png,train,a 4 stepped staircase,(lambda (logo_forLoop 4 (lambda (lambda (logo_FWRT logo_UL (logo_DIVA logo_UA 4) (logo_FWRT logo_UL (logo_DIVA logo_UA 4) (logo_FWRT logo_ZL (logo_DIVA logo_UA 2) $0))))) $0)),a four stepped staircase,"['four stairs', 'four step steps', 'four step stair']"
101,/scratch/gpfs/nb0564/vlm_reasoning/logo_experiment/images/train-65.png,train,8 sided snowflake with a medium space and a small 8 gon as arms,(lambda (logo_forLoop 8 (lambda (lambda (logo_GETSET (lambda (logo_PT (lambda (logo_FWRT (logo_MULL logo_UL 2) logo_ZA $0)) (logo_forLoop 8 (lambda (lambda (logo_FWRT (logo_MULL logo_UL 1) (logo_DIVA logo_UA 8) $0))) $0))) (logo_FWRT logo_ZL (logo_DIVA logo_UA 8) $0)))) $0)),eight sided snowflake with a medium space and a small octagon as arms,"['ads', 'eight octagons forming a snowflake']"
102,/scratch/gpfs/nb0564/vlm_reasoning/logo_experiment/images/train-156.png,train,a medium triangle connected by a big line to a small 8 gon,(lambda (logo_forLoop 3 (lambda (lambda (logo_FWRT (logo_MULL logo_UL 2) (logo_DIVA logo_UA 3) $0))) (logo_FWRT (logo_MULL logo_UL 5) logo_ZA (logo_forLoop 8 (lambda (lambda (logo_FWRT (logo_MULL logo_UL 1) (logo_DIVA logo_UA 8) $0))) $0)))),a medium triangle connected by a big line to a small octagon,"['triangle on left bottom line to octagon right', 'triangle medium line medium octagon', 'a triangle with eight shape', 'a large triangle connected by a long line to an octagon']"
103,/scratch/gpfs/nb0564/vlm_reasoning/logo_experiment/images/train-88.png,train,7 sided snowflake with a medium semicircle as arms,(lambda (logo_forLoop 7 (lambda (lambda (logo_GETSET (lambda (logo_forLoop logo_IFTY (lambda (lambda (logo_FWRT (logo_MULL logo_epsL 2) logo_epsA $0))) $0)) (logo_FWRT logo_ZL (logo_DIVA logo_UA 7) $0)))) $0)),seven sided snowflake with a medium semicircle as arms,"['seven semicircles touching at a central point and fanning out like a pinwheel', 'a hurricane snowflake', 'swirly']"
104,/scratch/gpfs/nb0564/vlm_reasoning/logo_experiment/images/train-137.png,train,a small circle next to a small 6 gon,(lambda (logo_forLoop logo_IFTY (lambda (lambda (logo_FWRT (logo_MULL logo_epsL 1) logo_epsA $0))) (logo_forLoop logo_IFTY (lambda (lambda (logo_FWRT (logo_MULL logo_epsL 1) logo_epsA $0))) (logo_PT (lambda (logo_FWRT (logo_MULL logo_UL 2) logo_ZA $0)) (logo_forLoop 6 (lambda (lambda (logo_FWRT (logo_MULL logo_UL 1) (logo_DIVA logo_UA 6) $0))) $0))))),a small circle next to a small hexagon,"['a small circle and a six sided gon', 'small circle next to hexagon', 'small circle on left and six sided polygon on right not connected or touching', 'small circle next to hexagon']"
105,/scratch/gpfs/nb0564/vlm_reasoning/logo_experiment/images/train-40.png,train,7 sided snowflake with a small circle and a small 5 gon as arms,(lambda (logo_forLoop 7 (lambda (lambda (logo_GETSET (lambda (logo_PT (lambda (logo_FWRT logo_UL logo_ZA $0)) (logo_forLoop logo_IFTY (lambda (lambda (logo_FWRT (logo_MULL logo_epsL 1) logo_epsA $0))) (logo_forLoop logo_IFTY (lambda (lambda (logo_FWRT (logo_MULL logo_epsL 1) logo_epsA $0))) (logo_PT (lambda (logo_FWRT logo_UL logo_ZA $0)) (logo_forLoop 5 (lambda (lambda (logo_FWRT (logo_MULL logo_UL 1) (logo_DIVA logo_UA 5) $0))) $0)))))) (logo_FWRT logo_ZL (logo_DIVA logo_UA 7) $0)))) $0)),seven sided snowflake with a small circle and a small pentagon as arms,"['seven small circles inside of seven medium pentagons', 'seven pentagons snowflake with seven small circles around in the center', 'seven sided snowflake with floating small circle and medium pentagon arms']"
106,/scratch/gpfs/nb0564/vlm_reasoning/logo_experiment/images/train-173.png,train,5 small square s in a row,(lambda (logo_forLoop 5 (lambda (lambda (logo_GETSET (lambda (logo_forLoop 4 (lambda (lambda (logo_FWRT (logo_MULL logo_UL 1) (logo_DIVA logo_UA 4) $0))) $0)) (logo_PT (lambda (logo_FWRT logo_UL logo_ZA $0)) $0)))) $0)),five small squares in a row,"['five tiny squares in a row touching', 'medium rectangle made from five small squares', 'five square boxes in a row', 'five squares touching in a line']"
107,/scratch/gpfs/nb0564/vlm_reasoning/logo_experiment/images/train-118.png,train,a small 7 gon next to a small 9 gon,(lambda (logo_forLoop 7 (lambda (lambda (logo_FWRT (logo_MULL logo_UL 1) (logo_DIVA logo_UA 7) $0))) (logo_PT (lambda (logo_FWRT (logo_MULL logo_UL 2) logo_ZA $0)) (logo_forLoop 9 (lambda (lambda (logo_FWRT (logo_MULL logo_UL 1) (logo_DIVA logo_UA 9) $0))) $0)))),a small heptagon next to a small nonagon,"['heptagon and nonagon interconnected', 'med heptagon intertwined with a large octagon', 'circle link']"
108,/scratch/gpfs/nb0564/vlm_reasoning/logo_experiment/images/train-194.png,train,a 7 stepped staircase,(lambda (logo_forLoop 7 (lambda (lambda (logo_FWRT logo_UL (logo_DIVA logo_UA 4) (logo_FWRT logo_UL (logo_DIVA logo_UA 4) (logo_FWRT logo_ZL (logo_DIVA logo_UA 2) $0))))) $0)),a seven stepped staircase,"['a long zig zag line running diagonally', 'lobnest wavy line', 'seven stair steps facing right']"
109,/scratch/gpfs/nb0564/vlm_reasoning/logo_experiment/images/train-112.png,train,a medium 5 gon next to a small 5 gon,(lambda (logo_forLoop 5 (lambda (lambda (logo_FWRT (logo_MULL logo_UL 2) (logo_DIVA logo_UA 5) $0))) (logo_PT (lambda (logo_FWRT (logo_MULL logo_UL 2) logo_ZA $0)) (logo_forLoop 5 (lambda (lambda (logo_FWRT (logo_MULL logo_UL 1) (logo_DIVA logo_UA 5) $0))) $0)))),a medium pentagon next to a small pentagon,"['a small pentagon somewhat in front of a larger pentagon', 'i big pentagon and one small pentagon inside', 'larger polygon in the middle and small polygon overlapping the bottom right side']"
110,/scratch/gpfs/nb0564/vlm_reasoning/logo_experiment/images/train-21.png,train,a vertical short line,(lambda (logo_FWRT logo_ZL (logo_DIVA logo_UA 4) (logo_FWRT logo_UL logo_ZA $0))),a vertical short line,"['half of the number one', 'dash', 'a vertical line']"
111,/scratch/gpfs/nb0564/vlm_reasoning/logo_experiment/images/train-179.png,train,8 sided snowflake with a short line and a medium semicircle as arms,(lambda (logo_forLoop 8 (lambda (lambda (logo_GETSET (lambda (logo_FWRT (logo_MULL logo_UL 1) logo_ZA (logo_forLoop logo_IFTY (lambda (lambda (logo_FWRT (logo_MULL logo_epsL 2) logo_epsA $0))) $0))) (logo_FWRT logo_ZL (logo_DIVA logo_UA 8) $0)))) $0)),eight sided snowflake with a short line and a medium semicircle as arms,"['loading wheel eight hooks making a circle with a circle in the middle', 'flower shape object']"
112,/scratch/gpfs/nb0564/vlm_reasoning/logo_experiment/images/train-116.png,train,6 sided snowflake with a short line and a medium circle as arms,(lambda (logo_forLoop 6 (lambda (lambda (logo_GETSET (lambda (logo_PT (lambda (logo_FWRT logo_UL logo_ZA $0)) (logo_FWRT logo_UL logo_ZA (logo_PT (lambda (logo_FWRT logo_UL logo_ZA $0)) (logo_forLoop logo_IFTY (lambda (lambda (logo_FWRT (logo_MULL logo_epsL 2) logo_epsA $0))) (logo_forLoop logo_IFTY (lambda (lambda (logo_FWRT (logo_MULL logo_epsL 2) logo_epsA $0))) $0)))))) (logo_FWRT logo_ZL (logo_DIVA logo_UA 6) $0)))) $0)),six sided snowflake with a short line and a medium circle as arms,"['six circles spaced with six lines in middle', 'six spoked wheel with space short line and then space and small circles as spokes', 'six circles around six lines', 'six sided snowflake with a medium circle and small lines that are not connected as arms']"
113,/scratch/gpfs/nb0564/vlm_reasoning/logo_experiment/images/train-25.png,train,5 sided snowflake with a short space and a short line and a short space and a short line as arms,(lambda (logo_forLoop 5 (lambda (lambda (logo_GETSET (lambda (logo_PT (lambda (logo_FWRT logo_UL logo_ZA $0)) (logo_FWRT logo_UL logo_ZA (logo_PT (lambda (logo_FWRT logo_UL logo_ZA $0)) (logo_FWRT logo_UL logo_ZA $0))))) (logo_FWRT logo_ZL (logo_DIVA logo_UA 5) $0)))) $0)),five sided snowflake with a short space and a short line and a short space and a short line as arms,"['daad', 'a five sides version of the pinwhell with each line separated by a white space']"
114,/scratch/gpfs/nb0564/vlm_reasoning/logo_experiment/images/train-44.png,train,4 concentric square s,(lambda (logo_forLoop 5 (lambda (lambda (logo_GETSET (lambda (logo_forLoop 4 (lambda (lambda (logo_FWRT (logo_MULL logo_UL $4) (logo_DIVA logo_UA 4) $0))) $0)) $0))) $0)),four concentric squares,"['four stacked squares', 'four concentric squares', 'four nested squares']"
115,/scratch/gpfs/nb0564/vlm_reasoning/logo_experiment/images/train-177.png,train,7 sided snowflake with a medium space and a small 5 gon as arms,(lambda (logo_forLoop 7 (lambda (lambda (logo_GETSET (lambda (logo_PT (lambda (logo_FWRT (logo_MULL logo_UL 2) logo_ZA $0)) (logo_forLoop 5 (lambda (lambda (logo_FWRT (logo_MULL logo_UL 1) (logo_DIVA logo_UA 5) $0))) $0))) (logo_FWRT logo_ZL (logo_DIVA logo_UA 7) $0)))) $0)),seven sided snowflake with a medium space and a small pentagon as arms,"['a snowflake with five sided gon and seven arms', 'seven flake with small pentagon arms not overlapping', 'snowflake design with seven objects nothing in the middle and objects are pentagons arranged in the snowfake pattern', 'snowflake made up of seven pentagons']"
116,/scratch/gpfs/nb0564/vlm_reasoning/logo_experiment/images/train-190.png,train,4 small 5 gon s in a row,(lambda (logo_forLoop 4 (lambda (lambda (logo_GETSET (lambda (logo_forLoop 5 (lambda (lambda (logo_FWRT (logo_MULL logo_UL 1) (logo_DIVA logo_UA 5) $0))) $0)) (logo_PT (lambda (logo_FWRT logo_UL logo_ZA $0)) $0)))) $0)),four small pentagons in a row,"['four interlocking pentagons in a straight line', 'four pentagons overlapping on top of a medium long horizontal line', 'four small interlocked pentagons in a row']"
117,/scratch/gpfs/nb0564/vlm_reasoning/logo_experiment/images/train-133.png,train,7 sided snowflake with a short line and a small square as arms,(lambda (logo_forLoop 7 (lambda (lambda (logo_GETSET (lambda (logo_FWRT (logo_MULL logo_UL 1) logo_ZA (logo_forLoop 4 (lambda (lambda (logo_FWRT (logo_MULL logo_UL 1) (logo_DIVA logo_UA 4) $0))) $0))) (logo_FWRT logo_ZL (logo_DIVA logo_UA 7) $0)))) $0)),seven sided snowflake with a short line and a small square as arms,"['a wheel of seven square flags', 'small circle six small lines seven small squares', 'a snowflake with seven small squares on the outside attached to seven connected lines on the inside', 'seven 6s joined in the middle']"
118,/scratch/gpfs/nb0564/vlm_reasoning/logo_experiment/images/train-158.png,train,7 sided snowflake with a short space and a small square as arms,(lambda (logo_forLoop 7 (lambda (lambda (logo_GETSET (lambda (logo_PT (lambda (logo_FWRT (logo_MULL logo_UL 1) logo_ZA $0)) (logo_forLoop 4 (lambda (lambda (logo_FWRT (logo_MULL logo_UL 1) (logo_DIVA logo_UA 4) $0))) $0))) (logo_FWRT logo_ZL (logo_DIVA logo_UA 7) $0)))) $0)),seven sided snowflake with a short space and a small square as arms,"['seven small squares arranged in a circular shape', 'seven squares in a circle', 'flower square']"
119,/scratch/gpfs/nb0564/vlm_reasoning/logo_experiment/images/train-86.png,train,a medium circle connected by a medium line to a small 5 gon,(lambda (logo_forLoop logo_IFTY (lambda (lambda (logo_FWRT (logo_MULL logo_epsL 2) logo_epsA $0))) (logo_forLoop logo_IFTY (lambda (lambda (logo_FWRT (logo_MULL logo_epsL 2) logo_epsA $0))) (logo_FWRT (logo_MULL logo_UL 2) logo_ZA (logo_forLoop 5 (lambda (lambda (logo_FWRT (logo_MULL logo_UL 1) (logo_DIVA logo_UA 5) $0))) $0))))),a medium circle connected by a medium line to a small pentagon,"['circle with underline connecting pentagon', 'circle line pentagon', 'circle with five shape', 'a medium circle connected by a line to a pentagon']"
120,/scratch/gpfs/nb0564/vlm_reasoning/logo_experiment/images/train-61.png,train,7 sided snowflake with a medium space and a small circle as arms,(lambda (logo_forLoop 7 (lambda (lambda (logo_GETSET (lambda (logo_PT (lambda (logo_FWRT (logo_MULL logo_UL 2) logo_ZA $0)) (logo_forLoop logo_IFTY (lambda (lambda (logo_FWRT (logo_MULL logo_epsL 1) logo_epsA $0))) (logo_forLoop logo_IFTY (lambda (lambda (logo_FWRT (logo_MULL logo_epsL 1) logo_epsA $0))) $0)))) (logo_FWRT logo_ZL (logo_DIVA logo_UA 7) $0)))) $0)),seven sided snowflake with a medium space and a small circle as arms,"['seven circles', 'seven circles', 'a seven sided snowflake with a space and small circles as sides']"
121,/scratch/gpfs/nb0564/vlm_reasoning/logo_experiment/images/train-152.png,train,5 sided snowflake with a short space and a short line and a short space and a small square as arms,(lambda (logo_forLoop 5 (lambda (lambda (logo_GETSET (lambda (logo_PT (lambda (logo_FWRT logo_UL logo_ZA $0)) (logo_FWRT logo_UL logo_ZA (logo_PT (lambda (logo_FWRT logo_UL logo_ZA $0)) (logo_forLoop 4 (lambda (lambda (logo_FWRT (logo_MULL logo_UL 1) (logo_DIVA logo_UA 4) $0))) $0))))) (logo_FWRT logo_ZL (logo_DIVA logo_UA 5) $0)))) $0)),five sided snowflake with a short space and a short line and a short space and a small square as arms,"['a small line then a square in a star formation', 'star with boxes on the ends', 'five lines shooting out from middle squares on the outside']"
122,/scratch/gpfs/nb0564/vlm_reasoning/logo_experiment/images/train-139.png,train,a small 6 gon next to a medium 5 gon,(lambda (logo_forLoop 6 (lambda (lambda (logo_FWRT (logo_MULL logo_UL 1) (logo_DIVA logo_UA 6) $0))) (logo_PT (lambda (logo_FWRT (logo_MULL logo_UL 2) logo_ZA $0)) (logo_forLoop 5 (lambda (lambda (logo_FWRT (logo_MULL logo_UL 2) (logo_DIVA logo_UA 5) $0))) $0)))),a small hexagon next to a medium pentagon,"['a small six sided shape on the left of a larger five sided shape', 'a six sides shape and a five sides shape']"
123,/scratch/gpfs/nb0564/vlm_reasoning/logo_experiment/images/train-35.png,train,8 concentric circle s_copy_0,(lambda (logo_forLoop 9 (lambda (lambda (logo_forLoop logo_IFTY (lambda (lambda (logo_FWRT (logo_MULL logo_epsL $3) logo_epsA $0))) (logo_forLoop logo_IFTY (lambda (lambda (logo_FWRT (logo_MULL logo_epsL $3) logo_epsA $0))) $0)))) $0)),eight concentric circles,"['asas', 'eight circles in each other']"
124,/scratch/gpfs/nb0564/vlm_reasoning/logo_experiment/images/train-106.png,train,6 small 5 gon s in a row_copy_0,(lambda (logo_forLoop 6 (lambda (lambda (logo_GETSET (lambda (logo_forLoop 5 (lambda (lambda (logo_FWRT (logo_MULL logo_UL 1) (logo_DIVA logo_UA 5) $0))) $0)) (logo_PT (lambda (logo_FWRT logo_UL logo_ZA $0)) $0)))) $0)),six small pentagons in a row,"['six overlapping horizontal pentagons', 'six overlapping pentagons in a line', 'six merged pentagon', 'six pentagons in a row']"
125,/scratch/gpfs/nb0564/vlm_reasoning/logo_experiment/images/train-167.png,train,8 sided snowflake with a small square as arms,(lambda (logo_forLoop 8 (lambda (lambda (logo_GETSET (lambda (logo_forLoop 4 (lambda (lambda (logo_FWRT (logo_MULL logo_UL 1) (logo_DIVA logo_UA 4) $0))) $0)) (logo_FWRT logo_ZL (logo_DIVA logo_UA 8) $0)))) $0)),eight sided snowflake with a small square as arms,"['a diamond with eight small lines with a dark center circle and a square', 'two overlapping squares offset four five degrees with lines between their corners', 'eight lined snowflake pattern connecting to a square thats inside of another square wheel figure inside of a diamond inside of a square', 'wheel inside two squares']"
126,/scratch/gpfs/nb0564/vlm_reasoning/logo_experiment/images/train-54.png,train,3 sided snowflake with a short line and a small semicircle as arms,(lambda (logo_forLoop 3 (lambda (lambda (logo_GETSET (lambda (logo_FWRT (logo_MULL logo_UL 1) logo_ZA (logo_forLoop logo_IFTY (lambda (lambda (logo_FWRT (logo_MULL logo_epsL 1) logo_epsA $0))) $0))) (logo_FWRT logo_ZL (logo_DIVA logo_UA 3) $0)))) $0)),three sided snowflake with a short line and a small semicircle as arms,"['a three sided snowflake with a small line and a small semi circle for arms', 'snowflake compsoed of three j like fugures', 'three line wave']"
127,/scratch/gpfs/nb0564/vlm_reasoning/logo_experiment/images/train-180.png,train,5 sided snowflake with a short space and a medium circle as arms,(lambda (logo_forLoop 5 (lambda (lambda (logo_GETSET (lambda (logo_PT (lambda (logo_FWRT (logo_MULL logo_UL 1) logo_ZA $0)) (logo_forLoop logo_IFTY (lambda (lambda (logo_FWRT (logo_MULL logo_epsL 2) logo_epsA $0))) (logo_forLoop logo_IFTY (lambda (lambda (logo_FWRT (logo_MULL logo_epsL 2) logo_epsA $0))) $0)))) (logo_FWRT logo_ZL (logo_DIVA logo_UA 5) $0)))) $0)),five sided snowflake with a short space and a medium circle as arms,"['five small circles arranged in a circle', 'five medium circles touching and looking like a snowflake', 'five sided snowflake with small circles for arms']"
128,/scratch/gpfs/nb0564/vlm_reasoning/logo_experiment/images/train-5.png,train,a medium 5 gon,(lambda (logo_forLoop 5 (lambda (lambda (logo_FWRT (logo_MULL logo_UL 2) (logo_DIVA logo_UA 5) $0))) $0)),a medium pentagon,"['line art', 'pentagon']"
129,/scratch/gpfs/nb0564/vlm_reasoning/logo_experiment/images/train-10.png,train,a small 8 gon,(lambda (logo_forLoop 8 (lambda (lambda (logo_FWRT (logo_MULL logo_UL 1) (logo_DIVA logo_UA 8) $0))) $0)),a small octagon,"['a medium octagon', 'one large octagon in center of page', 'medium octagon']"
130,/scratch/gpfs/nb0564/vlm_reasoning/logo_experiment/images/train-123.png,train,3 sided snowflake with a short line and a small triangle as arms,(lambda (logo_forLoop 3 (lambda (lambda (logo_GETSET (lambda (logo_FWRT (logo_MULL logo_UL 1) logo_ZA (logo_forLoop 3 (lambda (lambda (logo_FWRT (logo_MULL logo_UL 1) (logo_DIVA logo_UA 3) $0))) $0))) (logo_FWRT logo_ZL (logo_DIVA logo_UA 3) $0)))) $0)),three sided snowflake with a short line and a small triangle as arms,"['a wheel of three tiny triangle flags', 'three sided figure with small line and small triangle arms', 'snowflake with three small triangles on the outside attached to straight lines on the inside', 'three triangles connected by three lines']"
131,/scratch/gpfs/nb0564/vlm_reasoning/logo_experiment/images/train-148.png,train,8 sided snowflake with a small 6 gon as arms,(lambda (logo_forLoop 8 (lambda (lambda (logo_GETSET (lambda (logo_forLoop 6 (lambda (lambda (logo_FWRT (logo_MULL logo_UL 1) (logo_DIVA logo_UA 6) $0))) $0)) (logo_FWRT logo_ZL (logo_DIVA logo_UA 8) $0)))) $0)),eight sided snowflake with a small hexagon as arms,"['complex snowflake with solid center of eight lines', 'a snowflake with dark starburst in inside', 'flower star']"
132,/scratch/gpfs/nb0564/vlm_reasoning/logo_experiment/images/train-96.png,train,a small semicircle connected by a big line to a medium semicircle,(lambda (logo_forLoop logo_IFTY (lambda (lambda (logo_FWRT (logo_MULL logo_epsL 1) logo_epsA $0))) (logo_FWRT (logo_MULL logo_UL 5) logo_ZA (logo_forLoop logo_IFTY (lambda (lambda (logo_FWRT (logo_MULL logo_epsL 2) logo_epsA $0))) $0)))),a small semicircle connected by a big line to a medium semicircle,"['hook large end left down', 'a medium left semicircle long line and smaller right semicicrcle', 'like a hook', 'a double sided cane with one small end and one large end']"
133,/scratch/gpfs/nb0564/vlm_reasoning/logo_experiment/images/train-142.png,train,7 sided snowflake with a medium semicircle and a medium circle as arms,(lambda (logo_forLoop 7 (lambda (lambda (logo_GETSET (lambda (logo_PT (lambda (logo_FWRT logo_UL logo_ZA $0)) (logo_forLoop logo_IFTY (lambda (lambda (logo_FWRT (logo_MULL logo_epsL 2) logo_epsA $0))) (logo_PT (lambda (logo_FWRT logo_UL logo_ZA $0)) (logo_forLoop logo_IFTY (lambda (lambda (logo_FWRT (logo_MULL logo_epsL 2) logo_epsA $0))) (logo_forLoop logo_IFTY (lambda (lambda (logo_FWRT (logo_MULL logo_epsL 2) logo_epsA $0))) $0)))))) (logo_FWRT logo_ZL (logo_DIVA logo_UA 7) $0)))) $0)),seven sided snowflake with a medium semicircle and a medium circle as arms,"['seven sided circular fan', 'very complex snowflake with hooks', 'complicated flower that is spinning clockwise seven legs']"
134,/scratch/gpfs/nb0564/vlm_reasoning/logo_experiment/images/train-71.png,train,8 sided snowflake with a small triangle and a medium circle as arms,(lambda (logo_forLoop 8 (lambda (lambda (logo_GETSET (lambda (logo_PT (lambda (logo_FWRT logo_UL logo_ZA $0)) (logo_forLoop 3 (lambda (lambda (logo_FWRT (logo_MULL logo_UL 1) (logo_DIVA logo_UA 3) $0))) (logo_PT (lambda (logo_FWRT logo_UL logo_ZA $0)) (logo_forLoop logo_IFTY (lambda (lambda (logo_FWRT (logo_MULL logo_epsL 2) logo_epsA $0))) (logo_forLoop logo_IFTY (lambda (lambda (logo_FWRT (logo_MULL logo_epsL 2) logo_epsA $0))) $0)))))) (logo_FWRT logo_ZL (logo_DIVA logo_UA 8) $0)))) $0)),eight sided snowflake with a small triangle and a medium circle as arms,"['eight light bulbs', 'ice cream c1s', 'eight sided snowflake with light bulbs as arms']"
135,/scratch/gpfs/nb0564/vlm_reasoning/logo_experiment/images/train-129.png,train,7 concentric circle s,(lambda (logo_forLoop 8 (lambda (lambda (logo_forLoop logo_IFTY (lambda (lambda (logo_FWRT (logo_MULL logo_epsL $3) logo_epsA $0))) (logo_forLoop logo_IFTY (lambda (lambda (logo_FWRT (logo_MULL logo_epsL $3) logo_epsA $0))) $0)))) $0)),seven concentric circles,"['seven circle russian doll', 'a spring']"
136,/scratch/gpfs/nb0564/vlm_reasoning/logo_experiment/images/train-92.png,train,6 medium circle s in a row,(lambda (logo_forLoop 6 (lambda (lambda (logo_GETSET (lambda (logo_forLoop logo_IFTY (lambda (lambda (logo_FWRT (logo_MULL logo_epsL 2) logo_epsA $0))) (logo_forLoop logo_IFTY (lambda (lambda (logo_FWRT (logo_MULL logo_epsL 2) logo_epsA $0))) $0))) (logo_PT (lambda (logo_FWRT logo_UL logo_ZA $0)) $0)))) $0)),six medium circles in a row,"['six connected small circles', 'six circle chain', 'audi but with six rings']"
137,/scratch/gpfs/nb0564/vlm_reasoning/logo_experiment/images/train-146.png,train,a medium semicircle connected by a big line to a medium triangle,(lambda (logo_forLoop logo_IFTY (lambda (lambda (logo_FWRT (logo_MULL logo_epsL 2) logo_epsA $0))) (logo_FWRT (logo_MULL logo_UL 5) logo_ZA (logo_forLoop 3 (lambda (lambda (logo_FWRT (logo_MULL logo_UL 2) (logo_DIVA logo_UA 3) $0))) $0)))),a medium semicircle connected by a big line to a medium triangle,"['hook inverted triangle l hook d right', 'triangle with vertex down then a long line to the right and a semicircle curving down', 'a reversed hanger', 'a cane with a triangle shaped flag on the straight end']"
138,/scratch/gpfs/nb0564/vlm_reasoning/logo_experiment/images/train-75.png,train,5 sided snowflake with a short space and a small 7 gon as arms,(lambda (logo_forLoop 5 (lambda (lambda (logo_GETSET (lambda (logo_PT (lambda (logo_FWRT (logo_MULL logo_UL 1) logo_ZA $0)) (logo_forLoop 7 (lambda (lambda (logo_FWRT (logo_MULL logo_UL 1) (logo_DIVA logo_UA 7) $0))) $0))) (logo_FWRT logo_ZL (logo_DIVA logo_UA 5) $0)))) $0)),five sided snowflake with a short space and a small heptagon as arms,"['foot ballvector', 'five seven sided shapes forming a snowflake']"
139,/scratch/gpfs/nb0564/vlm_reasoning/logo_experiment/images/train-1.png,train,a medium triangle,(lambda (logo_forLoop 3 (lambda (lambda (logo_FWRT (logo_MULL logo_UL 2) (logo_DIVA logo_UA 3) $0))) $0)),a medium triangle,"['triangle', 'triangles', 'a medium triangle']"
140,/scratch/gpfs/nb0564/vlm_reasoning/logo_experiment/images/train-98.png,train,6 sided snowflake with a medium triangle as arms,(lambda (logo_forLoop 6 (lambda (lambda (logo_GETSET (lambda (logo_forLoop 3 (lambda (lambda (logo_FWRT (logo_MULL logo_UL 2) (logo_DIVA logo_UA 3) $0))) $0)) (logo_FWRT logo_ZL (logo_DIVA logo_UA 6) $0)))) $0)),six sided snowflake with a medium triangle as arms,"['hexagon divided into six touching triangles', 'six triangles that make a hexagon', 'hexagon triangle']"
141,/scratch/gpfs/nb0564/vlm_reasoning/logo_experiment/images/train-14.png,train,a small semicircle,(lambda (logo_forLoop logo_IFTY (lambda (lambda (logo_FWRT (logo_MULL logo_epsL 1) logo_epsA $0))) $0)),a small semicircle,"['a small semi circle', 'semicricle', 'one semicircle facing left']"
142,/scratch/gpfs/nb0564/vlm_reasoning/logo_experiment/images/train-127.png,train,5 sided snowflake with a small 9 gon as arms,(lambda (logo_forLoop 5 (lambda (lambda (logo_GETSET (lambda (logo_forLoop 9 (lambda (lambda (logo_FWRT (logo_MULL logo_UL 1) (logo_DIVA logo_UA 9) $0))) $0)) (logo_FWRT logo_ZL (logo_DIVA logo_UA 5) $0)))) $0)),five sided snowflake with a small nonagon as arms,"['snowflake with nine sided gon as arms', 'five flake with nonagon arms', 'snowflake pattern of five lines connecting to nine sided polygon and the lines make up one side of the polygon has a medium three d appearance', 'five overlapping nonagons']"
143,/scratch/gpfs/nb0564/vlm_reasoning/logo_experiment/images/train-163.png,train,5 sided snowflake with a short space and a short line and a short space and a small triangle as arms,(lambda (logo_forLoop 5 (lambda (lambda (logo_GETSET (lambda (logo_PT (lambda (logo_FWRT logo_UL logo_ZA $0)) (logo_FWRT logo_UL logo_ZA (logo_PT (lambda (logo_FWRT logo_UL logo_ZA $0)) (logo_forLoop 3 (lambda (lambda (logo_FWRT (logo_MULL logo_UL 1) (logo_DIVA logo_UA 3) $0))) $0))))) (logo_FWRT logo_ZL (logo_DIVA logo_UA 5) $0)))) $0)),five sided snowflake with a short space and a short line and a short space and a small triangle as arms,"['sunburst of five short lines with five tiny triangles just past the outer ends', 'small space with five small lines outside then five small triangles outside lines', 'snow flake with five small triangles on the outside with five small detached lines on the inside', 'five triangles wiht lines pointing inward']"
144,/scratch/gpfs/nb0564/vlm_reasoning/logo_experiment/images/train-50.png,train,7 sided snowflake with a short space and a short line and a short space and a medium semicircle as arms,(lambda (logo_forLoop 7 (lambda (lambda (logo_GETSET (lambda (logo_PT (lambda (logo_FWRT logo_UL logo_ZA $0)) (logo_FWRT logo_UL logo_ZA (logo_PT (lambda (logo_FWRT logo_UL logo_ZA $0)) (logo_forLoop logo_IFTY (lambda (lambda (logo_FWRT (logo_MULL logo_epsL 2) logo_epsA $0))) $0))))) (logo_FWRT logo_ZL (logo_DIVA logo_UA 7) $0)))) $0)),seven sided snowflake with a short space and a short line and a short space and a medium semicircle as arms,"['seven medium lines inside of seven medium half circles', 'seven half circle g1 curve on the outside with seven short lines in the center around a medium circle', 'seven sided snowflake with floating line and semicircle arms']"
145,/scratch/gpfs/nb0564/vlm_reasoning/logo_experiment/images/train-108.png,train,6 sided snowflake with a small 5 gon and a short line as arms,(lambda (logo_forLoop 6 (lambda (lambda (logo_GETSET (lambda (logo_PT (lambda (logo_FWRT logo_UL logo_ZA $0)) (logo_forLoop 5 (lambda (lambda (logo_FWRT (logo_MULL logo_UL 1) (logo_DIVA logo_UA 5) $0))) (logo_PT (lambda (logo_FWRT logo_UL logo_ZA $0)) (logo_FWRT logo_UL logo_ZA $0))))) (logo_FWRT logo_ZL (logo_DIVA logo_UA 6) $0)))) $0)),six sided snowflake with a small pentagon and a short line as arms,"['six sided snowflake with six lines and pentagons between those lines', 'a pentagon with six arms and small pentagons between the arms', 'flower with hexagons']"
146,/scratch/gpfs/nb0564/vlm_reasoning/logo_experiment/images/train-184.png,train,a small 9 gon separated by a big space from a small circle,(lambda (logo_forLoop 9 (lambda (lambda (logo_FWRT (logo_MULL logo_UL 1) (logo_DIVA logo_UA 9) $0))) (logo_PT (lambda (logo_FWRT (logo_MULL logo_UL 5) logo_ZA $0)) (logo_forLoop logo_IFTY (lambda (lambda (logo_FWRT (logo_MULL logo_epsL 1) logo_epsA $0))) (logo_forLoop logo_IFTY (lambda (lambda (logo_FWRT (logo_MULL logo_epsL 1) logo_epsA $0))) $0))))),a small nonagon separated by a big space from a small circle,"['a large nonagon and a small circle', 'vbog octo small circle', 'nonagon on left with small circle on right not connected']"
147,/scratch/gpfs/nb0564/vlm_reasoning/logo_experiment/images/train-31.png,train,a small 5 gon separated by a big space from a small 9 gon,(lambda (logo_forLoop 5 (lambda (lambda (logo_FWRT (logo_MULL logo_UL 1) (logo_DIVA logo_UA 5) $0))) (logo_PT (lambda (logo_FWRT (logo_MULL logo_UL 5) logo_ZA $0)) (logo_forLoop 9 (lambda (lambda (logo_FWRT (logo_MULL logo_UL 1) (logo_DIVA logo_UA 9) $0))) $0)))),a small pentagon separated by a big space from a small nonagon,"['hexagon and big gon', 'circlegon pentagon', 'a small pentagon and a space and a large nonagon']"
148,/scratch/gpfs/nb0564/vlm_reasoning/logo_experiment/images/train-102.png,train,4 concentric square s_copy_3,(lambda (logo_forLoop 5 (lambda (lambda (logo_GETSET (lambda (logo_forLoop 4 (lambda (lambda (logo_FWRT (logo_MULL logo_UL $4) (logo_DIVA logo_UA 4) $0))) $0)) $0))) $0)),four concentric squares,"['four nested small squares', 'four nested box', 'four squares inside each other wifi symbol']"
149,/scratch/gpfs/nb0564/vlm_reasoning/logo_experiment/images/train-169.png,train,8 sided snowflake with a short space and a medium circle as arms,(lambda (logo_forLoop 8 (lambda (lambda (logo_GETSET (lambda (logo_PT (lambda (logo_FWRT (logo_MULL logo_UL 1) logo_ZA $0)) (logo_forLoop logo_IFTY (lambda (lambda (logo_FWRT (logo_MULL logo_epsL 2) logo_epsA $0))) (logo_forLoop logo_IFTY (lambda (lambda (logo_FWRT (logo_MULL logo_epsL 2) logo_epsA $0))) $0)))) (logo_FWRT logo_ZL (logo_DIVA logo_UA 8) $0)))) $0)),eight sided snowflake with a short space and a medium circle as arms,"['nine looped circles making one giant circle', 'rings of circle']"
150,/scratch/gpfs/nb0564/vlm_reasoning/logo_experiment/images/train-28.png,train,2 concentric circle s,(lambda (logo_forLoop 3 (lambda (lambda (logo_forLoop logo_IFTY (lambda (lambda (logo_FWRT (logo_MULL logo_epsL $3) logo_epsA $0))) (logo_forLoop logo_IFTY (lambda (lambda (logo_FWRT (logo_MULL logo_epsL $3) logo_epsA $0))) $0)))) $0)),two concentric circles,"['three nested circle', 'two small circles nesting', 'circle in circle']"
151,/scratch/gpfs/nb0564/vlm_reasoning/logo_experiment/images/train-170.png,train,6 sided snowflake with a small 7 gon as arms,(lambda (logo_forLoop 6 (lambda (lambda (logo_GETSET (lambda (logo_forLoop 7 (lambda (lambda (logo_FWRT (logo_MULL logo_UL 1) (logo_DIVA logo_UA 7) $0))) $0)) (logo_FWRT logo_ZL (logo_DIVA logo_UA 6) $0)))) $0)),six sided snowflake with a small heptagon as arms,"['six heptagons arranged in a circle', 'six seven sided medium sized gons snowflake with thick five sided small line in a star shaped in the center', 'six sided snowflake made from interlocking heptagons']"
152,/scratch/gpfs/nb0564/vlm_reasoning/logo_experiment/images/train-43.png,train,3 sided snowflake with a short space and a medium square as arms,(lambda (logo_forLoop 3 (lambda (lambda (logo_GETSET (lambda (logo_PT (lambda (logo_FWRT (logo_MULL logo_UL 1) logo_ZA $0)) (logo_forLoop 4 (lambda (lambda (logo_FWRT (logo_MULL logo_UL 2) (logo_DIVA logo_UA 4) $0))) $0))) (logo_FWRT logo_ZL (logo_DIVA logo_UA 3) $0)))) $0)),three sided snowflake with a short space and a medium square as arms,"['three medium squares arranged in a messy triangle', 'three medium squares with small space in the middle', 'three squares that are not in a line', 'three squares in a triangle formation']"
153,/scratch/gpfs/nb0564/vlm_reasoning/logo_experiment/images/train-197.png,train,7 sided snowflake with a medium triangle as arms,(lambda (logo_forLoop 7 (lambda (lambda (logo_GETSET (lambda (logo_forLoop 3 (lambda (lambda (logo_FWRT (logo_MULL logo_UL 2) (logo_DIVA logo_UA 3) $0))) $0)) (logo_FWRT logo_ZL (logo_DIVA logo_UA 7) $0)))) $0)),seven sided snowflake with a medium triangle as arms,"['a seven section pie with seven medium dark lines in between sections', 'heptagon with lines from center to vertices', 'seven lined snowflake design inside of a seven sided polygon looks like a wheel', 'seven spoked wheel']"
154,/scratch/gpfs/nb0564/vlm_reasoning/logo_experiment/images/train-49.png,train,5 small triangle s in a row,(lambda (logo_forLoop 5 (lambda (lambda (logo_GETSET (lambda (logo_forLoop 3 (lambda (lambda (logo_FWRT (logo_MULL logo_UL 1) (logo_DIVA logo_UA 3) $0))) $0)) (logo_PT (lambda (logo_FWRT logo_UL logo_ZA $0)) $0)))) $0)),five small triangles in a row,"['five small triangles in a row', 'a teeth shape object']"
155,/scratch/gpfs/nb0564/vlm_reasoning/logo_experiment/images/train-22.png,train,3 concentric square s,(lambda (logo_forLoop 4 (lambda (lambda (logo_GETSET (lambda (logo_forLoop 4 (lambda (lambda (logo_FWRT (logo_MULL logo_UL $4) (logo_DIVA logo_UA 4) $0))) $0)) $0))) $0)),three concentric squares,"['three nested squares', 'three nested boxes', 'three squares inside wifi symbol']"
156,/scratch/gpfs/nb0564/vlm_reasoning/logo_experiment/images/train-111.png,train,a small circle connected by a big line to a small semicircle,(lambda (logo_forLoop logo_IFTY (lambda (lambda (logo_FWRT (logo_MULL logo_epsL 1) logo_epsA $0))) (logo_forLoop logo_IFTY (lambda (lambda (logo_FWRT (logo_MULL logo_epsL 1) logo_epsA $0))) (logo_FWRT (logo_MULL logo_UL 5) logo_ZA (logo_forLoop logo_IFTY (lambda (lambda (logo_FWRT (logo_MULL logo_epsL 1) logo_epsA $0))) $0))))),a small circle connected by a big line to a small semicircle,"['broken paperclip facing upwards', 'flat broken paperclip', 'a small circle connected at the bottom to a line connected to a small semi circle']"
157,/scratch/gpfs/nb0564/vlm_reasoning/logo_experiment/images/train-81.png,train,8 sided snowflake with a short space and a small semicircle as arms,(lambda (logo_forLoop 8 (lambda (lambda (logo_GETSET (lambda (logo_PT (lambda (logo_FWRT (logo_MULL logo_UL 1) logo_ZA $0)) (logo_forLoop logo_IFTY (lambda (lambda (logo_FWRT (logo_MULL logo_epsL 1) logo_epsA $0))) $0))) (logo_FWRT logo_ZL (logo_DIVA logo_UA 8) $0)))) $0)),eight sided snowflake with a short space and a small semicircle as arms,"['eight rainbows formed a circle', 'half circles', 'an eight sided snowflake with a large space and semi circles as arms']"
158,/scratch/gpfs/nb0564/vlm_reasoning/logo_experiment/images/train-155.png,train,a small 9 gon connected by a big line to a medium square,(lambda (logo_forLoop 9 (lambda (lambda (logo_FWRT (logo_MULL logo_UL 1) (logo_DIVA logo_UA 9) $0))) (logo_FWRT (logo_MULL logo_UL 5) logo_ZA (logo_forLoop 4 (lambda (lambda (logo_FWRT (logo_MULL logo_UL 2) (logo_DIVA logo_UA 4) $0))) $0)))),a small nonagon connected by a big line to a medium square,"['sasas', 'nonagon on left connected to square on right by a line']"
159,/scratch/gpfs/nb0564/vlm_reasoning/logo_experiment/images/train-66.png,train,a small 8 gon next to a medium square,(lambda (logo_forLoop 8 (lambda (lambda (logo_FWRT (logo_MULL logo_UL 1) (logo_DIVA logo_UA 8) $0))) (logo_PT (lambda (logo_FWRT (logo_MULL logo_UL 2) logo_ZA $0)) (logo_forLoop 4 (lambda (lambda (logo_FWRT (logo_MULL logo_UL 2) (logo_DIVA logo_UA 4) $0))) $0)))),a small octagon next to a medium square,"['octagon l square r', 'an octagon and then a square right next to it', 'eight shape nearby square', 'a large octagon next to a large square']"
160,/scratch/gpfs/nb0564/vlm_reasoning/logo_experiment/images/train-134.png,train,6 sided snowflake with a medium semicircle and a small circle as arms,(lambda (logo_forLoop 6 (lambda (lambda (logo_GETSET (lambda (logo_PT (lambda (logo_FWRT logo_UL logo_ZA $0)) (logo_forLoop logo_IFTY (lambda (lambda (logo_FWRT (logo_MULL logo_epsL 2) logo_epsA $0))) (logo_PT (lambda (logo_FWRT logo_UL logo_ZA $0)) (logo_forLoop logo_IFTY (lambda (lambda (logo_FWRT (logo_MULL logo_epsL 1) logo_epsA $0))) (logo_forLoop logo_IFTY (lambda (lambda (logo_FWRT (logo_MULL logo_epsL 1) logo_epsA $0))) $0)))))) (logo_FWRT logo_ZL (logo_DIVA logo_UA 6) $0)))) $0)),six sided snowflake with a medium semicircle and a small circle as arms,"['a six sided snowflake with a space and a circle and a semi circle for arms', 'circle and attached semic ricle snopwgflkake of five sides', 'six eyes']"
161,/scratch/gpfs/nb0564/vlm_reasoning/logo_experiment/images/train-68.png,train,5 sided snowflake with a short line and a small 5 gon as arms,(lambda (logo_forLoop 5 (lambda (lambda (logo_GETSET (lambda (logo_PT (lambda (logo_FWRT logo_UL logo_ZA $0)) (logo_FWRT logo_UL logo_ZA (logo_PT (lambda (logo_FWRT logo_UL logo_ZA $0)) (logo_forLoop 5 (lambda (lambda (logo_FWRT (logo_MULL logo_UL 1) (logo_DIVA logo_UA 5) $0))) $0))))) (logo_FWRT logo_ZL (logo_DIVA logo_UA 5) $0)))) $0)),five sided snowflake with a short line and a small pentagon as arms,"['five sided snowflake with each arm having a line and a pentagon at the end', 'a sun with five pentagons surrounding it', 'hexagon flower']"
162,/scratch/gpfs/nb0564/vlm_reasoning/logo_experiment/images/train-130.png,train,7 sided snowflake with a short space and a short line and a short space and a small 5 gon as arms,(lambda (logo_forLoop 7 (lambda (lambda (logo_GETSET (lambda (logo_PT (lambda (logo_FWRT logo_UL logo_ZA $0)) (logo_FWRT logo_UL logo_ZA (logo_PT (lambda (logo_FWRT logo_UL logo_ZA $0)) (logo_forLoop 5 (lambda (lambda (logo_FWRT (logo_MULL logo_UL 1) (logo_DIVA logo_UA 5) $0))) $0))))) (logo_FWRT logo_ZL (logo_DIVA logo_UA 7) $0)))) $0)),seven sided snowflake with a short space and a short line and a short space and a small pentagon as arms,"['seven small lines inside of seven medium pentagons', 'seven pentagons snowflake with seven short lines inside around a circle shape center', 'seven sided snowflake with floating line and pentagon arms']"
163,/scratch/gpfs/nb0564/vlm_reasoning/logo_experiment/images/train-85.png,train,4 small semicircle s in a row,(lambda (logo_forLoop 4 (lambda (lambda (logo_GETSET (lambda (logo_forLoop logo_IFTY (lambda (lambda (logo_FWRT (logo_MULL logo_epsL 1) logo_epsA $0))) $0)) (logo_PT (lambda (logo_FWRT logo_UL logo_ZA $0)) $0)))) $0)),four small semicircles in a row,"['sd', 'four small half circles in a line facing the left side']"
164,/scratch/gpfs/nb0564/vlm_reasoning/logo_experiment/images/train-151.png,train,5 sided snowflake with a medium semicircle and a small semicircle as arms,(lambda (logo_forLoop 5 (lambda (lambda (logo_GETSET (lambda (logo_PT (lambda (logo_FWRT logo_UL logo_ZA $0)) (logo_forLoop logo_IFTY (lambda (lambda (logo_FWRT (logo_MULL logo_epsL 2) logo_epsA $0))) (logo_PT (lambda (logo_FWRT logo_UL logo_ZA $0)) (logo_forLoop logo_IFTY (lambda (lambda (logo_FWRT (logo_MULL logo_epsL 1) logo_epsA $0))) $0))))) (logo_FWRT logo_ZL (logo_DIVA logo_UA 5) $0)))) $0)),five sided snowflake with a medium semicircle and a small semicircle as arms,"['separated flower', 'interlocking half circles', 'five sided snow flake with five small semi circles and five medium semi circles as arms']"
165,/scratch/gpfs/nb0564/vlm_reasoning/logo_experiment/images/train-62.png,train,3 sided snowflake with a short space and a small triangle as arms,(lambda (logo_forLoop 3 (lambda (lambda (logo_GETSET (lambda (logo_PT (lambda (logo_FWRT (logo_MULL logo_UL 1) logo_ZA $0)) (logo_forLoop 3 (lambda (lambda (logo_FWRT (logo_MULL logo_UL 1) (logo_DIVA logo_UA 3) $0))) $0))) (logo_FWRT logo_ZL (logo_DIVA logo_UA 3) $0)))) $0)),three sided snowflake with a short space and a small triangle as arms,"['three small triangles in no order', 'three triangles spaced', 'three small triangles overall points north west']"
166,/scratch/gpfs/nb0564/vlm_reasoning/logo_experiment/images/train-26.png,train,a medium triangle separated by a big space from a medium triangle,(lambda (logo_forLoop 3 (lambda (lambda (logo_FWRT (logo_MULL logo_UL 2) (logo_DIVA logo_UA 3) $0))) (logo_PT (lambda (logo_FWRT (logo_MULL logo_UL 5) logo_ZA $0)) (logo_forLoop 3 (lambda (lambda (logo_FWRT (logo_MULL logo_UL 2) (logo_DIVA logo_UA 3) $0))) $0)))),a medium triangle separated by a big space from a medium triangle,"['two spaced triangles', 'a triangle medium space and then another triangle', 'two triangles in distance', 'two large triangles']"
167,/scratch/gpfs/nb0564/vlm_reasoning/logo_experiment/images/train-115.png,train,7 sided snowflake with a short space and a medium triangle as arms,(lambda (logo_forLoop 7 (lambda (lambda (logo_GETSET (lambda (logo_PT (lambda (logo_FWRT (logo_MULL logo_UL 1) logo_ZA $0)) (logo_forLoop 3 (lambda (lambda (logo_FWRT (logo_MULL logo_UL 2) (logo_DIVA logo_UA 3) $0))) $0))) (logo_FWRT logo_ZL (logo_DIVA logo_UA 7) $0)))) $0)),seven sided snowflake with a short space and a medium triangle as arms,"['asdsd', 'seven slices forming a circular formation']"
168,/scratch/gpfs/nb0564/vlm_reasoning/logo_experiment/images/train-199.png,train,6 sided snowflake with 2 short line s as arms,(lambda (logo_forLoop 6 (lambda (lambda (logo_GETSET (lambda (logo_PT (lambda (logo_FWRT logo_UL logo_ZA $0)) (logo_FWRT logo_UL logo_ZA (logo_PT (lambda (logo_FWRT logo_UL logo_ZA $0)) (logo_FWRT logo_UL logo_ZA $0))))) (logo_FWRT logo_ZL (logo_DIVA logo_UA 6) $0)))) $0)),six sided snowflake with two short lines as arms,"['a large disconnected five sided star with disconnected lines and an invisible circle in the middle', 'art clip']"
169,/scratch/gpfs/nb0564/vlm_reasoning/logo_experiment/images/train-174.png,train,3 sided snowflake with a medium line and a medium 5 gon as arms,(lambda (logo_forLoop 3 (lambda (lambda (logo_GETSET (lambda (logo_FWRT (logo_MULL logo_UL 2) logo_ZA (logo_forLoop 5 (lambda (lambda (logo_FWRT (logo_MULL logo_UL 2) (logo_DIVA logo_UA 5) $0))) $0))) (logo_FWRT logo_ZL (logo_DIVA logo_UA 3) $0)))) $0)),three sided snowflake with a medium line and a medium pentagon as arms,"['a three sided snowflake with straight lines and pentagons for arms', 'snowflake composed of three five sided gons ande radiant connecte d lines', 'three pentagon wheel']"
170,/scratch/gpfs/nb0564/vlm_reasoning/logo_experiment/images/train-47.png,train,a small 5 gon next to a small 7 gon,(lambda (logo_forLoop 5 (lambda (lambda (logo_FWRT (logo_MULL logo_UL 1) (logo_DIVA logo_UA 5) $0))) (logo_PT (lambda (logo_FWRT (logo_MULL logo_UL 2) logo_ZA $0)) (logo_forLoop 7 (lambda (lambda (logo_FWRT (logo_MULL logo_UL 1) (logo_DIVA logo_UA 7) $0))) $0)))),a small pentagon next to a small heptagon,"['a five sided gon beside a seven sided gon', 'small pentagon next to med heptagon', 'smallmedium pentagon connected on leftto seven sided polygon they are touching at one point', 'pentagon next to heptagon']"
171,/scratch/gpfs/nb0564/vlm_reasoning/logo_experiment/images/train-193.png,train,3 sided snowflake with a short space and a medium triangle as arms,(lambda (logo_forLoop 3 (lambda (lambda (logo_GETSET (lambda (logo_PT (lambda (logo_FWRT (logo_MULL logo_UL 1) logo_ZA $0)) (logo_forLoop 3 (lambda (lambda (logo_FWRT (logo_MULL logo_UL 2) (logo_DIVA logo_UA 3) $0))) $0))) (logo_FWRT logo_ZL (logo_DIVA logo_UA 3) $0)))) $0)),three sided snowflake with a short space and a medium triangle as arms,"['three medium triangles arranged in a messy triangle', 'small space in between three medium triangles', 'three triangles that are not aligned or attached together', 'three triangles spread apart']"
172,/scratch/gpfs/nb0564/vlm_reasoning/logo_experiment/images/train-6.png,train,a small 6 gon,(lambda (logo_forLoop 6 (lambda (lambda (logo_FWRT (logo_MULL logo_UL 1) (logo_DIVA logo_UA 6) $0))) $0)),a small hexagon,"['hexagon', 'small hexagon', 'hexagon', 'medium hexagon']"
173,/scratch/gpfs/nb0564/vlm_reasoning/logo_experiment/images/train-78.png,train,7 sided snowflake with a short line and a small 5 gon as arms,(lambda (logo_forLoop 7 (lambda (lambda (logo_GETSET (lambda (logo_FWRT (logo_MULL logo_UL 1) logo_ZA (logo_forLoop 5 (lambda (lambda (logo_FWRT (logo_MULL logo_UL 1) (logo_DIVA logo_UA 5) $0))) $0))) (logo_FWRT logo_ZL (logo_DIVA logo_UA 7) $0)))) $0)),seven sided snowflake with a short line and a small pentagon as arms,"['seven sided snowflake with pentagons touching each other like a flower', 'seven small triangles surrounded by multiple pentagons', 'flower triangle hex']"
174,/scratch/gpfs/nb0564/vlm_reasoning/logo_experiment/images/train-120.png,train,5 sided snowflake with a short line and a medium triangle as arms,(lambda (logo_forLoop 5 (lambda (lambda (logo_GETSET (lambda (logo_FWRT (logo_MULL logo_UL 1) logo_ZA (logo_forLoop 3 (lambda (lambda (logo_FWRT (logo_MULL logo_UL 2) (logo_DIVA logo_UA 3) $0))) $0))) (logo_FWRT logo_ZL (logo_DIVA logo_UA 5) $0)))) $0)),five sided snowflake with a short line and a medium triangle as arms,"['snowflake with five triangles connected to an axis', 'five medium triangles snowflake on underside outer edge of five medium lines in a star shape', 'five sided snowflake with connected line and triangle arms']"
175,/scratch/gpfs/nb0564/vlm_reasoning/logo_experiment/images/train-13.png,train,a medium 9 gon,(lambda (logo_forLoop 9 (lambda (lambda (logo_FWRT (logo_MULL logo_UL 2) (logo_DIVA logo_UA 9) $0))) $0)),a medium nonagon,"['a large nonagon', 'nonagon very large', 'a large nonagon', 'a large nonagon']"
176,/scratch/gpfs/nb0564/vlm_reasoning/logo_experiment/images/train-95.png,train,5 sided snowflake with a small 5 gon and a small circle as arms,(lambda (logo_forLoop 5 (lambda (lambda (logo_GETSET (lambda (logo_PT (lambda (logo_FWRT logo_UL logo_ZA $0)) (logo_forLoop 5 (lambda (lambda (logo_FWRT (logo_MULL logo_UL 1) (logo_DIVA logo_UA 5) $0))) (logo_PT (lambda (logo_FWRT logo_UL logo_ZA $0)) (logo_forLoop logo_IFTY (lambda (lambda (logo_FWRT (logo_MULL logo_epsL 1) logo_epsA $0))) (logo_forLoop logo_IFTY (lambda (lambda (logo_FWRT (logo_MULL logo_epsL 1) logo_epsA $0))) $0)))))) (logo_FWRT logo_ZL (logo_DIVA logo_UA 5) $0)))) $0)),five sided snowflake with a small pentagon and a small circle as arms,"['dsd', 'five pentagons forming a snowflake a small circle intersects each of the pentagons on one of the sides']"
177,/scratch/gpfs/nb0564/vlm_reasoning/logo_experiment/images/train-19.png,train,a big circle,(lambda (logo_forLoop logo_IFTY (lambda (lambda (logo_FWRT (logo_MULL logo_epsL 5) logo_epsA $0))) (logo_forLoop logo_IFTY (lambda (lambda (logo_FWRT (logo_MULL logo_epsL 5) logo_epsA $0))) $0))),a big circle,"['just a circle', 'a round circle']"
178,/scratch/gpfs/nb0564/vlm_reasoning/logo_experiment/images/train-72.png,train,4 small circle s in a row,(lambda (logo_forLoop 4 (lambda (lambda (logo_GETSET (lambda (logo_forLoop logo_IFTY (lambda (lambda (logo_FWRT (logo_MULL logo_epsL 1) logo_epsA $0))) (logo_forLoop logo_IFTY (lambda (lambda (logo_FWRT (logo_MULL logo_epsL 1) logo_epsA $0))) $0))) (logo_PT (lambda (logo_FWRT logo_UL logo_ZA $0)) $0)))) $0)),four small circles in a row,"['four small circles in a row', 'four circles spaced', 'audi but not overlapping small circles small spaces between']"
179,/scratch/gpfs/nb0564/vlm_reasoning/logo_experiment/images/train-141.png,train,8 sided snowflake with a short line and a medium circle as arms,(lambda (logo_forLoop 8 (lambda (lambda (logo_GETSET (lambda (logo_FWRT (logo_MULL logo_UL 1) logo_ZA (logo_forLoop logo_IFTY (lambda (lambda (logo_FWRT (logo_MULL logo_epsL 2) logo_epsA $0))) (logo_forLoop logo_IFTY (lambda (lambda (logo_FWRT (logo_MULL logo_epsL 2) logo_epsA $0))) $0)))) (logo_FWRT logo_ZL (logo_DIVA logo_UA 8) $0)))) $0)),eight sided snowflake with a short line and a medium circle as arms,"['flower', 'circles made of circles', 'an eight sided snowflake with a black center and eight overlapping circles as arms']"
180,/scratch/gpfs/nb0564/vlm_reasoning/logo_experiment/images/train-105.png,train,6 sided snowflake with a short line and a small semicircle as arms,(lambda (logo_forLoop 6 (lambda (lambda (logo_GETSET (lambda (logo_FWRT (logo_MULL logo_UL 1) logo_ZA (logo_forLoop logo_IFTY (lambda (lambda (logo_FWRT (logo_MULL logo_epsL 1) logo_epsA $0))) $0))) (logo_FWRT logo_ZL (logo_DIVA logo_UA 6) $0)))) $0)),six sided snowflake with a short line and a small semicircle as arms,"['line art', 'six candy cane pinwheel']"
181,/scratch/gpfs/nb0564/vlm_reasoning/logo_experiment/images/train-36.png,train,3 sided snowflake with a small 8 gon as arms,(lambda (logo_forLoop 3 (lambda (lambda (logo_GETSET (lambda (logo_forLoop 8 (lambda (lambda (logo_FWRT (logo_MULL logo_UL 1) (logo_DIVA logo_UA 8) $0))) $0)) (logo_FWRT logo_ZL (logo_DIVA logo_UA 3) $0)))) $0)),three sided snowflake with a small octagon as arms,"['three slightly overlapping octagons', 'three octagons forming a clover shape', 'three merged eight shapes', 'three octagons connected at one point']"
182,/scratch/gpfs/nb0564/vlm_reasoning/logo_experiment/images/train-189.png,train,4 concentric square s_copy_2,(lambda (logo_forLoop 5 (lambda (lambda (logo_GETSET (lambda (logo_forLoop 4 (lambda (lambda (logo_FWRT (logo_MULL logo_UL $4) (logo_DIVA logo_UA 4) $0))) $0)) $0))) $0)),four concentric squares,"['russian doll square', 'art clip']"
183,/scratch/gpfs/nb0564/vlm_reasoning/logo_experiment/images/train-57.png,train,8 sided snowflake with a small 7 gon as arms,(lambda (logo_forLoop 8 (lambda (lambda (logo_GETSET (lambda (logo_forLoop 7 (lambda (lambda (logo_FWRT (logo_MULL logo_UL 1) (logo_DIVA logo_UA 7) $0))) $0)) (logo_FWRT logo_ZL (logo_DIVA logo_UA 8) $0)))) $0)),eight sided snowflake with a small heptagon as arms,"['a snowflake with seven sided gon and eight arms', 'eight flake with med heptagon arms overlapping like flower', 'snowflake pattern eight lines in center connected to six sided polygon creating a three d ball illusion', 'flower made up of heptagons']"
184,/scratch/gpfs/nb0564/vlm_reasoning/logo_experiment/images/train-164.png,train,4 short line s in a row,(lambda (logo_forLoop 4 (lambda (lambda (logo_GETSET (lambda (logo_FWRT logo_UL logo_ZA $0)) (logo_PT (lambda (logo_FWRT logo_UL logo_ZA $0)) $0)))) $0)),four short lines in a row,"['a medium horizontal line', 'medium straihght loine', 'shorter line horizontal']"
185,/scratch/gpfs/nb0564/vlm_reasoning/logo_experiment/images/train-183.png,train,7 sided snowflake with a medium square as arms,(lambda (logo_forLoop 7 (lambda (lambda (logo_GETSET (lambda (logo_forLoop 4 (lambda (lambda (logo_FWRT (logo_MULL logo_UL 2) (logo_DIVA logo_UA 4) $0))) $0)) (logo_FWRT logo_ZL (logo_DIVA logo_UA 7) $0)))) $0)),seven sided snowflake with a medium square as arms,"['a seven pizza petal flower on a seven point napkin', 'small black circle with seven squares connected to ti with large square around it with large pentagon underneath flower', 'overlapping squares with seven triangles in the middle', 'a flower with seven petals on top of two squares']"
186,/scratch/gpfs/nb0564/vlm_reasoning/logo_experiment/images/train-38.png,train,6 sided snowflake with a short space and a small 7 gon as arms,(lambda (logo_forLoop 6 (lambda (lambda (logo_GETSET (lambda (logo_PT (lambda (logo_FWRT (logo_MULL logo_UL 1) logo_ZA $0)) (logo_forLoop 7 (lambda (lambda (logo_FWRT (logo_MULL logo_UL 1) (logo_DIVA logo_UA 7) $0))) $0))) (logo_FWRT logo_ZL (logo_DIVA logo_UA 6) $0)))) $0)),six sided snowflake with a short space and a small heptagon as arms,"['six sided snowflake with heptagon at end of each arm', 'small pentagon surrounded by six heptagons', 'many octagon flower']"
187,/scratch/gpfs/nb0564/vlm_reasoning/logo_experiment/images/train-53.png,train,a small 9 gon connected by a medium line to a small 7 gon,(lambda (logo_forLoop 9 (lambda (lambda (logo_FWRT (logo_MULL logo_UL 1) (logo_DIVA logo_UA 9) $0))) (logo_FWRT (logo_MULL logo_UL 2) logo_ZA (logo_forLoop 7 (lambda (lambda (logo_FWRT (logo_MULL logo_UL 1) (logo_DIVA logo_UA 7) $0))) $0)))),a small nonagon connected by a medium line to a small heptagon,"['a medium nonagon connected to and overlapping a small heptagon', 'medium octagon connected to small octagon by small line', 'a nine sided gon that is attached by a line on the bottom to a smaller seven sided gon that overlaps the tow gons', 'a nonagon overlapping a heptagon with a line on the bottom']"
188,/scratch/gpfs/nb0564/vlm_reasoning/logo_experiment/images/train-160.png,train,3 medium semicircle s in a row,(lambda (logo_forLoop 3 (lambda (lambda (logo_GETSET (lambda (logo_forLoop logo_IFTY (lambda (lambda (logo_FWRT (logo_MULL logo_epsL 2) logo_epsA $0))) $0)) (logo_PT (lambda (logo_FWRT logo_UL logo_ZA $0)) $0)))) $0)),three medium semicircles in a row,"['three medium half circles', 'three medium half circles in a horizontal side by side row curve on the right', 'three medium semicircles in a row']"
189,/scratch/gpfs/nb0564/vlm_reasoning/logo_experiment/images/train-187.png,train,a small triangle connected by a big line to a medium triangle,(lambda (logo_forLoop 3 (lambda (lambda (logo_FWRT (logo_MULL logo_UL 1) (logo_DIVA logo_UA 3) $0))) (logo_FWRT (logo_MULL logo_UL 5) logo_ZA (logo_forLoop 3 (lambda (lambda (logo_FWRT (logo_MULL logo_UL 2) (logo_DIVA logo_UA 3) $0))) $0)))),a small triangle connected by a big line to a medium triangle,"['a small triangle with a long line and a medium triangle', 'small triangle connected to med triangle with line', 'small triangle connected to a larger large triangle by a large line', 'small triangle connected to a larger triangle by a line']"
190,/scratch/gpfs/nb0564/vlm_reasoning/logo_experiment/images/train-59.png,train,a medium circle connected by a big line to a medium circle,(lambda (logo_forLoop logo_IFTY (lambda (lambda (logo_FWRT (logo_MULL logo_epsL 2) logo_epsA $0))) (logo_forLoop logo_IFTY (lambda (lambda (logo_FWRT (logo_MULL logo_epsL 2) logo_epsA $0))) (logo_FWRT (logo_MULL logo_UL 5) logo_ZA (logo_forLoop logo_IFTY (lambda (lambda (logo_FWRT (logo_MULL logo_epsL 2) logo_epsA $0))) (logo_forLoop logo_IFTY (lambda (lambda (logo_FWRT (logo_MULL logo_epsL 2) logo_epsA $0))) $0)))))),a medium circle connected by a big line to a medium circle,"['one circle on each end of a long line making a face', 'pin']"
191,/scratch/gpfs/nb0564/vlm_reasoning/logo_experiment/images/train-101.png,train,4 concentric square s_copy_5,(lambda (logo_forLoop 5 (lambda (lambda (logo_GETSET (lambda (logo_forLoop 4 (lambda (lambda (logo_FWRT (logo_MULL logo_UL $4) (logo_DIVA logo_UA 4) $0))) $0)) $0))) $0)),four concentric squares,"['nested square', 'square of squares', 'four nested squares']"
192,/scratch/gpfs/nb0564/vlm_reasoning/logo_experiment/images/train-32.png,train,8 sided snowflake with a medium triangle as arms,(lambda (logo_forLoop 8 (lambda (lambda (logo_GETSET (lambda (logo_forLoop 3 (lambda (lambda (logo_FWRT (logo_MULL logo_UL 2) (logo_DIVA logo_UA 3) $0))) $0)) (logo_FWRT logo_ZL (logo_DIVA logo_UA 8) $0)))) $0)),eight sided snowflake with a medium triangle as arms,"['a pinwheel with eight skinny triangles', 'hexagon snowflake', 'buddhism wheel']"
193,/scratch/gpfs/nb0564/vlm_reasoning/logo_experiment/images/train-8.png,train,a small 7 gon,(lambda (logo_forLoop 7 (lambda (lambda (logo_FWRT (logo_MULL logo_UL 1) (logo_DIVA logo_UA 7) $0))) $0)),a small heptagon,"['heptagon', 'medium heptagon', 'hectagon by itself']"
194,/scratch/gpfs/nb0564/vlm_reasoning/logo_experiment/images/train-91.png,train,8 sided snowflake with a short space and a short line and a short space and a small square as arms,(lambda (logo_forLoop 8 (lambda (lambda (logo_GETSET (lambda (logo_PT (lambda (logo_FWRT logo_UL logo_ZA $0)) (logo_FWRT logo_UL logo_ZA (logo_PT (lambda (logo_FWRT logo_UL logo_ZA $0)) (logo_forLoop 4 (lambda (lambda (logo_FWRT (logo_MULL logo_UL 1) (logo_DIVA logo_UA 4) $0))) $0))))) (logo_FWRT logo_ZL (logo_DIVA logo_UA 8) $0)))) $0)),eight sided snowflake with a short space and a short line and a short space and a small square as arms,"['sun with eight squares', 'eight squares with eight lines', 'eight sided snowflake with eight lines a space and eight squares as arms']"
195,/scratch/gpfs/nb0564/vlm_reasoning/logo_experiment/images/train-76.png,train,3 sided snowflake with a short space and a small 7 gon as arms,(lambda (logo_forLoop 3 (lambda (lambda (logo_GETSET (lambda (logo_PT (lambda (logo_FWRT (logo_MULL logo_UL 1) logo_ZA $0)) (logo_forLoop 7 (lambda (lambda (logo_FWRT (logo_MULL logo_UL 1) (logo_DIVA logo_UA 7) $0))) $0))) (logo_FWRT logo_ZL (logo_DIVA logo_UA 3) $0)))) $0)),three sided snowflake with a short space and a small heptagon as arms,"['three heptagons not touch inverted triangle', 'three medium hexagons forming triangle', 'three rounded seven shapes', 'three large heptagons']"
196,/scratch/gpfs/nb0564/vlm_reasoning/logo_experiment/images/train-145.png,train,8 sided snowflake with a small circle and a medium circle as arms,(lambda (logo_forLoop 8 (lambda (lambda (logo_GETSET (lambda (logo_PT (lambda (logo_FWRT logo_UL logo_ZA $0)) (logo_forLoop logo_IFTY (lambda (lambda (logo_FWRT (logo_MULL logo_epsL 1) logo_epsA $0))) (logo_forLoop logo_IFTY (lambda (lambda (logo_FWRT (logo_MULL logo_epsL 1) logo_epsA $0))) (logo_PT (lambda (logo_FWRT logo_UL logo_ZA $0)) (logo_forLoop logo_IFTY (lambda (lambda (logo_FWRT (logo_MULL logo_epsL 2) logo_epsA $0))) (logo_forLoop logo_IFTY (lambda (lambda (logo_FWRT (logo_MULL logo_epsL 2) logo_epsA $0))) $0))))))) (logo_FWRT logo_ZL (logo_DIVA logo_UA 8) $0)))) $0)),eight sided snowflake with a small circle and a medium circle as arms,"['dasdas', 'eight small circles encased by eight larger circles']"
197,/scratch/gpfs/nb0564/vlm_reasoning/logo_experiment/images/train-2.png,train,a small square,(lambda (logo_forLoop 4 (lambda (lambda (logo_FWRT (logo_MULL logo_UL 1) (logo_DIVA logo_UA 4) $0))) $0)),a small square,"['a small square', 'small square', 'small square']"
198,/scratch/gpfs/nb0564/vlm_reasoning/logo_experiment/images/train-124.png,train,5 sided snowflake with a short space and a short line and a short space and a small semicircle as arms,(lambda (logo_forLoop 5 (lambda (lambda (logo_GETSET (lambda (logo_PT (lambda (logo_FWRT logo_UL logo_ZA $0)) (logo_FWRT logo_UL logo_ZA (logo_PT (lambda (logo_FWRT logo_UL logo_ZA $0)) (logo_forLoop logo_IFTY (lambda (lambda (logo_FWRT (logo_MULL logo_epsL 1) logo_epsA $0))) $0))))) (logo_FWRT logo_ZL (logo_DIVA logo_UA 5) $0)))) $0)),five sided snowflake with a short space and a short line and a short space and a small semicircle as arms,"['a five sided snowflake with a space a line a space and semicircles as arms', 'five semi circles five rafiant lnes', 'five lines with semicricles at the top']"
199,/scratch/gpfs/nb0564/vlm_reasoning/logo_experiment/images/train-17.png,train,a medium circle,(lambda (logo_forLoop logo_IFTY (lambda (lambda (logo_FWRT (logo_MULL logo_epsL 2) logo_epsA $0))) (logo_forLoop logo_IFTY (lambda (lambda (logo_FWRT (logo_MULL logo_epsL 2) logo_epsA $0))) $0))),a medium circle,"['medium circle', 'med circle', 'smallmedium circle', 'small circle']"
200,/scratch/gpfs/nb0564/vlm_reasoning/logo_experiment/images/test-110.png,test,6 sided snowflake with a small 5 gon and a small square as arms,(lambda (logo_forLoop 6 (lambda (lambda (logo_GETSET (lambda (logo_PT (lambda (logo_FWRT logo_UL logo_ZA $0)) (logo_forLoop 5 (lambda (lambda (logo_FWRT (logo_MULL logo_UL 1) (logo_DIVA logo_UA 5) $0))) (logo_PT (lambda (logo_FWRT logo_UL logo_ZA $0)) (logo_forLoop 4 (lambda (lambda (logo_FWRT (logo_MULL logo_UL 1) (logo_DIVA logo_UA 4) $0))) $0))))) (logo_FWRT logo_ZL (logo_DIVA logo_UA 6) $0)))) $0)),six sided snowflake with a small pentagon and a small square as arms,"['six pentagons with squares attached', 'six medium hexagons snowflake with small squares ont eh top right of each gon at the outer side', 'six sided snowflake with arms of touching pentagons and small squares']"
201,/scratch/gpfs/nb0564/vlm_reasoning/logo_experiment/images/test-23.png,test,a medium square next to a medium triangle,(lambda (logo_forLoop 4 (lambda (lambda (logo_FWRT (logo_MULL logo_UL 2) (logo_DIVA logo_UA 4) $0))) (logo_PT (lambda (logo_FWRT (logo_MULL logo_UL 2) logo_ZA $0)) (logo_forLoop 3 (lambda (lambda (logo_FWRT (logo_MULL logo_UL 2) (logo_DIVA logo_UA 3) $0))) $0)))),a medium square next to a medium triangle,"['a medium square touching a medium triangle', 'medium square connected to medium triangle', 'a slightly larger square attached to a triangle', 'a square and triangle touching']"
202,/scratch/gpfs/nb0564/vlm_reasoning/logo_experiment/images/test-48.png,test,3 small circle s in a row,(lambda (logo_forLoop 3 (lambda (lambda (logo_GETSET (lambda (logo_forLoop logo_IFTY (lambda (lambda (logo_FWRT (logo_MULL logo_epsL 1) logo_epsA $0))) (logo_forLoop logo_IFTY (lambda (lambda (logo_FWRT (logo_MULL logo_epsL 1) logo_epsA $0))) $0))) (logo_PT (lambda (logo_FWRT logo_UL logo_ZA $0)) $0)))) $0)),three small circles in a row,"['three small circles lined up in a line', 'three small circles', 'three circles']"
203,/scratch/gpfs/nb0564/vlm_reasoning/logo_experiment/images/test-42.png,test,3 small semicircle s in a row,(lambda (logo_forLoop 3 (lambda (lambda (logo_GETSET (lambda (logo_forLoop logo_IFTY (lambda (lambda (logo_FWRT (logo_MULL logo_epsL 1) logo_epsA $0))) $0)) (logo_PT (lambda (logo_FWRT logo_UL logo_ZA $0)) $0)))) $0)),three small semicircles in a row,"['three small half circles', 'three semi circles spaced', 'three commas facing right']"
204,/scratch/gpfs/nb0564/vlm_reasoning/logo_experiment/images/test-29.png,test,a short line connected by a big line to a medium semicircle,(lambda (logo_FWRT logo_UL logo_ZA (logo_FWRT (logo_MULL logo_UL 5) logo_ZA (logo_forLoop logo_IFTY (lambda (lambda (logo_FWRT (logo_MULL logo_epsL 2) logo_epsA $0))) $0)))),a short line connected by a big line to a medium semicircle,"['candy cane laying on its side sticking up', 'hook shape']"
205,/scratch/gpfs/nb0564/vlm_reasoning/logo_experiment/images/test-67.png,test,6 sided snowflake with a medium line and a small 9 gon as arms,(lambda (logo_forLoop 6 (lambda (lambda (logo_GETSET (lambda (logo_FWRT (logo_MULL logo_UL 2) logo_ZA (logo_forLoop 9 (lambda (lambda (logo_FWRT (logo_MULL logo_UL 1) (logo_DIVA logo_UA 9) $0))) $0))) (logo_FWRT logo_ZL (logo_DIVA logo_UA 6) $0)))) $0)),six sided snowflake with a medium line and a small nonagon as arms,"['snowflake with nine sided gon star shape with six medium lines and six arms', 'six flake with nonagon arms connect via line', 'six lined snowflake pattern connecting to nine sided polygon', 'wheel made up of six arms of nonagons']"
206,/scratch/gpfs/nb0564/vlm_reasoning/logo_experiment/images/test-80.png,test,8 sided snowflake with a short space and a small 8 gon as arms,(lambda (logo_forLoop 8 (lambda (lambda (logo_GETSET (lambda (logo_PT (lambda (logo_FWRT (logo_MULL logo_UL 1) logo_ZA $0)) (logo_forLoop 8 (lambda (lambda (logo_FWRT (logo_MULL logo_UL 1) (logo_DIVA logo_UA 8) $0))) $0))) (logo_FWRT logo_ZL (logo_DIVA logo_UA 8) $0)))) $0)),eight sided snowflake with a short space and a small octagon as arms,"['eight octagons arranged in a circle', 'eight octagons overlapping with small octagon in the center touching all the others', 'eight sided snowflake with overlapping octagon arms']"
207,/scratch/gpfs/nb0564/vlm_reasoning/logo_experiment/images/test-63.png,test,6 sided snowflake with a short line and a medium semicircle as arms,(lambda (logo_forLoop 6 (lambda (lambda (logo_GETSET (lambda (logo_FWRT (logo_MULL logo_UL 1) logo_ZA (logo_forLoop logo_IFTY (lambda (lambda (logo_FWRT (logo_MULL logo_epsL 2) logo_epsA $0))) $0))) (logo_FWRT logo_ZL (logo_DIVA logo_UA 6) $0)))) $0)),six sided snowflake with a short line and a medium semicircle as arms,"['a wheel of three backwards shapes', 'very small black circle connected to six medium curve sun arms', 'a snow flake with six curvy lines slightly larger than the other one', 'six js connected at the center']"
208,/scratch/gpfs/nb0564/vlm_reasoning/logo_experiment/images/test-84.png,test,8 sided snowflake with a short space and a small square as arms,(lambda (logo_forLoop 8 (lambda (lambda (logo_GETSET (lambda (logo_PT (lambda (logo_FWRT (logo_MULL logo_UL 1) logo_ZA $0)) (logo_forLoop 4 (lambda (lambda (logo_FWRT (logo_MULL logo_UL 1) (logo_DIVA logo_UA 4) $0))) $0))) (logo_FWRT logo_ZL (logo_DIVA logo_UA 8) $0)))) $0)),eight sided snowflake with a short space and a small square as arms,"['an eight sided snowflake with a space and squares for arms', 'eight ssnowflake compsed of sqyuares', 'eight square wheel no lines']"
209,/scratch/gpfs/nb0564/vlm_reasoning/logo_experiment/images/test-69.png,test,6 sided snowflake with a medium line and a small circle as arms,(lambda (logo_forLoop 6 (lambda (lambda (logo_GETSET (lambda (logo_FWRT (logo_MULL logo_UL 2) logo_ZA (logo_forLoop logo_IFTY (lambda (lambda (logo_FWRT (logo_MULL logo_epsL 1) logo_epsA $0))) (logo_forLoop logo_IFTY (lambda (lambda (logo_FWRT (logo_MULL logo_epsL 1) logo_epsA $0))) $0)))) (logo_FWRT logo_ZL (logo_DIVA logo_UA 6) $0)))) $0)),six sided snowflake with a medium line and a small circle as arms,"['three long lines on top of each other making a six sided star with hollow circles on each end', 'pin circle']"
210,/scratch/gpfs/nb0564/vlm_reasoning/logo_experiment/images/test-46.png,test,5 small 5 gon s in a row,(lambda (logo_forLoop 5 (lambda (lambda (logo_GETSET (lambda (logo_forLoop 5 (lambda (lambda (logo_FWRT (logo_MULL logo_UL 1) (logo_DIVA logo_UA 5) $0))) $0)) (logo_PT (lambda (logo_FWRT logo_UL logo_ZA $0)) $0)))) $0)),five small pentagons in a row,"['five overlapping pentagons', 'five overlapping pentagons in a row', 'five merged pentagon', 'five pentagons in a row']"
211,/scratch/gpfs/nb0564/vlm_reasoning/logo_experiment/images/test-27.png,test,a small triangle connected by a medium line to a small 8 gon,(lambda (logo_forLoop 3 (lambda (lambda (logo_FWRT (logo_MULL logo_UL 1) (logo_DIVA logo_UA 3) $0))) (logo_FWRT (logo_MULL logo_UL 2) logo_ZA (logo_forLoop 8 (lambda (lambda (logo_FWRT (logo_MULL logo_UL 1) (logo_DIVA logo_UA 8) $0))) $0)))),a small triangle connected by a medium line to a small octagon,"['small triangle small line eight sided gon', 'med hexagon and small triangle connect by line', 'small triangle connected on left to medium eight sided polygon by a short distance line', 'small triangle next to octagon connected by small line']"
212,/scratch/gpfs/nb0564/vlm_reasoning/logo_experiment/images/test-73.png,test,8 sided snowflake with a short line and a medium triangle as arms,(lambda (logo_forLoop 8 (lambda (lambda (logo_GETSET (lambda (logo_FWRT (logo_MULL logo_UL 1) logo_ZA (logo_forLoop 3 (lambda (lambda (logo_FWRT (logo_MULL logo_UL 2) (logo_DIVA logo_UA 3) $0))) $0))) (logo_FWRT logo_ZL (logo_DIVA logo_UA 8) $0)))) $0)),eight sided snowflake with a short line and a medium triangle as arms,"['a wheel of eight medium triangle flags', 'very small circle in middle connected to eight medium lines which connect to eight medium triangles', 'snowflake with eight medium sized triangles attached to eight connected lines on the inside', 'eight triangles with lines going to the center']"
213,/scratch/gpfs/nb0564/vlm_reasoning/logo_experiment/images/test-18.png,test,a medium circle next to a small 9 gon,(lambda (logo_forLoop logo_IFTY (lambda (lambda (logo_FWRT (logo_MULL logo_epsL 2) logo_epsA $0))) (logo_forLoop logo_IFTY (lambda (lambda (logo_FWRT (logo_MULL logo_epsL 2) logo_epsA $0))) (logo_PT (lambda (logo_FWRT (logo_MULL logo_UL 2) logo_ZA $0)) (logo_forLoop 9 (lambda (lambda (logo_FWRT (logo_MULL logo_UL 1) (logo_DIVA logo_UA 9) $0))) $0))))),a medium circle next to a small nonagon,"['small circle next to a larger nonagon', 'a small circle next to a large nonagon', 'octagon circle']"
214,/scratch/gpfs/nb0564/vlm_reasoning/logo_experiment/images/test-94.png,test,3 sided snowflake with a short space and a short line and a short space and a small circle as arms,(lambda (logo_forLoop 3 (lambda (lambda (logo_GETSET (lambda (logo_PT (lambda (logo_FWRT logo_UL logo_ZA $0)) (logo_FWRT logo_UL logo_ZA (logo_PT (lambda (logo_FWRT logo_UL logo_ZA $0)) (logo_forLoop logo_IFTY (lambda (lambda (logo_FWRT (logo_MULL logo_epsL 1) logo_epsA $0))) (logo_forLoop logo_IFTY (lambda (lambda (logo_FWRT (logo_MULL logo_epsL 1) logo_epsA $0))) $0)))))) (logo_FWRT logo_ZL (logo_DIVA logo_UA 3) $0)))) $0)),three sided snowflake with a short space and a short line and a short space and a small circle as arms,"['a three sided snowflake with a space a line a space and small circles for arms', 'snowflake composed of three dcirlcles and three radiant lines', 'three circles connected by three lines']"
215,/scratch/gpfs/nb0564/vlm_reasoning/logo_experiment/images/test-12.png,test,a 3 stepped staircase,(lambda (logo_forLoop 3 (lambda (lambda (logo_FWRT logo_UL (logo_DIVA logo_UA 4) (logo_FWRT logo_UL (logo_DIVA logo_UA 4) (logo_FWRT logo_ZL (logo_DIVA logo_UA 2) $0))))) $0)),a three stepped staircase,"['three stairs', 'three step stairs', 'three step stair']"
216,/scratch/gpfs/nb0564/vlm_reasoning/logo_experiment/images/test-79.png,test,5 sided snowflake with a medium space and a medium semicircle as arms,(lambda (logo_forLoop 5 (lambda (lambda (logo_GETSET (lambda (logo_PT (lambda (logo_FWRT (logo_MULL logo_UL 2) logo_ZA $0)) (logo_forLoop logo_IFTY (lambda (lambda (logo_FWRT (logo_MULL logo_epsL 2) logo_epsA $0))) $0))) (logo_FWRT logo_ZL (logo_DIVA logo_UA 5) $0)))) $0)),five sided snowflake with a medium space and a medium semicircle as arms,"['large five sided disconnected star with round edges', 'line circle']"
217,/scratch/gpfs/nb0564/vlm_reasoning/logo_experiment/images/test-7.png,test,4 concentric circle s,(lambda (logo_forLoop 5 (lambda (lambda (logo_forLoop logo_IFTY (lambda (lambda (logo_FWRT (logo_MULL logo_epsL $3) logo_epsA $0))) (logo_forLoop logo_IFTY (lambda (lambda (logo_FWRT (logo_MULL logo_epsL $3) logo_epsA $0))) $0)))) $0)),four concentric circles,"['four nesting circles', 'four nested circles', 'four nestled circles going upward in size and direction', 'four nested circles']"
218,/scratch/gpfs/nb0564/vlm_reasoning/logo_experiment/images/test-56.png,test,8 sided snowflake with a medium 5 gon as arms,(lambda (logo_forLoop 8 (lambda (lambda (logo_GETSET (lambda (logo_forLoop 5 (lambda (lambda (logo_FWRT (logo_MULL logo_UL 2) (logo_DIVA logo_UA 5) $0))) $0)) (logo_FWRT logo_ZL (logo_DIVA logo_UA 8) $0)))) $0)),eight sided snowflake with a medium pentagon as arms,"['eight overlapped pentagons', 'eight large pentagons forming a circle and overlapping', 'complicated one', 'eight pentagons connected at one point']"
219,/scratch/gpfs/nb0564/vlm_reasoning/logo_experiment/images/test-37.png,test,a small square connected by a medium line to a small 6 gon,(lambda (logo_forLoop 4 (lambda (lambda (logo_FWRT (logo_MULL logo_UL 1) (logo_DIVA logo_UA 4) $0))) (logo_FWRT (logo_MULL logo_UL 2) logo_ZA (logo_forLoop 6 (lambda (lambda (logo_FWRT (logo_MULL logo_UL 1) (logo_DIVA logo_UA 6) $0))) $0)))),a small square connected by a medium line to a small hexagon,"['small square small line medium six sided gon', 'small square connected to hexagon by line', 'smallmedium square on left connected to six sided polygon on right by a smallmedium line', 'small square connected to medium hexagon by small line']"
220,/scratch/gpfs/nb0564/vlm_reasoning/logo_experiment/images/test-104.png,test,6 sided snowflake with a small triangle and a medium circle as arms,(lambda (logo_forLoop 6 (lambda (lambda (logo_GETSET (lambda (logo_PT (lambda (logo_FWRT logo_UL logo_ZA $0)) (logo_forLoop 3 (lambda (lambda (logo_FWRT (logo_MULL logo_UL 1) (logo_DIVA logo_UA 3) $0))) (logo_PT (lambda (logo_FWRT logo_UL logo_ZA $0)) (logo_forLoop logo_IFTY (lambda (lambda (logo_FWRT (logo_MULL logo_epsL 2) logo_epsA $0))) (logo_forLoop logo_IFTY (lambda (lambda (logo_FWRT (logo_MULL logo_epsL 2) logo_epsA $0))) $0)))))) (logo_FWRT logo_ZL (logo_DIVA logo_UA 6) $0)))) $0)),six sided snowflake with a small triangle and a medium circle as arms,"['a six sided snowflake with a space and a triangle and a circle for arms', 'snoflake six sides odd ball shaoes', 'six ice cream c1s']"
221,/scratch/gpfs/nb0564/vlm_reasoning/logo_experiment/images/test-33.png,test,a small circle connected by a medium line to a medium semicircle,(lambda (logo_forLoop logo_IFTY (lambda (lambda (logo_FWRT (logo_MULL logo_epsL 1) logo_epsA $0))) (logo_forLoop logo_IFTY (lambda (lambda (logo_FWRT (logo_MULL logo_epsL 1) logo_epsA $0))) (logo_FWRT (logo_MULL logo_UL 2) logo_ZA (logo_forLoop logo_IFTY (lambda (lambda (logo_FWRT (logo_MULL logo_epsL 2) logo_epsA $0))) $0))))),a small circle connected by a medium line to a medium semicircle,"['a fishhook pointing right', 'very small circle connected to hook shape looks like side umbrella', 'small circle with a short straight line attached to a hook that points up and to the left', 'a fish hook on its side']"
222,/scratch/gpfs/nb0564/vlm_reasoning/logo_experiment/images/test-100.png,test,8 sided snowflake with a short line and a small semicircle as arms,(lambda (logo_forLoop 8 (lambda (lambda (logo_GETSET (lambda (logo_PT (lambda (logo_FWRT logo_UL logo_ZA $0)) (logo_FWRT logo_UL logo_ZA (logo_PT (lambda (logo_FWRT logo_UL logo_ZA $0)) (logo_forLoop logo_IFTY (lambda (lambda (logo_FWRT (logo_MULL logo_epsL 1) logo_epsA $0))) $0))))) (logo_FWRT logo_ZL (logo_DIVA logo_UA 8) $0)))) $0)),eight sided snowflake with a short line and a small semicircle as arms,"['eight medium lines arranged in a circle inside of eight small half circles', 'eight half circles snowflake with eight short lines around a center circle', 'eight sided snowflake with small floating lines and semicircles for arms']"
223,/scratch/gpfs/nb0564/vlm_reasoning/logo_experiment/images/test-58.png,test,8 sided snowflake with a medium semicircle as arms,(lambda (logo_forLoop 8 (lambda (lambda (logo_GETSET (lambda (logo_forLoop logo_IFTY (lambda (lambda (logo_FWRT (logo_MULL logo_epsL 2) logo_epsA $0))) $0)) (logo_FWRT logo_ZL (logo_DIVA logo_UA 8) $0)))) $0)),eight sided snowflake with a medium semicircle as arms,"['eight semicircles connected at a central point', 'a hurricane with eight arms', 'swirly']"
224,/scratch/gpfs/nb0564/vlm_reasoning/logo_experiment/images/test-52.png,test,3 sided snowflake with a small 5 gon as arms,(lambda (logo_forLoop 3 (lambda (lambda (logo_GETSET (lambda (logo_forLoop 5 (lambda (lambda (logo_FWRT (logo_MULL logo_UL 1) (logo_DIVA logo_UA 5) $0))) $0)) (logo_FWRT logo_ZL (logo_DIVA logo_UA 3) $0)))) $0)),three sided snowflake with a small pentagon as arms,"['three pentagons connected at a single point', 'three pentagons connected', 'three pentagon stuck together in the middle offset four five deg right']"
225,/scratch/gpfs/nb0564/vlm_reasoning/logo_experiment/images/test-39.png,test,4 small triangle s in a row,(lambda (logo_forLoop 4 (lambda (lambda (logo_GETSET (lambda (logo_forLoop 3 (lambda (lambda (logo_FWRT (logo_MULL logo_UL 1) (logo_DIVA logo_UA 3) $0))) $0)) (logo_PT (lambda (logo_FWRT logo_UL logo_ZA $0)) $0)))) $0)),four small triangles in a row,"['four small tirangles in a row', 'teeth shape object']"
226,/scratch/gpfs/nb0564/vlm_reasoning/logo_experiment/images/test-16.png,test,a medium semicircle next to a small 8 gon,(lambda (logo_forLoop logo_IFTY (lambda (lambda (logo_FWRT (logo_MULL logo_epsL 2) logo_epsA $0))) (logo_PT (lambda (logo_FWRT (logo_MULL logo_UL 2) logo_ZA $0)) (logo_forLoop 8 (lambda (lambda (logo_FWRT (logo_MULL logo_UL 1) (logo_DIVA logo_UA 8) $0))) $0)))),a medium semicircle next to a small octagon,"['octagon and small half circle', 'larger octagon space small semicircle', 'eight shape with half circle', 'a large octagon to the left of a medium half circle']"
227,/scratch/gpfs/nb0564/vlm_reasoning/logo_experiment/images/test-3.png,test,8 concentric square s,(lambda (logo_forLoop 9 (lambda (lambda (logo_GETSET (lambda (logo_forLoop 4 (lambda (lambda (logo_FWRT (logo_MULL logo_UL $4) (logo_DIVA logo_UA 4) $0))) $0)) $0))) $0)),eight concentric squares,"['eight concentric squares starting bottom left', 'eight squares stepped together from very small to huge', 'eight squares on top of each other', 'eight nested squares']"
228,/scratch/gpfs/nb0564/vlm_reasoning/logo_experiment/images/test-77.png,test,7 sided snowflake with a short space and a small 7 gon as arms,(lambda (logo_forLoop 7 (lambda (lambda (logo_GETSET (lambda (logo_PT (lambda (logo_FWRT (logo_MULL logo_UL 1) logo_ZA $0)) (logo_forLoop 7 (lambda (lambda (logo_FWRT (logo_MULL logo_UL 1) (logo_DIVA logo_UA 7) $0))) $0))) (logo_FWRT logo_ZL (logo_DIVA logo_UA 7) $0)))) $0)),seven sided snowflake with a short space and a small heptagon as arms,"['a snowflake with seven sided gon medium space and seven arms', 'seven flake with heptagon arms', 'snowflake pattern with seven sided polygon connected by larger seven sided polygons', 'snowflake made up of seven arms of heptagons']"
229,/scratch/gpfs/nb0564/vlm_reasoning/logo_experiment/images/test-90.png,test,6 sided snowflake with a short space and a short line and a short space and a small triangle as arms,(lambda (logo_forLoop 6 (lambda (lambda (logo_GETSET (lambda (logo_PT (lambda (logo_FWRT logo_UL logo_ZA $0)) (logo_FWRT logo_UL logo_ZA (logo_PT (lambda (logo_FWRT logo_UL logo_ZA $0)) (logo_forLoop 3 (lambda (lambda (logo_FWRT (logo_MULL logo_UL 1) (logo_DIVA logo_UA 3) $0))) $0))))) (logo_FWRT logo_ZL (logo_DIVA logo_UA 6) $0)))) $0)),six sided snowflake with a short space and a short line and a short space and a small triangle as arms,"['six lines arranged in a circle inside of six small triangles', 'six small triangles snowflake with six short lines in a circle at the middle', 'seven sided snowflake with floating line and small triangle arms']"
230,/scratch/gpfs/nb0564/vlm_reasoning/logo_experiment/images/test-9.png,test,3 concentric circle s,(lambda (logo_forLoop 4 (lambda (lambda (logo_forLoop logo_IFTY (lambda (lambda (logo_FWRT (logo_MULL logo_epsL $3) logo_epsA $0))) (logo_forLoop logo_IFTY (lambda (lambda (logo_FWRT (logo_MULL logo_epsL $3) logo_epsA $0))) $0)))) $0)),three concentric circles,"['three circles russian doll', 'spring']"
231,/scratch/gpfs/nb0564/vlm_reasoning/logo_experiment/images/test-89.png,test,3 sided snowflake with a short space and a short line and a short space and a small 5 gon as arms,(lambda (logo_forLoop 3 (lambda (lambda (logo_GETSET (lambda (logo_PT (lambda (logo_FWRT logo_UL logo_ZA $0)) (logo_FWRT logo_UL logo_ZA (logo_PT (lambda (logo_FWRT logo_UL logo_ZA $0)) (logo_forLoop 5 (lambda (lambda (logo_FWRT (logo_MULL logo_UL 1) (logo_DIVA logo_UA 5) $0))) $0))))) (logo_FWRT logo_ZL (logo_DIVA logo_UA 3) $0)))) $0)),three sided snowflake with a short space and a short line and a short space and a small pentagon as arms,"['a y shape with three disconnected lines with three house shapes at each end', 'three pentagon']"
232,/scratch/gpfs/nb0564/vlm_reasoning/logo_experiment/images/test-64.png,test,3 sided snowflake with a medium line and a medium square as arms,(lambda (logo_forLoop 3 (lambda (lambda (logo_GETSET (lambda (logo_FWRT (logo_MULL logo_UL 2) logo_ZA (logo_forLoop 4 (lambda (lambda (logo_FWRT (logo_MULL logo_UL 2) (logo_DIVA logo_UA 4) $0))) $0))) (logo_FWRT logo_ZL (logo_DIVA logo_UA 3) $0)))) $0)),three sided snowflake with a medium line and a medium square as arms,"['a three sided snowflake with straight arms and squares at the end of the arms', 'three sided snowflake on triple axia', 'three connected squares']"
233,/scratch/gpfs/nb0564/vlm_reasoning/logo_experiment/images/test-83.png,test,7 sided snowflake with a short space and a medium 5 gon as arms,(lambda (logo_forLoop 7 (lambda (lambda (logo_GETSET (lambda (logo_PT (lambda (logo_FWRT (logo_MULL logo_UL 1) logo_ZA $0)) (logo_forLoop 5 (lambda (lambda (logo_FWRT (logo_MULL logo_UL 2) (logo_DIVA logo_UA 5) $0))) $0))) (logo_FWRT logo_ZL (logo_DIVA logo_UA 7) $0)))) $0)),seven sided snowflake with a short space and a medium pentagon as arms,"['overlapping linked large pentagon bracelet', 'small space in middle with seven medium pentagons connected around it', 'seven pentagons in a snowflake shape that overlap', 'seven pentagons joined']"
234,/scratch/gpfs/nb0564/vlm_reasoning/logo_experiment/images/test-20.png,test,a small semicircle next to a small 9 gon,(lambda (logo_forLoop logo_IFTY (lambda (lambda (logo_FWRT (logo_MULL logo_epsL 1) logo_epsA $0))) (logo_PT (lambda (logo_FWRT (logo_MULL logo_UL 2) logo_ZA $0)) (logo_forLoop 9 (lambda (lambda (logo_FWRT (logo_MULL logo_UL 1) (logo_DIVA logo_UA 9) $0))) $0)))),a small semicircle next to a small nonagon,"['a large nonagon with a small half circle', 'large n1 gon and a small half circle at top right after a space curve to the right', 'big nonagon next to small high semicircle']"
235,/scratch/gpfs/nb0564/vlm_reasoning/logo_experiment/images/test-41.png,test,5 medium circle s in a row,(lambda (logo_forLoop 5 (lambda (lambda (logo_GETSET (lambda (logo_forLoop logo_IFTY (lambda (lambda (logo_FWRT (logo_MULL logo_epsL 2) logo_epsA $0))) (logo_forLoop logo_IFTY (lambda (lambda (logo_FWRT (logo_MULL logo_epsL 2) logo_epsA $0))) $0))) (logo_PT (lambda (logo_FWRT logo_UL logo_ZA $0)) $0)))) $0)),five medium circles in a row,"['five circles', 'five circles', 'five small overlapping circles in a row']"
236,/scratch/gpfs/nb0564/vlm_reasoning/logo_experiment/images/test-45.png,test,6 small circle s in a row,(lambda (logo_forLoop 6 (lambda (lambda (logo_GETSET (lambda (logo_forLoop logo_IFTY (lambda (lambda (logo_FWRT (logo_MULL logo_epsL 1) logo_epsA $0))) (logo_forLoop logo_IFTY (lambda (lambda (logo_FWRT (logo_MULL logo_epsL 1) logo_epsA $0))) $0))) (logo_PT (lambda (logo_FWRT logo_UL logo_ZA $0)) $0)))) $0)),six small circles in a row,"['sa', 'six small circles forming a line']"
237,/scratch/gpfs/nb0564/vlm_reasoning/logo_experiment/images/test-24.png,test,a small 7 gon separated by a big space from a small circle,(lambda (logo_forLoop 7 (lambda (lambda (logo_FWRT (logo_MULL logo_UL 1) (logo_DIVA logo_UA 7) $0))) (logo_PT (lambda (logo_FWRT (logo_MULL logo_UL 5) logo_ZA $0)) (logo_forLoop logo_IFTY (lambda (lambda (logo_FWRT (logo_MULL logo_epsL 1) logo_epsA $0))) (logo_forLoop logo_IFTY (lambda (lambda (logo_FWRT (logo_MULL logo_epsL 1) logo_epsA $0))) $0))))),a small heptagon separated by a big space from a small circle,"['a medium heptagon and a small circle', 'large octagon with a small circle', 'six g1 with small circle on its right unconnected']"
238,/scratch/gpfs/nb0564/vlm_reasoning/logo_experiment/images/test-60.png,test,7 sided snowflake with a short line as arms,(lambda (logo_forLoop 7 (lambda (lambda (logo_GETSET (lambda (logo_FWRT logo_UL logo_ZA $0)) (logo_FWRT logo_ZL (logo_DIVA logo_UA 7) $0)))) $0)),seven sided snowflake with a short line as arms,"['an asterisk', 'seven thick short lines in a snowflake', 'small seven sided snowflake with short connected line arms']"
239,/scratch/gpfs/nb0564/vlm_reasoning/logo_experiment/images/test-87.png,test,5 sided snowflake with a short space and a short line and a short space and a small circle as arms,(lambda (logo_forLoop 5 (lambda (lambda (logo_GETSET (lambda (logo_PT (lambda (logo_FWRT logo_UL logo_ZA $0)) (logo_FWRT logo_UL logo_ZA (logo_PT (lambda (logo_FWRT logo_UL logo_ZA $0)) (logo_forLoop logo_IFTY (lambda (lambda (logo_FWRT (logo_MULL logo_epsL 1) logo_epsA $0))) (logo_forLoop logo_IFTY (lambda (lambda (logo_FWRT (logo_MULL logo_epsL 1) logo_epsA $0))) $0)))))) (logo_FWRT logo_ZL (logo_DIVA logo_UA 5) $0)))) $0)),five sided snowflake with a short space and a short line and a short space and a small circle as arms,"['a snowflake with small circles a space small lines and medium space with five arms', 'five flake with arms of space line space small circle', 'five lined snowflakepinwheel pattern with small spaces to small circles with each line but not touching', 'loose snowflake made up of five arms of lines and circles']"
240,/scratch/gpfs/nb0564/vlm_reasoning/logo_experiment/images/test-55.png,test,3 sided snowflake with a medium square as arms,(lambda (logo_forLoop 3 (lambda (lambda (logo_GETSET (lambda (logo_forLoop 4 (lambda (lambda (logo_FWRT (logo_MULL logo_UL 2) (logo_DIVA logo_UA 4) $0))) $0)) (logo_FWRT logo_ZL (logo_DIVA logo_UA 3) $0)))) $0)),three sided snowflake with a medium square as arms,"['asa', 'three squares connecting at the center']"
241,/scratch/gpfs/nb0564/vlm_reasoning/logo_experiment/images/test-107.png,test,5 sided snowflake with 2 small circle s as arms,(lambda (logo_forLoop 5 (lambda (lambda (logo_GETSET (lambda (logo_PT (lambda (logo_FWRT logo_UL logo_ZA $0)) (logo_forLoop logo_IFTY (lambda (lambda (logo_FWRT (logo_MULL logo_epsL 1) logo_epsA $0))) (logo_forLoop logo_IFTY (lambda (lambda (logo_FWRT (logo_MULL logo_epsL 1) logo_epsA $0))) (logo_PT (lambda (logo_FWRT logo_UL logo_ZA $0)) (logo_forLoop logo_IFTY (lambda (lambda (logo_FWRT (logo_MULL logo_epsL 1) logo_epsA $0))) (logo_forLoop logo_IFTY (lambda (lambda (logo_FWRT (logo_MULL logo_epsL 1) logo_epsA $0))) $0))))))) (logo_FWRT logo_ZL (logo_DIVA logo_UA 5) $0)))) $0)),five sided snowflake with two small circles as arms,"['snowflake with one 0 circles as arms', 'five flake with arms made of two circles in a line', 'snowflake design with no lines two circle pairs make up the five spoked design', 'star made up of five legs of two circles']"
242,/scratch/gpfs/nb0564/vlm_reasoning/logo_experiment/images/test-34.png,test,a small 8 gon connected by a big line to a small 8 gon,(lambda (logo_forLoop 8 (lambda (lambda (logo_FWRT (logo_MULL logo_UL 1) (logo_DIVA logo_UA 8) $0))) (logo_FWRT (logo_MULL logo_UL 5) logo_ZA (logo_forLoop 8 (lambda (lambda (logo_FWRT (logo_MULL logo_UL 1) (logo_DIVA logo_UA 8) $0))) $0)))),a small octagon connected by a big line to a small octagon,"['two octagons connected by a long straight line', 'two octo an a line', 'six g1 connected on botton to another hexagon']"
243,/scratch/gpfs/nb0564/vlm_reasoning/logo_experiment/images/test-70.png,test,6 sided snowflake with a short line and a small 9 gon as arms,(lambda (logo_forLoop 6 (lambda (lambda (logo_GETSET (lambda (logo_FWRT (logo_MULL logo_UL 1) logo_ZA (logo_forLoop 9 (lambda (lambda (logo_FWRT (logo_MULL logo_UL 1) (logo_DIVA logo_UA 9) $0))) $0))) (logo_FWRT logo_ZL (logo_DIVA logo_UA 6) $0)))) $0)),six sided snowflake with a short line and a small nonagon as arms,"['six nonagons with a line to a middle axis point', 'six nonagons overlapping into a snowflake with a five medium length star inside attached to each', 'six sided snowflake with nonagons for arms']"
244,/scratch/gpfs/nb0564/vlm_reasoning/logo_experiment/images/test-97.png,test,7 sided snowflake with a short space and a short line and a short space and a small square as arms,(lambda (logo_forLoop 7 (lambda (lambda (logo_GETSET (lambda (logo_PT (lambda (logo_FWRT logo_UL logo_ZA $0)) (logo_FWRT logo_UL logo_ZA (logo_PT (lambda (logo_FWRT logo_UL logo_ZA $0)) (logo_forLoop 4 (lambda (lambda (logo_FWRT (logo_MULL logo_UL 1) (logo_DIVA logo_UA 4) $0))) $0))))) (logo_FWRT logo_ZL (logo_DIVA logo_UA 7) $0)))) $0)),seven sided snowflake with a short space and a short line and a short space and a small square as arms,"['a seven snowflake with a space a medium line and a medium space with seven square arms', 'heptagon with arms of space line space square', 'seven lined snowflake and squares at the outermost locations good bit of space between the center the lines and the squares', 'snowflake made up of seven arms of small squares and small lines']"
245,/scratch/gpfs/nb0564/vlm_reasoning/logo_experiment/images/test-11.png,test,a 8 stepped staircase,(lambda (logo_forLoop 8 (lambda (lambda (logo_FWRT logo_UL (logo_DIVA logo_UA 4) (logo_FWRT logo_UL (logo_DIVA logo_UA 4) (logo_FWRT logo_ZL (logo_DIVA logo_UA 2) $0))))) $0)),a eight stepped staircase,"['stairs', 'large stairs', 'a staircase with eight steps']"
246,/scratch/gpfs/nb0564/vlm_reasoning/logo_experiment/images/test-4.png,test,5 concentric square s,(lambda (logo_forLoop 6 (lambda (lambda (logo_GETSET (lambda (logo_forLoop 4 (lambda (lambda (logo_FWRT (logo_MULL logo_UL $4) (logo_DIVA logo_UA 4) $0))) $0)) $0))) $0)),five concentric squares,"['five stacked squares', 'five concentric squares', 'larger five nested squares']"
247,/scratch/gpfs/nb0564/vlm_reasoning/logo_experiment/images/test-15.png,test,a medium 5 gon next to a medium square,(lambda (logo_forLoop 5 (lambda (lambda (logo_FWRT (logo_MULL logo_UL 2) (logo_DIVA logo_UA 5) $0))) (logo_PT (lambda (logo_FWRT (logo_MULL logo_UL 2) logo_ZA $0)) (logo_forLoop 4 (lambda (lambda (logo_FWRT (logo_MULL logo_UL 2) (logo_DIVA logo_UA 4) $0))) $0)))),a medium pentagon next to a medium square,"['ad', 'a pentagon penetrating a square from the left side of the square and touching part of the top side']"
248,/scratch/gpfs/nb0564/vlm_reasoning/logo_experiment/images/test-99.png,test,5 sided snowflake with 2 small 5 gon s as arms,(lambda (logo_forLoop 5 (lambda (lambda (logo_GETSET (lambda (logo_PT (lambda (logo_FWRT logo_UL logo_ZA $0)) (logo_forLoop 5 (lambda (lambda (logo_FWRT (logo_MULL logo_UL 1) (logo_DIVA logo_UA 5) $0))) (logo_PT (lambda (logo_FWRT logo_UL logo_ZA $0)) (logo_forLoop 5 (lambda (lambda (logo_FWRT (logo_MULL logo_UL 1) (logo_DIVA logo_UA 5) $0))) $0))))) (logo_FWRT logo_ZL (logo_DIVA logo_UA 5) $0)))) $0)),five sided snowflake with two small pentagons as arms,"['five pairings of house shaped objects', 'one 0 pentagon']"
249,/scratch/gpfs/nb0564/vlm_reasoning/logo_experiment/images/test-0.png,test,a greek spiral with 7 turns,(lambda (logo_forLoop 8 (lambda (lambda (logo_FWRT (logo_MULL logo_UL $1) (logo_DIVA logo_UA 4) $0))) $0)),a greek spiral with seven turns,"['a long line that snakes in on itself', 'l1 line on the left side with long line at top going right then medium long line going down on the right and at bottom of that line a small to medium line going left but not touching the left long line then a smaller line going up from that line then smaller line going right and small line going downlike a maze', 'large rectangular spiral made of seven lines']"
250,/scratch/gpfs/nb0564/vlm_reasoning/logo_experiment/images/test-74.png,test,7 sided snowflake with a medium line and a medium triangle as arms,(lambda (logo_forLoop 7 (lambda (lambda (logo_GETSET (lambda (logo_FWRT (logo_MULL logo_UL 2) logo_ZA (logo_forLoop 3 (lambda (lambda (logo_FWRT (logo_MULL logo_UL 2) (logo_DIVA logo_UA 3) $0))) $0))) (logo_FWRT logo_ZL (logo_DIVA logo_UA 7) $0)))) $0)),seven sided snowflake with a medium line and a medium triangle as arms,"['a seven sided snowflake with straight lines and triangles for arms', 'seven sided snowflake arounfd a spiral seven arms', 'seven triangle wheel']"
251,/scratch/gpfs/nb0564/vlm_reasoning/logo_experiment/images/test-93.png,test,8 sided snowflake with a short space and a short line and a short space and a medium circle as arms,(lambda (logo_forLoop 8 (lambda (lambda (logo_GETSET (lambda (logo_PT (lambda (logo_FWRT logo_UL logo_ZA $0)) (logo_FWRT logo_UL logo_ZA (logo_PT (lambda (logo_FWRT logo_UL logo_ZA $0)) (logo_forLoop logo_IFTY (lambda (lambda (logo_FWRT (logo_MULL logo_epsL 2) logo_epsA $0))) (logo_forLoop logo_IFTY (lambda (lambda (logo_FWRT (logo_MULL logo_epsL 2) logo_epsA $0))) $0)))))) (logo_FWRT logo_ZL (logo_DIVA logo_UA 8) $0)))) $0)),eight sided snowflake with a short space and a short line and a short space and a medium circle as arms,"['sunburst of eight short lines with eight medium circles just past the outer ends', 'small space eight small lines outside eight small circles', 'a snowflake with eight circles on the outside with eight small detached lines on the inside', 'eight circles with lines pointing to the center']"
252,/scratch/gpfs/nb0564/vlm_reasoning/logo_experiment/images/test-103.png,test,8 sided snowflake with a small 5 gon and a medium semicircle as arms,(lambda (logo_forLoop 8 (lambda (lambda (logo_GETSET (lambda (logo_PT (lambda (logo_FWRT logo_UL logo_ZA $0)) (logo_forLoop 5 (lambda (lambda (logo_FWRT (logo_MULL logo_UL 1) (logo_DIVA logo_UA 5) $0))) (logo_PT (lambda (logo_FWRT logo_UL logo_ZA $0)) (logo_forLoop logo_IFTY (lambda (lambda (logo_FWRT (logo_MULL logo_epsL 2) logo_epsA $0))) $0))))) (logo_FWRT logo_ZL (logo_DIVA logo_UA 8) $0)))) $0)),eight sided snowflake with a small pentagon and a medium semicircle as arms,"['eight pentagons in a circle with semi circles attached outside each', 'heptagon in middle with nine small pentagons around it with half cir cles connected to the pentagons', 'eight pentagons with hooks that go up and to the right on the outside with a octagon attached on the inside', 'eight pentagons with a curl']"
253,/scratch/gpfs/nb0564/vlm_reasoning/logo_experiment/images/test-30.png,test,a small circle connected by a medium line to a small triangle,(lambda (logo_forLoop logo_IFTY (lambda (lambda (logo_FWRT (logo_MULL logo_epsL 1) logo_epsA $0))) (logo_forLoop logo_IFTY (lambda (lambda (logo_FWRT (logo_MULL logo_epsL 1) logo_epsA $0))) (logo_FWRT (logo_MULL logo_UL 2) logo_ZA (logo_forLoop 3 (lambda (lambda (logo_FWRT (logo_MULL logo_UL 1) (logo_DIVA logo_UA 3) $0))) $0))))),a small circle connected by a medium line to a small triangle,"['small circle connected to a small triangle', 'a long line with a small circle on the left top and a small triangle on the right side top of the line', 'small circle connected by line to small triangle']"
254,/scratch/gpfs/nb0564/vlm_reasoning/logo_experiment/images/test-109.png,test,5 sided snowflake with a small 5 gon and a small square as arms,(lambda (logo_forLoop 5 (lambda (lambda (logo_GETSET (lambda (logo_PT (lambda (logo_FWRT logo_UL logo_ZA $0)) (logo_forLoop 5 (lambda (lambda (logo_FWRT (logo_MULL logo_UL 1) (logo_DIVA logo_UA 5) $0))) (logo_PT (lambda (logo_FWRT logo_UL logo_ZA $0)) (logo_forLoop 4 (lambda (lambda (logo_FWRT (logo_MULL logo_UL 1) (logo_DIVA logo_UA 4) $0))) $0))))) (logo_FWRT logo_ZL (logo_DIVA logo_UA 5) $0)))) $0)),five sided snowflake with a small pentagon and a small square as arms,"['five pairs of a square and a house shape in a circle pattern', 'joint shapes of a square and pentagon']"
255,/scratch/gpfs/nb0564/vlm_reasoning/logo_experiment/images/test-51.png,test,5 sided snowflake with a small 8 gon as arms,(lambda (logo_forLoop 5 (lambda (lambda (logo_GETSET (lambda (logo_forLoop 8 (lambda (lambda (logo_FWRT (logo_MULL logo_UL 1) (logo_DIVA logo_UA 8) $0))) $0)) (logo_FWRT logo_ZL (logo_DIVA logo_UA 5) $0)))) $0)),five sided snowflake with a small octagon as arms,"['pentagon', 'overlapping octogons', 'five medium overlapping octagons in a circle']"
256,/scratch/gpfs/nb0564/vlm_reasoning/logo_experiment/images/test-82.png,test,8 sided snowflake with a short space and a medium semicircle as arms,(lambda (logo_forLoop 8 (lambda (lambda (logo_GETSET (lambda (logo_PT (lambda (logo_FWRT (logo_MULL logo_UL 1) logo_ZA $0)) (logo_forLoop logo_IFTY (lambda (lambda (logo_FWRT (logo_MULL logo_epsL 2) logo_epsA $0))) $0))) (logo_FWRT logo_ZL (logo_DIVA logo_UA 8) $0)))) $0)),eight sided snowflake with a short space and a medium semicircle as arms,"['a eight sided chubby snowflake', 'flower pattern made of semi circles', 'cloud going clockwise']"
257,/scratch/gpfs/nb0564/vlm_reasoning/logo_experiment/images/test-65.png,test,8 sided snowflake with a short line and a small 5 gon as arms,(lambda (logo_forLoop 8 (lambda (lambda (logo_GETSET (lambda (logo_FWRT (logo_MULL logo_UL 1) logo_ZA (logo_forLoop 5 (lambda (lambda (logo_FWRT (logo_MULL logo_UL 1) (logo_DIVA logo_UA 5) $0))) $0))) (logo_FWRT logo_ZL (logo_DIVA logo_UA 8) $0)))) $0)),eight sided snowflake with a short line and a small pentagon as arms,"['assas', 'eight pentagons with a circle in the center and eight triangles within the circles tight']"
258,/scratch/gpfs/nb0564/vlm_reasoning/logo_experiment/images/test-88.png,test,6 sided snowflake with a short space and a short line and a short space and a small square as arms,(lambda (logo_forLoop 6 (lambda (lambda (logo_GETSET (lambda (logo_PT (lambda (logo_FWRT logo_UL logo_ZA $0)) (logo_FWRT logo_UL logo_ZA (logo_PT (lambda (logo_FWRT logo_UL logo_ZA $0)) (logo_forLoop 4 (lambda (lambda (logo_FWRT (logo_MULL logo_UL 1) (logo_DIVA logo_UA 4) $0))) $0))))) (logo_FWRT logo_ZL (logo_DIVA logo_UA 6) $0)))) $0)),six sided snowflake with a short space and a short line and a short space and a small square as arms,"['six sided snowflake with each arm having a line and a square', 'a sun with six squares surrounding it', 'flower spread']"
259,/scratch/gpfs/nb0564/vlm_reasoning/logo_experiment/images/test-40.png,test,6 small semicircle s in a row,(lambda (logo_forLoop 6 (lambda (lambda (logo_GETSET (lambda (logo_forLoop logo_IFTY (lambda (lambda (logo_FWRT (logo_MULL logo_epsL 1) logo_epsA $0))) $0)) (logo_PT (lambda (logo_FWRT logo_UL logo_ZA $0)) $0)))) $0)),six small semicircles in a row,"['six small half circles', 'six small half circle in a horizontal row with curve on the right side', 'six small semicircles in a row']"
260,/scratch/gpfs/nb0564/vlm_reasoning/logo_experiment/images/test-21.png,test,a small square next to a small 6 gon,(lambda (logo_forLoop 4 (lambda (lambda (logo_FWRT (logo_MULL logo_UL 1) (logo_DIVA logo_UA 4) $0))) (logo_PT (lambda (logo_FWRT (logo_MULL logo_UL 2) logo_ZA $0)) (logo_forLoop 6 (lambda (lambda (logo_FWRT (logo_MULL logo_UL 1) (logo_DIVA logo_UA 6) $0))) $0)))),a small square next to a small hexagon,"['square with hexagon', 'square and stopsign', 'a small square and a medium hexagon']"
261,/scratch/gpfs/nb0564/vlm_reasoning/logo_experiment/images/test-25.png,test,a medium semicircle next to a small semicircle,(lambda (logo_forLoop logo_IFTY (lambda (lambda (logo_FWRT (logo_MULL logo_epsL 2) logo_epsA $0))) (logo_PT (lambda (logo_FWRT (logo_MULL logo_UL 2) logo_ZA $0)) (logo_forLoop logo_IFTY (lambda (lambda (logo_FWRT (logo_MULL logo_epsL 1) logo_epsA $0))) $0)))),a medium semicircle next to a small semicircle,"['ds', 'a small half circle facing right next to the left of a larger half circle facing left']"
262,/scratch/gpfs/nb0564/vlm_reasoning/logo_experiment/images/test-44.png,test,5 small circle s in a row,(lambda (logo_forLoop 5 (lambda (lambda (logo_GETSET (lambda (logo_forLoop logo_IFTY (lambda (lambda (logo_FWRT (logo_MULL logo_epsL 1) logo_epsA $0))) (logo_forLoop logo_IFTY (lambda (lambda (logo_FWRT (logo_MULL logo_epsL 1) logo_epsA $0))) $0))) (logo_PT (lambda (logo_FWRT logo_UL logo_ZA $0)) $0)))) $0)),five small circles in a row,"['five small circles in a row', 'five asnall cirlces', 'five circles']"
263,/scratch/gpfs/nb0564/vlm_reasoning/logo_experiment/images/test-86.png,test,3 sided snowflake with a medium space and a small 9 gon as arms,(lambda (logo_forLoop 3 (lambda (lambda (logo_GETSET (lambda (logo_PT (lambda (logo_FWRT (logo_MULL logo_UL 2) logo_ZA $0)) (logo_forLoop 9 (lambda (lambda (logo_FWRT (logo_MULL logo_UL 1) (logo_DIVA logo_UA 9) $0))) $0))) (logo_FWRT logo_ZL (logo_DIVA logo_UA 3) $0)))) $0)),three sided snowflake with a medium space and a small nonagon as arms,"['three octagon inverted triangle', 'three nonagons in a triangle with space between them', 'three distance nine shapes', 'three large nonagons']"
264,/scratch/gpfs/nb0564/vlm_reasoning/logo_experiment/images/test-61.png,test,8 sided snowflake with a medium square as arms,(lambda (logo_forLoop 8 (lambda (lambda (logo_GETSET (lambda (logo_forLoop 4 (lambda (lambda (logo_FWRT (logo_MULL logo_UL 2) (logo_DIVA logo_UA 4) $0))) $0)) (logo_FWRT logo_ZL (logo_DIVA logo_UA 8) $0)))) $0)),eight sided snowflake with a medium square as arms,"['two square with different angle on top of each other', 'offset squares', 'an eight sided snowflake with a dot connected to lines connected to the bottom center of triangles as sides']"
265,/scratch/gpfs/nb0564/vlm_reasoning/logo_experiment/images/test-35.png,test,a small 7 gon connected by a big line to a small 5 gon,(lambda (logo_forLoop 7 (lambda (lambda (logo_FWRT (logo_MULL logo_UL 1) (logo_DIVA logo_UA 7) $0))) (logo_FWRT (logo_MULL logo_UL 5) logo_ZA (logo_forLoop 5 (lambda (lambda (logo_FWRT (logo_MULL logo_UL 1) (logo_DIVA logo_UA 5) $0))) $0)))),a small heptagon connected by a big line to a small pentagon,"['sas', 'a heptagon connecting at the based with a line to a hexagon']"
266,/scratch/gpfs/nb0564/vlm_reasoning/logo_experiment/images/test-106.png,test,8 sided snowflake with a medium circle and a small circle as arms,(lambda (logo_forLoop 8 (lambda (lambda (logo_GETSET (lambda (logo_PT (lambda (logo_FWRT logo_UL logo_ZA $0)) (logo_forLoop logo_IFTY (lambda (lambda (logo_FWRT (logo_MULL logo_epsL 2) logo_epsA $0))) (logo_forLoop logo_IFTY (lambda (lambda (logo_FWRT (logo_MULL logo_epsL 2) logo_epsA $0))) (logo_PT (lambda (logo_FWRT logo_UL logo_ZA $0)) (logo_forLoop logo_IFTY (lambda (lambda (logo_FWRT (logo_MULL logo_epsL 1) logo_epsA $0))) (logo_forLoop logo_IFTY (lambda (lambda (logo_FWRT (logo_MULL logo_epsL 1) logo_epsA $0))) $0))))))) (logo_FWRT logo_ZL (logo_DIVA logo_UA 8) $0)))) $0)),eight sided snowflake with a medium circle and a small circle as arms,"['six overlapped circles with eight smaller circles adjacent outer', 'snowflake with eight circles in the middle of the sides of an octagon with ovals connecting these to a smaller octagon in the center', 'flower art', 'eight connected medium circles with eight smaller circles on the outer edge']"
267,/scratch/gpfs/nb0564/vlm_reasoning/logo_experiment/images/test-54.png,test,3 sided snowflake with a small triangle as arms,(lambda (logo_forLoop 3 (lambda (lambda (logo_GETSET (lambda (logo_forLoop 3 (lambda (lambda (logo_FWRT (logo_MULL logo_UL 1) (logo_DIVA logo_UA 3) $0))) $0)) (logo_FWRT logo_ZL (logo_DIVA logo_UA 3) $0)))) $0)),three sided snowflake with a small triangle as arms,"['a three sided snowflake with triangles for arms', 'snoflake composed of three tringles', 'three traingle wheel no lines']"
268,/scratch/gpfs/nb0564/vlm_reasoning/logo_experiment/images/test-5.png,test,7 concentric square s,(lambda (logo_forLoop 8 (lambda (lambda (logo_GETSET (lambda (logo_forLoop 4 (lambda (lambda (logo_FWRT (logo_MULL logo_UL $4) (logo_DIVA logo_UA 4) $0))) $0)) $0))) $0)),seven concentric squares,"['laberinto small and a', 'seven squares in each other congregating at the left bottom corner']"
269,/scratch/gpfs/nb0564/vlm_reasoning/logo_experiment/images/test-10.png,test,a 5 stepped staircase,(lambda (logo_forLoop 5 (lambda (lambda (logo_FWRT logo_UL (logo_DIVA logo_UA 4) (logo_FWRT logo_UL (logo_DIVA logo_UA 4) (logo_FWRT logo_ZL (logo_DIVA logo_UA 2) $0))))) $0)),a five stepped staircase,"['five step staircase', 'stair case going up to the right as five half squares', 'four step staircase']"
270,/scratch/gpfs/nb0564/vlm_reasoning/logo_experiment/images/test-96.png,test,3 sided snowflake with a short space and a short line and a short space and a small triangle as arms,(lambda (logo_forLoop 3 (lambda (lambda (logo_GETSET (lambda (logo_PT (lambda (logo_FWRT logo_UL logo_ZA $0)) (logo_FWRT logo_UL logo_ZA (logo_PT (lambda (logo_FWRT logo_UL logo_ZA $0)) (logo_forLoop 3 (lambda (lambda (logo_FWRT (logo_MULL logo_UL 1) (logo_DIVA logo_UA 3) $0))) $0))))) (logo_FWRT logo_ZL (logo_DIVA logo_UA 3) $0)))) $0)),three sided snowflake with a short space and a short line and a short space and a small triangle as arms,"['three outer triangles three inner lines not touching', 'three spoked wheel with space and then a short line and then a space and then a triangle as spokes', 'three triangle around three lines', 'a three sided snowflake with small triangles and small lines that are not connected as arms']"
271,/scratch/gpfs/nb0564/vlm_reasoning/logo_experiment/images/test-71.png,test,7 sided snowflake with a medium line and a medium circle as arms,(lambda (logo_forLoop 7 (lambda (lambda (logo_GETSET (lambda (logo_FWRT (logo_MULL logo_UL 2) logo_ZA (logo_forLoop logo_IFTY (lambda (lambda (logo_FWRT (logo_MULL logo_epsL 2) logo_epsA $0))) (logo_forLoop logo_IFTY (lambda (lambda (logo_FWRT (logo_MULL logo_epsL 2) logo_epsA $0))) $0)))) (logo_FWRT logo_ZL (logo_DIVA logo_UA 7) $0)))) $0)),seven sided snowflake with a medium line and a medium circle as arms,"['wheel with nine balls', 'circles with lines', 'a seven sided snowflake with lines connected to circles as arms']"
272,/scratch/gpfs/nb0564/vlm_reasoning/logo_experiment/images/test-92.png,test,8 sided snowflake with a short space and a short line and a short space and a small triangle as arms,(lambda (logo_forLoop 8 (lambda (lambda (logo_GETSET (lambda (logo_PT (lambda (logo_FWRT logo_UL logo_ZA $0)) (logo_FWRT logo_UL logo_ZA (logo_PT (lambda (logo_FWRT logo_UL logo_ZA $0)) (logo_forLoop 3 (lambda (lambda (logo_FWRT (logo_MULL logo_UL 1) (logo_DIVA logo_UA 3) $0))) $0))))) (logo_FWRT logo_ZL (logo_DIVA logo_UA 8) $0)))) $0)),eight sided snowflake with a short space and a short line and a short space and a small triangle as arms,"['eight flags and lines in a snowflake pattern', 'octagon snowflake made of lines and circles', 'eight lines shooting out from middle triangles on the outside going counter clockwise']"
273,/scratch/gpfs/nb0564/vlm_reasoning/logo_experiment/images/test-75.png,test,3 sided snowflake with a medium space and a medium circle as arms,(lambda (logo_forLoop 3 (lambda (lambda (logo_GETSET (lambda (logo_PT (lambda (logo_FWRT (logo_MULL logo_UL 2) logo_ZA $0)) (logo_forLoop logo_IFTY (lambda (lambda (logo_FWRT (logo_MULL logo_epsL 2) logo_epsA $0))) (logo_forLoop logo_IFTY (lambda (lambda (logo_FWRT (logo_MULL logo_epsL 2) logo_epsA $0))) $0)))) (logo_FWRT logo_ZL (logo_DIVA logo_UA 3) $0)))) $0)),three sided snowflake with a medium space and a medium circle as arms,"['three circle', 'three small circles forming a triangle formation']"
274,/scratch/gpfs/nb0564/vlm_reasoning/logo_experiment/images/test-1.png,test,a 7 pointed star,(lambda (logo_forLoop 7 (lambda (lambda (logo_FWRT (logo_MULL logo_UL 4) (logo_SUBA (logo_DIVA logo_UA 2) (logo_DIVA (logo_DIVA logo_UA 2) 7)) $0))) $0)),a seven pointed star,"['star', 'star', 'a seven sided snowflake with long triangles as arms']"
275,/scratch/gpfs/nb0564/vlm_reasoning/logo_experiment/images/test-98.png,test,6 sided snowflake with a short space and a short line and a short space and a small 5 gon as arms,(lambda (logo_forLoop 6 (lambda (lambda (logo_GETSET (lambda (logo_PT (lambda (logo_FWRT logo_UL logo_ZA $0)) (logo_FWRT logo_UL logo_ZA (logo_PT (lambda (logo_FWRT logo_UL logo_ZA $0)) (logo_forLoop 5 (lambda (lambda (logo_FWRT (logo_MULL logo_UL 1) (logo_DIVA logo_UA 5) $0))) $0))))) (logo_FWRT logo_ZL (logo_DIVA logo_UA 6) $0)))) $0)),six sided snowflake with a short space and a short line and a short space and a small pentagon as arms,"['six sided snowflake with each arm having a line and a pentagon at the end', 'a sun with six pentagons around it', 'hectagon flower spread']"
276,/scratch/gpfs/nb0564/vlm_reasoning/logo_experiment/images/test-14.png,test,a 3 stepped zigzag,(lambda (logo_FWRT logo_ZL (logo_DIVA logo_UA 8) (logo_forLoop 3 (lambda (lambda (logo_FWRT logo_UL (logo_DIVA logo_UA 4) (logo_FWRT logo_UL (logo_ADDA (logo_DIVA logo_UA 2) (logo_DIVA logo_UA 4)) $0)))) $0))),a three stepped zigzag,"['a vertical zig zag line with three right points', 'med veert wavy line', 'vertical squggle']"
277,/scratch/gpfs/nb0564/vlm_reasoning/logo_experiment/images/test-50.png,test,5 small semicircle s in a row,(lambda (logo_forLoop 5 (lambda (lambda (logo_GETSET (lambda (logo_forLoop logo_IFTY (lambda (lambda (logo_FWRT (logo_MULL logo_epsL 1) logo_epsA $0))) $0)) (logo_PT (lambda (logo_FWRT logo_UL logo_ZA $0)) $0)))) $0)),five small semicircles in a row,"['five small half circles', 'five small half circles with space between them in a row curve on the right', 'five small semicircles in a row']"
278,/scratch/gpfs/nb0564/vlm_reasoning/logo_experiment/images/test-108.png,test,3 sided snowflake with a small square and a small circle as arms,(lambda (logo_forLoop 3 (lambda (lambda (logo_GETSET (lambda (logo_PT (lambda (logo_FWRT logo_UL logo_ZA $0)) (logo_forLoop 4 (lambda (lambda (logo_FWRT (logo_MULL logo_UL 1) (logo_DIVA logo_UA 4) $0))) (logo_PT (lambda (logo_FWRT logo_UL logo_ZA $0)) (logo_forLoop logo_IFTY (lambda (lambda (logo_FWRT (logo_MULL logo_epsL 1) logo_epsA $0))) (logo_forLoop logo_IFTY (lambda (lambda (logo_FWRT (logo_MULL logo_epsL 1) logo_epsA $0))) $0)))))) (logo_FWRT logo_ZL (logo_DIVA logo_UA 3) $0)))) $0)),three sided snowflake with a small square and a small circle as arms,"['three sided snowflake with square and circle at end of each arm', 'three small squares with tiny cirlces in them', 'circle square link']"
279,/scratch/gpfs/nb0564/vlm_reasoning/logo_experiment/images/test-31.png,test,a medium semicircle connected by a big line to a medium circle,(lambda (logo_forLoop logo_IFTY (lambda (lambda (logo_FWRT (logo_MULL logo_epsL 2) logo_epsA $0))) (logo_FWRT (logo_MULL logo_UL 5) logo_ZA (logo_forLoop logo_IFTY (lambda (lambda (logo_FWRT (logo_MULL logo_epsL 2) logo_epsA $0))) (logo_forLoop logo_IFTY (lambda (lambda (logo_FWRT (logo_MULL logo_epsL 2) logo_epsA $0))) $0))))),a medium semicircle connected by a big line to a medium circle,"['broken paperclip with longer ends', 'broken paperclip', 'a medium circle connected at the top by a horizontal line to a medium semi circle']"
280,/scratch/gpfs/nb0564/vlm_reasoning/logo_experiment/images/test-102.png,test,6 sided snowflake with a small circle and a small semicircle as arms,(lambda (logo_forLoop 6 (lambda (lambda (logo_GETSET (lambda (logo_PT (lambda (logo_FWRT logo_UL logo_ZA $0)) (logo_forLoop logo_IFTY (lambda (lambda (logo_FWRT (logo_MULL logo_epsL 1) logo_epsA $0))) (logo_forLoop logo_IFTY (lambda (lambda (logo_FWRT (logo_MULL logo_epsL 1) logo_epsA $0))) (logo_PT (lambda (logo_FWRT logo_UL logo_ZA $0)) (logo_forLoop logo_IFTY (lambda (lambda (logo_FWRT (logo_MULL logo_epsL 1) logo_epsA $0))) $0)))))) (logo_FWRT logo_ZL (logo_DIVA logo_UA 6) $0)))) $0)),six sided snowflake with a small circle and a small semicircle as arms,"['a six sided snowflake with six small circles inside', 'hexagon of circles surrounded by semi circles', 'six small circles in the middle and half os on the outside']"
281,/scratch/gpfs/nb0564/vlm_reasoning/logo_experiment/images/test-28.png,test,a medium 5 gon connected by a big line to a medium circle,(lambda (logo_forLoop 5 (lambda (lambda (logo_FWRT (logo_MULL logo_UL 2) (logo_DIVA logo_UA 5) $0))) (logo_FWRT (logo_MULL logo_UL 5) logo_ZA (logo_forLoop logo_IFTY (lambda (lambda (logo_FWRT (logo_MULL logo_epsL 2) logo_epsA $0))) (logo_forLoop logo_IFTY (lambda (lambda (logo_FWRT (logo_MULL logo_epsL 2) logo_epsA $0))) $0))))),a medium pentagon connected by a big line to a medium circle,"['large pentagon on left connected to small circle via line', 'a pentagon with a small circle attached by a line to the right', 'hexagon tail cricle']"
282,/scratch/gpfs/nb0564/vlm_reasoning/logo_experiment/images/test-43.png,test,4 medium circle s in a row,(lambda (logo_forLoop 4 (lambda (lambda (logo_GETSET (lambda (logo_forLoop logo_IFTY (lambda (lambda (logo_FWRT (logo_MULL logo_epsL 2) logo_epsA $0))) (logo_forLoop logo_IFTY (lambda (lambda (logo_FWRT (logo_MULL logo_epsL 2) logo_epsA $0))) $0))) (logo_PT (lambda (logo_FWRT logo_UL logo_ZA $0)) $0)))) $0)),four medium circles in a row,"['four linked small circles in a row', 'four small circles linked together', 'four small circles that overlap slightly and are arranged in a row', 'four circles overlapping in a line']"
283,/scratch/gpfs/nb0564/vlm_reasoning/logo_experiment/images/test-49.png,test,3 small square s in a row,(lambda (logo_forLoop 3 (lambda (lambda (logo_GETSET (lambda (logo_forLoop 4 (lambda (lambda (logo_FWRT (logo_MULL logo_UL 1) (logo_DIVA logo_UA 4) $0))) $0)) (logo_PT (lambda (logo_FWRT logo_UL logo_ZA $0)) $0)))) $0)),three small squares in a row,"['three squares in a row on its side', 'three jointed square shape object']"
284,/scratch/gpfs/nb0564/vlm_reasoning/logo_experiment/images/test-22.png,test,a medium semicircle separated by a big space from a medium circle,(lambda (logo_forLoop logo_IFTY (lambda (lambda (logo_FWRT (logo_MULL logo_epsL 2) logo_epsA $0))) (logo_PT (lambda (logo_FWRT (logo_MULL logo_UL 5) logo_ZA $0)) (logo_forLoop logo_IFTY (lambda (lambda (logo_FWRT (logo_MULL logo_epsL 2) logo_epsA $0))) (logo_forLoop logo_IFTY (lambda (lambda (logo_FWRT (logo_MULL logo_epsL 2) logo_epsA $0))) $0))))),a medium semicircle separated by a big space from a medium circle,"['a small circle close to a half circle', 'circle with big space then semi circle', 'circle and then a half circle on the right of it spaced out pretty far half circle is pointing to right']"
285,/scratch/gpfs/nb0564/vlm_reasoning/logo_experiment/images/test-81.png,test,3 sided snowflake with a short space and a medium circle as arms,(lambda (logo_forLoop 3 (lambda (lambda (logo_GETSET (lambda (logo_PT (lambda (logo_FWRT (logo_MULL logo_UL 1) logo_ZA $0)) (logo_forLoop logo_IFTY (lambda (lambda (logo_FWRT (logo_MULL logo_epsL 2) logo_epsA $0))) (logo_forLoop logo_IFTY (lambda (lambda (logo_FWRT (logo_MULL logo_epsL 2) logo_epsA $0))) $0)))) (logo_FWRT logo_ZL (logo_DIVA logo_UA 3) $0)))) $0)),three sided snowflake with a short space and a medium circle as arms,"['three circles', 'three circles', 'three small circles arranged in a triangle']"
286,/scratch/gpfs/nb0564/vlm_reasoning/logo_experiment/images/test-66.png,test,3 sided snowflake with a medium line and a medium circle as arms,(lambda (logo_forLoop 3 (lambda (lambda (logo_GETSET (lambda (logo_FWRT (logo_MULL logo_UL 2) logo_ZA (logo_forLoop logo_IFTY (lambda (lambda (logo_FWRT (logo_MULL logo_epsL 2) logo_epsA $0))) (logo_forLoop logo_IFTY (lambda (lambda (logo_FWRT (logo_MULL logo_epsL 2) logo_epsA $0))) $0)))) (logo_FWRT logo_ZL (logo_DIVA logo_UA 3) $0)))) $0)),three sided snowflake with a medium line and a medium circle as arms,"['three outer circles connected by three lines', 'three spoked pinwheel with three medium lines and small circles as spokes', 'like a fan', 'a three sided snowflake made of medium circles and medium lines that are connected']"
287,/scratch/gpfs/nb0564/vlm_reasoning/logo_experiment/images/test-68.png,test,3 sided snowflake with a medium line and a small square as arms,(lambda (logo_forLoop 3 (lambda (lambda (logo_GETSET (lambda (logo_FWRT (logo_MULL logo_UL 2) logo_ZA (logo_forLoop 4 (lambda (lambda (logo_FWRT (logo_MULL logo_UL 1) (logo_DIVA logo_UA 4) $0))) $0))) (logo_FWRT logo_ZL (logo_DIVA logo_UA 3) $0)))) $0)),three sided snowflake with a medium line and a small square as arms,"['three sided snowflake with squares connected to lines as arms', 'three arms with three squares', 'boomerang square line']"
288,/scratch/gpfs/nb0564/vlm_reasoning/logo_experiment/images/test-85.png,test,7 sided snowflake with a short space and a small circle as arms,(lambda (logo_forLoop 7 (lambda (lambda (logo_GETSET (lambda (logo_PT (lambda (logo_FWRT (logo_MULL logo_UL 1) logo_ZA $0)) (logo_forLoop logo_IFTY (lambda (lambda (logo_FWRT (logo_MULL logo_epsL 1) logo_epsA $0))) (logo_forLoop logo_IFTY (lambda (lambda (logo_FWRT (logo_MULL logo_epsL 1) logo_epsA $0))) $0)))) (logo_FWRT logo_ZL (logo_DIVA logo_UA 7) $0)))) $0)),seven sided snowflake with a short space and a small circle as arms,"['sasas', 'seven small circles']"
289,/scratch/gpfs/nb0564/vlm_reasoning/logo_experiment/images/test-62.png,test,8 sided snowflake with a short line as arms,(lambda (logo_forLoop 8 (lambda (lambda (logo_GETSET (lambda (logo_FWRT logo_UL logo_ZA $0)) (logo_FWRT logo_ZL (logo_DIVA logo_UA 8) $0)))) $0)),eight sided snowflake with a short line as arms,"['an asterisk', 'snowflake of lines', 'asterisk eight leg']"
290,/scratch/gpfs/nb0564/vlm_reasoning/logo_experiment/images/test-26.png,test,a medium circle separated by a big space from a short line,(lambda (logo_forLoop logo_IFTY (lambda (lambda (logo_FWRT (logo_MULL logo_epsL 2) logo_epsA $0))) (logo_forLoop logo_IFTY (lambda (lambda (logo_FWRT (logo_MULL logo_epsL 2) logo_epsA $0))) (logo_PT (lambda (logo_FWRT (logo_MULL logo_UL 5) logo_ZA $0)) (logo_FWRT logo_UL logo_ZA $0))))),a medium circle separated by a big space from a short line,"['circle left minus sign right', 'small circle large space short line', 'a circle distant with a line', 'a medium circle with a small line far to the right of it']"
291,/scratch/gpfs/nb0564/vlm_reasoning/logo_experiment/images/test-47.png,test,6 small triangle s in a row,(lambda (logo_forLoop 6 (lambda (lambda (logo_GETSET (lambda (logo_forLoop 3 (lambda (lambda (logo_FWRT (logo_MULL logo_UL 1) (logo_DIVA logo_UA 3) $0))) $0)) (logo_PT (lambda (logo_FWRT logo_UL logo_ZA $0)) $0)))) $0)),six small triangles in a row,"['six small triangles', 'six triangles in a row', 'six small triangles connected in a row together', 'six triangles next to each other']"
292,/scratch/gpfs/nb0564/vlm_reasoning/logo_experiment/images/test-6.png,test,5 concentric circle s,(lambda (logo_forLoop 6 (lambda (lambda (logo_forLoop logo_IFTY (lambda (lambda (logo_FWRT (logo_MULL logo_epsL $3) logo_epsA $0))) (logo_forLoop logo_IFTY (lambda (lambda (logo_FWRT (logo_MULL logo_epsL $3) logo_epsA $0))) $0)))) $0)),five concentric circles,"['five inscribed circles', 'five concentric circles', 'five nested holes', 'five nested circles']"
293,/scratch/gpfs/nb0564/vlm_reasoning/logo_experiment/images/test-78.png,test,8 sided snowflake with a medium space and a medium circle as arms,(lambda (logo_forLoop 8 (lambda (lambda (logo_GETSET (lambda (logo_PT (lambda (logo_FWRT (logo_MULL logo_UL 2) logo_ZA $0)) (logo_forLoop logo_IFTY (lambda (lambda (logo_FWRT (logo_MULL logo_epsL 2) logo_epsA $0))) (logo_forLoop logo_IFTY (lambda (lambda (logo_FWRT (logo_MULL logo_epsL 2) logo_epsA $0))) $0)))) (logo_FWRT logo_ZL (logo_DIVA logo_UA 8) $0)))) $0)),eight sided snowflake with a medium space and a medium circle as arms,"['eight small circles arranged in a circular shape', 'eight small circles in a circle', 'circle flower spread']"
294,/scratch/gpfs/nb0564/vlm_reasoning/logo_experiment/images/test-13.png,test,a 6 stepped staircase,(lambda (logo_forLoop 6 (lambda (lambda (logo_FWRT logo_UL (logo_DIVA logo_UA 4) (logo_FWRT logo_UL (logo_DIVA logo_UA 4) (logo_FWRT logo_ZL (logo_DIVA logo_UA 2) $0))))) $0)),a six stepped staircase,"['a zigzag of six steps', 'six stepped staircase', 'a six step staircase', 'six stairs']"
295,/scratch/gpfs/nb0564/vlm_reasoning/logo_experiment/images/test-95.png,test,7 sided snowflake with a short space and a short line and a short space and a medium circle as arms,(lambda (logo_forLoop 7 (lambda (lambda (logo_GETSET (lambda (logo_PT (lambda (logo_FWRT logo_UL logo_ZA $0)) (logo_FWRT logo_UL logo_ZA (logo_PT (lambda (logo_FWRT logo_UL logo_ZA $0)) (logo_forLoop logo_IFTY (lambda (lambda (logo_FWRT (logo_MULL logo_epsL 2) logo_epsA $0))) (logo_forLoop logo_IFTY (lambda (lambda (logo_FWRT (logo_MULL logo_epsL 2) logo_epsA $0))) $0)))))) (logo_FWRT logo_ZL (logo_DIVA logo_UA 7) $0)))) $0)),seven sided snowflake with a short space and a short line and a short space and a medium circle as arms,"['seven circle', 'seven circles with a small black line next to each of them forming a pinwhell nothing is connected']"
296,/scratch/gpfs/nb0564/vlm_reasoning/logo_experiment/images/test-19.png,test,a small 7 gon next to a medium triangle,(lambda (logo_forLoop 7 (lambda (lambda (logo_FWRT (logo_MULL logo_UL 1) (logo_DIVA logo_UA 7) $0))) (logo_PT (lambda (logo_FWRT (logo_MULL logo_UL 2) logo_ZA $0)) (logo_forLoop 3 (lambda (lambda (logo_FWRT (logo_MULL logo_UL 2) (logo_DIVA logo_UA 3) $0))) $0)))),a small heptagon next to a medium triangle,"['a larger seven sided shape on the left to a triangle', 'a mathematical shape of hexagon and triangle']"
297,/scratch/gpfs/nb0564/vlm_reasoning/logo_experiment/images/test-72.png,test,3 sided snowflake with a short line and a small 8 gon as arms,(lambda (logo_forLoop 3 (lambda (lambda (logo_GETSET (lambda (logo_FWRT (logo_MULL logo_UL 1) logo_ZA (logo_forLoop 8 (lambda (lambda (logo_FWRT (logo_MULL logo_UL 1) (logo_DIVA logo_UA 8) $0))) $0))) (logo_FWRT logo_ZL (logo_DIVA logo_UA 3) $0)))) $0)),three sided snowflake with a short line and a small octagon as arms,"['three octagons connected by a y', 'three hexagons connected', 'three ball cloverleaf']"
298,/scratch/gpfs/nb0564/vlm_reasoning/logo_experiment/images/test-105.png,test,3 sided snowflake with a medium semicircle and a small semicircle as arms,(lambda (logo_forLoop 3 (lambda (lambda (logo_GETSET (lambda (logo_PT (lambda (logo_FWRT logo_UL logo_ZA $0)) (logo_forLoop logo_IFTY (lambda (lambda (logo_FWRT (logo_MULL logo_epsL 2) logo_epsA $0))) (logo_PT (lambda (logo_FWRT logo_UL logo_ZA $0)) (logo_forLoop logo_IFTY (lambda (lambda (logo_FWRT (logo_MULL logo_epsL 1) logo_epsA $0))) $0))))) (logo_FWRT logo_ZL (logo_DIVA logo_UA 3) $0)))) $0)),three sided snowflake with a medium semicircle and a small semicircle as arms,"['dsd', 'small half and big half circle but three of them and they are forming a snowflake']"
299,/scratch/gpfs/nb0564/vlm_reasoning/logo_experiment/images/test-36.png,test,a medium semicircle connected by a big line to a medium square,(lambda (logo_forLoop logo_IFTY (lambda (lambda (logo_FWRT (logo_MULL logo_epsL 2) logo_epsA $0))) (logo_FWRT (logo_MULL logo_UL 5) logo_ZA (logo_forLoop 4 (lambda (lambda (logo_FWRT (logo_MULL logo_UL 2) (logo_DIVA logo_UA 4) $0))) $0)))),a medium semicircle connected by a big line to a medium square,"['square with long hook on top', 'one half of square glasses', 'rotated nine', 'a cane with a square shaped flag at the straight end']"
300,/scratch/gpfs/nb0564/vlm_reasoning/logo_experiment/images/test-57.png,test,3 sided snowflake with a medium semicircle as arms,(lambda (logo_forLoop 3 (lambda (lambda (logo_GETSET (lambda (logo_forLoop logo_IFTY (lambda (lambda (logo_FWRT (logo_MULL logo_epsL 2) logo_epsA $0))) $0)) (logo_FWRT logo_ZL (logo_DIVA logo_UA 3) $0)))) $0)),three sided snowflake with a medium semicircle as arms,"['three semicircles connected', 'three flake with semicircle arms', 'three object snowflake and the object is a half circle touching in the middle', 'snowflake with three semicircle arms']"
301,/scratch/gpfs/nb0564/vlm_reasoning/logo_experiment/images/test-38.png,test,a medium circle connected by a medium line to a medium 5 gon,(lambda (logo_forLoop logo_IFTY (lambda (lambda (logo_FWRT (logo_MULL logo_epsL 2) logo_epsA $0))) (logo_forLoop logo_IFTY (lambda (lambda (logo_FWRT (logo_MULL logo_epsL 2) logo_epsA $0))) (logo_FWRT (logo_MULL logo_UL 2) logo_ZA (logo_forLoop 5 (lambda (lambda (logo_FWRT (logo_MULL logo_UL 2) (logo_DIVA logo_UA 5) $0))) $0))))),a medium circle connected by a medium line to a medium pentagon,"['small circle connected to larger pentagon via a line', 'a circle is attached to a pentagon by a line', 'hexagon circle']"
302,/scratch/gpfs/nb0564/vlm_reasoning/logo_experiment/images/test-53.png,test,5 sided snowflake with a small circle as arms,(lambda (logo_forLoop 5 (lambda (lambda (logo_GETSET (lambda (logo_forLoop logo_IFTY (lambda (lambda (logo_FWRT (logo_MULL logo_epsL 1) logo_epsA $0))) (logo_forLoop logo_IFTY (lambda (lambda (logo_FWRT (logo_MULL logo_epsL 1) logo_epsA $0))) $0))) (logo_FWRT logo_ZL (logo_DIVA logo_UA 5) $0)))) $0)),five sided snowflake with a small circle as arms,"['five tiny overlapping circles', 'very small pentagon made from super small circles', 'a small circle that is divided into five circles on the outside and five circles on the inside', 'five tiny circles in a pentagon formation']"
303,/scratch/gpfs/nb0564/vlm_reasoning/logo_experiment/images/test-59.png,test,3 sided snowflake with a small 6 gon as arms,(lambda (logo_forLoop 3 (lambda (lambda (logo_GETSET (lambda (logo_forLoop 6 (lambda (lambda (logo_FWRT (logo_MULL logo_UL 1) (logo_DIVA logo_UA 6) $0))) $0)) (logo_FWRT logo_ZL (logo_DIVA logo_UA 3) $0)))) $0)),three sided snowflake with a small hexagon as arms,"['a three piece h1 y comb six sided pieces', 'three hexagon']"
304,/scratch/gpfs/nb0564/vlm_reasoning/logo_experiment/images/test-101.png,test,8 sided snowflake with a medium semicircle and a small 5 gon as arms,(lambda (logo_forLoop 8 (lambda (lambda (logo_GETSET (lambda (logo_PT (lambda (logo_FWRT logo_UL logo_ZA $0)) (logo_forLoop logo_IFTY (lambda (lambda (logo_FWRT (logo_MULL logo_epsL 2) logo_epsA $0))) (logo_PT (lambda (logo_FWRT logo_UL logo_ZA $0)) (logo_forLoop 5 (lambda (lambda (logo_FWRT (logo_MULL logo_UL 1) (logo_DIVA logo_UA 5) $0))) $0))))) (logo_FWRT logo_ZL (logo_DIVA logo_UA 8) $0)))) $0)),eight sided snowflake with a medium semicircle and a small pentagon as arms,"['dark whirlpool', 'blob of lines', 'an eight sided snowflake with a black center and triangles connected to semi circles as arms']"
305,/scratch/gpfs/nb0564/vlm_reasoning/logo_experiment/images/test-32.png,test,a small 5 gon connected by a medium line to a small 5 gon,(lambda (logo_forLoop 5 (lambda (lambda (logo_FWRT (logo_MULL logo_UL 1) (logo_DIVA logo_UA 5) $0))) (logo_FWRT (logo_MULL logo_UL 2) logo_ZA (logo_forLoop 5 (lambda (lambda (logo_FWRT (logo_MULL logo_UL 1) (logo_DIVA logo_UA 5) $0))) $0)))),a small pentagon connected by a medium line to a small pentagon,"['two pentagons connected by a line at the bottom', 'two pentagons connected by a line', 'two pentagons connected by line at the bottom spaced out pentagon']"
306,/scratch/gpfs/nb0564/vlm_reasoning/logo_experiment/images/test-8.png,test,6 concentric circle s,(lambda (logo_forLoop 7 (lambda (lambda (logo_forLoop logo_IFTY (lambda (lambda (logo_FWRT (logo_MULL logo_epsL $3) logo_epsA $0))) (logo_forLoop logo_IFTY (lambda (lambda (logo_FWRT (logo_MULL logo_epsL $3) logo_epsA $0))) $0)))) $0)),six concentric circles,"['six nested circles', 'nesting circles with six circlews', 'circle tunnel']"
307,/scratch/gpfs/nb0564/vlm_reasoning/logo_experiment/images/test-91.png,test,7 sided snowflake with a short space and a short line and a short space and a small semicircle as arms,(lambda (logo_forLoop 7 (lambda (lambda (logo_GETSET (lambda (logo_PT (lambda (logo_FWRT logo_UL logo_ZA $0)) (logo_FWRT logo_UL logo_ZA (logo_PT (lambda (logo_FWRT logo_UL logo_ZA $0)) (logo_forLoop logo_IFTY (lambda (lambda (logo_FWRT (logo_MULL logo_epsL 1) logo_epsA $0))) $0))))) (logo_FWRT logo_ZL (logo_DIVA logo_UA 7) $0)))) $0)),seven sided snowflake with a short space and a short line and a short space and a small semicircle as arms,"['sun with seven rainbows', 'seven dashes with half circles', 'a seven sided snowflake with a space a line and a space and a semi circle as arms']"
308,/scratch/gpfs/nb0564/vlm_reasoning/logo_experiment/images/test-76.png,test,6 sided snowflake with a short space and a medium square as arms,(lambda (logo_forLoop 6 (lambda (lambda (logo_GETSET (lambda (logo_PT (lambda (logo_FWRT (logo_MULL logo_UL 1) logo_ZA $0)) (logo_forLoop 4 (lambda (lambda (logo_FWRT (logo_MULL logo_UL 2) (logo_DIVA logo_UA 4) $0))) $0))) (logo_FWRT logo_ZL (logo_DIVA logo_UA 6) $0)))) $0)),six sided snowflake with a short space and a medium square as arms,"['hexagon squares', 'six squares in a circle', 'six sqaures', 'six large squares arranged in a circle']"
309,/scratch/gpfs/nb0564/vlm_reasoning/logo_experiment/images/test-2.png,test,6 concentric square s,(lambda (logo_forLoop 7 (lambda (lambda (logo_GETSET (lambda (logo_forLoop 4 (lambda (lambda (logo_FWRT (logo_MULL logo_UL $4) (logo_DIVA logo_UA 4) $0))) $0)) $0))) $0)),six concentric squares,"['six nested squares', 'six nested boxes', 'six squares inside each other wifi symbol']"
310,/scratch/gpfs/nb0564/vlm_reasoning/logo_experiment/images/test-17.png,test,a medium circle next to a short line,(lambda (logo_forLoop logo_IFTY (lambda (lambda (logo_FWRT (logo_MULL logo_epsL 2) logo_epsA $0))) (logo_forLoop logo_IFTY (lambda (lambda (logo_FWRT (logo_MULL logo_epsL 2) logo_epsA $0))) (logo_PT (lambda (logo_FWRT (logo_MULL logo_UL 2) logo_ZA $0)) (logo_FWRT logo_UL logo_ZA $0))))),a medium circle next to a short line,"['medium circle small line', 'small circle to left of underscore', 'smallmedium circle on left and dash or underscore on right with space in between', 'circle next to line']"
