program_string,module1_shape,module1_color,module2_shape,module2_color,module3_shape,module3_color,render_filepath
(C (C (color 1 0 0 (T (repeat (T l (M 0.13975407808810986 0 -0.06987703904405493 1.3333333333333333)) 60 (M 1 0.10471975511965977 0 0)) (M 1 0 0 -2.666666666666667))) (color 1 0 0 (T (repeat (T l (M 0.13975407808810986 0 -0.06987703904405493 1.3333333333333333)) 60 (M 1 0.10471975511965977 0 0)) (M 1 0 0 -2.220446049250313e-16)))) (color 1 0 0 (T (repeat (T l (M 0.13975407808810986 0 -0.06987703904405493 1.3333333333333333)) 60 (M 1 0.10471975511965977 0 0)) (M 1 0 0 2.666666666666666)))),circle,red,circle,red,circle,red,balanced_data/dim_balanced/totems/dim3/var1/images/0.png
(C (C (color 1 0 0 (T (repeat (T l (M 0.13975407808810986 0 -0.06987703904405493 1.3333333333333333)) 60 (M 1 0.10471975511965977 0 0)) (M 1 0 0 -2.666666666666667))) (color 1 0 0 (T (repeat (T l (M 0.13975407808810986 0 -0.06987703904405493 1.3333333333333333)) 60 (M 1 0.10471975511965977 0 0)) (M 1 0 0 -2.220446049250313e-16)))) (color 0 1 0 (T (repeat (T l (M 0.13975407808810986 0 -0.06987703904405493 1.3333333333333333)) 60 (M 1 0.10471975511965977 0 0)) (M 1 0 0 2.666666666666666)))),circle,red,circle,red,circle,green,balanced_data/dim_balanced/totems/dim3/var1/images/1.png
(C (C (color 1 0 0 (T (repeat (T l (M 0.13975407808810986 0 -0.06987703904405493 1.3333333333333333)) 60 (M 1 0.10471975511965977 0 0)) (M 1 0 0 -2.666666666666667))) (color 1 0 0 (T (repeat (T l (M 0.13975407808810986 0 -0.06987703904405493 1.3333333333333333)) 60 (M 1 0.10471975511965977 0 0)) (M 1 0 0 -2.220446049250313e-16)))) (color 0 0 1 (T (repeat (T l (M 0.13975407808810986 0 -0.06987703904405493 1.3333333333333333)) 60 (M 1 0.10471975511965977 0 0)) (M 1 0 0 2.666666666666666)))),circle,red,circle,red,circle,blue,balanced_data/dim_balanced/totems/dim3/var1/images/2.png
(C (C (color 1 0 0 (T (repeat (T l (M 0.13975407808810986 0 -0.06987703904405493 1.3333333333333333)) 60 (M 1 0.10471975511965977 0 0)) (M 1 0 0 -2.666666666666667))) (color 1 0 0 (T (repeat (T l (M 0.13975407808810986 0 -0.06987703904405493 1.3333333333333333)) 60 (M 1 0.10471975511965977 0 0)) (M 1 0 0 -2.220446049250313e-16)))) (color 1 0 0 (T (T (repeat (T l (M 3.0792014356780038 0 -1.5396007178390019 0.8888888888888891)) 3 (M 1 2.0943951023931953 0 0)) (M 1 0 0 0.4444444444444443)) (M 1 0 0 2.666666666666666)))),circle,red,circle,red,triangle,red,balanced_data/dim_balanced/totems/dim3/var1/images/3.png
(C (C (color 1 0 0 (T (repeat (T l (M 0.13975407808810986 0 -0.06987703904405493 1.3333333333333333)) 60 (M 1 0.10471975511965977 0 0)) (M 1 0 0 -2.666666666666667))) (color 1 0 0 (T (repeat (T l (M 0.13975407808810986 0 -0.06987703904405493 1.3333333333333333)) 60 (M 1 0.10471975511965977 0 0)) (M 1 0 0 -2.220446049250313e-16)))) (color 0 1 0 (T (T (repeat (T l (M 3.0792014356780038 0 -1.5396007178390019 0.8888888888888891)) 3 (M 1 2.0943951023931953 0 0)) (M 1 0 0 0.4444444444444443)) (M 1 0 0 2.666666666666666)))),circle,red,circle,red,triangle,green,balanced_data/dim_balanced/totems/dim3/var1/images/4.png
(C (C (color 1 0 0 (T (repeat (T l (M 0.13975407808810986 0 -0.06987703904405493 1.3333333333333333)) 60 (M 1 0.10471975511965977 0 0)) (M 1 0 0 -2.666666666666667))) (color 1 0 0 (T (repeat (T l (M 0.13975407808810986 0 -0.06987703904405493 1.3333333333333333)) 60 (M 1 0.10471975511965977 0 0)) (M 1 0 0 -2.220446049250313e-16)))) (color 0 0 1 (T (T (repeat (T l (M 3.0792014356780038 0 -1.5396007178390019 0.8888888888888891)) 3 (M 1 2.0943951023931953 0 0)) (M 1 0 0 0.4444444444444443)) (M 1 0 0 2.666666666666666)))),circle,red,circle,red,triangle,blue,balanced_data/dim_balanced/totems/dim3/var1/images/5.png
(C (C (color 1 0 0 (T (repeat (T l (M 0.13975407808810986 0 -0.06987703904405493 1.3333333333333333)) 60 (M 1 0.10471975511965977 0 0)) (M 1 0 0 -2.666666666666667))) (color 1 0 0 (T (repeat (T l (M 0.13975407808810986 0 -0.06987703904405493 1.3333333333333333)) 60 (M 1 0.10471975511965977 0 0)) (M 1 0 0 -2.220446049250313e-16)))) (color 1 0 0 (T (repeat (T l (M 2.666666666666666 0 -1.333333333333333 1.3333333333333333)) 4 (M 1 1.5707963267948966 0 0)) (M 1 0 0 2.666666666666666)))),circle,red,circle,red,square,red,balanced_data/dim_balanced/totems/dim3/var1/images/6.png
(C (C (color 1 0 0 (T (repeat (T l (M 0.13975407808810986 0 -0.06987703904405493 1.3333333333333333)) 60 (M 1 0.10471975511965977 0 0)) (M 1 0 0 -2.666666666666667))) (color 1 0 0 (T (repeat (T l (M 0.13975407808810986 0 -0.06987703904405493 1.3333333333333333)) 60 (M 1 0.10471975511965977 0 0)) (M 1 0 0 -2.220446049250313e-16)))) (color 0 1 0 (T (repeat (T l (M 2.666666666666666 0 -1.333333333333333 1.3333333333333333)) 4 (M 1 1.5707963267948966 0 0)) (M 1 0 0 2.666666666666666)))),circle,red,circle,red,square,green,balanced_data/dim_balanced/totems/dim3/var1/images/7.png
(C (C (color 1 0 0 (T (repeat (T l (M 0.13975407808810986 0 -0.06987703904405493 1.3333333333333333)) 60 (M 1 0.10471975511965977 0 0)) (M 1 0 0 -2.666666666666667))) (color 1 0 0 (T (repeat (T l (M 0.13975407808810986 0 -0.06987703904405493 1.3333333333333333)) 60 (M 1 0.10471975511965977 0 0)) (M 1 0 0 -2.220446049250313e-16)))) (color 0 0 1 (T (repeat (T l (M 2.666666666666666 0 -1.333333333333333 1.3333333333333333)) 4 (M 1 1.5707963267948966 0 0)) (M 1 0 0 2.666666666666666)))),circle,red,circle,red,square,blue,balanced_data/dim_balanced/totems/dim3/var1/images/8.png
(C (C (color 1 0 0 (T (repeat (T l (M 0.13975407808810986 0 -0.06987703904405493 1.3333333333333333)) 60 (M 1 0.10471975511965977 0 0)) (M 1 0 0 -2.666666666666667))) (color 0 1 0 (T (repeat (T l (M 0.13975407808810986 0 -0.06987703904405493 1.3333333333333333)) 60 (M 1 0.10471975511965977 0 0)) (M 1 0 0 -2.220446049250313e-16)))) (color 1 0 0 (T (repeat (T l (M 0.13975407808810986 0 -0.06987703904405493 1.3333333333333333)) 60 (M 1 0.10471975511965977 0 0)) (M 1 0 0 2.666666666666666)))),circle,red,circle,green,circle,red,balanced_data/dim_balanced/totems/dim3/var1/images/9.png
(C (C (color 1 0 0 (T (repeat (T l (M 0.13975407808810986 0 -0.06987703904405493 1.3333333333333333)) 60 (M 1 0.10471975511965977 0 0)) (M 1 0 0 -2.666666666666667))) (color 0 1 0 (T (repeat (T l (M 0.13975407808810986 0 -0.06987703904405493 1.3333333333333333)) 60 (M 1 0.10471975511965977 0 0)) (M 1 0 0 -2.220446049250313e-16)))) (color 0 1 0 (T (repeat (T l (M 0.13975407808810986 0 -0.06987703904405493 1.3333333333333333)) 60 (M 1 0.10471975511965977 0 0)) (M 1 0 0 2.666666666666666)))),circle,red,circle,green,circle,green,balanced_data/dim_balanced/totems/dim3/var1/images/10.png
(C (C (color 1 0 0 (T (repeat (T l (M 0.13975407808810986 0 -0.06987703904405493 1.3333333333333333)) 60 (M 1 0.10471975511965977 0 0)) (M 1 0 0 -2.666666666666667))) (color 0 1 0 (T (repeat (T l (M 0.13975407808810986 0 -0.06987703904405493 1.3333333333333333)) 60 (M 1 0.10471975511965977 0 0)) (M 1 0 0 -2.220446049250313e-16)))) (color 0 0 1 (T (repeat (T l (M 0.13975407808810986 0 -0.06987703904405493 1.3333333333333333)) 60 (M 1 0.10471975511965977 0 0)) (M 1 0 0 2.666666666666666)))),circle,red,circle,green,circle,blue,balanced_data/dim_balanced/totems/dim3/var1/images/11.png
(C (C (color 1 0 0 (T (repeat (T l (M 0.13975407808810986 0 -0.06987703904405493 1.3333333333333333)) 60 (M 1 0.10471975511965977 0 0)) (M 1 0 0 -2.666666666666667))) (color 0 1 0 (T (repeat (T l (M 0.13975407808810986 0 -0.06987703904405493 1.3333333333333333)) 60 (M 1 0.10471975511965977 0 0)) (M 1 0 0 -2.220446049250313e-16)))) (color 1 0 0 (T (T (repeat (T l (M 3.0792014356780038 0 -1.5396007178390019 0.8888888888888891)) 3 (M 1 2.0943951023931953 0 0)) (M 1 0 0 0.4444444444444443)) (M 1 0 0 2.666666666666666)))),circle,red,circle,green,triangle,red,balanced_data/dim_balanced/totems/dim3/var1/images/12.png
(C (C (color 1 0 0 (T (repeat (T l (M 0.13975407808810986 0 -0.06987703904405493 1.3333333333333333)) 60 (M 1 0.10471975511965977 0 0)) (M 1 0 0 -2.666666666666667))) (color 0 1 0 (T (repeat (T l (M 0.13975407808810986 0 -0.06987703904405493 1.3333333333333333)) 60 (M 1 0.10471975511965977 0 0)) (M 1 0 0 -2.220446049250313e-16)))) (color 0 1 0 (T (T (repeat (T l (M 3.0792014356780038 0 -1.5396007178390019 0.8888888888888891)) 3 (M 1 2.0943951023931953 0 0)) (M 1 0 0 0.4444444444444443)) (M 1 0 0 2.666666666666666)))),circle,red,circle,green,triangle,green,balanced_data/dim_balanced/totems/dim3/var1/images/13.png
(C (C (color 1 0 0 (T (repeat (T l (M 0.13975407808810986 0 -0.06987703904405493 1.3333333333333333)) 60 (M 1 0.10471975511965977 0 0)) (M 1 0 0 -2.666666666666667))) (color 0 1 0 (T (repeat (T l (M 0.13975407808810986 0 -0.06987703904405493 1.3333333333333333)) 60 (M 1 0.10471975511965977 0 0)) (M 1 0 0 -2.220446049250313e-16)))) (color 0 0 1 (T (T (repeat (T l (M 3.0792014356780038 0 -1.5396007178390019 0.8888888888888891)) 3 (M 1 2.0943951023931953 0 0)) (M 1 0 0 0.4444444444444443)) (M 1 0 0 2.666666666666666)))),circle,red,circle,green,triangle,blue,balanced_data/dim_balanced/totems/dim3/var1/images/14.png
(C (C (color 1 0 0 (T (repeat (T l (M 0.13975407808810986 0 -0.06987703904405493 1.3333333333333333)) 60 (M 1 0.10471975511965977 0 0)) (M 1 0 0 -2.666666666666667))) (color 0 1 0 (T (repeat (T l (M 0.13975407808810986 0 -0.06987703904405493 1.3333333333333333)) 60 (M 1 0.10471975511965977 0 0)) (M 1 0 0 -2.220446049250313e-16)))) (color 1 0 0 (T (repeat (T l (M 2.666666666666666 0 -1.333333333333333 1.3333333333333333)) 4 (M 1 1.5707963267948966 0 0)) (M 1 0 0 2.666666666666666)))),circle,red,circle,green,square,red,balanced_data/dim_balanced/totems/dim3/var1/images/15.png
(C (C (color 1 0 0 (T (repeat (T l (M 0.13975407808810986 0 -0.06987703904405493 1.3333333333333333)) 60 (M 1 0.10471975511965977 0 0)) (M 1 0 0 -2.666666666666667))) (color 0 1 0 (T (repeat (T l (M 0.13975407808810986 0 -0.06987703904405493 1.3333333333333333)) 60 (M 1 0.10471975511965977 0 0)) (M 1 0 0 -2.220446049250313e-16)))) (color 0 1 0 (T (repeat (T l (M 2.666666666666666 0 -1.333333333333333 1.3333333333333333)) 4 (M 1 1.5707963267948966 0 0)) (M 1 0 0 2.666666666666666)))),circle,red,circle,green,square,green,balanced_data/dim_balanced/totems/dim3/var1/images/16.png
(C (C (color 1 0 0 (T (repeat (T l (M 0.13975407808810986 0 -0.06987703904405493 1.3333333333333333)) 60 (M 1 0.10471975511965977 0 0)) (M 1 0 0 -2.666666666666667))) (color 0 1 0 (T (repeat (T l (M 0.13975407808810986 0 -0.06987703904405493 1.3333333333333333)) 60 (M 1 0.10471975511965977 0 0)) (M 1 0 0 -2.220446049250313e-16)))) (color 0 0 1 (T (repeat (T l (M 2.666666666666666 0 -1.333333333333333 1.3333333333333333)) 4 (M 1 1.5707963267948966 0 0)) (M 1 0 0 2.666666666666666)))),circle,red,circle,green,square,blue,balanced_data/dim_balanced/totems/dim3/var1/images/17.png
(C (C (color 1 0 0 (T (repeat (T l (M 0.13975407808810986 0 -0.06987703904405493 1.3333333333333333)) 60 (M 1 0.10471975511965977 0 0)) (M 1 0 0 -2.666666666666667))) (color 0 0 1 (T (repeat (T l (M 0.13975407808810986 0 -0.06987703904405493 1.3333333333333333)) 60 (M 1 0.10471975511965977 0 0)) (M 1 0 0 -2.220446049250313e-16)))) (color 1 0 0 (T (repeat (T l (M 0.13975407808810986 0 -0.06987703904405493 1.3333333333333333)) 60 (M 1 0.10471975511965977 0 0)) (M 1 0 0 2.666666666666666)))),circle,red,circle,blue,circle,red,balanced_data/dim_balanced/totems/dim3/var1/images/18.png
(C (C (color 1 0 0 (T (repeat (T l (M 0.13975407808810986 0 -0.06987703904405493 1.3333333333333333)) 60 (M 1 0.10471975511965977 0 0)) (M 1 0 0 -2.666666666666667))) (color 0 0 1 (T (repeat (T l (M 0.13975407808810986 0 -0.06987703904405493 1.3333333333333333)) 60 (M 1 0.10471975511965977 0 0)) (M 1 0 0 -2.220446049250313e-16)))) (color 0 1 0 (T (repeat (T l (M 0.13975407808810986 0 -0.06987703904405493 1.3333333333333333)) 60 (M 1 0.10471975511965977 0 0)) (M 1 0 0 2.666666666666666)))),circle,red,circle,blue,circle,green,balanced_data/dim_balanced/totems/dim3/var1/images/19.png
(C (C (color 1 0 0 (T (repeat (T l (M 0.13975407808810986 0 -0.06987703904405493 1.3333333333333333)) 60 (M 1 0.10471975511965977 0 0)) (M 1 0 0 -2.666666666666667))) (color 0 0 1 (T (repeat (T l (M 0.13975407808810986 0 -0.06987703904405493 1.3333333333333333)) 60 (M 1 0.10471975511965977 0 0)) (M 1 0 0 -2.220446049250313e-16)))) (color 0 0 1 (T (repeat (T l (M 0.13975407808810986 0 -0.06987703904405493 1.3333333333333333)) 60 (M 1 0.10471975511965977 0 0)) (M 1 0 0 2.666666666666666)))),circle,red,circle,blue,circle,blue,balanced_data/dim_balanced/totems/dim3/var1/images/20.png
(C (C (color 1 0 0 (T (repeat (T l (M 0.13975407808810986 0 -0.06987703904405493 1.3333333333333333)) 60 (M 1 0.10471975511965977 0 0)) (M 1 0 0 -2.666666666666667))) (color 0 0 1 (T (repeat (T l (M 0.13975407808810986 0 -0.06987703904405493 1.3333333333333333)) 60 (M 1 0.10471975511965977 0 0)) (M 1 0 0 -2.220446049250313e-16)))) (color 1 0 0 (T (T (repeat (T l (M 3.0792014356780038 0 -1.5396007178390019 0.8888888888888891)) 3 (M 1 2.0943951023931953 0 0)) (M 1 0 0 0.4444444444444443)) (M 1 0 0 2.666666666666666)))),circle,red,circle,blue,triangle,red,balanced_data/dim_balanced/totems/dim3/var1/images/21.png
(C (C (color 1 0 0 (T (repeat (T l (M 0.13975407808810986 0 -0.06987703904405493 1.3333333333333333)) 60 (M 1 0.10471975511965977 0 0)) (M 1 0 0 -2.666666666666667))) (color 0 0 1 (T (repeat (T l (M 0.13975407808810986 0 -0.06987703904405493 1.3333333333333333)) 60 (M 1 0.10471975511965977 0 0)) (M 1 0 0 -2.220446049250313e-16)))) (color 0 1 0 (T (T (repeat (T l (M 3.0792014356780038 0 -1.5396007178390019 0.8888888888888891)) 3 (M 1 2.0943951023931953 0 0)) (M 1 0 0 0.4444444444444443)) (M 1 0 0 2.666666666666666)))),circle,red,circle,blue,triangle,green,balanced_data/dim_balanced/totems/dim3/var1/images/22.png
(C (C (color 1 0 0 (T (repeat (T l (M 0.13975407808810986 0 -0.06987703904405493 1.3333333333333333)) 60 (M 1 0.10471975511965977 0 0)) (M 1 0 0 -2.666666666666667))) (color 0 0 1 (T (repeat (T l (M 0.13975407808810986 0 -0.06987703904405493 1.3333333333333333)) 60 (M 1 0.10471975511965977 0 0)) (M 1 0 0 -2.220446049250313e-16)))) (color 0 0 1 (T (T (repeat (T l (M 3.0792014356780038 0 -1.5396007178390019 0.8888888888888891)) 3 (M 1 2.0943951023931953 0 0)) (M 1 0 0 0.4444444444444443)) (M 1 0 0 2.666666666666666)))),circle,red,circle,blue,triangle,blue,balanced_data/dim_balanced/totems/dim3/var1/images/23.png
(C (C (color 1 0 0 (T (repeat (T l (M 0.13975407808810986 0 -0.06987703904405493 1.3333333333333333)) 60 (M 1 0.10471975511965977 0 0)) (M 1 0 0 -2.666666666666667))) (color 0 0 1 (T (repeat (T l (M 0.13975407808810986 0 -0.06987703904405493 1.3333333333333333)) 60 (M 1 0.10471975511965977 0 0)) (M 1 0 0 -2.220446049250313e-16)))) (color 1 0 0 (T (repeat (T l (M 2.666666666666666 0 -1.333333333333333 1.3333333333333333)) 4 (M 1 1.5707963267948966 0 0)) (M 1 0 0 2.666666666666666)))),circle,red,circle,blue,square,red,balanced_data/dim_balanced/totems/dim3/var1/images/24.png
(C (C (color 1 0 0 (T (repeat (T l (M 0.13975407808810986 0 -0.06987703904405493 1.3333333333333333)) 60 (M 1 0.10471975511965977 0 0)) (M 1 0 0 -2.666666666666667))) (color 0 0 1 (T (repeat (T l (M 0.13975407808810986 0 -0.06987703904405493 1.3333333333333333)) 60 (M 1 0.10471975511965977 0 0)) (M 1 0 0 -2.220446049250313e-16)))) (color 0 1 0 (T (repeat (T l (M 2.666666666666666 0 -1.333333333333333 1.3333333333333333)) 4 (M 1 1.5707963267948966 0 0)) (M 1 0 0 2.666666666666666)))),circle,red,circle,blue,square,green,balanced_data/dim_balanced/totems/dim3/var1/images/25.png
(C (C (color 1 0 0 (T (repeat (T l (M 0.13975407808810986 0 -0.06987703904405493 1.3333333333333333)) 60 (M 1 0.10471975511965977 0 0)) (M 1 0 0 -2.666666666666667))) (color 0 0 1 (T (repeat (T l (M 0.13975407808810986 0 -0.06987703904405493 1.3333333333333333)) 60 (M 1 0.10471975511965977 0 0)) (M 1 0 0 -2.220446049250313e-16)))) (color 0 0 1 (T (repeat (T l (M 2.666666666666666 0 -1.333333333333333 1.3333333333333333)) 4 (M 1 1.5707963267948966 0 0)) (M 1 0 0 2.666666666666666)))),circle,red,circle,blue,square,blue,balanced_data/dim_balanced/totems/dim3/var1/images/26.png
(C (C (color 1 0 0 (T (repeat (T l (M 0.13975407808810986 0 -0.06987703904405493 1.3333333333333333)) 60 (M 1 0.10471975511965977 0 0)) (M 1 0 0 -2.666666666666667))) (color 1 0 0 (T (T (repeat (T l (M 3.0792014356780038 0 -1.5396007178390019 0.8888888888888891)) 3 (M 1 2.0943951023931953 0 0)) (M 1 0 0 0.4444444444444443)) (M 1 0 0 -2.220446049250313e-16)))) (color 1 0 0 (T (repeat (T l (M 0.13975407808810986 0 -0.06987703904405493 1.3333333333333333)) 60 (M 1 0.10471975511965977 0 0)) (M 1 0 0 2.666666666666666)))),circle,red,triangle,red,circle,red,balanced_data/dim_balanced/totems/dim3/var1/images/27.png
(C (C (color 1 0 0 (T (repeat (T l (M 0.13975407808810986 0 -0.06987703904405493 1.3333333333333333)) 60 (M 1 0.10471975511965977 0 0)) (M 1 0 0 -2.666666666666667))) (color 1 0 0 (T (T (repeat (T l (M 3.0792014356780038 0 -1.5396007178390019 0.8888888888888891)) 3 (M 1 2.0943951023931953 0 0)) (M 1 0 0 0.4444444444444443)) (M 1 0 0 -2.220446049250313e-16)))) (color 0 1 0 (T (repeat (T l (M 0.13975407808810986 0 -0.06987703904405493 1.3333333333333333)) 60 (M 1 0.10471975511965977 0 0)) (M 1 0 0 2.666666666666666)))),circle,red,triangle,red,circle,green,balanced_data/dim_balanced/totems/dim3/var1/images/28.png
(C (C (color 1 0 0 (T (repeat (T l (M 0.13975407808810986 0 -0.06987703904405493 1.3333333333333333)) 60 (M 1 0.10471975511965977 0 0)) (M 1 0 0 -2.666666666666667))) (color 1 0 0 (T (T (repeat (T l (M 3.0792014356780038 0 -1.5396007178390019 0.8888888888888891)) 3 (M 1 2.0943951023931953 0 0)) (M 1 0 0 0.4444444444444443)) (M 1 0 0 -2.220446049250313e-16)))) (color 0 0 1 (T (repeat (T l (M 0.13975407808810986 0 -0.06987703904405493 1.3333333333333333)) 60 (M 1 0.10471975511965977 0 0)) (M 1 0 0 2.666666666666666)))),circle,red,triangle,red,circle,blue,balanced_data/dim_balanced/totems/dim3/var1/images/29.png
(C (C (color 1 0 0 (T (repeat (T l (M 0.13975407808810986 0 -0.06987703904405493 1.3333333333333333)) 60 (M 1 0.10471975511965977 0 0)) (M 1 0 0 -2.666666666666667))) (color 1 0 0 (T (T (repeat (T l (M 3.0792014356780038 0 -1.5396007178390019 0.8888888888888891)) 3 (M 1 2.0943951023931953 0 0)) (M 1 0 0 0.4444444444444443)) (M 1 0 0 -2.220446049250313e-16)))) (color 1 0 0 (T (T (repeat (T l (M 3.0792014356780038 0 -1.5396007178390019 0.8888888888888891)) 3 (M 1 2.0943951023931953 0 0)) (M 1 0 0 0.4444444444444443)) (M 1 0 0 2.666666666666666)))),circle,red,triangle,red,triangle,red,balanced_data/dim_balanced/totems/dim3/var1/images/30.png
(C (C (color 1 0 0 (T (repeat (T l (M 0.13975407808810986 0 -0.06987703904405493 1.3333333333333333)) 60 (M 1 0.10471975511965977 0 0)) (M 1 0 0 -2.666666666666667))) (color 1 0 0 (T (T (repeat (T l (M 3.0792014356780038 0 -1.5396007178390019 0.8888888888888891)) 3 (M 1 2.0943951023931953 0 0)) (M 1 0 0 0.4444444444444443)) (M 1 0 0 -2.220446049250313e-16)))) (color 0 1 0 (T (T (repeat (T l (M 3.0792014356780038 0 -1.5396007178390019 0.8888888888888891)) 3 (M 1 2.0943951023931953 0 0)) (M 1 0 0 0.4444444444444443)) (M 1 0 0 2.666666666666666)))),circle,red,triangle,red,triangle,green,balanced_data/dim_balanced/totems/dim3/var1/images/31.png
(C (C (color 1 0 0 (T (repeat (T l (M 0.13975407808810986 0 -0.06987703904405493 1.3333333333333333)) 60 (M 1 0.10471975511965977 0 0)) (M 1 0 0 -2.666666666666667))) (color 1 0 0 (T (T (repeat (T l (M 3.0792014356780038 0 -1.5396007178390019 0.8888888888888891)) 3 (M 1 2.0943951023931953 0 0)) (M 1 0 0 0.4444444444444443)) (M 1 0 0 -2.220446049250313e-16)))) (color 0 0 1 (T (T (repeat (T l (M 3.0792014356780038 0 -1.5396007178390019 0.8888888888888891)) 3 (M 1 2.0943951023931953 0 0)) (M 1 0 0 0.4444444444444443)) (M 1 0 0 2.666666666666666)))),circle,red,triangle,red,triangle,blue,balanced_data/dim_balanced/totems/dim3/var1/images/32.png
(C (C (color 1 0 0 (T (repeat (T l (M 0.13975407808810986 0 -0.06987703904405493 1.3333333333333333)) 60 (M 1 0.10471975511965977 0 0)) (M 1 0 0 -2.666666666666667))) (color 1 0 0 (T (T (repeat (T l (M 3.0792014356780038 0 -1.5396007178390019 0.8888888888888891)) 3 (M 1 2.0943951023931953 0 0)) (M 1 0 0 0.4444444444444443)) (M 1 0 0 -2.220446049250313e-16)))) (color 1 0 0 (T (repeat (T l (M 2.666666666666666 0 -1.333333333333333 1.3333333333333333)) 4 (M 1 1.5707963267948966 0 0)) (M 1 0 0 2.666666666666666)))),circle,red,triangle,red,square,red,balanced_data/dim_balanced/totems/dim3/var1/images/33.png
(C (C (color 1 0 0 (T (repeat (T l (M 0.13975407808810986 0 -0.06987703904405493 1.3333333333333333)) 60 (M 1 0.10471975511965977 0 0)) (M 1 0 0 -2.666666666666667))) (color 1 0 0 (T (T (repeat (T l (M 3.0792014356780038 0 -1.5396007178390019 0.8888888888888891)) 3 (M 1 2.0943951023931953 0 0)) (M 1 0 0 0.4444444444444443)) (M 1 0 0 -2.220446049250313e-16)))) (color 0 1 0 (T (repeat (T l (M 2.666666666666666 0 -1.333333333333333 1.3333333333333333)) 4 (M 1 1.5707963267948966 0 0)) (M 1 0 0 2.666666666666666)))),circle,red,triangle,red,square,green,balanced_data/dim_balanced/totems/dim3/var1/images/34.png
(C (C (color 1 0 0 (T (repeat (T l (M 0.13975407808810986 0 -0.06987703904405493 1.3333333333333333)) 60 (M 1 0.10471975511965977 0 0)) (M 1 0 0 -2.666666666666667))) (color 1 0 0 (T (T (repeat (T l (M 3.0792014356780038 0 -1.5396007178390019 0.8888888888888891)) 3 (M 1 2.0943951023931953 0 0)) (M 1 0 0 0.4444444444444443)) (M 1 0 0 -2.220446049250313e-16)))) (color 0 0 1 (T (repeat (T l (M 2.666666666666666 0 -1.333333333333333 1.3333333333333333)) 4 (M 1 1.5707963267948966 0 0)) (M 1 0 0 2.666666666666666)))),circle,red,triangle,red,square,blue,balanced_data/dim_balanced/totems/dim3/var1/images/35.png
(C (C (color 1 0 0 (T (repeat (T l (M 0.13975407808810986 0 -0.06987703904405493 1.3333333333333333)) 60 (M 1 0.10471975511965977 0 0)) (M 1 0 0 -2.666666666666667))) (color 0 1 0 (T (T (repeat (T l (M 3.0792014356780038 0 -1.5396007178390019 0.8888888888888891)) 3 (M 1 2.0943951023931953 0 0)) (M 1 0 0 0.4444444444444443)) (M 1 0 0 -2.220446049250313e-16)))) (color 1 0 0 (T (repeat (T l (M 0.13975407808810986 0 -0.06987703904405493 1.3333333333333333)) 60 (M 1 0.10471975511965977 0 0)) (M 1 0 0 2.666666666666666)))),circle,red,triangle,green,circle,red,balanced_data/dim_balanced/totems/dim3/var1/images/36.png
(C (C (color 1 0 0 (T (repeat (T l (M 0.13975407808810986 0 -0.06987703904405493 1.3333333333333333)) 60 (M 1 0.10471975511965977 0 0)) (M 1 0 0 -2.666666666666667))) (color 0 1 0 (T (T (repeat (T l (M 3.0792014356780038 0 -1.5396007178390019 0.8888888888888891)) 3 (M 1 2.0943951023931953 0 0)) (M 1 0 0 0.4444444444444443)) (M 1 0 0 -2.220446049250313e-16)))) (color 0 1 0 (T (repeat (T l (M 0.13975407808810986 0 -0.06987703904405493 1.3333333333333333)) 60 (M 1 0.10471975511965977 0 0)) (M 1 0 0 2.666666666666666)))),circle,red,triangle,green,circle,green,balanced_data/dim_balanced/totems/dim3/var1/images/37.png
(C (C (color 1 0 0 (T (repeat (T l (M 0.13975407808810986 0 -0.06987703904405493 1.3333333333333333)) 60 (M 1 0.10471975511965977 0 0)) (M 1 0 0 -2.666666666666667))) (color 0 1 0 (T (T (repeat (T l (M 3.0792014356780038 0 -1.5396007178390019 0.8888888888888891)) 3 (M 1 2.0943951023931953 0 0)) (M 1 0 0 0.4444444444444443)) (M 1 0 0 -2.220446049250313e-16)))) (color 0 0 1 (T (repeat (T l (M 0.13975407808810986 0 -0.06987703904405493 1.3333333333333333)) 60 (M 1 0.10471975511965977 0 0)) (M 1 0 0 2.666666666666666)))),circle,red,triangle,green,circle,blue,balanced_data/dim_balanced/totems/dim3/var1/images/38.png
(C (C (color 1 0 0 (T (repeat (T l (M 0.13975407808810986 0 -0.06987703904405493 1.3333333333333333)) 60 (M 1 0.10471975511965977 0 0)) (M 1 0 0 -2.666666666666667))) (color 0 1 0 (T (T (repeat (T l (M 3.0792014356780038 0 -1.5396007178390019 0.8888888888888891)) 3 (M 1 2.0943951023931953 0 0)) (M 1 0 0 0.4444444444444443)) (M 1 0 0 -2.220446049250313e-16)))) (color 1 0 0 (T (T (repeat (T l (M 3.0792014356780038 0 -1.5396007178390019 0.8888888888888891)) 3 (M 1 2.0943951023931953 0 0)) (M 1 0 0 0.4444444444444443)) (M 1 0 0 2.666666666666666)))),circle,red,triangle,green,triangle,red,balanced_data/dim_balanced/totems/dim3/var1/images/39.png
(C (C (color 1 0 0 (T (repeat (T l (M 0.13975407808810986 0 -0.06987703904405493 1.3333333333333333)) 60 (M 1 0.10471975511965977 0 0)) (M 1 0 0 -2.666666666666667))) (color 0 1 0 (T (T (repeat (T l (M 3.0792014356780038 0 -1.5396007178390019 0.8888888888888891)) 3 (M 1 2.0943951023931953 0 0)) (M 1 0 0 0.4444444444444443)) (M 1 0 0 -2.220446049250313e-16)))) (color 0 1 0 (T (T (repeat (T l (M 3.0792014356780038 0 -1.5396007178390019 0.8888888888888891)) 3 (M 1 2.0943951023931953 0 0)) (M 1 0 0 0.4444444444444443)) (M 1 0 0 2.666666666666666)))),circle,red,triangle,green,triangle,green,balanced_data/dim_balanced/totems/dim3/var1/images/40.png
(C (C (color 1 0 0 (T (repeat (T l (M 0.13975407808810986 0 -0.06987703904405493 1.3333333333333333)) 60 (M 1 0.10471975511965977 0 0)) (M 1 0 0 -2.666666666666667))) (color 0 1 0 (T (T (repeat (T l (M 3.0792014356780038 0 -1.5396007178390019 0.8888888888888891)) 3 (M 1 2.0943951023931953 0 0)) (M 1 0 0 0.4444444444444443)) (M 1 0 0 -2.220446049250313e-16)))) (color 0 0 1 (T (T (repeat (T l (M 3.0792014356780038 0 -1.5396007178390019 0.8888888888888891)) 3 (M 1 2.0943951023931953 0 0)) (M 1 0 0 0.4444444444444443)) (M 1 0 0 2.666666666666666)))),circle,red,triangle,green,triangle,blue,balanced_data/dim_balanced/totems/dim3/var1/images/41.png
(C (C (color 1 0 0 (T (repeat (T l (M 0.13975407808810986 0 -0.06987703904405493 1.3333333333333333)) 60 (M 1 0.10471975511965977 0 0)) (M 1 0 0 -2.666666666666667))) (color 0 1 0 (T (T (repeat (T l (M 3.0792014356780038 0 -1.5396007178390019 0.8888888888888891)) 3 (M 1 2.0943951023931953 0 0)) (M 1 0 0 0.4444444444444443)) (M 1 0 0 -2.220446049250313e-16)))) (color 1 0 0 (T (repeat (T l (M 2.666666666666666 0 -1.333333333333333 1.3333333333333333)) 4 (M 1 1.5707963267948966 0 0)) (M 1 0 0 2.666666666666666)))),circle,red,triangle,green,square,red,balanced_data/dim_balanced/totems/dim3/var1/images/42.png
(C (C (color 1 0 0 (T (repeat (T l (M 0.13975407808810986 0 -0.06987703904405493 1.3333333333333333)) 60 (M 1 0.10471975511965977 0 0)) (M 1 0 0 -2.666666666666667))) (color 0 1 0 (T (T (repeat (T l (M 3.0792014356780038 0 -1.5396007178390019 0.8888888888888891)) 3 (M 1 2.0943951023931953 0 0)) (M 1 0 0 0.4444444444444443)) (M 1 0 0 -2.220446049250313e-16)))) (color 0 1 0 (T (repeat (T l (M 2.666666666666666 0 -1.333333333333333 1.3333333333333333)) 4 (M 1 1.5707963267948966 0 0)) (M 1 0 0 2.666666666666666)))),circle,red,triangle,green,square,green,balanced_data/dim_balanced/totems/dim3/var1/images/43.png
(C (C (color 1 0 0 (T (repeat (T l (M 0.13975407808810986 0 -0.06987703904405493 1.3333333333333333)) 60 (M 1 0.10471975511965977 0 0)) (M 1 0 0 -2.666666666666667))) (color 0 1 0 (T (T (repeat (T l (M 3.0792014356780038 0 -1.5396007178390019 0.8888888888888891)) 3 (M 1 2.0943951023931953 0 0)) (M 1 0 0 0.4444444444444443)) (M 1 0 0 -2.220446049250313e-16)))) (color 0 0 1 (T (repeat (T l (M 2.666666666666666 0 -1.333333333333333 1.3333333333333333)) 4 (M 1 1.5707963267948966 0 0)) (M 1 0 0 2.666666666666666)))),circle,red,triangle,green,square,blue,balanced_data/dim_balanced/totems/dim3/var1/images/44.png
(C (C (color 1 0 0 (T (repeat (T l (M 0.13975407808810986 0 -0.06987703904405493 1.3333333333333333)) 60 (M 1 0.10471975511965977 0 0)) (M 1 0 0 -2.666666666666667))) (color 0 0 1 (T (T (repeat (T l (M 3.0792014356780038 0 -1.5396007178390019 0.8888888888888891)) 3 (M 1 2.0943951023931953 0 0)) (M 1 0 0 0.4444444444444443)) (M 1 0 0 -2.220446049250313e-16)))) (color 1 0 0 (T (repeat (T l (M 0.13975407808810986 0 -0.06987703904405493 1.3333333333333333)) 60 (M 1 0.10471975511965977 0 0)) (M 1 0 0 2.666666666666666)))),circle,red,triangle,blue,circle,red,balanced_data/dim_balanced/totems/dim3/var1/images/45.png
(C (C (color 1 0 0 (T (repeat (T l (M 0.13975407808810986 0 -0.06987703904405493 1.3333333333333333)) 60 (M 1 0.10471975511965977 0 0)) (M 1 0 0 -2.666666666666667))) (color 0 0 1 (T (T (repeat (T l (M 3.0792014356780038 0 -1.5396007178390019 0.8888888888888891)) 3 (M 1 2.0943951023931953 0 0)) (M 1 0 0 0.4444444444444443)) (M 1 0 0 -2.220446049250313e-16)))) (color 0 1 0 (T (repeat (T l (M 0.13975407808810986 0 -0.06987703904405493 1.3333333333333333)) 60 (M 1 0.10471975511965977 0 0)) (M 1 0 0 2.666666666666666)))),circle,red,triangle,blue,circle,green,balanced_data/dim_balanced/totems/dim3/var1/images/46.png
(C (C (color 1 0 0 (T (repeat (T l (M 0.13975407808810986 0 -0.06987703904405493 1.3333333333333333)) 60 (M 1 0.10471975511965977 0 0)) (M 1 0 0 -2.666666666666667))) (color 0 0 1 (T (T (repeat (T l (M 3.0792014356780038 0 -1.5396007178390019 0.8888888888888891)) 3 (M 1 2.0943951023931953 0 0)) (M 1 0 0 0.4444444444444443)) (M 1 0 0 -2.220446049250313e-16)))) (color 0 0 1 (T (repeat (T l (M 0.13975407808810986 0 -0.06987703904405493 1.3333333333333333)) 60 (M 1 0.10471975511965977 0 0)) (M 1 0 0 2.666666666666666)))),circle,red,triangle,blue,circle,blue,balanced_data/dim_balanced/totems/dim3/var1/images/47.png
(C (C (color 1 0 0 (T (repeat (T l (M 0.13975407808810986 0 -0.06987703904405493 1.3333333333333333)) 60 (M 1 0.10471975511965977 0 0)) (M 1 0 0 -2.666666666666667))) (color 0 0 1 (T (T (repeat (T l (M 3.0792014356780038 0 -1.5396007178390019 0.8888888888888891)) 3 (M 1 2.0943951023931953 0 0)) (M 1 0 0 0.4444444444444443)) (M 1 0 0 -2.220446049250313e-16)))) (color 1 0 0 (T (T (repeat (T l (M 3.0792014356780038 0 -1.5396007178390019 0.8888888888888891)) 3 (M 1 2.0943951023931953 0 0)) (M 1 0 0 0.4444444444444443)) (M 1 0 0 2.666666666666666)))),circle,red,triangle,blue,triangle,red,balanced_data/dim_balanced/totems/dim3/var1/images/48.png
(C (C (color 1 0 0 (T (repeat (T l (M 0.13975407808810986 0 -0.06987703904405493 1.3333333333333333)) 60 (M 1 0.10471975511965977 0 0)) (M 1 0 0 -2.666666666666667))) (color 0 0 1 (T (T (repeat (T l (M 3.0792014356780038 0 -1.5396007178390019 0.8888888888888891)) 3 (M 1 2.0943951023931953 0 0)) (M 1 0 0 0.4444444444444443)) (M 1 0 0 -2.220446049250313e-16)))) (color 0 1 0 (T (T (repeat (T l (M 3.0792014356780038 0 -1.5396007178390019 0.8888888888888891)) 3 (M 1 2.0943951023931953 0 0)) (M 1 0 0 0.4444444444444443)) (M 1 0 0 2.666666666666666)))),circle,red,triangle,blue,triangle,green,balanced_data/dim_balanced/totems/dim3/var1/images/49.png
(C (C (color 1 0 0 (T (repeat (T l (M 0.13975407808810986 0 -0.06987703904405493 1.3333333333333333)) 60 (M 1 0.10471975511965977 0 0)) (M 1 0 0 -2.666666666666667))) (color 0 0 1 (T (T (repeat (T l (M 3.0792014356780038 0 -1.5396007178390019 0.8888888888888891)) 3 (M 1 2.0943951023931953 0 0)) (M 1 0 0 0.4444444444444443)) (M 1 0 0 -2.220446049250313e-16)))) (color 0 0 1 (T (T (repeat (T l (M 3.0792014356780038 0 -1.5396007178390019 0.8888888888888891)) 3 (M 1 2.0943951023931953 0 0)) (M 1 0 0 0.4444444444444443)) (M 1 0 0 2.666666666666666)))),circle,red,triangle,blue,triangle,blue,balanced_data/dim_balanced/totems/dim3/var1/images/50.png
(C (C (color 1 0 0 (T (repeat (T l (M 0.13975407808810986 0 -0.06987703904405493 1.3333333333333333)) 60 (M 1 0.10471975511965977 0 0)) (M 1 0 0 -2.666666666666667))) (color 0 0 1 (T (T (repeat (T l (M 3.0792014356780038 0 -1.5396007178390019 0.8888888888888891)) 3 (M 1 2.0943951023931953 0 0)) (M 1 0 0 0.4444444444444443)) (M 1 0 0 -2.220446049250313e-16)))) (color 1 0 0 (T (repeat (T l (M 2.666666666666666 0 -1.333333333333333 1.3333333333333333)) 4 (M 1 1.5707963267948966 0 0)) (M 1 0 0 2.666666666666666)))),circle,red,triangle,blue,square,red,balanced_data/dim_balanced/totems/dim3/var1/images/51.png
(C (C (color 1 0 0 (T (repeat (T l (M 0.13975407808810986 0 -0.06987703904405493 1.3333333333333333)) 60 (M 1 0.10471975511965977 0 0)) (M 1 0 0 -2.666666666666667))) (color 0 0 1 (T (T (repeat (T l (M 3.0792014356780038 0 -1.5396007178390019 0.8888888888888891)) 3 (M 1 2.0943951023931953 0 0)) (M 1 0 0 0.4444444444444443)) (M 1 0 0 -2.220446049250313e-16)))) (color 0 1 0 (T (repeat (T l (M 2.666666666666666 0 -1.333333333333333 1.3333333333333333)) 4 (M 1 1.5707963267948966 0 0)) (M 1 0 0 2.666666666666666)))),circle,red,triangle,blue,square,green,balanced_data/dim_balanced/totems/dim3/var1/images/52.png
(C (C (color 1 0 0 (T (repeat (T l (M 0.13975407808810986 0 -0.06987703904405493 1.3333333333333333)) 60 (M 1 0.10471975511965977 0 0)) (M 1 0 0 -2.666666666666667))) (color 0 0 1 (T (T (repeat (T l (M 3.0792014356780038 0 -1.5396007178390019 0.8888888888888891)) 3 (M 1 2.0943951023931953 0 0)) (M 1 0 0 0.4444444444444443)) (M 1 0 0 -2.220446049250313e-16)))) (color 0 0 1 (T (repeat (T l (M 2.666666666666666 0 -1.333333333333333 1.3333333333333333)) 4 (M 1 1.5707963267948966 0 0)) (M 1 0 0 2.666666666666666)))),circle,red,triangle,blue,square,blue,balanced_data/dim_balanced/totems/dim3/var1/images/53.png
(C (C (color 1 0 0 (T (repeat (T l (M 0.13975407808810986 0 -0.06987703904405493 1.3333333333333333)) 60 (M 1 0.10471975511965977 0 0)) (M 1 0 0 -2.666666666666667))) (color 1 0 0 (T (repeat (T l (M 2.666666666666666 0 -1.333333333333333 1.3333333333333333)) 4 (M 1 1.5707963267948966 0 0)) (M 1 0 0 -2.220446049250313e-16)))) (color 1 0 0 (T (repeat (T l (M 0.13975407808810986 0 -0.06987703904405493 1.3333333333333333)) 60 (M 1 0.10471975511965977 0 0)) (M 1 0 0 2.666666666666666)))),circle,red,square,red,circle,red,balanced_data/dim_balanced/totems/dim3/var1/images/54.png
(C (C (color 1 0 0 (T (repeat (T l (M 0.13975407808810986 0 -0.06987703904405493 1.3333333333333333)) 60 (M 1 0.10471975511965977 0 0)) (M 1 0 0 -2.666666666666667))) (color 1 0 0 (T (repeat (T l (M 2.666666666666666 0 -1.333333333333333 1.3333333333333333)) 4 (M 1 1.5707963267948966 0 0)) (M 1 0 0 -2.220446049250313e-16)))) (color 0 1 0 (T (repeat (T l (M 0.13975407808810986 0 -0.06987703904405493 1.3333333333333333)) 60 (M 1 0.10471975511965977 0 0)) (M 1 0 0 2.666666666666666)))),circle,red,square,red,circle,green,balanced_data/dim_balanced/totems/dim3/var1/images/55.png
(C (C (color 1 0 0 (T (repeat (T l (M 0.13975407808810986 0 -0.06987703904405493 1.3333333333333333)) 60 (M 1 0.10471975511965977 0 0)) (M 1 0 0 -2.666666666666667))) (color 1 0 0 (T (repeat (T l (M 2.666666666666666 0 -1.333333333333333 1.3333333333333333)) 4 (M 1 1.5707963267948966 0 0)) (M 1 0 0 -2.220446049250313e-16)))) (color 0 0 1 (T (repeat (T l (M 0.13975407808810986 0 -0.06987703904405493 1.3333333333333333)) 60 (M 1 0.10471975511965977 0 0)) (M 1 0 0 2.666666666666666)))),circle,red,square,red,circle,blue,balanced_data/dim_balanced/totems/dim3/var1/images/56.png
(C (C (color 1 0 0 (T (repeat (T l (M 0.13975407808810986 0 -0.06987703904405493 1.3333333333333333)) 60 (M 1 0.10471975511965977 0 0)) (M 1 0 0 -2.666666666666667))) (color 1 0 0 (T (repeat (T l (M 2.666666666666666 0 -1.333333333333333 1.3333333333333333)) 4 (M 1 1.5707963267948966 0 0)) (M 1 0 0 -2.220446049250313e-16)))) (color 1 0 0 (T (T (repeat (T l (M 3.0792014356780038 0 -1.5396007178390019 0.8888888888888891)) 3 (M 1 2.0943951023931953 0 0)) (M 1 0 0 0.4444444444444443)) (M 1 0 0 2.666666666666666)))),circle,red,square,red,triangle,red,balanced_data/dim_balanced/totems/dim3/var1/images/57.png
(C (C (color 1 0 0 (T (repeat (T l (M 0.13975407808810986 0 -0.06987703904405493 1.3333333333333333)) 60 (M 1 0.10471975511965977 0 0)) (M 1 0 0 -2.666666666666667))) (color 1 0 0 (T (repeat (T l (M 2.666666666666666 0 -1.333333333333333 1.3333333333333333)) 4 (M 1 1.5707963267948966 0 0)) (M 1 0 0 -2.220446049250313e-16)))) (color 0 1 0 (T (T (repeat (T l (M 3.0792014356780038 0 -1.5396007178390019 0.8888888888888891)) 3 (M 1 2.0943951023931953 0 0)) (M 1 0 0 0.4444444444444443)) (M 1 0 0 2.666666666666666)))),circle,red,square,red,triangle,green,balanced_data/dim_balanced/totems/dim3/var1/images/58.png
(C (C (color 1 0 0 (T (repeat (T l (M 0.13975407808810986 0 -0.06987703904405493 1.3333333333333333)) 60 (M 1 0.10471975511965977 0 0)) (M 1 0 0 -2.666666666666667))) (color 1 0 0 (T (repeat (T l (M 2.666666666666666 0 -1.333333333333333 1.3333333333333333)) 4 (M 1 1.5707963267948966 0 0)) (M 1 0 0 -2.220446049250313e-16)))) (color 0 0 1 (T (T (repeat (T l (M 3.0792014356780038 0 -1.5396007178390019 0.8888888888888891)) 3 (M 1 2.0943951023931953 0 0)) (M 1 0 0 0.4444444444444443)) (M 1 0 0 2.666666666666666)))),circle,red,square,red,triangle,blue,balanced_data/dim_balanced/totems/dim3/var1/images/59.png
(C (C (color 1 0 0 (T (repeat (T l (M 0.13975407808810986 0 -0.06987703904405493 1.3333333333333333)) 60 (M 1 0.10471975511965977 0 0)) (M 1 0 0 -2.666666666666667))) (color 1 0 0 (T (repeat (T l (M 2.666666666666666 0 -1.333333333333333 1.3333333333333333)) 4 (M 1 1.5707963267948966 0 0)) (M 1 0 0 -2.220446049250313e-16)))) (color 1 0 0 (T (repeat (T l (M 2.666666666666666 0 -1.333333333333333 1.3333333333333333)) 4 (M 1 1.5707963267948966 0 0)) (M 1 0 0 2.666666666666666)))),circle,red,square,red,square,red,balanced_data/dim_balanced/totems/dim3/var1/images/60.png
(C (C (color 1 0 0 (T (repeat (T l (M 0.13975407808810986 0 -0.06987703904405493 1.3333333333333333)) 60 (M 1 0.10471975511965977 0 0)) (M 1 0 0 -2.666666666666667))) (color 1 0 0 (T (repeat (T l (M 2.666666666666666 0 -1.333333333333333 1.3333333333333333)) 4 (M 1 1.5707963267948966 0 0)) (M 1 0 0 -2.220446049250313e-16)))) (color 0 1 0 (T (repeat (T l (M 2.666666666666666 0 -1.333333333333333 1.3333333333333333)) 4 (M 1 1.5707963267948966 0 0)) (M 1 0 0 2.666666666666666)))),circle,red,square,red,square,green,balanced_data/dim_balanced/totems/dim3/var1/images/61.png
(C (C (color 1 0 0 (T (repeat (T l (M 0.13975407808810986 0 -0.06987703904405493 1.3333333333333333)) 60 (M 1 0.10471975511965977 0 0)) (M 1 0 0 -2.666666666666667))) (color 1 0 0 (T (repeat (T l (M 2.666666666666666 0 -1.333333333333333 1.3333333333333333)) 4 (M 1 1.5707963267948966 0 0)) (M 1 0 0 -2.220446049250313e-16)))) (color 0 0 1 (T (repeat (T l (M 2.666666666666666 0 -1.333333333333333 1.3333333333333333)) 4 (M 1 1.5707963267948966 0 0)) (M 1 0 0 2.666666666666666)))),circle,red,square,red,square,blue,balanced_data/dim_balanced/totems/dim3/var1/images/62.png
(C (C (color 1 0 0 (T (repeat (T l (M 0.13975407808810986 0 -0.06987703904405493 1.3333333333333333)) 60 (M 1 0.10471975511965977 0 0)) (M 1 0 0 -2.666666666666667))) (color 0 1 0 (T (repeat (T l (M 2.666666666666666 0 -1.333333333333333 1.3333333333333333)) 4 (M 1 1.5707963267948966 0 0)) (M 1 0 0 -2.220446049250313e-16)))) (color 1 0 0 (T (repeat (T l (M 0.13975407808810986 0 -0.06987703904405493 1.3333333333333333)) 60 (M 1 0.10471975511965977 0 0)) (M 1 0 0 2.666666666666666)))),circle,red,square,green,circle,red,balanced_data/dim_balanced/totems/dim3/var1/images/63.png
(C (C (color 1 0 0 (T (repeat (T l (M 0.13975407808810986 0 -0.06987703904405493 1.3333333333333333)) 60 (M 1 0.10471975511965977 0 0)) (M 1 0 0 -2.666666666666667))) (color 0 1 0 (T (repeat (T l (M 2.666666666666666 0 -1.333333333333333 1.3333333333333333)) 4 (M 1 1.5707963267948966 0 0)) (M 1 0 0 -2.220446049250313e-16)))) (color 0 1 0 (T (repeat (T l (M 0.13975407808810986 0 -0.06987703904405493 1.3333333333333333)) 60 (M 1 0.10471975511965977 0 0)) (M 1 0 0 2.666666666666666)))),circle,red,square,green,circle,green,balanced_data/dim_balanced/totems/dim3/var1/images/64.png
(C (C (color 1 0 0 (T (repeat (T l (M 0.13975407808810986 0 -0.06987703904405493 1.3333333333333333)) 60 (M 1 0.10471975511965977 0 0)) (M 1 0 0 -2.666666666666667))) (color 0 1 0 (T (repeat (T l (M 2.666666666666666 0 -1.333333333333333 1.3333333333333333)) 4 (M 1 1.5707963267948966 0 0)) (M 1 0 0 -2.220446049250313e-16)))) (color 0 0 1 (T (repeat (T l (M 0.13975407808810986 0 -0.06987703904405493 1.3333333333333333)) 60 (M 1 0.10471975511965977 0 0)) (M 1 0 0 2.666666666666666)))),circle,red,square,green,circle,blue,balanced_data/dim_balanced/totems/dim3/var1/images/65.png
(C (C (color 1 0 0 (T (repeat (T l (M 0.13975407808810986 0 -0.06987703904405493 1.3333333333333333)) 60 (M 1 0.10471975511965977 0 0)) (M 1 0 0 -2.666666666666667))) (color 0 1 0 (T (repeat (T l (M 2.666666666666666 0 -1.333333333333333 1.3333333333333333)) 4 (M 1 1.5707963267948966 0 0)) (M 1 0 0 -2.220446049250313e-16)))) (color 1 0 0 (T (T (repeat (T l (M 3.0792014356780038 0 -1.5396007178390019 0.8888888888888891)) 3 (M 1 2.0943951023931953 0 0)) (M 1 0 0 0.4444444444444443)) (M 1 0 0 2.666666666666666)))),circle,red,square,green,triangle,red,balanced_data/dim_balanced/totems/dim3/var1/images/66.png
(C (C (color 1 0 0 (T (repeat (T l (M 0.13975407808810986 0 -0.06987703904405493 1.3333333333333333)) 60 (M 1 0.10471975511965977 0 0)) (M 1 0 0 -2.666666666666667))) (color 0 1 0 (T (repeat (T l (M 2.666666666666666 0 -1.333333333333333 1.3333333333333333)) 4 (M 1 1.5707963267948966 0 0)) (M 1 0 0 -2.220446049250313e-16)))) (color 0 1 0 (T (T (repeat (T l (M 3.0792014356780038 0 -1.5396007178390019 0.8888888888888891)) 3 (M 1 2.0943951023931953 0 0)) (M 1 0 0 0.4444444444444443)) (M 1 0 0 2.666666666666666)))),circle,red,square,green,triangle,green,balanced_data/dim_balanced/totems/dim3/var1/images/67.png
(C (C (color 1 0 0 (T (repeat (T l (M 0.13975407808810986 0 -0.06987703904405493 1.3333333333333333)) 60 (M 1 0.10471975511965977 0 0)) (M 1 0 0 -2.666666666666667))) (color 0 1 0 (T (repeat (T l (M 2.666666666666666 0 -1.333333333333333 1.3333333333333333)) 4 (M 1 1.5707963267948966 0 0)) (M 1 0 0 -2.220446049250313e-16)))) (color 0 0 1 (T (T (repeat (T l (M 3.0792014356780038 0 -1.5396007178390019 0.8888888888888891)) 3 (M 1 2.0943951023931953 0 0)) (M 1 0 0 0.4444444444444443)) (M 1 0 0 2.666666666666666)))),circle,red,square,green,triangle,blue,balanced_data/dim_balanced/totems/dim3/var1/images/68.png
(C (C (color 1 0 0 (T (repeat (T l (M 0.13975407808810986 0 -0.06987703904405493 1.3333333333333333)) 60 (M 1 0.10471975511965977 0 0)) (M 1 0 0 -2.666666666666667))) (color 0 1 0 (T (repeat (T l (M 2.666666666666666 0 -1.333333333333333 1.3333333333333333)) 4 (M 1 1.5707963267948966 0 0)) (M 1 0 0 -2.220446049250313e-16)))) (color 1 0 0 (T (repeat (T l (M 2.666666666666666 0 -1.333333333333333 1.3333333333333333)) 4 (M 1 1.5707963267948966 0 0)) (M 1 0 0 2.666666666666666)))),circle,red,square,green,square,red,balanced_data/dim_balanced/totems/dim3/var1/images/69.png
(C (C (color 1 0 0 (T (repeat (T l (M 0.13975407808810986 0 -0.06987703904405493 1.3333333333333333)) 60 (M 1 0.10471975511965977 0 0)) (M 1 0 0 -2.666666666666667))) (color 0 1 0 (T (repeat (T l (M 2.666666666666666 0 -1.333333333333333 1.3333333333333333)) 4 (M 1 1.5707963267948966 0 0)) (M 1 0 0 -2.220446049250313e-16)))) (color 0 1 0 (T (repeat (T l (M 2.666666666666666 0 -1.333333333333333 1.3333333333333333)) 4 (M 1 1.5707963267948966 0 0)) (M 1 0 0 2.666666666666666)))),circle,red,square,green,square,green,balanced_data/dim_balanced/totems/dim3/var1/images/70.png
(C (C (color 1 0 0 (T (repeat (T l (M 0.13975407808810986 0 -0.06987703904405493 1.3333333333333333)) 60 (M 1 0.10471975511965977 0 0)) (M 1 0 0 -2.666666666666667))) (color 0 1 0 (T (repeat (T l (M 2.666666666666666 0 -1.333333333333333 1.3333333333333333)) 4 (M 1 1.5707963267948966 0 0)) (M 1 0 0 -2.220446049250313e-16)))) (color 0 0 1 (T (repeat (T l (M 2.666666666666666 0 -1.333333333333333 1.3333333333333333)) 4 (M 1 1.5707963267948966 0 0)) (M 1 0 0 2.666666666666666)))),circle,red,square,green,square,blue,balanced_data/dim_balanced/totems/dim3/var1/images/71.png
(C (C (color 1 0 0 (T (repeat (T l (M 0.13975407808810986 0 -0.06987703904405493 1.3333333333333333)) 60 (M 1 0.10471975511965977 0 0)) (M 1 0 0 -2.666666666666667))) (color 0 0 1 (T (repeat (T l (M 2.666666666666666 0 -1.333333333333333 1.3333333333333333)) 4 (M 1 1.5707963267948966 0 0)) (M 1 0 0 -2.220446049250313e-16)))) (color 1 0 0 (T (repeat (T l (M 0.13975407808810986 0 -0.06987703904405493 1.3333333333333333)) 60 (M 1 0.10471975511965977 0 0)) (M 1 0 0 2.666666666666666)))),circle,red,square,blue,circle,red,balanced_data/dim_balanced/totems/dim3/var1/images/72.png
(C (C (color 1 0 0 (T (repeat (T l (M 0.13975407808810986 0 -0.06987703904405493 1.3333333333333333)) 60 (M 1 0.10471975511965977 0 0)) (M 1 0 0 -2.666666666666667))) (color 0 0 1 (T (repeat (T l (M 2.666666666666666 0 -1.333333333333333 1.3333333333333333)) 4 (M 1 1.5707963267948966 0 0)) (M 1 0 0 -2.220446049250313e-16)))) (color 0 1 0 (T (repeat (T l (M 0.13975407808810986 0 -0.06987703904405493 1.3333333333333333)) 60 (M 1 0.10471975511965977 0 0)) (M 1 0 0 2.666666666666666)))),circle,red,square,blue,circle,green,balanced_data/dim_balanced/totems/dim3/var1/images/73.png
(C (C (color 1 0 0 (T (repeat (T l (M 0.13975407808810986 0 -0.06987703904405493 1.3333333333333333)) 60 (M 1 0.10471975511965977 0 0)) (M 1 0 0 -2.666666666666667))) (color 0 0 1 (T (repeat (T l (M 2.666666666666666 0 -1.333333333333333 1.3333333333333333)) 4 (M 1 1.5707963267948966 0 0)) (M 1 0 0 -2.220446049250313e-16)))) (color 0 0 1 (T (repeat (T l (M 0.13975407808810986 0 -0.06987703904405493 1.3333333333333333)) 60 (M 1 0.10471975511965977 0 0)) (M 1 0 0 2.666666666666666)))),circle,red,square,blue,circle,blue,balanced_data/dim_balanced/totems/dim3/var1/images/74.png
(C (C (color 1 0 0 (T (repeat (T l (M 0.13975407808810986 0 -0.06987703904405493 1.3333333333333333)) 60 (M 1 0.10471975511965977 0 0)) (M 1 0 0 -2.666666666666667))) (color 0 0 1 (T (repeat (T l (M 2.666666666666666 0 -1.333333333333333 1.3333333333333333)) 4 (M 1 1.5707963267948966 0 0)) (M 1 0 0 -2.220446049250313e-16)))) (color 1 0 0 (T (T (repeat (T l (M 3.0792014356780038 0 -1.5396007178390019 0.8888888888888891)) 3 (M 1 2.0943951023931953 0 0)) (M 1 0 0 0.4444444444444443)) (M 1 0 0 2.666666666666666)))),circle,red,square,blue,triangle,red,balanced_data/dim_balanced/totems/dim3/var1/images/75.png
(C (C (color 1 0 0 (T (repeat (T l (M 0.13975407808810986 0 -0.06987703904405493 1.3333333333333333)) 60 (M 1 0.10471975511965977 0 0)) (M 1 0 0 -2.666666666666667))) (color 0 0 1 (T (repeat (T l (M 2.666666666666666 0 -1.333333333333333 1.3333333333333333)) 4 (M 1 1.5707963267948966 0 0)) (M 1 0 0 -2.220446049250313e-16)))) (color 0 1 0 (T (T (repeat (T l (M 3.0792014356780038 0 -1.5396007178390019 0.8888888888888891)) 3 (M 1 2.0943951023931953 0 0)) (M 1 0 0 0.4444444444444443)) (M 1 0 0 2.666666666666666)))),circle,red,square,blue,triangle,green,balanced_data/dim_balanced/totems/dim3/var1/images/76.png
(C (C (color 1 0 0 (T (repeat (T l (M 0.13975407808810986 0 -0.06987703904405493 1.3333333333333333)) 60 (M 1 0.10471975511965977 0 0)) (M 1 0 0 -2.666666666666667))) (color 0 0 1 (T (repeat (T l (M 2.666666666666666 0 -1.333333333333333 1.3333333333333333)) 4 (M 1 1.5707963267948966 0 0)) (M 1 0 0 -2.220446049250313e-16)))) (color 0 0 1 (T (T (repeat (T l (M 3.0792014356780038 0 -1.5396007178390019 0.8888888888888891)) 3 (M 1 2.0943951023931953 0 0)) (M 1 0 0 0.4444444444444443)) (M 1 0 0 2.666666666666666)))),circle,red,square,blue,triangle,blue,balanced_data/dim_balanced/totems/dim3/var1/images/77.png
(C (C (color 1 0 0 (T (repeat (T l (M 0.13975407808810986 0 -0.06987703904405493 1.3333333333333333)) 60 (M 1 0.10471975511965977 0 0)) (M 1 0 0 -2.666666666666667))) (color 0 0 1 (T (repeat (T l (M 2.666666666666666 0 -1.333333333333333 1.3333333333333333)) 4 (M 1 1.5707963267948966 0 0)) (M 1 0 0 -2.220446049250313e-16)))) (color 1 0 0 (T (repeat (T l (M 2.666666666666666 0 -1.333333333333333 1.3333333333333333)) 4 (M 1 1.5707963267948966 0 0)) (M 1 0 0 2.666666666666666)))),circle,red,square,blue,square,red,balanced_data/dim_balanced/totems/dim3/var1/images/78.png
(C (C (color 1 0 0 (T (repeat (T l (M 0.13975407808810986 0 -0.06987703904405493 1.3333333333333333)) 60 (M 1 0.10471975511965977 0 0)) (M 1 0 0 -2.666666666666667))) (color 0 0 1 (T (repeat (T l (M 2.666666666666666 0 -1.333333333333333 1.3333333333333333)) 4 (M 1 1.5707963267948966 0 0)) (M 1 0 0 -2.220446049250313e-16)))) (color 0 1 0 (T (repeat (T l (M 2.666666666666666 0 -1.333333333333333 1.3333333333333333)) 4 (M 1 1.5707963267948966 0 0)) (M 1 0 0 2.666666666666666)))),circle,red,square,blue,square,green,balanced_data/dim_balanced/totems/dim3/var1/images/79.png
(C (C (color 1 0 0 (T (repeat (T l (M 0.13975407808810986 0 -0.06987703904405493 1.3333333333333333)) 60 (M 1 0.10471975511965977 0 0)) (M 1 0 0 -2.666666666666667))) (color 0 0 1 (T (repeat (T l (M 2.666666666666666 0 -1.333333333333333 1.3333333333333333)) 4 (M 1 1.5707963267948966 0 0)) (M 1 0 0 -2.220446049250313e-16)))) (color 0 0 1 (T (repeat (T l (M 2.666666666666666 0 -1.333333333333333 1.3333333333333333)) 4 (M 1 1.5707963267948966 0 0)) (M 1 0 0 2.666666666666666)))),circle,red,square,blue,square,blue,balanced_data/dim_balanced/totems/dim3/var1/images/80.png
(C (C (color 0 1 0 (T (repeat (T l (M 0.13975407808810986 0 -0.06987703904405493 1.3333333333333333)) 60 (M 1 0.10471975511965977 0 0)) (M 1 0 0 -2.666666666666667))) (color 1 0 0 (T (repeat (T l (M 0.13975407808810986 0 -0.06987703904405493 1.3333333333333333)) 60 (M 1 0.10471975511965977 0 0)) (M 1 0 0 -2.220446049250313e-16)))) (color 1 0 0 (T (repeat (T l (M 0.13975407808810986 0 -0.06987703904405493 1.3333333333333333)) 60 (M 1 0.10471975511965977 0 0)) (M 1 0 0 2.666666666666666)))),circle,green,circle,red,circle,red,balanced_data/dim_balanced/totems/dim3/var1/images/81.png
(C (C (color 0 1 0 (T (repeat (T l (M 0.13975407808810986 0 -0.06987703904405493 1.3333333333333333)) 60 (M 1 0.10471975511965977 0 0)) (M 1 0 0 -2.666666666666667))) (color 1 0 0 (T (repeat (T l (M 0.13975407808810986 0 -0.06987703904405493 1.3333333333333333)) 60 (M 1 0.10471975511965977 0 0)) (M 1 0 0 -2.220446049250313e-16)))) (color 0 1 0 (T (repeat (T l (M 0.13975407808810986 0 -0.06987703904405493 1.3333333333333333)) 60 (M 1 0.10471975511965977 0 0)) (M 1 0 0 2.666666666666666)))),circle,green,circle,red,circle,green,balanced_data/dim_balanced/totems/dim3/var1/images/82.png
(C (C (color 0 1 0 (T (repeat (T l (M 0.13975407808810986 0 -0.06987703904405493 1.3333333333333333)) 60 (M 1 0.10471975511965977 0 0)) (M 1 0 0 -2.666666666666667))) (color 1 0 0 (T (repeat (T l (M 0.13975407808810986 0 -0.06987703904405493 1.3333333333333333)) 60 (M 1 0.10471975511965977 0 0)) (M 1 0 0 -2.220446049250313e-16)))) (color 0 0 1 (T (repeat (T l (M 0.13975407808810986 0 -0.06987703904405493 1.3333333333333333)) 60 (M 1 0.10471975511965977 0 0)) (M 1 0 0 2.666666666666666)))),circle,green,circle,red,circle,blue,balanced_data/dim_balanced/totems/dim3/var1/images/83.png
(C (C (color 0 1 0 (T (repeat (T l (M 0.13975407808810986 0 -0.06987703904405493 1.3333333333333333)) 60 (M 1 0.10471975511965977 0 0)) (M 1 0 0 -2.666666666666667))) (color 1 0 0 (T (repeat (T l (M 0.13975407808810986 0 -0.06987703904405493 1.3333333333333333)) 60 (M 1 0.10471975511965977 0 0)) (M 1 0 0 -2.220446049250313e-16)))) (color 1 0 0 (T (T (repeat (T l (M 3.0792014356780038 0 -1.5396007178390019 0.8888888888888891)) 3 (M 1 2.0943951023931953 0 0)) (M 1 0 0 0.4444444444444443)) (M 1 0 0 2.666666666666666)))),circle,green,circle,red,triangle,red,balanced_data/dim_balanced/totems/dim3/var1/images/84.png
(C (C (color 0 1 0 (T (repeat (T l (M 0.13975407808810986 0 -0.06987703904405493 1.3333333333333333)) 60 (M 1 0.10471975511965977 0 0)) (M 1 0 0 -2.666666666666667))) (color 1 0 0 (T (repeat (T l (M 0.13975407808810986 0 -0.06987703904405493 1.3333333333333333)) 60 (M 1 0.10471975511965977 0 0)) (M 1 0 0 -2.220446049250313e-16)))) (color 0 1 0 (T (T (repeat (T l (M 3.0792014356780038 0 -1.5396007178390019 0.8888888888888891)) 3 (M 1 2.0943951023931953 0 0)) (M 1 0 0 0.4444444444444443)) (M 1 0 0 2.666666666666666)))),circle,green,circle,red,triangle,green,balanced_data/dim_balanced/totems/dim3/var1/images/85.png
(C (C (color 0 1 0 (T (repeat (T l (M 0.13975407808810986 0 -0.06987703904405493 1.3333333333333333)) 60 (M 1 0.10471975511965977 0 0)) (M 1 0 0 -2.666666666666667))) (color 1 0 0 (T (repeat (T l (M 0.13975407808810986 0 -0.06987703904405493 1.3333333333333333)) 60 (M 1 0.10471975511965977 0 0)) (M 1 0 0 -2.220446049250313e-16)))) (color 0 0 1 (T (T (repeat (T l (M 3.0792014356780038 0 -1.5396007178390019 0.8888888888888891)) 3 (M 1 2.0943951023931953 0 0)) (M 1 0 0 0.4444444444444443)) (M 1 0 0 2.666666666666666)))),circle,green,circle,red,triangle,blue,balanced_data/dim_balanced/totems/dim3/var1/images/86.png
(C (C (color 0 1 0 (T (repeat (T l (M 0.13975407808810986 0 -0.06987703904405493 1.3333333333333333)) 60 (M 1 0.10471975511965977 0 0)) (M 1 0 0 -2.666666666666667))) (color 1 0 0 (T (repeat (T l (M 0.13975407808810986 0 -0.06987703904405493 1.3333333333333333)) 60 (M 1 0.10471975511965977 0 0)) (M 1 0 0 -2.220446049250313e-16)))) (color 1 0 0 (T (repeat (T l (M 2.666666666666666 0 -1.333333333333333 1.3333333333333333)) 4 (M 1 1.5707963267948966 0 0)) (M 1 0 0 2.666666666666666)))),circle,green,circle,red,square,red,balanced_data/dim_balanced/totems/dim3/var1/images/87.png
(C (C (color 0 1 0 (T (repeat (T l (M 0.13975407808810986 0 -0.06987703904405493 1.3333333333333333)) 60 (M 1 0.10471975511965977 0 0)) (M 1 0 0 -2.666666666666667))) (color 1 0 0 (T (repeat (T l (M 0.13975407808810986 0 -0.06987703904405493 1.3333333333333333)) 60 (M 1 0.10471975511965977 0 0)) (M 1 0 0 -2.220446049250313e-16)))) (color 0 1 0 (T (repeat (T l (M 2.666666666666666 0 -1.333333333333333 1.3333333333333333)) 4 (M 1 1.5707963267948966 0 0)) (M 1 0 0 2.666666666666666)))),circle,green,circle,red,square,green,balanced_data/dim_balanced/totems/dim3/var1/images/88.png
(C (C (color 0 1 0 (T (repeat (T l (M 0.13975407808810986 0 -0.06987703904405493 1.3333333333333333)) 60 (M 1 0.10471975511965977 0 0)) (M 1 0 0 -2.666666666666667))) (color 1 0 0 (T (repeat (T l (M 0.13975407808810986 0 -0.06987703904405493 1.3333333333333333)) 60 (M 1 0.10471975511965977 0 0)) (M 1 0 0 -2.220446049250313e-16)))) (color 0 0 1 (T (repeat (T l (M 2.666666666666666 0 -1.333333333333333 1.3333333333333333)) 4 (M 1 1.5707963267948966 0 0)) (M 1 0 0 2.666666666666666)))),circle,green,circle,red,square,blue,balanced_data/dim_balanced/totems/dim3/var1/images/89.png
(C (C (color 0 1 0 (T (repeat (T l (M 0.13975407808810986 0 -0.06987703904405493 1.3333333333333333)) 60 (M 1 0.10471975511965977 0 0)) (M 1 0 0 -2.666666666666667))) (color 0 1 0 (T (repeat (T l (M 0.13975407808810986 0 -0.06987703904405493 1.3333333333333333)) 60 (M 1 0.10471975511965977 0 0)) (M 1 0 0 -2.220446049250313e-16)))) (color 1 0 0 (T (repeat (T l (M 0.13975407808810986 0 -0.06987703904405493 1.3333333333333333)) 60 (M 1 0.10471975511965977 0 0)) (M 1 0 0 2.666666666666666)))),circle,green,circle,green,circle,red,balanced_data/dim_balanced/totems/dim3/var1/images/90.png
(C (C (color 0 1 0 (T (repeat (T l (M 0.13975407808810986 0 -0.06987703904405493 1.3333333333333333)) 60 (M 1 0.10471975511965977 0 0)) (M 1 0 0 -2.666666666666667))) (color 0 1 0 (T (repeat (T l (M 0.13975407808810986 0 -0.06987703904405493 1.3333333333333333)) 60 (M 1 0.10471975511965977 0 0)) (M 1 0 0 -2.220446049250313e-16)))) (color 0 1 0 (T (repeat (T l (M 0.13975407808810986 0 -0.06987703904405493 1.3333333333333333)) 60 (M 1 0.10471975511965977 0 0)) (M 1 0 0 2.666666666666666)))),circle,green,circle,green,circle,green,balanced_data/dim_balanced/totems/dim3/var1/images/91.png
(C (C (color 0 1 0 (T (repeat (T l (M 0.13975407808810986 0 -0.06987703904405493 1.3333333333333333)) 60 (M 1 0.10471975511965977 0 0)) (M 1 0 0 -2.666666666666667))) (color 0 1 0 (T (repeat (T l (M 0.13975407808810986 0 -0.06987703904405493 1.3333333333333333)) 60 (M 1 0.10471975511965977 0 0)) (M 1 0 0 -2.220446049250313e-16)))) (color 0 0 1 (T (repeat (T l (M 0.13975407808810986 0 -0.06987703904405493 1.3333333333333333)) 60 (M 1 0.10471975511965977 0 0)) (M 1 0 0 2.666666666666666)))),circle,green,circle,green,circle,blue,balanced_data/dim_balanced/totems/dim3/var1/images/92.png
(C (C (color 0 1 0 (T (repeat (T l (M 0.13975407808810986 0 -0.06987703904405493 1.3333333333333333)) 60 (M 1 0.10471975511965977 0 0)) (M 1 0 0 -2.666666666666667))) (color 0 1 0 (T (repeat (T l (M 0.13975407808810986 0 -0.06987703904405493 1.3333333333333333)) 60 (M 1 0.10471975511965977 0 0)) (M 1 0 0 -2.220446049250313e-16)))) (color 1 0 0 (T (T (repeat (T l (M 3.0792014356780038 0 -1.5396007178390019 0.8888888888888891)) 3 (M 1 2.0943951023931953 0 0)) (M 1 0 0 0.4444444444444443)) (M 1 0 0 2.666666666666666)))),circle,green,circle,green,triangle,red,balanced_data/dim_balanced/totems/dim3/var1/images/93.png
(C (C (color 0 1 0 (T (repeat (T l (M 0.13975407808810986 0 -0.06987703904405493 1.3333333333333333)) 60 (M 1 0.10471975511965977 0 0)) (M 1 0 0 -2.666666666666667))) (color 0 1 0 (T (repeat (T l (M 0.13975407808810986 0 -0.06987703904405493 1.3333333333333333)) 60 (M 1 0.10471975511965977 0 0)) (M 1 0 0 -2.220446049250313e-16)))) (color 0 1 0 (T (T (repeat (T l (M 3.0792014356780038 0 -1.5396007178390019 0.8888888888888891)) 3 (M 1 2.0943951023931953 0 0)) (M 1 0 0 0.4444444444444443)) (M 1 0 0 2.666666666666666)))),circle,green,circle,green,triangle,green,balanced_data/dim_balanced/totems/dim3/var1/images/94.png
(C (C (color 0 1 0 (T (repeat (T l (M 0.13975407808810986 0 -0.06987703904405493 1.3333333333333333)) 60 (M 1 0.10471975511965977 0 0)) (M 1 0 0 -2.666666666666667))) (color 0 1 0 (T (repeat (T l (M 0.13975407808810986 0 -0.06987703904405493 1.3333333333333333)) 60 (M 1 0.10471975511965977 0 0)) (M 1 0 0 -2.220446049250313e-16)))) (color 0 0 1 (T (T (repeat (T l (M 3.0792014356780038 0 -1.5396007178390019 0.8888888888888891)) 3 (M 1 2.0943951023931953 0 0)) (M 1 0 0 0.4444444444444443)) (M 1 0 0 2.666666666666666)))),circle,green,circle,green,triangle,blue,balanced_data/dim_balanced/totems/dim3/var1/images/95.png
(C (C (color 0 1 0 (T (repeat (T l (M 0.13975407808810986 0 -0.06987703904405493 1.3333333333333333)) 60 (M 1 0.10471975511965977 0 0)) (M 1 0 0 -2.666666666666667))) (color 0 1 0 (T (repeat (T l (M 0.13975407808810986 0 -0.06987703904405493 1.3333333333333333)) 60 (M 1 0.10471975511965977 0 0)) (M 1 0 0 -2.220446049250313e-16)))) (color 1 0 0 (T (repeat (T l (M 2.666666666666666 0 -1.333333333333333 1.3333333333333333)) 4 (M 1 1.5707963267948966 0 0)) (M 1 0 0 2.666666666666666)))),circle,green,circle,green,square,red,balanced_data/dim_balanced/totems/dim3/var1/images/96.png
(C (C (color 0 1 0 (T (repeat (T l (M 0.13975407808810986 0 -0.06987703904405493 1.3333333333333333)) 60 (M 1 0.10471975511965977 0 0)) (M 1 0 0 -2.666666666666667))) (color 0 1 0 (T (repeat (T l (M 0.13975407808810986 0 -0.06987703904405493 1.3333333333333333)) 60 (M 1 0.10471975511965977 0 0)) (M 1 0 0 -2.220446049250313e-16)))) (color 0 1 0 (T (repeat (T l (M 2.666666666666666 0 -1.333333333333333 1.3333333333333333)) 4 (M 1 1.5707963267948966 0 0)) (M 1 0 0 2.666666666666666)))),circle,green,circle,green,square,green,balanced_data/dim_balanced/totems/dim3/var1/images/97.png
(C (C (color 0 1 0 (T (repeat (T l (M 0.13975407808810986 0 -0.06987703904405493 1.3333333333333333)) 60 (M 1 0.10471975511965977 0 0)) (M 1 0 0 -2.666666666666667))) (color 0 1 0 (T (repeat (T l (M 0.13975407808810986 0 -0.06987703904405493 1.3333333333333333)) 60 (M 1 0.10471975511965977 0 0)) (M 1 0 0 -2.220446049250313e-16)))) (color 0 0 1 (T (repeat (T l (M 2.666666666666666 0 -1.333333333333333 1.3333333333333333)) 4 (M 1 1.5707963267948966 0 0)) (M 1 0 0 2.666666666666666)))),circle,green,circle,green,square,blue,balanced_data/dim_balanced/totems/dim3/var1/images/98.png
(C (C (color 0 1 0 (T (repeat (T l (M 0.13975407808810986 0 -0.06987703904405493 1.3333333333333333)) 60 (M 1 0.10471975511965977 0 0)) (M 1 0 0 -2.666666666666667))) (color 0 0 1 (T (repeat (T l (M 0.13975407808810986 0 -0.06987703904405493 1.3333333333333333)) 60 (M 1 0.10471975511965977 0 0)) (M 1 0 0 -2.220446049250313e-16)))) (color 1 0 0 (T (repeat (T l (M 0.13975407808810986 0 -0.06987703904405493 1.3333333333333333)) 60 (M 1 0.10471975511965977 0 0)) (M 1 0 0 2.666666666666666)))),circle,green,circle,blue,circle,red,balanced_data/dim_balanced/totems/dim3/var1/images/99.png
(C (C (color 0 1 0 (T (repeat (T l (M 0.13975407808810986 0 -0.06987703904405493 1.3333333333333333)) 60 (M 1 0.10471975511965977 0 0)) (M 1 0 0 -2.666666666666667))) (color 0 0 1 (T (repeat (T l (M 0.13975407808810986 0 -0.06987703904405493 1.3333333333333333)) 60 (M 1 0.10471975511965977 0 0)) (M 1 0 0 -2.220446049250313e-16)))) (color 0 1 0 (T (repeat (T l (M 0.13975407808810986 0 -0.06987703904405493 1.3333333333333333)) 60 (M 1 0.10471975511965977 0 0)) (M 1 0 0 2.666666666666666)))),circle,green,circle,blue,circle,green,balanced_data/dim_balanced/totems/dim3/var1/images/100.png
(C (C (color 0 1 0 (T (repeat (T l (M 0.13975407808810986 0 -0.06987703904405493 1.3333333333333333)) 60 (M 1 0.10471975511965977 0 0)) (M 1 0 0 -2.666666666666667))) (color 0 0 1 (T (repeat (T l (M 0.13975407808810986 0 -0.06987703904405493 1.3333333333333333)) 60 (M 1 0.10471975511965977 0 0)) (M 1 0 0 -2.220446049250313e-16)))) (color 0 0 1 (T (repeat (T l (M 0.13975407808810986 0 -0.06987703904405493 1.3333333333333333)) 60 (M 1 0.10471975511965977 0 0)) (M 1 0 0 2.666666666666666)))),circle,green,circle,blue,circle,blue,balanced_data/dim_balanced/totems/dim3/var1/images/101.png
(C (C (color 0 1 0 (T (repeat (T l (M 0.13975407808810986 0 -0.06987703904405493 1.3333333333333333)) 60 (M 1 0.10471975511965977 0 0)) (M 1 0 0 -2.666666666666667))) (color 0 0 1 (T (repeat (T l (M 0.13975407808810986 0 -0.06987703904405493 1.3333333333333333)) 60 (M 1 0.10471975511965977 0 0)) (M 1 0 0 -2.220446049250313e-16)))) (color 1 0 0 (T (T (repeat (T l (M 3.0792014356780038 0 -1.5396007178390019 0.8888888888888891)) 3 (M 1 2.0943951023931953 0 0)) (M 1 0 0 0.4444444444444443)) (M 1 0 0 2.666666666666666)))),circle,green,circle,blue,triangle,red,balanced_data/dim_balanced/totems/dim3/var1/images/102.png
(C (C (color 0 1 0 (T (repeat (T l (M 0.13975407808810986 0 -0.06987703904405493 1.3333333333333333)) 60 (M 1 0.10471975511965977 0 0)) (M 1 0 0 -2.666666666666667))) (color 0 0 1 (T (repeat (T l (M 0.13975407808810986 0 -0.06987703904405493 1.3333333333333333)) 60 (M 1 0.10471975511965977 0 0)) (M 1 0 0 -2.220446049250313e-16)))) (color 0 1 0 (T (T (repeat (T l (M 3.0792014356780038 0 -1.5396007178390019 0.8888888888888891)) 3 (M 1 2.0943951023931953 0 0)) (M 1 0 0 0.4444444444444443)) (M 1 0 0 2.666666666666666)))),circle,green,circle,blue,triangle,green,balanced_data/dim_balanced/totems/dim3/var1/images/103.png
(C (C (color 0 1 0 (T (repeat (T l (M 0.13975407808810986 0 -0.06987703904405493 1.3333333333333333)) 60 (M 1 0.10471975511965977 0 0)) (M 1 0 0 -2.666666666666667))) (color 0 0 1 (T (repeat (T l (M 0.13975407808810986 0 -0.06987703904405493 1.3333333333333333)) 60 (M 1 0.10471975511965977 0 0)) (M 1 0 0 -2.220446049250313e-16)))) (color 0 0 1 (T (T (repeat (T l (M 3.0792014356780038 0 -1.5396007178390019 0.8888888888888891)) 3 (M 1 2.0943951023931953 0 0)) (M 1 0 0 0.4444444444444443)) (M 1 0 0 2.666666666666666)))),circle,green,circle,blue,triangle,blue,balanced_data/dim_balanced/totems/dim3/var1/images/104.png
(C (C (color 0 1 0 (T (repeat (T l (M 0.13975407808810986 0 -0.06987703904405493 1.3333333333333333)) 60 (M 1 0.10471975511965977 0 0)) (M 1 0 0 -2.666666666666667))) (color 0 0 1 (T (repeat (T l (M 0.13975407808810986 0 -0.06987703904405493 1.3333333333333333)) 60 (M 1 0.10471975511965977 0 0)) (M 1 0 0 -2.220446049250313e-16)))) (color 1 0 0 (T (repeat (T l (M 2.666666666666666 0 -1.333333333333333 1.3333333333333333)) 4 (M 1 1.5707963267948966 0 0)) (M 1 0 0 2.666666666666666)))),circle,green,circle,blue,square,red,balanced_data/dim_balanced/totems/dim3/var1/images/105.png
(C (C (color 0 1 0 (T (repeat (T l (M 0.13975407808810986 0 -0.06987703904405493 1.3333333333333333)) 60 (M 1 0.10471975511965977 0 0)) (M 1 0 0 -2.666666666666667))) (color 0 0 1 (T (repeat (T l (M 0.13975407808810986 0 -0.06987703904405493 1.3333333333333333)) 60 (M 1 0.10471975511965977 0 0)) (M 1 0 0 -2.220446049250313e-16)))) (color 0 1 0 (T (repeat (T l (M 2.666666666666666 0 -1.333333333333333 1.3333333333333333)) 4 (M 1 1.5707963267948966 0 0)) (M 1 0 0 2.666666666666666)))),circle,green,circle,blue,square,green,balanced_data/dim_balanced/totems/dim3/var1/images/106.png
(C (C (color 0 1 0 (T (repeat (T l (M 0.13975407808810986 0 -0.06987703904405493 1.3333333333333333)) 60 (M 1 0.10471975511965977 0 0)) (M 1 0 0 -2.666666666666667))) (color 0 0 1 (T (repeat (T l (M 0.13975407808810986 0 -0.06987703904405493 1.3333333333333333)) 60 (M 1 0.10471975511965977 0 0)) (M 1 0 0 -2.220446049250313e-16)))) (color 0 0 1 (T (repeat (T l (M 2.666666666666666 0 -1.333333333333333 1.3333333333333333)) 4 (M 1 1.5707963267948966 0 0)) (M 1 0 0 2.666666666666666)))),circle,green,circle,blue,square,blue,balanced_data/dim_balanced/totems/dim3/var1/images/107.png
(C (C (color 0 1 0 (T (repeat (T l (M 0.13975407808810986 0 -0.06987703904405493 1.3333333333333333)) 60 (M 1 0.10471975511965977 0 0)) (M 1 0 0 -2.666666666666667))) (color 1 0 0 (T (T (repeat (T l (M 3.0792014356780038 0 -1.5396007178390019 0.8888888888888891)) 3 (M 1 2.0943951023931953 0 0)) (M 1 0 0 0.4444444444444443)) (M 1 0 0 -2.220446049250313e-16)))) (color 1 0 0 (T (repeat (T l (M 0.13975407808810986 0 -0.06987703904405493 1.3333333333333333)) 60 (M 1 0.10471975511965977 0 0)) (M 1 0 0 2.666666666666666)))),circle,green,triangle,red,circle,red,balanced_data/dim_balanced/totems/dim3/var1/images/108.png
(C (C (color 0 1 0 (T (repeat (T l (M 0.13975407808810986 0 -0.06987703904405493 1.3333333333333333)) 60 (M 1 0.10471975511965977 0 0)) (M 1 0 0 -2.666666666666667))) (color 1 0 0 (T (T (repeat (T l (M 3.0792014356780038 0 -1.5396007178390019 0.8888888888888891)) 3 (M 1 2.0943951023931953 0 0)) (M 1 0 0 0.4444444444444443)) (M 1 0 0 -2.220446049250313e-16)))) (color 0 1 0 (T (repeat (T l (M 0.13975407808810986 0 -0.06987703904405493 1.3333333333333333)) 60 (M 1 0.10471975511965977 0 0)) (M 1 0 0 2.666666666666666)))),circle,green,triangle,red,circle,green,balanced_data/dim_balanced/totems/dim3/var1/images/109.png
(C (C (color 0 1 0 (T (repeat (T l (M 0.13975407808810986 0 -0.06987703904405493 1.3333333333333333)) 60 (M 1 0.10471975511965977 0 0)) (M 1 0 0 -2.666666666666667))) (color 1 0 0 (T (T (repeat (T l (M 3.0792014356780038 0 -1.5396007178390019 0.8888888888888891)) 3 (M 1 2.0943951023931953 0 0)) (M 1 0 0 0.4444444444444443)) (M 1 0 0 -2.220446049250313e-16)))) (color 0 0 1 (T (repeat (T l (M 0.13975407808810986 0 -0.06987703904405493 1.3333333333333333)) 60 (M 1 0.10471975511965977 0 0)) (M 1 0 0 2.666666666666666)))),circle,green,triangle,red,circle,blue,balanced_data/dim_balanced/totems/dim3/var1/images/110.png
(C (C (color 0 1 0 (T (repeat (T l (M 0.13975407808810986 0 -0.06987703904405493 1.3333333333333333)) 60 (M 1 0.10471975511965977 0 0)) (M 1 0 0 -2.666666666666667))) (color 1 0 0 (T (T (repeat (T l (M 3.0792014356780038 0 -1.5396007178390019 0.8888888888888891)) 3 (M 1 2.0943951023931953 0 0)) (M 1 0 0 0.4444444444444443)) (M 1 0 0 -2.220446049250313e-16)))) (color 1 0 0 (T (T (repeat (T l (M 3.0792014356780038 0 -1.5396007178390019 0.8888888888888891)) 3 (M 1 2.0943951023931953 0 0)) (M 1 0 0 0.4444444444444443)) (M 1 0 0 2.666666666666666)))),circle,green,triangle,red,triangle,red,balanced_data/dim_balanced/totems/dim3/var1/images/111.png
(C (C (color 0 1 0 (T (repeat (T l (M 0.13975407808810986 0 -0.06987703904405493 1.3333333333333333)) 60 (M 1 0.10471975511965977 0 0)) (M 1 0 0 -2.666666666666667))) (color 1 0 0 (T (T (repeat (T l (M 3.0792014356780038 0 -1.5396007178390019 0.8888888888888891)) 3 (M 1 2.0943951023931953 0 0)) (M 1 0 0 0.4444444444444443)) (M 1 0 0 -2.220446049250313e-16)))) (color 0 1 0 (T (T (repeat (T l (M 3.0792014356780038 0 -1.5396007178390019 0.8888888888888891)) 3 (M 1 2.0943951023931953 0 0)) (M 1 0 0 0.4444444444444443)) (M 1 0 0 2.666666666666666)))),circle,green,triangle,red,triangle,green,balanced_data/dim_balanced/totems/dim3/var1/images/112.png
(C (C (color 0 1 0 (T (repeat (T l (M 0.13975407808810986 0 -0.06987703904405493 1.3333333333333333)) 60 (M 1 0.10471975511965977 0 0)) (M 1 0 0 -2.666666666666667))) (color 1 0 0 (T (T (repeat (T l (M 3.0792014356780038 0 -1.5396007178390019 0.8888888888888891)) 3 (M 1 2.0943951023931953 0 0)) (M 1 0 0 0.4444444444444443)) (M 1 0 0 -2.220446049250313e-16)))) (color 0 0 1 (T (T (repeat (T l (M 3.0792014356780038 0 -1.5396007178390019 0.8888888888888891)) 3 (M 1 2.0943951023931953 0 0)) (M 1 0 0 0.4444444444444443)) (M 1 0 0 2.666666666666666)))),circle,green,triangle,red,triangle,blue,balanced_data/dim_balanced/totems/dim3/var1/images/113.png
(C (C (color 0 1 0 (T (repeat (T l (M 0.13975407808810986 0 -0.06987703904405493 1.3333333333333333)) 60 (M 1 0.10471975511965977 0 0)) (M 1 0 0 -2.666666666666667))) (color 1 0 0 (T (T (repeat (T l (M 3.0792014356780038 0 -1.5396007178390019 0.8888888888888891)) 3 (M 1 2.0943951023931953 0 0)) (M 1 0 0 0.4444444444444443)) (M 1 0 0 -2.220446049250313e-16)))) (color 1 0 0 (T (repeat (T l (M 2.666666666666666 0 -1.333333333333333 1.3333333333333333)) 4 (M 1 1.5707963267948966 0 0)) (M 1 0 0 2.666666666666666)))),circle,green,triangle,red,square,red,balanced_data/dim_balanced/totems/dim3/var1/images/114.png
(C (C (color 0 1 0 (T (repeat (T l (M 0.13975407808810986 0 -0.06987703904405493 1.3333333333333333)) 60 (M 1 0.10471975511965977 0 0)) (M 1 0 0 -2.666666666666667))) (color 1 0 0 (T (T (repeat (T l (M 3.0792014356780038 0 -1.5396007178390019 0.8888888888888891)) 3 (M 1 2.0943951023931953 0 0)) (M 1 0 0 0.4444444444444443)) (M 1 0 0 -2.220446049250313e-16)))) (color 0 1 0 (T (repeat (T l (M 2.666666666666666 0 -1.333333333333333 1.3333333333333333)) 4 (M 1 1.5707963267948966 0 0)) (M 1 0 0 2.666666666666666)))),circle,green,triangle,red,square,green,balanced_data/dim_balanced/totems/dim3/var1/images/115.png
(C (C (color 0 1 0 (T (repeat (T l (M 0.13975407808810986 0 -0.06987703904405493 1.3333333333333333)) 60 (M 1 0.10471975511965977 0 0)) (M 1 0 0 -2.666666666666667))) (color 1 0 0 (T (T (repeat (T l (M 3.0792014356780038 0 -1.5396007178390019 0.8888888888888891)) 3 (M 1 2.0943951023931953 0 0)) (M 1 0 0 0.4444444444444443)) (M 1 0 0 -2.220446049250313e-16)))) (color 0 0 1 (T (repeat (T l (M 2.666666666666666 0 -1.333333333333333 1.3333333333333333)) 4 (M 1 1.5707963267948966 0 0)) (M 1 0 0 2.666666666666666)))),circle,green,triangle,red,square,blue,balanced_data/dim_balanced/totems/dim3/var1/images/116.png
(C (C (color 0 1 0 (T (repeat (T l (M 0.13975407808810986 0 -0.06987703904405493 1.3333333333333333)) 60 (M 1 0.10471975511965977 0 0)) (M 1 0 0 -2.666666666666667))) (color 0 1 0 (T (T (repeat (T l (M 3.0792014356780038 0 -1.5396007178390019 0.8888888888888891)) 3 (M 1 2.0943951023931953 0 0)) (M 1 0 0 0.4444444444444443)) (M 1 0 0 -2.220446049250313e-16)))) (color 1 0 0 (T (repeat (T l (M 0.13975407808810986 0 -0.06987703904405493 1.3333333333333333)) 60 (M 1 0.10471975511965977 0 0)) (M 1 0 0 2.666666666666666)))),circle,green,triangle,green,circle,red,balanced_data/dim_balanced/totems/dim3/var1/images/117.png
(C (C (color 0 1 0 (T (repeat (T l (M 0.13975407808810986 0 -0.06987703904405493 1.3333333333333333)) 60 (M 1 0.10471975511965977 0 0)) (M 1 0 0 -2.666666666666667))) (color 0 1 0 (T (T (repeat (T l (M 3.0792014356780038 0 -1.5396007178390019 0.8888888888888891)) 3 (M 1 2.0943951023931953 0 0)) (M 1 0 0 0.4444444444444443)) (M 1 0 0 -2.220446049250313e-16)))) (color 0 1 0 (T (repeat (T l (M 0.13975407808810986 0 -0.06987703904405493 1.3333333333333333)) 60 (M 1 0.10471975511965977 0 0)) (M 1 0 0 2.666666666666666)))),circle,green,triangle,green,circle,green,balanced_data/dim_balanced/totems/dim3/var1/images/118.png
(C (C (color 0 1 0 (T (repeat (T l (M 0.13975407808810986 0 -0.06987703904405493 1.3333333333333333)) 60 (M 1 0.10471975511965977 0 0)) (M 1 0 0 -2.666666666666667))) (color 0 1 0 (T (T (repeat (T l (M 3.0792014356780038 0 -1.5396007178390019 0.8888888888888891)) 3 (M 1 2.0943951023931953 0 0)) (M 1 0 0 0.4444444444444443)) (M 1 0 0 -2.220446049250313e-16)))) (color 0 0 1 (T (repeat (T l (M 0.13975407808810986 0 -0.06987703904405493 1.3333333333333333)) 60 (M 1 0.10471975511965977 0 0)) (M 1 0 0 2.666666666666666)))),circle,green,triangle,green,circle,blue,balanced_data/dim_balanced/totems/dim3/var1/images/119.png
(C (C (color 0 1 0 (T (repeat (T l (M 0.13975407808810986 0 -0.06987703904405493 1.3333333333333333)) 60 (M 1 0.10471975511965977 0 0)) (M 1 0 0 -2.666666666666667))) (color 0 1 0 (T (T (repeat (T l (M 3.0792014356780038 0 -1.5396007178390019 0.8888888888888891)) 3 (M 1 2.0943951023931953 0 0)) (M 1 0 0 0.4444444444444443)) (M 1 0 0 -2.220446049250313e-16)))) (color 1 0 0 (T (T (repeat (T l (M 3.0792014356780038 0 -1.5396007178390019 0.8888888888888891)) 3 (M 1 2.0943951023931953 0 0)) (M 1 0 0 0.4444444444444443)) (M 1 0 0 2.666666666666666)))),circle,green,triangle,green,triangle,red,balanced_data/dim_balanced/totems/dim3/var1/images/120.png
(C (C (color 0 1 0 (T (repeat (T l (M 0.13975407808810986 0 -0.06987703904405493 1.3333333333333333)) 60 (M 1 0.10471975511965977 0 0)) (M 1 0 0 -2.666666666666667))) (color 0 1 0 (T (T (repeat (T l (M 3.0792014356780038 0 -1.5396007178390019 0.8888888888888891)) 3 (M 1 2.0943951023931953 0 0)) (M 1 0 0 0.4444444444444443)) (M 1 0 0 -2.220446049250313e-16)))) (color 0 1 0 (T (T (repeat (T l (M 3.0792014356780038 0 -1.5396007178390019 0.8888888888888891)) 3 (M 1 2.0943951023931953 0 0)) (M 1 0 0 0.4444444444444443)) (M 1 0 0 2.666666666666666)))),circle,green,triangle,green,triangle,green,balanced_data/dim_balanced/totems/dim3/var1/images/121.png
(C (C (color 0 1 0 (T (repeat (T l (M 0.13975407808810986 0 -0.06987703904405493 1.3333333333333333)) 60 (M 1 0.10471975511965977 0 0)) (M 1 0 0 -2.666666666666667))) (color 0 1 0 (T (T (repeat (T l (M 3.0792014356780038 0 -1.5396007178390019 0.8888888888888891)) 3 (M 1 2.0943951023931953 0 0)) (M 1 0 0 0.4444444444444443)) (M 1 0 0 -2.220446049250313e-16)))) (color 0 0 1 (T (T (repeat (T l (M 3.0792014356780038 0 -1.5396007178390019 0.8888888888888891)) 3 (M 1 2.0943951023931953 0 0)) (M 1 0 0 0.4444444444444443)) (M 1 0 0 2.666666666666666)))),circle,green,triangle,green,triangle,blue,balanced_data/dim_balanced/totems/dim3/var1/images/122.png
(C (C (color 0 1 0 (T (repeat (T l (M 0.13975407808810986 0 -0.06987703904405493 1.3333333333333333)) 60 (M 1 0.10471975511965977 0 0)) (M 1 0 0 -2.666666666666667))) (color 0 1 0 (T (T (repeat (T l (M 3.0792014356780038 0 -1.5396007178390019 0.8888888888888891)) 3 (M 1 2.0943951023931953 0 0)) (M 1 0 0 0.4444444444444443)) (M 1 0 0 -2.220446049250313e-16)))) (color 1 0 0 (T (repeat (T l (M 2.666666666666666 0 -1.333333333333333 1.3333333333333333)) 4 (M 1 1.5707963267948966 0 0)) (M 1 0 0 2.666666666666666)))),circle,green,triangle,green,square,red,balanced_data/dim_balanced/totems/dim3/var1/images/123.png
(C (C (color 0 1 0 (T (repeat (T l (M 0.13975407808810986 0 -0.06987703904405493 1.3333333333333333)) 60 (M 1 0.10471975511965977 0 0)) (M 1 0 0 -2.666666666666667))) (color 0 1 0 (T (T (repeat (T l (M 3.0792014356780038 0 -1.5396007178390019 0.8888888888888891)) 3 (M 1 2.0943951023931953 0 0)) (M 1 0 0 0.4444444444444443)) (M 1 0 0 -2.220446049250313e-16)))) (color 0 1 0 (T (repeat (T l (M 2.666666666666666 0 -1.333333333333333 1.3333333333333333)) 4 (M 1 1.5707963267948966 0 0)) (M 1 0 0 2.666666666666666)))),circle,green,triangle,green,square,green,balanced_data/dim_balanced/totems/dim3/var1/images/124.png
(C (C (color 0 1 0 (T (repeat (T l (M 0.13975407808810986 0 -0.06987703904405493 1.3333333333333333)) 60 (M 1 0.10471975511965977 0 0)) (M 1 0 0 -2.666666666666667))) (color 0 1 0 (T (T (repeat (T l (M 3.0792014356780038 0 -1.5396007178390019 0.8888888888888891)) 3 (M 1 2.0943951023931953 0 0)) (M 1 0 0 0.4444444444444443)) (M 1 0 0 -2.220446049250313e-16)))) (color 0 0 1 (T (repeat (T l (M 2.666666666666666 0 -1.333333333333333 1.3333333333333333)) 4 (M 1 1.5707963267948966 0 0)) (M 1 0 0 2.666666666666666)))),circle,green,triangle,green,square,blue,balanced_data/dim_balanced/totems/dim3/var1/images/125.png
(C (C (color 0 1 0 (T (repeat (T l (M 0.13975407808810986 0 -0.06987703904405493 1.3333333333333333)) 60 (M 1 0.10471975511965977 0 0)) (M 1 0 0 -2.666666666666667))) (color 0 0 1 (T (T (repeat (T l (M 3.0792014356780038 0 -1.5396007178390019 0.8888888888888891)) 3 (M 1 2.0943951023931953 0 0)) (M 1 0 0 0.4444444444444443)) (M 1 0 0 -2.220446049250313e-16)))) (color 1 0 0 (T (repeat (T l (M 0.13975407808810986 0 -0.06987703904405493 1.3333333333333333)) 60 (M 1 0.10471975511965977 0 0)) (M 1 0 0 2.666666666666666)))),circle,green,triangle,blue,circle,red,balanced_data/dim_balanced/totems/dim3/var1/images/126.png
(C (C (color 0 1 0 (T (repeat (T l (M 0.13975407808810986 0 -0.06987703904405493 1.3333333333333333)) 60 (M 1 0.10471975511965977 0 0)) (M 1 0 0 -2.666666666666667))) (color 0 0 1 (T (T (repeat (T l (M 3.0792014356780038 0 -1.5396007178390019 0.8888888888888891)) 3 (M 1 2.0943951023931953 0 0)) (M 1 0 0 0.4444444444444443)) (M 1 0 0 -2.220446049250313e-16)))) (color 0 1 0 (T (repeat (T l (M 0.13975407808810986 0 -0.06987703904405493 1.3333333333333333)) 60 (M 1 0.10471975511965977 0 0)) (M 1 0 0 2.666666666666666)))),circle,green,triangle,blue,circle,green,balanced_data/dim_balanced/totems/dim3/var1/images/127.png
(C (C (color 0 1 0 (T (repeat (T l (M 0.13975407808810986 0 -0.06987703904405493 1.3333333333333333)) 60 (M 1 0.10471975511965977 0 0)) (M 1 0 0 -2.666666666666667))) (color 0 0 1 (T (T (repeat (T l (M 3.0792014356780038 0 -1.5396007178390019 0.8888888888888891)) 3 (M 1 2.0943951023931953 0 0)) (M 1 0 0 0.4444444444444443)) (M 1 0 0 -2.220446049250313e-16)))) (color 0 0 1 (T (repeat (T l (M 0.13975407808810986 0 -0.06987703904405493 1.3333333333333333)) 60 (M 1 0.10471975511965977 0 0)) (M 1 0 0 2.666666666666666)))),circle,green,triangle,blue,circle,blue,balanced_data/dim_balanced/totems/dim3/var1/images/128.png
(C (C (color 0 1 0 (T (repeat (T l (M 0.13975407808810986 0 -0.06987703904405493 1.3333333333333333)) 60 (M 1 0.10471975511965977 0 0)) (M 1 0 0 -2.666666666666667))) (color 0 0 1 (T (T (repeat (T l (M 3.0792014356780038 0 -1.5396007178390019 0.8888888888888891)) 3 (M 1 2.0943951023931953 0 0)) (M 1 0 0 0.4444444444444443)) (M 1 0 0 -2.220446049250313e-16)))) (color 1 0 0 (T (T (repeat (T l (M 3.0792014356780038 0 -1.5396007178390019 0.8888888888888891)) 3 (M 1 2.0943951023931953 0 0)) (M 1 0 0 0.4444444444444443)) (M 1 0 0 2.666666666666666)))),circle,green,triangle,blue,triangle,red,balanced_data/dim_balanced/totems/dim3/var1/images/129.png
(C (C (color 0 1 0 (T (repeat (T l (M 0.13975407808810986 0 -0.06987703904405493 1.3333333333333333)) 60 (M 1 0.10471975511965977 0 0)) (M 1 0 0 -2.666666666666667))) (color 0 0 1 (T (T (repeat (T l (M 3.0792014356780038 0 -1.5396007178390019 0.8888888888888891)) 3 (M 1 2.0943951023931953 0 0)) (M 1 0 0 0.4444444444444443)) (M 1 0 0 -2.220446049250313e-16)))) (color 0 1 0 (T (T (repeat (T l (M 3.0792014356780038 0 -1.5396007178390019 0.8888888888888891)) 3 (M 1 2.0943951023931953 0 0)) (M 1 0 0 0.4444444444444443)) (M 1 0 0 2.666666666666666)))),circle,green,triangle,blue,triangle,green,balanced_data/dim_balanced/totems/dim3/var1/images/130.png
(C (C (color 0 1 0 (T (repeat (T l (M 0.13975407808810986 0 -0.06987703904405493 1.3333333333333333)) 60 (M 1 0.10471975511965977 0 0)) (M 1 0 0 -2.666666666666667))) (color 0 0 1 (T (T (repeat (T l (M 3.0792014356780038 0 -1.5396007178390019 0.8888888888888891)) 3 (M 1 2.0943951023931953 0 0)) (M 1 0 0 0.4444444444444443)) (M 1 0 0 -2.220446049250313e-16)))) (color 0 0 1 (T (T (repeat (T l (M 3.0792014356780038 0 -1.5396007178390019 0.8888888888888891)) 3 (M 1 2.0943951023931953 0 0)) (M 1 0 0 0.4444444444444443)) (M 1 0 0 2.666666666666666)))),circle,green,triangle,blue,triangle,blue,balanced_data/dim_balanced/totems/dim3/var1/images/131.png
(C (C (color 0 1 0 (T (repeat (T l (M 0.13975407808810986 0 -0.06987703904405493 1.3333333333333333)) 60 (M 1 0.10471975511965977 0 0)) (M 1 0 0 -2.666666666666667))) (color 0 0 1 (T (T (repeat (T l (M 3.0792014356780038 0 -1.5396007178390019 0.8888888888888891)) 3 (M 1 2.0943951023931953 0 0)) (M 1 0 0 0.4444444444444443)) (M 1 0 0 -2.220446049250313e-16)))) (color 1 0 0 (T (repeat (T l (M 2.666666666666666 0 -1.333333333333333 1.3333333333333333)) 4 (M 1 1.5707963267948966 0 0)) (M 1 0 0 2.666666666666666)))),circle,green,triangle,blue,square,red,balanced_data/dim_balanced/totems/dim3/var1/images/132.png
(C (C (color 0 1 0 (T (repeat (T l (M 0.13975407808810986 0 -0.06987703904405493 1.3333333333333333)) 60 (M 1 0.10471975511965977 0 0)) (M 1 0 0 -2.666666666666667))) (color 0 0 1 (T (T (repeat (T l (M 3.0792014356780038 0 -1.5396007178390019 0.8888888888888891)) 3 (M 1 2.0943951023931953 0 0)) (M 1 0 0 0.4444444444444443)) (M 1 0 0 -2.220446049250313e-16)))) (color 0 1 0 (T (repeat (T l (M 2.666666666666666 0 -1.333333333333333 1.3333333333333333)) 4 (M 1 1.5707963267948966 0 0)) (M 1 0 0 2.666666666666666)))),circle,green,triangle,blue,square,green,balanced_data/dim_balanced/totems/dim3/var1/images/133.png
(C (C (color 0 1 0 (T (repeat (T l (M 0.13975407808810986 0 -0.06987703904405493 1.3333333333333333)) 60 (M 1 0.10471975511965977 0 0)) (M 1 0 0 -2.666666666666667))) (color 0 0 1 (T (T (repeat (T l (M 3.0792014356780038 0 -1.5396007178390019 0.8888888888888891)) 3 (M 1 2.0943951023931953 0 0)) (M 1 0 0 0.4444444444444443)) (M 1 0 0 -2.220446049250313e-16)))) (color 0 0 1 (T (repeat (T l (M 2.666666666666666 0 -1.333333333333333 1.3333333333333333)) 4 (M 1 1.5707963267948966 0 0)) (M 1 0 0 2.666666666666666)))),circle,green,triangle,blue,square,blue,balanced_data/dim_balanced/totems/dim3/var1/images/134.png
(C (C (color 0 1 0 (T (repeat (T l (M 0.13975407808810986 0 -0.06987703904405493 1.3333333333333333)) 60 (M 1 0.10471975511965977 0 0)) (M 1 0 0 -2.666666666666667))) (color 1 0 0 (T (repeat (T l (M 2.666666666666666 0 -1.333333333333333 1.3333333333333333)) 4 (M 1 1.5707963267948966 0 0)) (M 1 0 0 -2.220446049250313e-16)))) (color 1 0 0 (T (repeat (T l (M 0.13975407808810986 0 -0.06987703904405493 1.3333333333333333)) 60 (M 1 0.10471975511965977 0 0)) (M 1 0 0 2.666666666666666)))),circle,green,square,red,circle,red,balanced_data/dim_balanced/totems/dim3/var1/images/135.png
(C (C (color 0 1 0 (T (repeat (T l (M 0.13975407808810986 0 -0.06987703904405493 1.3333333333333333)) 60 (M 1 0.10471975511965977 0 0)) (M 1 0 0 -2.666666666666667))) (color 1 0 0 (T (repeat (T l (M 2.666666666666666 0 -1.333333333333333 1.3333333333333333)) 4 (M 1 1.5707963267948966 0 0)) (M 1 0 0 -2.220446049250313e-16)))) (color 0 1 0 (T (repeat (T l (M 0.13975407808810986 0 -0.06987703904405493 1.3333333333333333)) 60 (M 1 0.10471975511965977 0 0)) (M 1 0 0 2.666666666666666)))),circle,green,square,red,circle,green,balanced_data/dim_balanced/totems/dim3/var1/images/136.png
(C (C (color 0 1 0 (T (repeat (T l (M 0.13975407808810986 0 -0.06987703904405493 1.3333333333333333)) 60 (M 1 0.10471975511965977 0 0)) (M 1 0 0 -2.666666666666667))) (color 1 0 0 (T (repeat (T l (M 2.666666666666666 0 -1.333333333333333 1.3333333333333333)) 4 (M 1 1.5707963267948966 0 0)) (M 1 0 0 -2.220446049250313e-16)))) (color 0 0 1 (T (repeat (T l (M 0.13975407808810986 0 -0.06987703904405493 1.3333333333333333)) 60 (M 1 0.10471975511965977 0 0)) (M 1 0 0 2.666666666666666)))),circle,green,square,red,circle,blue,balanced_data/dim_balanced/totems/dim3/var1/images/137.png
(C (C (color 0 1 0 (T (repeat (T l (M 0.13975407808810986 0 -0.06987703904405493 1.3333333333333333)) 60 (M 1 0.10471975511965977 0 0)) (M 1 0 0 -2.666666666666667))) (color 1 0 0 (T (repeat (T l (M 2.666666666666666 0 -1.333333333333333 1.3333333333333333)) 4 (M 1 1.5707963267948966 0 0)) (M 1 0 0 -2.220446049250313e-16)))) (color 1 0 0 (T (T (repeat (T l (M 3.0792014356780038 0 -1.5396007178390019 0.8888888888888891)) 3 (M 1 2.0943951023931953 0 0)) (M 1 0 0 0.4444444444444443)) (M 1 0 0 2.666666666666666)))),circle,green,square,red,triangle,red,balanced_data/dim_balanced/totems/dim3/var1/images/138.png
(C (C (color 0 1 0 (T (repeat (T l (M 0.13975407808810986 0 -0.06987703904405493 1.3333333333333333)) 60 (M 1 0.10471975511965977 0 0)) (M 1 0 0 -2.666666666666667))) (color 1 0 0 (T (repeat (T l (M 2.666666666666666 0 -1.333333333333333 1.3333333333333333)) 4 (M 1 1.5707963267948966 0 0)) (M 1 0 0 -2.220446049250313e-16)))) (color 0 1 0 (T (T (repeat (T l (M 3.0792014356780038 0 -1.5396007178390019 0.8888888888888891)) 3 (M 1 2.0943951023931953 0 0)) (M 1 0 0 0.4444444444444443)) (M 1 0 0 2.666666666666666)))),circle,green,square,red,triangle,green,balanced_data/dim_balanced/totems/dim3/var1/images/139.png
(C (C (color 0 1 0 (T (repeat (T l (M 0.13975407808810986 0 -0.06987703904405493 1.3333333333333333)) 60 (M 1 0.10471975511965977 0 0)) (M 1 0 0 -2.666666666666667))) (color 1 0 0 (T (repeat (T l (M 2.666666666666666 0 -1.333333333333333 1.3333333333333333)) 4 (M 1 1.5707963267948966 0 0)) (M 1 0 0 -2.220446049250313e-16)))) (color 0 0 1 (T (T (repeat (T l (M 3.0792014356780038 0 -1.5396007178390019 0.8888888888888891)) 3 (M 1 2.0943951023931953 0 0)) (M 1 0 0 0.4444444444444443)) (M 1 0 0 2.666666666666666)))),circle,green,square,red,triangle,blue,balanced_data/dim_balanced/totems/dim3/var1/images/140.png
(C (C (color 0 1 0 (T (repeat (T l (M 0.13975407808810986 0 -0.06987703904405493 1.3333333333333333)) 60 (M 1 0.10471975511965977 0 0)) (M 1 0 0 -2.666666666666667))) (color 1 0 0 (T (repeat (T l (M 2.666666666666666 0 -1.333333333333333 1.3333333333333333)) 4 (M 1 1.5707963267948966 0 0)) (M 1 0 0 -2.220446049250313e-16)))) (color 1 0 0 (T (repeat (T l (M 2.666666666666666 0 -1.333333333333333 1.3333333333333333)) 4 (M 1 1.5707963267948966 0 0)) (M 1 0 0 2.666666666666666)))),circle,green,square,red,square,red,balanced_data/dim_balanced/totems/dim3/var1/images/141.png
(C (C (color 0 1 0 (T (repeat (T l (M 0.13975407808810986 0 -0.06987703904405493 1.3333333333333333)) 60 (M 1 0.10471975511965977 0 0)) (M 1 0 0 -2.666666666666667))) (color 1 0 0 (T (repeat (T l (M 2.666666666666666 0 -1.333333333333333 1.3333333333333333)) 4 (M 1 1.5707963267948966 0 0)) (M 1 0 0 -2.220446049250313e-16)))) (color 0 1 0 (T (repeat (T l (M 2.666666666666666 0 -1.333333333333333 1.3333333333333333)) 4 (M 1 1.5707963267948966 0 0)) (M 1 0 0 2.666666666666666)))),circle,green,square,red,square,green,balanced_data/dim_balanced/totems/dim3/var1/images/142.png
(C (C (color 0 1 0 (T (repeat (T l (M 0.13975407808810986 0 -0.06987703904405493 1.3333333333333333)) 60 (M 1 0.10471975511965977 0 0)) (M 1 0 0 -2.666666666666667))) (color 1 0 0 (T (repeat (T l (M 2.666666666666666 0 -1.333333333333333 1.3333333333333333)) 4 (M 1 1.5707963267948966 0 0)) (M 1 0 0 -2.220446049250313e-16)))) (color 0 0 1 (T (repeat (T l (M 2.666666666666666 0 -1.333333333333333 1.3333333333333333)) 4 (M 1 1.5707963267948966 0 0)) (M 1 0 0 2.666666666666666)))),circle,green,square,red,square,blue,balanced_data/dim_balanced/totems/dim3/var1/images/143.png
(C (C (color 0 1 0 (T (repeat (T l (M 0.13975407808810986 0 -0.06987703904405493 1.3333333333333333)) 60 (M 1 0.10471975511965977 0 0)) (M 1 0 0 -2.666666666666667))) (color 0 1 0 (T (repeat (T l (M 2.666666666666666 0 -1.333333333333333 1.3333333333333333)) 4 (M 1 1.5707963267948966 0 0)) (M 1 0 0 -2.220446049250313e-16)))) (color 1 0 0 (T (repeat (T l (M 0.13975407808810986 0 -0.06987703904405493 1.3333333333333333)) 60 (M 1 0.10471975511965977 0 0)) (M 1 0 0 2.666666666666666)))),circle,green,square,green,circle,red,balanced_data/dim_balanced/totems/dim3/var1/images/144.png
(C (C (color 0 1 0 (T (repeat (T l (M 0.13975407808810986 0 -0.06987703904405493 1.3333333333333333)) 60 (M 1 0.10471975511965977 0 0)) (M 1 0 0 -2.666666666666667))) (color 0 1 0 (T (repeat (T l (M 2.666666666666666 0 -1.333333333333333 1.3333333333333333)) 4 (M 1 1.5707963267948966 0 0)) (M 1 0 0 -2.220446049250313e-16)))) (color 0 1 0 (T (repeat (T l (M 0.13975407808810986 0 -0.06987703904405493 1.3333333333333333)) 60 (M 1 0.10471975511965977 0 0)) (M 1 0 0 2.666666666666666)))),circle,green,square,green,circle,green,balanced_data/dim_balanced/totems/dim3/var1/images/145.png
(C (C (color 0 1 0 (T (repeat (T l (M 0.13975407808810986 0 -0.06987703904405493 1.3333333333333333)) 60 (M 1 0.10471975511965977 0 0)) (M 1 0 0 -2.666666666666667))) (color 0 1 0 (T (repeat (T l (M 2.666666666666666 0 -1.333333333333333 1.3333333333333333)) 4 (M 1 1.5707963267948966 0 0)) (M 1 0 0 -2.220446049250313e-16)))) (color 0 0 1 (T (repeat (T l (M 0.13975407808810986 0 -0.06987703904405493 1.3333333333333333)) 60 (M 1 0.10471975511965977 0 0)) (M 1 0 0 2.666666666666666)))),circle,green,square,green,circle,blue,balanced_data/dim_balanced/totems/dim3/var1/images/146.png
(C (C (color 0 1 0 (T (repeat (T l (M 0.13975407808810986 0 -0.06987703904405493 1.3333333333333333)) 60 (M 1 0.10471975511965977 0 0)) (M 1 0 0 -2.666666666666667))) (color 0 1 0 (T (repeat (T l (M 2.666666666666666 0 -1.333333333333333 1.3333333333333333)) 4 (M 1 1.5707963267948966 0 0)) (M 1 0 0 -2.220446049250313e-16)))) (color 1 0 0 (T (T (repeat (T l (M 3.0792014356780038 0 -1.5396007178390019 0.8888888888888891)) 3 (M 1 2.0943951023931953 0 0)) (M 1 0 0 0.4444444444444443)) (M 1 0 0 2.666666666666666)))),circle,green,square,green,triangle,red,balanced_data/dim_balanced/totems/dim3/var1/images/147.png
(C (C (color 0 1 0 (T (repeat (T l (M 0.13975407808810986 0 -0.06987703904405493 1.3333333333333333)) 60 (M 1 0.10471975511965977 0 0)) (M 1 0 0 -2.666666666666667))) (color 0 1 0 (T (repeat (T l (M 2.666666666666666 0 -1.333333333333333 1.3333333333333333)) 4 (M 1 1.5707963267948966 0 0)) (M 1 0 0 -2.220446049250313e-16)))) (color 0 1 0 (T (T (repeat (T l (M 3.0792014356780038 0 -1.5396007178390019 0.8888888888888891)) 3 (M 1 2.0943951023931953 0 0)) (M 1 0 0 0.4444444444444443)) (M 1 0 0 2.666666666666666)))),circle,green,square,green,triangle,green,balanced_data/dim_balanced/totems/dim3/var1/images/148.png
(C (C (color 0 1 0 (T (repeat (T l (M 0.13975407808810986 0 -0.06987703904405493 1.3333333333333333)) 60 (M 1 0.10471975511965977 0 0)) (M 1 0 0 -2.666666666666667))) (color 0 1 0 (T (repeat (T l (M 2.666666666666666 0 -1.333333333333333 1.3333333333333333)) 4 (M 1 1.5707963267948966 0 0)) (M 1 0 0 -2.220446049250313e-16)))) (color 0 0 1 (T (T (repeat (T l (M 3.0792014356780038 0 -1.5396007178390019 0.8888888888888891)) 3 (M 1 2.0943951023931953 0 0)) (M 1 0 0 0.4444444444444443)) (M 1 0 0 2.666666666666666)))),circle,green,square,green,triangle,blue,balanced_data/dim_balanced/totems/dim3/var1/images/149.png
(C (C (color 0 1 0 (T (repeat (T l (M 0.13975407808810986 0 -0.06987703904405493 1.3333333333333333)) 60 (M 1 0.10471975511965977 0 0)) (M 1 0 0 -2.666666666666667))) (color 0 1 0 (T (repeat (T l (M 2.666666666666666 0 -1.333333333333333 1.3333333333333333)) 4 (M 1 1.5707963267948966 0 0)) (M 1 0 0 -2.220446049250313e-16)))) (color 1 0 0 (T (repeat (T l (M 2.666666666666666 0 -1.333333333333333 1.3333333333333333)) 4 (M 1 1.5707963267948966 0 0)) (M 1 0 0 2.666666666666666)))),circle,green,square,green,square,red,balanced_data/dim_balanced/totems/dim3/var1/images/150.png
(C (C (color 0 1 0 (T (repeat (T l (M 0.13975407808810986 0 -0.06987703904405493 1.3333333333333333)) 60 (M 1 0.10471975511965977 0 0)) (M 1 0 0 -2.666666666666667))) (color 0 1 0 (T (repeat (T l (M 2.666666666666666 0 -1.333333333333333 1.3333333333333333)) 4 (M 1 1.5707963267948966 0 0)) (M 1 0 0 -2.220446049250313e-16)))) (color 0 1 0 (T (repeat (T l (M 2.666666666666666 0 -1.333333333333333 1.3333333333333333)) 4 (M 1 1.5707963267948966 0 0)) (M 1 0 0 2.666666666666666)))),circle,green,square,green,square,green,balanced_data/dim_balanced/totems/dim3/var1/images/151.png
(C (C (color 0 1 0 (T (repeat (T l (M 0.13975407808810986 0 -0.06987703904405493 1.3333333333333333)) 60 (M 1 0.10471975511965977 0 0)) (M 1 0 0 -2.666666666666667))) (color 0 1 0 (T (repeat (T l (M 2.666666666666666 0 -1.333333333333333 1.3333333333333333)) 4 (M 1 1.5707963267948966 0 0)) (M 1 0 0 -2.220446049250313e-16)))) (color 0 0 1 (T (repeat (T l (M 2.666666666666666 0 -1.333333333333333 1.3333333333333333)) 4 (M 1 1.5707963267948966 0 0)) (M 1 0 0 2.666666666666666)))),circle,green,square,green,square,blue,balanced_data/dim_balanced/totems/dim3/var1/images/152.png
(C (C (color 0 1 0 (T (repeat (T l (M 0.13975407808810986 0 -0.06987703904405493 1.3333333333333333)) 60 (M 1 0.10471975511965977 0 0)) (M 1 0 0 -2.666666666666667))) (color 0 0 1 (T (repeat (T l (M 2.666666666666666 0 -1.333333333333333 1.3333333333333333)) 4 (M 1 1.5707963267948966 0 0)) (M 1 0 0 -2.220446049250313e-16)))) (color 1 0 0 (T (repeat (T l (M 0.13975407808810986 0 -0.06987703904405493 1.3333333333333333)) 60 (M 1 0.10471975511965977 0 0)) (M 1 0 0 2.666666666666666)))),circle,green,square,blue,circle,red,balanced_data/dim_balanced/totems/dim3/var1/images/153.png
(C (C (color 0 1 0 (T (repeat (T l (M 0.13975407808810986 0 -0.06987703904405493 1.3333333333333333)) 60 (M 1 0.10471975511965977 0 0)) (M 1 0 0 -2.666666666666667))) (color 0 0 1 (T (repeat (T l (M 2.666666666666666 0 -1.333333333333333 1.3333333333333333)) 4 (M 1 1.5707963267948966 0 0)) (M 1 0 0 -2.220446049250313e-16)))) (color 0 1 0 (T (repeat (T l (M 0.13975407808810986 0 -0.06987703904405493 1.3333333333333333)) 60 (M 1 0.10471975511965977 0 0)) (M 1 0 0 2.666666666666666)))),circle,green,square,blue,circle,green,balanced_data/dim_balanced/totems/dim3/var1/images/154.png
(C (C (color 0 1 0 (T (repeat (T l (M 0.13975407808810986 0 -0.06987703904405493 1.3333333333333333)) 60 (M 1 0.10471975511965977 0 0)) (M 1 0 0 -2.666666666666667))) (color 0 0 1 (T (repeat (T l (M 2.666666666666666 0 -1.333333333333333 1.3333333333333333)) 4 (M 1 1.5707963267948966 0 0)) (M 1 0 0 -2.220446049250313e-16)))) (color 0 0 1 (T (repeat (T l (M 0.13975407808810986 0 -0.06987703904405493 1.3333333333333333)) 60 (M 1 0.10471975511965977 0 0)) (M 1 0 0 2.666666666666666)))),circle,green,square,blue,circle,blue,balanced_data/dim_balanced/totems/dim3/var1/images/155.png
(C (C (color 0 1 0 (T (repeat (T l (M 0.13975407808810986 0 -0.06987703904405493 1.3333333333333333)) 60 (M 1 0.10471975511965977 0 0)) (M 1 0 0 -2.666666666666667))) (color 0 0 1 (T (repeat (T l (M 2.666666666666666 0 -1.333333333333333 1.3333333333333333)) 4 (M 1 1.5707963267948966 0 0)) (M 1 0 0 -2.220446049250313e-16)))) (color 1 0 0 (T (T (repeat (T l (M 3.0792014356780038 0 -1.5396007178390019 0.8888888888888891)) 3 (M 1 2.0943951023931953 0 0)) (M 1 0 0 0.4444444444444443)) (M 1 0 0 2.666666666666666)))),circle,green,square,blue,triangle,red,balanced_data/dim_balanced/totems/dim3/var1/images/156.png
(C (C (color 0 1 0 (T (repeat (T l (M 0.13975407808810986 0 -0.06987703904405493 1.3333333333333333)) 60 (M 1 0.10471975511965977 0 0)) (M 1 0 0 -2.666666666666667))) (color 0 0 1 (T (repeat (T l (M 2.666666666666666 0 -1.333333333333333 1.3333333333333333)) 4 (M 1 1.5707963267948966 0 0)) (M 1 0 0 -2.220446049250313e-16)))) (color 0 1 0 (T (T (repeat (T l (M 3.0792014356780038 0 -1.5396007178390019 0.8888888888888891)) 3 (M 1 2.0943951023931953 0 0)) (M 1 0 0 0.4444444444444443)) (M 1 0 0 2.666666666666666)))),circle,green,square,blue,triangle,green,balanced_data/dim_balanced/totems/dim3/var1/images/157.png
(C (C (color 0 1 0 (T (repeat (T l (M 0.13975407808810986 0 -0.06987703904405493 1.3333333333333333)) 60 (M 1 0.10471975511965977 0 0)) (M 1 0 0 -2.666666666666667))) (color 0 0 1 (T (repeat (T l (M 2.666666666666666 0 -1.333333333333333 1.3333333333333333)) 4 (M 1 1.5707963267948966 0 0)) (M 1 0 0 -2.220446049250313e-16)))) (color 0 0 1 (T (T (repeat (T l (M 3.0792014356780038 0 -1.5396007178390019 0.8888888888888891)) 3 (M 1 2.0943951023931953 0 0)) (M 1 0 0 0.4444444444444443)) (M 1 0 0 2.666666666666666)))),circle,green,square,blue,triangle,blue,balanced_data/dim_balanced/totems/dim3/var1/images/158.png
(C (C (color 0 1 0 (T (repeat (T l (M 0.13975407808810986 0 -0.06987703904405493 1.3333333333333333)) 60 (M 1 0.10471975511965977 0 0)) (M 1 0 0 -2.666666666666667))) (color 0 0 1 (T (repeat (T l (M 2.666666666666666 0 -1.333333333333333 1.3333333333333333)) 4 (M 1 1.5707963267948966 0 0)) (M 1 0 0 -2.220446049250313e-16)))) (color 1 0 0 (T (repeat (T l (M 2.666666666666666 0 -1.333333333333333 1.3333333333333333)) 4 (M 1 1.5707963267948966 0 0)) (M 1 0 0 2.666666666666666)))),circle,green,square,blue,square,red,balanced_data/dim_balanced/totems/dim3/var1/images/159.png
(C (C (color 0 1 0 (T (repeat (T l (M 0.13975407808810986 0 -0.06987703904405493 1.3333333333333333)) 60 (M 1 0.10471975511965977 0 0)) (M 1 0 0 -2.666666666666667))) (color 0 0 1 (T (repeat (T l (M 2.666666666666666 0 -1.333333333333333 1.3333333333333333)) 4 (M 1 1.5707963267948966 0 0)) (M 1 0 0 -2.220446049250313e-16)))) (color 0 1 0 (T (repeat (T l (M 2.666666666666666 0 -1.333333333333333 1.3333333333333333)) 4 (M 1 1.5707963267948966 0 0)) (M 1 0 0 2.666666666666666)))),circle,green,square,blue,square,green,balanced_data/dim_balanced/totems/dim3/var1/images/160.png
(C (C (color 0 1 0 (T (repeat (T l (M 0.13975407808810986 0 -0.06987703904405493 1.3333333333333333)) 60 (M 1 0.10471975511965977 0 0)) (M 1 0 0 -2.666666666666667))) (color 0 0 1 (T (repeat (T l (M 2.666666666666666 0 -1.333333333333333 1.3333333333333333)) 4 (M 1 1.5707963267948966 0 0)) (M 1 0 0 -2.220446049250313e-16)))) (color 0 0 1 (T (repeat (T l (M 2.666666666666666 0 -1.333333333333333 1.3333333333333333)) 4 (M 1 1.5707963267948966 0 0)) (M 1 0 0 2.666666666666666)))),circle,green,square,blue,square,blue,balanced_data/dim_balanced/totems/dim3/var1/images/161.png
(C (C (color 0 0 1 (T (repeat (T l (M 0.13975407808810986 0 -0.06987703904405493 1.3333333333333333)) 60 (M 1 0.10471975511965977 0 0)) (M 1 0 0 -2.666666666666667))) (color 1 0 0 (T (repeat (T l (M 0.13975407808810986 0 -0.06987703904405493 1.3333333333333333)) 60 (M 1 0.10471975511965977 0 0)) (M 1 0 0 -2.220446049250313e-16)))) (color 1 0 0 (T (repeat (T l (M 0.13975407808810986 0 -0.06987703904405493 1.3333333333333333)) 60 (M 1 0.10471975511965977 0 0)) (M 1 0 0 2.666666666666666)))),circle,blue,circle,red,circle,red,balanced_data/dim_balanced/totems/dim3/var1/images/162.png
(C (C (color 0 0 1 (T (repeat (T l (M 0.13975407808810986 0 -0.06987703904405493 1.3333333333333333)) 60 (M 1 0.10471975511965977 0 0)) (M 1 0 0 -2.666666666666667))) (color 1 0 0 (T (repeat (T l (M 0.13975407808810986 0 -0.06987703904405493 1.3333333333333333)) 60 (M 1 0.10471975511965977 0 0)) (M 1 0 0 -2.220446049250313e-16)))) (color 0 1 0 (T (repeat (T l (M 0.13975407808810986 0 -0.06987703904405493 1.3333333333333333)) 60 (M 1 0.10471975511965977 0 0)) (M 1 0 0 2.666666666666666)))),circle,blue,circle,red,circle,green,balanced_data/dim_balanced/totems/dim3/var1/images/163.png
(C (C (color 0 0 1 (T (repeat (T l (M 0.13975407808810986 0 -0.06987703904405493 1.3333333333333333)) 60 (M 1 0.10471975511965977 0 0)) (M 1 0 0 -2.666666666666667))) (color 1 0 0 (T (repeat (T l (M 0.13975407808810986 0 -0.06987703904405493 1.3333333333333333)) 60 (M 1 0.10471975511965977 0 0)) (M 1 0 0 -2.220446049250313e-16)))) (color 0 0 1 (T (repeat (T l (M 0.13975407808810986 0 -0.06987703904405493 1.3333333333333333)) 60 (M 1 0.10471975511965977 0 0)) (M 1 0 0 2.666666666666666)))),circle,blue,circle,red,circle,blue,balanced_data/dim_balanced/totems/dim3/var1/images/164.png
(C (C (color 0 0 1 (T (repeat (T l (M 0.13975407808810986 0 -0.06987703904405493 1.3333333333333333)) 60 (M 1 0.10471975511965977 0 0)) (M 1 0 0 -2.666666666666667))) (color 1 0 0 (T (repeat (T l (M 0.13975407808810986 0 -0.06987703904405493 1.3333333333333333)) 60 (M 1 0.10471975511965977 0 0)) (M 1 0 0 -2.220446049250313e-16)))) (color 1 0 0 (T (T (repeat (T l (M 3.0792014356780038 0 -1.5396007178390019 0.8888888888888891)) 3 (M 1 2.0943951023931953 0 0)) (M 1 0 0 0.4444444444444443)) (M 1 0 0 2.666666666666666)))),circle,blue,circle,red,triangle,red,balanced_data/dim_balanced/totems/dim3/var1/images/165.png
(C (C (color 0 0 1 (T (repeat (T l (M 0.13975407808810986 0 -0.06987703904405493 1.3333333333333333)) 60 (M 1 0.10471975511965977 0 0)) (M 1 0 0 -2.666666666666667))) (color 1 0 0 (T (repeat (T l (M 0.13975407808810986 0 -0.06987703904405493 1.3333333333333333)) 60 (M 1 0.10471975511965977 0 0)) (M 1 0 0 -2.220446049250313e-16)))) (color 0 1 0 (T (T (repeat (T l (M 3.0792014356780038 0 -1.5396007178390019 0.8888888888888891)) 3 (M 1 2.0943951023931953 0 0)) (M 1 0 0 0.4444444444444443)) (M 1 0 0 2.666666666666666)))),circle,blue,circle,red,triangle,green,balanced_data/dim_balanced/totems/dim3/var1/images/166.png
(C (C (color 0 0 1 (T (repeat (T l (M 0.13975407808810986 0 -0.06987703904405493 1.3333333333333333)) 60 (M 1 0.10471975511965977 0 0)) (M 1 0 0 -2.666666666666667))) (color 1 0 0 (T (repeat (T l (M 0.13975407808810986 0 -0.06987703904405493 1.3333333333333333)) 60 (M 1 0.10471975511965977 0 0)) (M 1 0 0 -2.220446049250313e-16)))) (color 0 0 1 (T (T (repeat (T l (M 3.0792014356780038 0 -1.5396007178390019 0.8888888888888891)) 3 (M 1 2.0943951023931953 0 0)) (M 1 0 0 0.4444444444444443)) (M 1 0 0 2.666666666666666)))),circle,blue,circle,red,triangle,blue,balanced_data/dim_balanced/totems/dim3/var1/images/167.png
(C (C (color 0 0 1 (T (repeat (T l (M 0.13975407808810986 0 -0.06987703904405493 1.3333333333333333)) 60 (M 1 0.10471975511965977 0 0)) (M 1 0 0 -2.666666666666667))) (color 1 0 0 (T (repeat (T l (M 0.13975407808810986 0 -0.06987703904405493 1.3333333333333333)) 60 (M 1 0.10471975511965977 0 0)) (M 1 0 0 -2.220446049250313e-16)))) (color 1 0 0 (T (repeat (T l (M 2.666666666666666 0 -1.333333333333333 1.3333333333333333)) 4 (M 1 1.5707963267948966 0 0)) (M 1 0 0 2.666666666666666)))),circle,blue,circle,red,square,red,balanced_data/dim_balanced/totems/dim3/var1/images/168.png
(C (C (color 0 0 1 (T (repeat (T l (M 0.13975407808810986 0 -0.06987703904405493 1.3333333333333333)) 60 (M 1 0.10471975511965977 0 0)) (M 1 0 0 -2.666666666666667))) (color 1 0 0 (T (repeat (T l (M 0.13975407808810986 0 -0.06987703904405493 1.3333333333333333)) 60 (M 1 0.10471975511965977 0 0)) (M 1 0 0 -2.220446049250313e-16)))) (color 0 1 0 (T (repeat (T l (M 2.666666666666666 0 -1.333333333333333 1.3333333333333333)) 4 (M 1 1.5707963267948966 0 0)) (M 1 0 0 2.666666666666666)))),circle,blue,circle,red,square,green,balanced_data/dim_balanced/totems/dim3/var1/images/169.png
(C (C (color 0 0 1 (T (repeat (T l (M 0.13975407808810986 0 -0.06987703904405493 1.3333333333333333)) 60 (M 1 0.10471975511965977 0 0)) (M 1 0 0 -2.666666666666667))) (color 1 0 0 (T (repeat (T l (M 0.13975407808810986 0 -0.06987703904405493 1.3333333333333333)) 60 (M 1 0.10471975511965977 0 0)) (M 1 0 0 -2.220446049250313e-16)))) (color 0 0 1 (T (repeat (T l (M 2.666666666666666 0 -1.333333333333333 1.3333333333333333)) 4 (M 1 1.5707963267948966 0 0)) (M 1 0 0 2.666666666666666)))),circle,blue,circle,red,square,blue,balanced_data/dim_balanced/totems/dim3/var1/images/170.png
(C (C (color 0 0 1 (T (repeat (T l (M 0.13975407808810986 0 -0.06987703904405493 1.3333333333333333)) 60 (M 1 0.10471975511965977 0 0)) (M 1 0 0 -2.666666666666667))) (color 0 1 0 (T (repeat (T l (M 0.13975407808810986 0 -0.06987703904405493 1.3333333333333333)) 60 (M 1 0.10471975511965977 0 0)) (M 1 0 0 -2.220446049250313e-16)))) (color 1 0 0 (T (repeat (T l (M 0.13975407808810986 0 -0.06987703904405493 1.3333333333333333)) 60 (M 1 0.10471975511965977 0 0)) (M 1 0 0 2.666666666666666)))),circle,blue,circle,green,circle,red,balanced_data/dim_balanced/totems/dim3/var1/images/171.png
(C (C (color 0 0 1 (T (repeat (T l (M 0.13975407808810986 0 -0.06987703904405493 1.3333333333333333)) 60 (M 1 0.10471975511965977 0 0)) (M 1 0 0 -2.666666666666667))) (color 0 1 0 (T (repeat (T l (M 0.13975407808810986 0 -0.06987703904405493 1.3333333333333333)) 60 (M 1 0.10471975511965977 0 0)) (M 1 0 0 -2.220446049250313e-16)))) (color 0 1 0 (T (repeat (T l (M 0.13975407808810986 0 -0.06987703904405493 1.3333333333333333)) 60 (M 1 0.10471975511965977 0 0)) (M 1 0 0 2.666666666666666)))),circle,blue,circle,green,circle,green,balanced_data/dim_balanced/totems/dim3/var1/images/172.png
(C (C (color 0 0 1 (T (repeat (T l (M 0.13975407808810986 0 -0.06987703904405493 1.3333333333333333)) 60 (M 1 0.10471975511965977 0 0)) (M 1 0 0 -2.666666666666667))) (color 0 1 0 (T (repeat (T l (M 0.13975407808810986 0 -0.06987703904405493 1.3333333333333333)) 60 (M 1 0.10471975511965977 0 0)) (M 1 0 0 -2.220446049250313e-16)))) (color 0 0 1 (T (repeat (T l (M 0.13975407808810986 0 -0.06987703904405493 1.3333333333333333)) 60 (M 1 0.10471975511965977 0 0)) (M 1 0 0 2.666666666666666)))),circle,blue,circle,green,circle,blue,balanced_data/dim_balanced/totems/dim3/var1/images/173.png
(C (C (color 0 0 1 (T (repeat (T l (M 0.13975407808810986 0 -0.06987703904405493 1.3333333333333333)) 60 (M 1 0.10471975511965977 0 0)) (M 1 0 0 -2.666666666666667))) (color 0 1 0 (T (repeat (T l (M 0.13975407808810986 0 -0.06987703904405493 1.3333333333333333)) 60 (M 1 0.10471975511965977 0 0)) (M 1 0 0 -2.220446049250313e-16)))) (color 1 0 0 (T (T (repeat (T l (M 3.0792014356780038 0 -1.5396007178390019 0.8888888888888891)) 3 (M 1 2.0943951023931953 0 0)) (M 1 0 0 0.4444444444444443)) (M 1 0 0 2.666666666666666)))),circle,blue,circle,green,triangle,red,balanced_data/dim_balanced/totems/dim3/var1/images/174.png
(C (C (color 0 0 1 (T (repeat (T l (M 0.13975407808810986 0 -0.06987703904405493 1.3333333333333333)) 60 (M 1 0.10471975511965977 0 0)) (M 1 0 0 -2.666666666666667))) (color 0 1 0 (T (repeat (T l (M 0.13975407808810986 0 -0.06987703904405493 1.3333333333333333)) 60 (M 1 0.10471975511965977 0 0)) (M 1 0 0 -2.220446049250313e-16)))) (color 0 1 0 (T (T (repeat (T l (M 3.0792014356780038 0 -1.5396007178390019 0.8888888888888891)) 3 (M 1 2.0943951023931953 0 0)) (M 1 0 0 0.4444444444444443)) (M 1 0 0 2.666666666666666)))),circle,blue,circle,green,triangle,green,balanced_data/dim_balanced/totems/dim3/var1/images/175.png
(C (C (color 0 0 1 (T (repeat (T l (M 0.13975407808810986 0 -0.06987703904405493 1.3333333333333333)) 60 (M 1 0.10471975511965977 0 0)) (M 1 0 0 -2.666666666666667))) (color 0 1 0 (T (repeat (T l (M 0.13975407808810986 0 -0.06987703904405493 1.3333333333333333)) 60 (M 1 0.10471975511965977 0 0)) (M 1 0 0 -2.220446049250313e-16)))) (color 0 0 1 (T (T (repeat (T l (M 3.0792014356780038 0 -1.5396007178390019 0.8888888888888891)) 3 (M 1 2.0943951023931953 0 0)) (M 1 0 0 0.4444444444444443)) (M 1 0 0 2.666666666666666)))),circle,blue,circle,green,triangle,blue,balanced_data/dim_balanced/totems/dim3/var1/images/176.png
(C (C (color 0 0 1 (T (repeat (T l (M 0.13975407808810986 0 -0.06987703904405493 1.3333333333333333)) 60 (M 1 0.10471975511965977 0 0)) (M 1 0 0 -2.666666666666667))) (color 0 1 0 (T (repeat (T l (M 0.13975407808810986 0 -0.06987703904405493 1.3333333333333333)) 60 (M 1 0.10471975511965977 0 0)) (M 1 0 0 -2.220446049250313e-16)))) (color 1 0 0 (T (repeat (T l (M 2.666666666666666 0 -1.333333333333333 1.3333333333333333)) 4 (M 1 1.5707963267948966 0 0)) (M 1 0 0 2.666666666666666)))),circle,blue,circle,green,square,red,balanced_data/dim_balanced/totems/dim3/var1/images/177.png
(C (C (color 0 0 1 (T (repeat (T l (M 0.13975407808810986 0 -0.06987703904405493 1.3333333333333333)) 60 (M 1 0.10471975511965977 0 0)) (M 1 0 0 -2.666666666666667))) (color 0 1 0 (T (repeat (T l (M 0.13975407808810986 0 -0.06987703904405493 1.3333333333333333)) 60 (M 1 0.10471975511965977 0 0)) (M 1 0 0 -2.220446049250313e-16)))) (color 0 1 0 (T (repeat (T l (M 2.666666666666666 0 -1.333333333333333 1.3333333333333333)) 4 (M 1 1.5707963267948966 0 0)) (M 1 0 0 2.666666666666666)))),circle,blue,circle,green,square,green,balanced_data/dim_balanced/totems/dim3/var1/images/178.png
(C (C (color 0 0 1 (T (repeat (T l (M 0.13975407808810986 0 -0.06987703904405493 1.3333333333333333)) 60 (M 1 0.10471975511965977 0 0)) (M 1 0 0 -2.666666666666667))) (color 0 1 0 (T (repeat (T l (M 0.13975407808810986 0 -0.06987703904405493 1.3333333333333333)) 60 (M 1 0.10471975511965977 0 0)) (M 1 0 0 -2.220446049250313e-16)))) (color 0 0 1 (T (repeat (T l (M 2.666666666666666 0 -1.333333333333333 1.3333333333333333)) 4 (M 1 1.5707963267948966 0 0)) (M 1 0 0 2.666666666666666)))),circle,blue,circle,green,square,blue,balanced_data/dim_balanced/totems/dim3/var1/images/179.png
(C (C (color 0 0 1 (T (repeat (T l (M 0.13975407808810986 0 -0.06987703904405493 1.3333333333333333)) 60 (M 1 0.10471975511965977 0 0)) (M 1 0 0 -2.666666666666667))) (color 0 0 1 (T (repeat (T l (M 0.13975407808810986 0 -0.06987703904405493 1.3333333333333333)) 60 (M 1 0.10471975511965977 0 0)) (M 1 0 0 -2.220446049250313e-16)))) (color 1 0 0 (T (repeat (T l (M 0.13975407808810986 0 -0.06987703904405493 1.3333333333333333)) 60 (M 1 0.10471975511965977 0 0)) (M 1 0 0 2.666666666666666)))),circle,blue,circle,blue,circle,red,balanced_data/dim_balanced/totems/dim3/var1/images/180.png
(C (C (color 0 0 1 (T (repeat (T l (M 0.13975407808810986 0 -0.06987703904405493 1.3333333333333333)) 60 (M 1 0.10471975511965977 0 0)) (M 1 0 0 -2.666666666666667))) (color 0 0 1 (T (repeat (T l (M 0.13975407808810986 0 -0.06987703904405493 1.3333333333333333)) 60 (M 1 0.10471975511965977 0 0)) (M 1 0 0 -2.220446049250313e-16)))) (color 0 1 0 (T (repeat (T l (M 0.13975407808810986 0 -0.06987703904405493 1.3333333333333333)) 60 (M 1 0.10471975511965977 0 0)) (M 1 0 0 2.666666666666666)))),circle,blue,circle,blue,circle,green,balanced_data/dim_balanced/totems/dim3/var1/images/181.png
(C (C (color 0 0 1 (T (repeat (T l (M 0.13975407808810986 0 -0.06987703904405493 1.3333333333333333)) 60 (M 1 0.10471975511965977 0 0)) (M 1 0 0 -2.666666666666667))) (color 0 0 1 (T (repeat (T l (M 0.13975407808810986 0 -0.06987703904405493 1.3333333333333333)) 60 (M 1 0.10471975511965977 0 0)) (M 1 0 0 -2.220446049250313e-16)))) (color 0 0 1 (T (repeat (T l (M 0.13975407808810986 0 -0.06987703904405493 1.3333333333333333)) 60 (M 1 0.10471975511965977 0 0)) (M 1 0 0 2.666666666666666)))),circle,blue,circle,blue,circle,blue,balanced_data/dim_balanced/totems/dim3/var1/images/182.png
(C (C (color 0 0 1 (T (repeat (T l (M 0.13975407808810986 0 -0.06987703904405493 1.3333333333333333)) 60 (M 1 0.10471975511965977 0 0)) (M 1 0 0 -2.666666666666667))) (color 0 0 1 (T (repeat (T l (M 0.13975407808810986 0 -0.06987703904405493 1.3333333333333333)) 60 (M 1 0.10471975511965977 0 0)) (M 1 0 0 -2.220446049250313e-16)))) (color 1 0 0 (T (T (repeat (T l (M 3.0792014356780038 0 -1.5396007178390019 0.8888888888888891)) 3 (M 1 2.0943951023931953 0 0)) (M 1 0 0 0.4444444444444443)) (M 1 0 0 2.666666666666666)))),circle,blue,circle,blue,triangle,red,balanced_data/dim_balanced/totems/dim3/var1/images/183.png
(C (C (color 0 0 1 (T (repeat (T l (M 0.13975407808810986 0 -0.06987703904405493 1.3333333333333333)) 60 (M 1 0.10471975511965977 0 0)) (M 1 0 0 -2.666666666666667))) (color 0 0 1 (T (repeat (T l (M 0.13975407808810986 0 -0.06987703904405493 1.3333333333333333)) 60 (M 1 0.10471975511965977 0 0)) (M 1 0 0 -2.220446049250313e-16)))) (color 0 1 0 (T (T (repeat (T l (M 3.0792014356780038 0 -1.5396007178390019 0.8888888888888891)) 3 (M 1 2.0943951023931953 0 0)) (M 1 0 0 0.4444444444444443)) (M 1 0 0 2.666666666666666)))),circle,blue,circle,blue,triangle,green,balanced_data/dim_balanced/totems/dim3/var1/images/184.png
(C (C (color 0 0 1 (T (repeat (T l (M 0.13975407808810986 0 -0.06987703904405493 1.3333333333333333)) 60 (M 1 0.10471975511965977 0 0)) (M 1 0 0 -2.666666666666667))) (color 0 0 1 (T (repeat (T l (M 0.13975407808810986 0 -0.06987703904405493 1.3333333333333333)) 60 (M 1 0.10471975511965977 0 0)) (M 1 0 0 -2.220446049250313e-16)))) (color 0 0 1 (T (T (repeat (T l (M 3.0792014356780038 0 -1.5396007178390019 0.8888888888888891)) 3 (M 1 2.0943951023931953 0 0)) (M 1 0 0 0.4444444444444443)) (M 1 0 0 2.666666666666666)))),circle,blue,circle,blue,triangle,blue,balanced_data/dim_balanced/totems/dim3/var1/images/185.png
(C (C (color 0 0 1 (T (repeat (T l (M 0.13975407808810986 0 -0.06987703904405493 1.3333333333333333)) 60 (M 1 0.10471975511965977 0 0)) (M 1 0 0 -2.666666666666667))) (color 0 0 1 (T (repeat (T l (M 0.13975407808810986 0 -0.06987703904405493 1.3333333333333333)) 60 (M 1 0.10471975511965977 0 0)) (M 1 0 0 -2.220446049250313e-16)))) (color 1 0 0 (T (repeat (T l (M 2.666666666666666 0 -1.333333333333333 1.3333333333333333)) 4 (M 1 1.5707963267948966 0 0)) (M 1 0 0 2.666666666666666)))),circle,blue,circle,blue,square,red,balanced_data/dim_balanced/totems/dim3/var1/images/186.png
(C (C (color 0 0 1 (T (repeat (T l (M 0.13975407808810986 0 -0.06987703904405493 1.3333333333333333)) 60 (M 1 0.10471975511965977 0 0)) (M 1 0 0 -2.666666666666667))) (color 0 0 1 (T (repeat (T l (M 0.13975407808810986 0 -0.06987703904405493 1.3333333333333333)) 60 (M 1 0.10471975511965977 0 0)) (M 1 0 0 -2.220446049250313e-16)))) (color 0 1 0 (T (repeat (T l (M 2.666666666666666 0 -1.333333333333333 1.3333333333333333)) 4 (M 1 1.5707963267948966 0 0)) (M 1 0 0 2.666666666666666)))),circle,blue,circle,blue,square,green,balanced_data/dim_balanced/totems/dim3/var1/images/187.png
(C (C (color 0 0 1 (T (repeat (T l (M 0.13975407808810986 0 -0.06987703904405493 1.3333333333333333)) 60 (M 1 0.10471975511965977 0 0)) (M 1 0 0 -2.666666666666667))) (color 0 0 1 (T (repeat (T l (M 0.13975407808810986 0 -0.06987703904405493 1.3333333333333333)) 60 (M 1 0.10471975511965977 0 0)) (M 1 0 0 -2.220446049250313e-16)))) (color 0 0 1 (T (repeat (T l (M 2.666666666666666 0 -1.333333333333333 1.3333333333333333)) 4 (M 1 1.5707963267948966 0 0)) (M 1 0 0 2.666666666666666)))),circle,blue,circle,blue,square,blue,balanced_data/dim_balanced/totems/dim3/var1/images/188.png
(C (C (color 0 0 1 (T (repeat (T l (M 0.13975407808810986 0 -0.06987703904405493 1.3333333333333333)) 60 (M 1 0.10471975511965977 0 0)) (M 1 0 0 -2.666666666666667))) (color 1 0 0 (T (T (repeat (T l (M 3.0792014356780038 0 -1.5396007178390019 0.8888888888888891)) 3 (M 1 2.0943951023931953 0 0)) (M 1 0 0 0.4444444444444443)) (M 1 0 0 -2.220446049250313e-16)))) (color 1 0 0 (T (repeat (T l (M 0.13975407808810986 0 -0.06987703904405493 1.3333333333333333)) 60 (M 1 0.10471975511965977 0 0)) (M 1 0 0 2.666666666666666)))),circle,blue,triangle,red,circle,red,balanced_data/dim_balanced/totems/dim3/var1/images/189.png
(C (C (color 0 0 1 (T (repeat (T l (M 0.13975407808810986 0 -0.06987703904405493 1.3333333333333333)) 60 (M 1 0.10471975511965977 0 0)) (M 1 0 0 -2.666666666666667))) (color 1 0 0 (T (T (repeat (T l (M 3.0792014356780038 0 -1.5396007178390019 0.8888888888888891)) 3 (M 1 2.0943951023931953 0 0)) (M 1 0 0 0.4444444444444443)) (M 1 0 0 -2.220446049250313e-16)))) (color 0 1 0 (T (repeat (T l (M 0.13975407808810986 0 -0.06987703904405493 1.3333333333333333)) 60 (M 1 0.10471975511965977 0 0)) (M 1 0 0 2.666666666666666)))),circle,blue,triangle,red,circle,green,balanced_data/dim_balanced/totems/dim3/var1/images/190.png
(C (C (color 0 0 1 (T (repeat (T l (M 0.13975407808810986 0 -0.06987703904405493 1.3333333333333333)) 60 (M 1 0.10471975511965977 0 0)) (M 1 0 0 -2.666666666666667))) (color 1 0 0 (T (T (repeat (T l (M 3.0792014356780038 0 -1.5396007178390019 0.8888888888888891)) 3 (M 1 2.0943951023931953 0 0)) (M 1 0 0 0.4444444444444443)) (M 1 0 0 -2.220446049250313e-16)))) (color 0 0 1 (T (repeat (T l (M 0.13975407808810986 0 -0.06987703904405493 1.3333333333333333)) 60 (M 1 0.10471975511965977 0 0)) (M 1 0 0 2.666666666666666)))),circle,blue,triangle,red,circle,blue,balanced_data/dim_balanced/totems/dim3/var1/images/191.png
(C (C (color 0 0 1 (T (repeat (T l (M 0.13975407808810986 0 -0.06987703904405493 1.3333333333333333)) 60 (M 1 0.10471975511965977 0 0)) (M 1 0 0 -2.666666666666667))) (color 1 0 0 (T (T (repeat (T l (M 3.0792014356780038 0 -1.5396007178390019 0.8888888888888891)) 3 (M 1 2.0943951023931953 0 0)) (M 1 0 0 0.4444444444444443)) (M 1 0 0 -2.220446049250313e-16)))) (color 1 0 0 (T (T (repeat (T l (M 3.0792014356780038 0 -1.5396007178390019 0.8888888888888891)) 3 (M 1 2.0943951023931953 0 0)) (M 1 0 0 0.4444444444444443)) (M 1 0 0 2.666666666666666)))),circle,blue,triangle,red,triangle,red,balanced_data/dim_balanced/totems/dim3/var1/images/192.png
(C (C (color 0 0 1 (T (repeat (T l (M 0.13975407808810986 0 -0.06987703904405493 1.3333333333333333)) 60 (M 1 0.10471975511965977 0 0)) (M 1 0 0 -2.666666666666667))) (color 1 0 0 (T (T (repeat (T l (M 3.0792014356780038 0 -1.5396007178390019 0.8888888888888891)) 3 (M 1 2.0943951023931953 0 0)) (M 1 0 0 0.4444444444444443)) (M 1 0 0 -2.220446049250313e-16)))) (color 0 1 0 (T (T (repeat (T l (M 3.0792014356780038 0 -1.5396007178390019 0.8888888888888891)) 3 (M 1 2.0943951023931953 0 0)) (M 1 0 0 0.4444444444444443)) (M 1 0 0 2.666666666666666)))),circle,blue,triangle,red,triangle,green,balanced_data/dim_balanced/totems/dim3/var1/images/193.png
(C (C (color 0 0 1 (T (repeat (T l (M 0.13975407808810986 0 -0.06987703904405493 1.3333333333333333)) 60 (M 1 0.10471975511965977 0 0)) (M 1 0 0 -2.666666666666667))) (color 1 0 0 (T (T (repeat (T l (M 3.0792014356780038 0 -1.5396007178390019 0.8888888888888891)) 3 (M 1 2.0943951023931953 0 0)) (M 1 0 0 0.4444444444444443)) (M 1 0 0 -2.220446049250313e-16)))) (color 0 0 1 (T (T (repeat (T l (M 3.0792014356780038 0 -1.5396007178390019 0.8888888888888891)) 3 (M 1 2.0943951023931953 0 0)) (M 1 0 0 0.4444444444444443)) (M 1 0 0 2.666666666666666)))),circle,blue,triangle,red,triangle,blue,balanced_data/dim_balanced/totems/dim3/var1/images/194.png
(C (C (color 0 0 1 (T (repeat (T l (M 0.13975407808810986 0 -0.06987703904405493 1.3333333333333333)) 60 (M 1 0.10471975511965977 0 0)) (M 1 0 0 -2.666666666666667))) (color 1 0 0 (T (T (repeat (T l (M 3.0792014356780038 0 -1.5396007178390019 0.8888888888888891)) 3 (M 1 2.0943951023931953 0 0)) (M 1 0 0 0.4444444444444443)) (M 1 0 0 -2.220446049250313e-16)))) (color 1 0 0 (T (repeat (T l (M 2.666666666666666 0 -1.333333333333333 1.3333333333333333)) 4 (M 1 1.5707963267948966 0 0)) (M 1 0 0 2.666666666666666)))),circle,blue,triangle,red,square,red,balanced_data/dim_balanced/totems/dim3/var1/images/195.png
(C (C (color 0 0 1 (T (repeat (T l (M 0.13975407808810986 0 -0.06987703904405493 1.3333333333333333)) 60 (M 1 0.10471975511965977 0 0)) (M 1 0 0 -2.666666666666667))) (color 1 0 0 (T (T (repeat (T l (M 3.0792014356780038 0 -1.5396007178390019 0.8888888888888891)) 3 (M 1 2.0943951023931953 0 0)) (M 1 0 0 0.4444444444444443)) (M 1 0 0 -2.220446049250313e-16)))) (color 0 1 0 (T (repeat (T l (M 2.666666666666666 0 -1.333333333333333 1.3333333333333333)) 4 (M 1 1.5707963267948966 0 0)) (M 1 0 0 2.666666666666666)))),circle,blue,triangle,red,square,green,balanced_data/dim_balanced/totems/dim3/var1/images/196.png
(C (C (color 0 0 1 (T (repeat (T l (M 0.13975407808810986 0 -0.06987703904405493 1.3333333333333333)) 60 (M 1 0.10471975511965977 0 0)) (M 1 0 0 -2.666666666666667))) (color 1 0 0 (T (T (repeat (T l (M 3.0792014356780038 0 -1.5396007178390019 0.8888888888888891)) 3 (M 1 2.0943951023931953 0 0)) (M 1 0 0 0.4444444444444443)) (M 1 0 0 -2.220446049250313e-16)))) (color 0 0 1 (T (repeat (T l (M 2.666666666666666 0 -1.333333333333333 1.3333333333333333)) 4 (M 1 1.5707963267948966 0 0)) (M 1 0 0 2.666666666666666)))),circle,blue,triangle,red,square,blue,balanced_data/dim_balanced/totems/dim3/var1/images/197.png
(C (C (color 0 0 1 (T (repeat (T l (M 0.13975407808810986 0 -0.06987703904405493 1.3333333333333333)) 60 (M 1 0.10471975511965977 0 0)) (M 1 0 0 -2.666666666666667))) (color 0 1 0 (T (T (repeat (T l (M 3.0792014356780038 0 -1.5396007178390019 0.8888888888888891)) 3 (M 1 2.0943951023931953 0 0)) (M 1 0 0 0.4444444444444443)) (M 1 0 0 -2.220446049250313e-16)))) (color 1 0 0 (T (repeat (T l (M 0.13975407808810986 0 -0.06987703904405493 1.3333333333333333)) 60 (M 1 0.10471975511965977 0 0)) (M 1 0 0 2.666666666666666)))),circle,blue,triangle,green,circle,red,balanced_data/dim_balanced/totems/dim3/var1/images/198.png
(C (C (color 0 0 1 (T (repeat (T l (M 0.13975407808810986 0 -0.06987703904405493 1.3333333333333333)) 60 (M 1 0.10471975511965977 0 0)) (M 1 0 0 -2.666666666666667))) (color 0 1 0 (T (T (repeat (T l (M 3.0792014356780038 0 -1.5396007178390019 0.8888888888888891)) 3 (M 1 2.0943951023931953 0 0)) (M 1 0 0 0.4444444444444443)) (M 1 0 0 -2.220446049250313e-16)))) (color 0 1 0 (T (repeat (T l (M 0.13975407808810986 0 -0.06987703904405493 1.3333333333333333)) 60 (M 1 0.10471975511965977 0 0)) (M 1 0 0 2.666666666666666)))),circle,blue,triangle,green,circle,green,balanced_data/dim_balanced/totems/dim3/var1/images/199.png
(C (C (color 0 0 1 (T (repeat (T l (M 0.13975407808810986 0 -0.06987703904405493 1.3333333333333333)) 60 (M 1 0.10471975511965977 0 0)) (M 1 0 0 -2.666666666666667))) (color 0 1 0 (T (T (repeat (T l (M 3.0792014356780038 0 -1.5396007178390019 0.8888888888888891)) 3 (M 1 2.0943951023931953 0 0)) (M 1 0 0 0.4444444444444443)) (M 1 0 0 -2.220446049250313e-16)))) (color 0 0 1 (T (repeat (T l (M 0.13975407808810986 0 -0.06987703904405493 1.3333333333333333)) 60 (M 1 0.10471975511965977 0 0)) (M 1 0 0 2.666666666666666)))),circle,blue,triangle,green,circle,blue,balanced_data/dim_balanced/totems/dim3/var1/images/200.png
(C (C (color 0 0 1 (T (repeat (T l (M 0.13975407808810986 0 -0.06987703904405493 1.3333333333333333)) 60 (M 1 0.10471975511965977 0 0)) (M 1 0 0 -2.666666666666667))) (color 0 1 0 (T (T (repeat (T l (M 3.0792014356780038 0 -1.5396007178390019 0.8888888888888891)) 3 (M 1 2.0943951023931953 0 0)) (M 1 0 0 0.4444444444444443)) (M 1 0 0 -2.220446049250313e-16)))) (color 1 0 0 (T (T (repeat (T l (M 3.0792014356780038 0 -1.5396007178390019 0.8888888888888891)) 3 (M 1 2.0943951023931953 0 0)) (M 1 0 0 0.4444444444444443)) (M 1 0 0 2.666666666666666)))),circle,blue,triangle,green,triangle,red,balanced_data/dim_balanced/totems/dim3/var1/images/201.png
(C (C (color 0 0 1 (T (repeat (T l (M 0.13975407808810986 0 -0.06987703904405493 1.3333333333333333)) 60 (M 1 0.10471975511965977 0 0)) (M 1 0 0 -2.666666666666667))) (color 0 1 0 (T (T (repeat (T l (M 3.0792014356780038 0 -1.5396007178390019 0.8888888888888891)) 3 (M 1 2.0943951023931953 0 0)) (M 1 0 0 0.4444444444444443)) (M 1 0 0 -2.220446049250313e-16)))) (color 0 1 0 (T (T (repeat (T l (M 3.0792014356780038 0 -1.5396007178390019 0.8888888888888891)) 3 (M 1 2.0943951023931953 0 0)) (M 1 0 0 0.4444444444444443)) (M 1 0 0 2.666666666666666)))),circle,blue,triangle,green,triangle,green,balanced_data/dim_balanced/totems/dim3/var1/images/202.png
(C (C (color 0 0 1 (T (repeat (T l (M 0.13975407808810986 0 -0.06987703904405493 1.3333333333333333)) 60 (M 1 0.10471975511965977 0 0)) (M 1 0 0 -2.666666666666667))) (color 0 1 0 (T (T (repeat (T l (M 3.0792014356780038 0 -1.5396007178390019 0.8888888888888891)) 3 (M 1 2.0943951023931953 0 0)) (M 1 0 0 0.4444444444444443)) (M 1 0 0 -2.220446049250313e-16)))) (color 0 0 1 (T (T (repeat (T l (M 3.0792014356780038 0 -1.5396007178390019 0.8888888888888891)) 3 (M 1 2.0943951023931953 0 0)) (M 1 0 0 0.4444444444444443)) (M 1 0 0 2.666666666666666)))),circle,blue,triangle,green,triangle,blue,balanced_data/dim_balanced/totems/dim3/var1/images/203.png
(C (C (color 0 0 1 (T (repeat (T l (M 0.13975407808810986 0 -0.06987703904405493 1.3333333333333333)) 60 (M 1 0.10471975511965977 0 0)) (M 1 0 0 -2.666666666666667))) (color 0 1 0 (T (T (repeat (T l (M 3.0792014356780038 0 -1.5396007178390019 0.8888888888888891)) 3 (M 1 2.0943951023931953 0 0)) (M 1 0 0 0.4444444444444443)) (M 1 0 0 -2.220446049250313e-16)))) (color 1 0 0 (T (repeat (T l (M 2.666666666666666 0 -1.333333333333333 1.3333333333333333)) 4 (M 1 1.5707963267948966 0 0)) (M 1 0 0 2.666666666666666)))),circle,blue,triangle,green,square,red,balanced_data/dim_balanced/totems/dim3/var1/images/204.png
(C (C (color 0 0 1 (T (repeat (T l (M 0.13975407808810986 0 -0.06987703904405493 1.3333333333333333)) 60 (M 1 0.10471975511965977 0 0)) (M 1 0 0 -2.666666666666667))) (color 0 1 0 (T (T (repeat (T l (M 3.0792014356780038 0 -1.5396007178390019 0.8888888888888891)) 3 (M 1 2.0943951023931953 0 0)) (M 1 0 0 0.4444444444444443)) (M 1 0 0 -2.220446049250313e-16)))) (color 0 1 0 (T (repeat (T l (M 2.666666666666666 0 -1.333333333333333 1.3333333333333333)) 4 (M 1 1.5707963267948966 0 0)) (M 1 0 0 2.666666666666666)))),circle,blue,triangle,green,square,green,balanced_data/dim_balanced/totems/dim3/var1/images/205.png
(C (C (color 0 0 1 (T (repeat (T l (M 0.13975407808810986 0 -0.06987703904405493 1.3333333333333333)) 60 (M 1 0.10471975511965977 0 0)) (M 1 0 0 -2.666666666666667))) (color 0 1 0 (T (T (repeat (T l (M 3.0792014356780038 0 -1.5396007178390019 0.8888888888888891)) 3 (M 1 2.0943951023931953 0 0)) (M 1 0 0 0.4444444444444443)) (M 1 0 0 -2.220446049250313e-16)))) (color 0 0 1 (T (repeat (T l (M 2.666666666666666 0 -1.333333333333333 1.3333333333333333)) 4 (M 1 1.5707963267948966 0 0)) (M 1 0 0 2.666666666666666)))),circle,blue,triangle,green,square,blue,balanced_data/dim_balanced/totems/dim3/var1/images/206.png
(C (C (color 0 0 1 (T (repeat (T l (M 0.13975407808810986 0 -0.06987703904405493 1.3333333333333333)) 60 (M 1 0.10471975511965977 0 0)) (M 1 0 0 -2.666666666666667))) (color 0 0 1 (T (T (repeat (T l (M 3.0792014356780038 0 -1.5396007178390019 0.8888888888888891)) 3 (M 1 2.0943951023931953 0 0)) (M 1 0 0 0.4444444444444443)) (M 1 0 0 -2.220446049250313e-16)))) (color 1 0 0 (T (repeat (T l (M 0.13975407808810986 0 -0.06987703904405493 1.3333333333333333)) 60 (M 1 0.10471975511965977 0 0)) (M 1 0 0 2.666666666666666)))),circle,blue,triangle,blue,circle,red,balanced_data/dim_balanced/totems/dim3/var1/images/207.png
(C (C (color 0 0 1 (T (repeat (T l (M 0.13975407808810986 0 -0.06987703904405493 1.3333333333333333)) 60 (M 1 0.10471975511965977 0 0)) (M 1 0 0 -2.666666666666667))) (color 0 0 1 (T (T (repeat (T l (M 3.0792014356780038 0 -1.5396007178390019 0.8888888888888891)) 3 (M 1 2.0943951023931953 0 0)) (M 1 0 0 0.4444444444444443)) (M 1 0 0 -2.220446049250313e-16)))) (color 0 1 0 (T (repeat (T l (M 0.13975407808810986 0 -0.06987703904405493 1.3333333333333333)) 60 (M 1 0.10471975511965977 0 0)) (M 1 0 0 2.666666666666666)))),circle,blue,triangle,blue,circle,green,balanced_data/dim_balanced/totems/dim3/var1/images/208.png
(C (C (color 0 0 1 (T (repeat (T l (M 0.13975407808810986 0 -0.06987703904405493 1.3333333333333333)) 60 (M 1 0.10471975511965977 0 0)) (M 1 0 0 -2.666666666666667))) (color 0 0 1 (T (T (repeat (T l (M 3.0792014356780038 0 -1.5396007178390019 0.8888888888888891)) 3 (M 1 2.0943951023931953 0 0)) (M 1 0 0 0.4444444444444443)) (M 1 0 0 -2.220446049250313e-16)))) (color 0 0 1 (T (repeat (T l (M 0.13975407808810986 0 -0.06987703904405493 1.3333333333333333)) 60 (M 1 0.10471975511965977 0 0)) (M 1 0 0 2.666666666666666)))),circle,blue,triangle,blue,circle,blue,balanced_data/dim_balanced/totems/dim3/var1/images/209.png
(C (C (color 0 0 1 (T (repeat (T l (M 0.13975407808810986 0 -0.06987703904405493 1.3333333333333333)) 60 (M 1 0.10471975511965977 0 0)) (M 1 0 0 -2.666666666666667))) (color 0 0 1 (T (T (repeat (T l (M 3.0792014356780038 0 -1.5396007178390019 0.8888888888888891)) 3 (M 1 2.0943951023931953 0 0)) (M 1 0 0 0.4444444444444443)) (M 1 0 0 -2.220446049250313e-16)))) (color 1 0 0 (T (T (repeat (T l (M 3.0792014356780038 0 -1.5396007178390019 0.8888888888888891)) 3 (M 1 2.0943951023931953 0 0)) (M 1 0 0 0.4444444444444443)) (M 1 0 0 2.666666666666666)))),circle,blue,triangle,blue,triangle,red,balanced_data/dim_balanced/totems/dim3/var1/images/210.png
(C (C (color 0 0 1 (T (repeat (T l (M 0.13975407808810986 0 -0.06987703904405493 1.3333333333333333)) 60 (M 1 0.10471975511965977 0 0)) (M 1 0 0 -2.666666666666667))) (color 0 0 1 (T (T (repeat (T l (M 3.0792014356780038 0 -1.5396007178390019 0.8888888888888891)) 3 (M 1 2.0943951023931953 0 0)) (M 1 0 0 0.4444444444444443)) (M 1 0 0 -2.220446049250313e-16)))) (color 0 1 0 (T (T (repeat (T l (M 3.0792014356780038 0 -1.5396007178390019 0.8888888888888891)) 3 (M 1 2.0943951023931953 0 0)) (M 1 0 0 0.4444444444444443)) (M 1 0 0 2.666666666666666)))),circle,blue,triangle,blue,triangle,green,balanced_data/dim_balanced/totems/dim3/var1/images/211.png
(C (C (color 0 0 1 (T (repeat (T l (M 0.13975407808810986 0 -0.06987703904405493 1.3333333333333333)) 60 (M 1 0.10471975511965977 0 0)) (M 1 0 0 -2.666666666666667))) (color 0 0 1 (T (T (repeat (T l (M 3.0792014356780038 0 -1.5396007178390019 0.8888888888888891)) 3 (M 1 2.0943951023931953 0 0)) (M 1 0 0 0.4444444444444443)) (M 1 0 0 -2.220446049250313e-16)))) (color 0 0 1 (T (T (repeat (T l (M 3.0792014356780038 0 -1.5396007178390019 0.8888888888888891)) 3 (M 1 2.0943951023931953 0 0)) (M 1 0 0 0.4444444444444443)) (M 1 0 0 2.666666666666666)))),circle,blue,triangle,blue,triangle,blue,balanced_data/dim_balanced/totems/dim3/var1/images/212.png
(C (C (color 0 0 1 (T (repeat (T l (M 0.13975407808810986 0 -0.06987703904405493 1.3333333333333333)) 60 (M 1 0.10471975511965977 0 0)) (M 1 0 0 -2.666666666666667))) (color 0 0 1 (T (T (repeat (T l (M 3.0792014356780038 0 -1.5396007178390019 0.8888888888888891)) 3 (M 1 2.0943951023931953 0 0)) (M 1 0 0 0.4444444444444443)) (M 1 0 0 -2.220446049250313e-16)))) (color 1 0 0 (T (repeat (T l (M 2.666666666666666 0 -1.333333333333333 1.3333333333333333)) 4 (M 1 1.5707963267948966 0 0)) (M 1 0 0 2.666666666666666)))),circle,blue,triangle,blue,square,red,balanced_data/dim_balanced/totems/dim3/var1/images/213.png
(C (C (color 0 0 1 (T (repeat (T l (M 0.13975407808810986 0 -0.06987703904405493 1.3333333333333333)) 60 (M 1 0.10471975511965977 0 0)) (M 1 0 0 -2.666666666666667))) (color 0 0 1 (T (T (repeat (T l (M 3.0792014356780038 0 -1.5396007178390019 0.8888888888888891)) 3 (M 1 2.0943951023931953 0 0)) (M 1 0 0 0.4444444444444443)) (M 1 0 0 -2.220446049250313e-16)))) (color 0 1 0 (T (repeat (T l (M 2.666666666666666 0 -1.333333333333333 1.3333333333333333)) 4 (M 1 1.5707963267948966 0 0)) (M 1 0 0 2.666666666666666)))),circle,blue,triangle,blue,square,green,balanced_data/dim_balanced/totems/dim3/var1/images/214.png
(C (C (color 0 0 1 (T (repeat (T l (M 0.13975407808810986 0 -0.06987703904405493 1.3333333333333333)) 60 (M 1 0.10471975511965977 0 0)) (M 1 0 0 -2.666666666666667))) (color 0 0 1 (T (T (repeat (T l (M 3.0792014356780038 0 -1.5396007178390019 0.8888888888888891)) 3 (M 1 2.0943951023931953 0 0)) (M 1 0 0 0.4444444444444443)) (M 1 0 0 -2.220446049250313e-16)))) (color 0 0 1 (T (repeat (T l (M 2.666666666666666 0 -1.333333333333333 1.3333333333333333)) 4 (M 1 1.5707963267948966 0 0)) (M 1 0 0 2.666666666666666)))),circle,blue,triangle,blue,square,blue,balanced_data/dim_balanced/totems/dim3/var1/images/215.png
(C (C (color 0 0 1 (T (repeat (T l (M 0.13975407808810986 0 -0.06987703904405493 1.3333333333333333)) 60 (M 1 0.10471975511965977 0 0)) (M 1 0 0 -2.666666666666667))) (color 1 0 0 (T (repeat (T l (M 2.666666666666666 0 -1.333333333333333 1.3333333333333333)) 4 (M 1 1.5707963267948966 0 0)) (M 1 0 0 -2.220446049250313e-16)))) (color 1 0 0 (T (repeat (T l (M 0.13975407808810986 0 -0.06987703904405493 1.3333333333333333)) 60 (M 1 0.10471975511965977 0 0)) (M 1 0 0 2.666666666666666)))),circle,blue,square,red,circle,red,balanced_data/dim_balanced/totems/dim3/var1/images/216.png
(C (C (color 0 0 1 (T (repeat (T l (M 0.13975407808810986 0 -0.06987703904405493 1.3333333333333333)) 60 (M 1 0.10471975511965977 0 0)) (M 1 0 0 -2.666666666666667))) (color 1 0 0 (T (repeat (T l (M 2.666666666666666 0 -1.333333333333333 1.3333333333333333)) 4 (M 1 1.5707963267948966 0 0)) (M 1 0 0 -2.220446049250313e-16)))) (color 0 1 0 (T (repeat (T l (M 0.13975407808810986 0 -0.06987703904405493 1.3333333333333333)) 60 (M 1 0.10471975511965977 0 0)) (M 1 0 0 2.666666666666666)))),circle,blue,square,red,circle,green,balanced_data/dim_balanced/totems/dim3/var1/images/217.png
(C (C (color 0 0 1 (T (repeat (T l (M 0.13975407808810986 0 -0.06987703904405493 1.3333333333333333)) 60 (M 1 0.10471975511965977 0 0)) (M 1 0 0 -2.666666666666667))) (color 1 0 0 (T (repeat (T l (M 2.666666666666666 0 -1.333333333333333 1.3333333333333333)) 4 (M 1 1.5707963267948966 0 0)) (M 1 0 0 -2.220446049250313e-16)))) (color 0 0 1 (T (repeat (T l (M 0.13975407808810986 0 -0.06987703904405493 1.3333333333333333)) 60 (M 1 0.10471975511965977 0 0)) (M 1 0 0 2.666666666666666)))),circle,blue,square,red,circle,blue,balanced_data/dim_balanced/totems/dim3/var1/images/218.png
(C (C (color 0 0 1 (T (repeat (T l (M 0.13975407808810986 0 -0.06987703904405493 1.3333333333333333)) 60 (M 1 0.10471975511965977 0 0)) (M 1 0 0 -2.666666666666667))) (color 1 0 0 (T (repeat (T l (M 2.666666666666666 0 -1.333333333333333 1.3333333333333333)) 4 (M 1 1.5707963267948966 0 0)) (M 1 0 0 -2.220446049250313e-16)))) (color 1 0 0 (T (T (repeat (T l (M 3.0792014356780038 0 -1.5396007178390019 0.8888888888888891)) 3 (M 1 2.0943951023931953 0 0)) (M 1 0 0 0.4444444444444443)) (M 1 0 0 2.666666666666666)))),circle,blue,square,red,triangle,red,balanced_data/dim_balanced/totems/dim3/var1/images/219.png
(C (C (color 0 0 1 (T (repeat (T l (M 0.13975407808810986 0 -0.06987703904405493 1.3333333333333333)) 60 (M 1 0.10471975511965977 0 0)) (M 1 0 0 -2.666666666666667))) (color 1 0 0 (T (repeat (T l (M 2.666666666666666 0 -1.333333333333333 1.3333333333333333)) 4 (M 1 1.5707963267948966 0 0)) (M 1 0 0 -2.220446049250313e-16)))) (color 0 1 0 (T (T (repeat (T l (M 3.0792014356780038 0 -1.5396007178390019 0.8888888888888891)) 3 (M 1 2.0943951023931953 0 0)) (M 1 0 0 0.4444444444444443)) (M 1 0 0 2.666666666666666)))),circle,blue,square,red,triangle,green,balanced_data/dim_balanced/totems/dim3/var1/images/220.png
(C (C (color 0 0 1 (T (repeat (T l (M 0.13975407808810986 0 -0.06987703904405493 1.3333333333333333)) 60 (M 1 0.10471975511965977 0 0)) (M 1 0 0 -2.666666666666667))) (color 1 0 0 (T (repeat (T l (M 2.666666666666666 0 -1.333333333333333 1.3333333333333333)) 4 (M 1 1.5707963267948966 0 0)) (M 1 0 0 -2.220446049250313e-16)))) (color 0 0 1 (T (T (repeat (T l (M 3.0792014356780038 0 -1.5396007178390019 0.8888888888888891)) 3 (M 1 2.0943951023931953 0 0)) (M 1 0 0 0.4444444444444443)) (M 1 0 0 2.666666666666666)))),circle,blue,square,red,triangle,blue,balanced_data/dim_balanced/totems/dim3/var1/images/221.png
(C (C (color 0 0 1 (T (repeat (T l (M 0.13975407808810986 0 -0.06987703904405493 1.3333333333333333)) 60 (M 1 0.10471975511965977 0 0)) (M 1 0 0 -2.666666666666667))) (color 1 0 0 (T (repeat (T l (M 2.666666666666666 0 -1.333333333333333 1.3333333333333333)) 4 (M 1 1.5707963267948966 0 0)) (M 1 0 0 -2.220446049250313e-16)))) (color 1 0 0 (T (repeat (T l (M 2.666666666666666 0 -1.333333333333333 1.3333333333333333)) 4 (M 1 1.5707963267948966 0 0)) (M 1 0 0 2.666666666666666)))),circle,blue,square,red,square,red,balanced_data/dim_balanced/totems/dim3/var1/images/222.png
(C (C (color 0 0 1 (T (repeat (T l (M 0.13975407808810986 0 -0.06987703904405493 1.3333333333333333)) 60 (M 1 0.10471975511965977 0 0)) (M 1 0 0 -2.666666666666667))) (color 1 0 0 (T (repeat (T l (M 2.666666666666666 0 -1.333333333333333 1.3333333333333333)) 4 (M 1 1.5707963267948966 0 0)) (M 1 0 0 -2.220446049250313e-16)))) (color 0 1 0 (T (repeat (T l (M 2.666666666666666 0 -1.333333333333333 1.3333333333333333)) 4 (M 1 1.5707963267948966 0 0)) (M 1 0 0 2.666666666666666)))),circle,blue,square,red,square,green,balanced_data/dim_balanced/totems/dim3/var1/images/223.png
(C (C (color 0 0 1 (T (repeat (T l (M 0.13975407808810986 0 -0.06987703904405493 1.3333333333333333)) 60 (M 1 0.10471975511965977 0 0)) (M 1 0 0 -2.666666666666667))) (color 1 0 0 (T (repeat (T l (M 2.666666666666666 0 -1.333333333333333 1.3333333333333333)) 4 (M 1 1.5707963267948966 0 0)) (M 1 0 0 -2.220446049250313e-16)))) (color 0 0 1 (T (repeat (T l (M 2.666666666666666 0 -1.333333333333333 1.3333333333333333)) 4 (M 1 1.5707963267948966 0 0)) (M 1 0 0 2.666666666666666)))),circle,blue,square,red,square,blue,balanced_data/dim_balanced/totems/dim3/var1/images/224.png
(C (C (color 0 0 1 (T (repeat (T l (M 0.13975407808810986 0 -0.06987703904405493 1.3333333333333333)) 60 (M 1 0.10471975511965977 0 0)) (M 1 0 0 -2.666666666666667))) (color 0 1 0 (T (repeat (T l (M 2.666666666666666 0 -1.333333333333333 1.3333333333333333)) 4 (M 1 1.5707963267948966 0 0)) (M 1 0 0 -2.220446049250313e-16)))) (color 1 0 0 (T (repeat (T l (M 0.13975407808810986 0 -0.06987703904405493 1.3333333333333333)) 60 (M 1 0.10471975511965977 0 0)) (M 1 0 0 2.666666666666666)))),circle,blue,square,green,circle,red,balanced_data/dim_balanced/totems/dim3/var1/images/225.png
(C (C (color 0 0 1 (T (repeat (T l (M 0.13975407808810986 0 -0.06987703904405493 1.3333333333333333)) 60 (M 1 0.10471975511965977 0 0)) (M 1 0 0 -2.666666666666667))) (color 0 1 0 (T (repeat (T l (M 2.666666666666666 0 -1.333333333333333 1.3333333333333333)) 4 (M 1 1.5707963267948966 0 0)) (M 1 0 0 -2.220446049250313e-16)))) (color 0 1 0 (T (repeat (T l (M 0.13975407808810986 0 -0.06987703904405493 1.3333333333333333)) 60 (M 1 0.10471975511965977 0 0)) (M 1 0 0 2.666666666666666)))),circle,blue,square,green,circle,green,balanced_data/dim_balanced/totems/dim3/var1/images/226.png
(C (C (color 0 0 1 (T (repeat (T l (M 0.13975407808810986 0 -0.06987703904405493 1.3333333333333333)) 60 (M 1 0.10471975511965977 0 0)) (M 1 0 0 -2.666666666666667))) (color 0 1 0 (T (repeat (T l (M 2.666666666666666 0 -1.333333333333333 1.3333333333333333)) 4 (M 1 1.5707963267948966 0 0)) (M 1 0 0 -2.220446049250313e-16)))) (color 0 0 1 (T (repeat (T l (M 0.13975407808810986 0 -0.06987703904405493 1.3333333333333333)) 60 (M 1 0.10471975511965977 0 0)) (M 1 0 0 2.666666666666666)))),circle,blue,square,green,circle,blue,balanced_data/dim_balanced/totems/dim3/var1/images/227.png
(C (C (color 0 0 1 (T (repeat (T l (M 0.13975407808810986 0 -0.06987703904405493 1.3333333333333333)) 60 (M 1 0.10471975511965977 0 0)) (M 1 0 0 -2.666666666666667))) (color 0 1 0 (T (repeat (T l (M 2.666666666666666 0 -1.333333333333333 1.3333333333333333)) 4 (M 1 1.5707963267948966 0 0)) (M 1 0 0 -2.220446049250313e-16)))) (color 1 0 0 (T (T (repeat (T l (M 3.0792014356780038 0 -1.5396007178390019 0.8888888888888891)) 3 (M 1 2.0943951023931953 0 0)) (M 1 0 0 0.4444444444444443)) (M 1 0 0 2.666666666666666)))),circle,blue,square,green,triangle,red,balanced_data/dim_balanced/totems/dim3/var1/images/228.png
(C (C (color 0 0 1 (T (repeat (T l (M 0.13975407808810986 0 -0.06987703904405493 1.3333333333333333)) 60 (M 1 0.10471975511965977 0 0)) (M 1 0 0 -2.666666666666667))) (color 0 1 0 (T (repeat (T l (M 2.666666666666666 0 -1.333333333333333 1.3333333333333333)) 4 (M 1 1.5707963267948966 0 0)) (M 1 0 0 -2.220446049250313e-16)))) (color 0 1 0 (T (T (repeat (T l (M 3.0792014356780038 0 -1.5396007178390019 0.8888888888888891)) 3 (M 1 2.0943951023931953 0 0)) (M 1 0 0 0.4444444444444443)) (M 1 0 0 2.666666666666666)))),circle,blue,square,green,triangle,green,balanced_data/dim_balanced/totems/dim3/var1/images/229.png
(C (C (color 0 0 1 (T (repeat (T l (M 0.13975407808810986 0 -0.06987703904405493 1.3333333333333333)) 60 (M 1 0.10471975511965977 0 0)) (M 1 0 0 -2.666666666666667))) (color 0 1 0 (T (repeat (T l (M 2.666666666666666 0 -1.333333333333333 1.3333333333333333)) 4 (M 1 1.5707963267948966 0 0)) (M 1 0 0 -2.220446049250313e-16)))) (color 0 0 1 (T (T (repeat (T l (M 3.0792014356780038 0 -1.5396007178390019 0.8888888888888891)) 3 (M 1 2.0943951023931953 0 0)) (M 1 0 0 0.4444444444444443)) (M 1 0 0 2.666666666666666)))),circle,blue,square,green,triangle,blue,balanced_data/dim_balanced/totems/dim3/var1/images/230.png
(C (C (color 0 0 1 (T (repeat (T l (M 0.13975407808810986 0 -0.06987703904405493 1.3333333333333333)) 60 (M 1 0.10471975511965977 0 0)) (M 1 0 0 -2.666666666666667))) (color 0 1 0 (T (repeat (T l (M 2.666666666666666 0 -1.333333333333333 1.3333333333333333)) 4 (M 1 1.5707963267948966 0 0)) (M 1 0 0 -2.220446049250313e-16)))) (color 1 0 0 (T (repeat (T l (M 2.666666666666666 0 -1.333333333333333 1.3333333333333333)) 4 (M 1 1.5707963267948966 0 0)) (M 1 0 0 2.666666666666666)))),circle,blue,square,green,square,red,balanced_data/dim_balanced/totems/dim3/var1/images/231.png
(C (C (color 0 0 1 (T (repeat (T l (M 0.13975407808810986 0 -0.06987703904405493 1.3333333333333333)) 60 (M 1 0.10471975511965977 0 0)) (M 1 0 0 -2.666666666666667))) (color 0 1 0 (T (repeat (T l (M 2.666666666666666 0 -1.333333333333333 1.3333333333333333)) 4 (M 1 1.5707963267948966 0 0)) (M 1 0 0 -2.220446049250313e-16)))) (color 0 1 0 (T (repeat (T l (M 2.666666666666666 0 -1.333333333333333 1.3333333333333333)) 4 (M 1 1.5707963267948966 0 0)) (M 1 0 0 2.666666666666666)))),circle,blue,square,green,square,green,balanced_data/dim_balanced/totems/dim3/var1/images/232.png
(C (C (color 0 0 1 (T (repeat (T l (M 0.13975407808810986 0 -0.06987703904405493 1.3333333333333333)) 60 (M 1 0.10471975511965977 0 0)) (M 1 0 0 -2.666666666666667))) (color 0 1 0 (T (repeat (T l (M 2.666666666666666 0 -1.333333333333333 1.3333333333333333)) 4 (M 1 1.5707963267948966 0 0)) (M 1 0 0 -2.220446049250313e-16)))) (color 0 0 1 (T (repeat (T l (M 2.666666666666666 0 -1.333333333333333 1.3333333333333333)) 4 (M 1 1.5707963267948966 0 0)) (M 1 0 0 2.666666666666666)))),circle,blue,square,green,square,blue,balanced_data/dim_balanced/totems/dim3/var1/images/233.png
(C (C (color 0 0 1 (T (repeat (T l (M 0.13975407808810986 0 -0.06987703904405493 1.3333333333333333)) 60 (M 1 0.10471975511965977 0 0)) (M 1 0 0 -2.666666666666667))) (color 0 0 1 (T (repeat (T l (M 2.666666666666666 0 -1.333333333333333 1.3333333333333333)) 4 (M 1 1.5707963267948966 0 0)) (M 1 0 0 -2.220446049250313e-16)))) (color 1 0 0 (T (repeat (T l (M 0.13975407808810986 0 -0.06987703904405493 1.3333333333333333)) 60 (M 1 0.10471975511965977 0 0)) (M 1 0 0 2.666666666666666)))),circle,blue,square,blue,circle,red,balanced_data/dim_balanced/totems/dim3/var1/images/234.png
(C (C (color 0 0 1 (T (repeat (T l (M 0.13975407808810986 0 -0.06987703904405493 1.3333333333333333)) 60 (M 1 0.10471975511965977 0 0)) (M 1 0 0 -2.666666666666667))) (color 0 0 1 (T (repeat (T l (M 2.666666666666666 0 -1.333333333333333 1.3333333333333333)) 4 (M 1 1.5707963267948966 0 0)) (M 1 0 0 -2.220446049250313e-16)))) (color 0 1 0 (T (repeat (T l (M 0.13975407808810986 0 -0.06987703904405493 1.3333333333333333)) 60 (M 1 0.10471975511965977 0 0)) (M 1 0 0 2.666666666666666)))),circle,blue,square,blue,circle,green,balanced_data/dim_balanced/totems/dim3/var1/images/235.png
(C (C (color 0 0 1 (T (repeat (T l (M 0.13975407808810986 0 -0.06987703904405493 1.3333333333333333)) 60 (M 1 0.10471975511965977 0 0)) (M 1 0 0 -2.666666666666667))) (color 0 0 1 (T (repeat (T l (M 2.666666666666666 0 -1.333333333333333 1.3333333333333333)) 4 (M 1 1.5707963267948966 0 0)) (M 1 0 0 -2.220446049250313e-16)))) (color 0 0 1 (T (repeat (T l (M 0.13975407808810986 0 -0.06987703904405493 1.3333333333333333)) 60 (M 1 0.10471975511965977 0 0)) (M 1 0 0 2.666666666666666)))),circle,blue,square,blue,circle,blue,balanced_data/dim_balanced/totems/dim3/var1/images/236.png
(C (C (color 0 0 1 (T (repeat (T l (M 0.13975407808810986 0 -0.06987703904405493 1.3333333333333333)) 60 (M 1 0.10471975511965977 0 0)) (M 1 0 0 -2.666666666666667))) (color 0 0 1 (T (repeat (T l (M 2.666666666666666 0 -1.333333333333333 1.3333333333333333)) 4 (M 1 1.5707963267948966 0 0)) (M 1 0 0 -2.220446049250313e-16)))) (color 1 0 0 (T (T (repeat (T l (M 3.0792014356780038 0 -1.5396007178390019 0.8888888888888891)) 3 (M 1 2.0943951023931953 0 0)) (M 1 0 0 0.4444444444444443)) (M 1 0 0 2.666666666666666)))),circle,blue,square,blue,triangle,red,balanced_data/dim_balanced/totems/dim3/var1/images/237.png
(C (C (color 0 0 1 (T (repeat (T l (M 0.13975407808810986 0 -0.06987703904405493 1.3333333333333333)) 60 (M 1 0.10471975511965977 0 0)) (M 1 0 0 -2.666666666666667))) (color 0 0 1 (T (repeat (T l (M 2.666666666666666 0 -1.333333333333333 1.3333333333333333)) 4 (M 1 1.5707963267948966 0 0)) (M 1 0 0 -2.220446049250313e-16)))) (color 0 1 0 (T (T (repeat (T l (M 3.0792014356780038 0 -1.5396007178390019 0.8888888888888891)) 3 (M 1 2.0943951023931953 0 0)) (M 1 0 0 0.4444444444444443)) (M 1 0 0 2.666666666666666)))),circle,blue,square,blue,triangle,green,balanced_data/dim_balanced/totems/dim3/var1/images/238.png
(C (C (color 0 0 1 (T (repeat (T l (M 0.13975407808810986 0 -0.06987703904405493 1.3333333333333333)) 60 (M 1 0.10471975511965977 0 0)) (M 1 0 0 -2.666666666666667))) (color 0 0 1 (T (repeat (T l (M 2.666666666666666 0 -1.333333333333333 1.3333333333333333)) 4 (M 1 1.5707963267948966 0 0)) (M 1 0 0 -2.220446049250313e-16)))) (color 0 0 1 (T (T (repeat (T l (M 3.0792014356780038 0 -1.5396007178390019 0.8888888888888891)) 3 (M 1 2.0943951023931953 0 0)) (M 1 0 0 0.4444444444444443)) (M 1 0 0 2.666666666666666)))),circle,blue,square,blue,triangle,blue,balanced_data/dim_balanced/totems/dim3/var1/images/239.png
(C (C (color 0 0 1 (T (repeat (T l (M 0.13975407808810986 0 -0.06987703904405493 1.3333333333333333)) 60 (M 1 0.10471975511965977 0 0)) (M 1 0 0 -2.666666666666667))) (color 0 0 1 (T (repeat (T l (M 2.666666666666666 0 -1.333333333333333 1.3333333333333333)) 4 (M 1 1.5707963267948966 0 0)) (M 1 0 0 -2.220446049250313e-16)))) (color 1 0 0 (T (repeat (T l (M 2.666666666666666 0 -1.333333333333333 1.3333333333333333)) 4 (M 1 1.5707963267948966 0 0)) (M 1 0 0 2.666666666666666)))),circle,blue,square,blue,square,red,balanced_data/dim_balanced/totems/dim3/var1/images/240.png
(C (C (color 0 0 1 (T (repeat (T l (M 0.13975407808810986 0 -0.06987703904405493 1.3333333333333333)) 60 (M 1 0.10471975511965977 0 0)) (M 1 0 0 -2.666666666666667))) (color 0 0 1 (T (repeat (T l (M 2.666666666666666 0 -1.333333333333333 1.3333333333333333)) 4 (M 1 1.5707963267948966 0 0)) (M 1 0 0 -2.220446049250313e-16)))) (color 0 1 0 (T (repeat (T l (M 2.666666666666666 0 -1.333333333333333 1.3333333333333333)) 4 (M 1 1.5707963267948966 0 0)) (M 1 0 0 2.666666666666666)))),circle,blue,square,blue,square,green,balanced_data/dim_balanced/totems/dim3/var1/images/241.png
(C (C (color 0 0 1 (T (repeat (T l (M 0.13975407808810986 0 -0.06987703904405493 1.3333333333333333)) 60 (M 1 0.10471975511965977 0 0)) (M 1 0 0 -2.666666666666667))) (color 0 0 1 (T (repeat (T l (M 2.666666666666666 0 -1.333333333333333 1.3333333333333333)) 4 (M 1 1.5707963267948966 0 0)) (M 1 0 0 -2.220446049250313e-16)))) (color 0 0 1 (T (repeat (T l (M 2.666666666666666 0 -1.333333333333333 1.3333333333333333)) 4 (M 1 1.5707963267948966 0 0)) (M 1 0 0 2.666666666666666)))),circle,blue,square,blue,square,blue,balanced_data/dim_balanced/totems/dim3/var1/images/242.png
(C (C (color 1 0 0 (T (T (repeat (T l (M 3.0792014356780038 0 -1.5396007178390019 0.8888888888888891)) 3 (M 1 2.0943951023931953 0 0)) (M 1 0 0 0.4444444444444443)) (M 1 0 0 -2.666666666666667))) (color 1 0 0 (T (repeat (T l (M 0.13975407808810986 0 -0.06987703904405493 1.3333333333333333)) 60 (M 1 0.10471975511965977 0 0)) (M 1 0 0 -2.220446049250313e-16)))) (color 1 0 0 (T (repeat (T l (M 0.13975407808810986 0 -0.06987703904405493 1.3333333333333333)) 60 (M 1 0.10471975511965977 0 0)) (M 1 0 0 2.666666666666666)))),triangle,red,circle,red,circle,red,balanced_data/dim_balanced/totems/dim3/var1/images/243.png
(C (C (color 1 0 0 (T (T (repeat (T l (M 3.0792014356780038 0 -1.5396007178390019 0.8888888888888891)) 3 (M 1 2.0943951023931953 0 0)) (M 1 0 0 0.4444444444444443)) (M 1 0 0 -2.666666666666667))) (color 1 0 0 (T (repeat (T l (M 0.13975407808810986 0 -0.06987703904405493 1.3333333333333333)) 60 (M 1 0.10471975511965977 0 0)) (M 1 0 0 -2.220446049250313e-16)))) (color 0 1 0 (T (repeat (T l (M 0.13975407808810986 0 -0.06987703904405493 1.3333333333333333)) 60 (M 1 0.10471975511965977 0 0)) (M 1 0 0 2.666666666666666)))),triangle,red,circle,red,circle,green,balanced_data/dim_balanced/totems/dim3/var1/images/244.png
(C (C (color 1 0 0 (T (T (repeat (T l (M 3.0792014356780038 0 -1.5396007178390019 0.8888888888888891)) 3 (M 1 2.0943951023931953 0 0)) (M 1 0 0 0.4444444444444443)) (M 1 0 0 -2.666666666666667))) (color 1 0 0 (T (repeat (T l (M 0.13975407808810986 0 -0.06987703904405493 1.3333333333333333)) 60 (M 1 0.10471975511965977 0 0)) (M 1 0 0 -2.220446049250313e-16)))) (color 0 0 1 (T (repeat (T l (M 0.13975407808810986 0 -0.06987703904405493 1.3333333333333333)) 60 (M 1 0.10471975511965977 0 0)) (M 1 0 0 2.666666666666666)))),triangle,red,circle,red,circle,blue,balanced_data/dim_balanced/totems/dim3/var1/images/245.png
(C (C (color 1 0 0 (T (T (repeat (T l (M 3.0792014356780038 0 -1.5396007178390019 0.8888888888888891)) 3 (M 1 2.0943951023931953 0 0)) (M 1 0 0 0.4444444444444443)) (M 1 0 0 -2.666666666666667))) (color 1 0 0 (T (repeat (T l (M 0.13975407808810986 0 -0.06987703904405493 1.3333333333333333)) 60 (M 1 0.10471975511965977 0 0)) (M 1 0 0 -2.220446049250313e-16)))) (color 1 0 0 (T (T (repeat (T l (M 3.0792014356780038 0 -1.5396007178390019 0.8888888888888891)) 3 (M 1 2.0943951023931953 0 0)) (M 1 0 0 0.4444444444444443)) (M 1 0 0 2.666666666666666)))),triangle,red,circle,red,triangle,red,balanced_data/dim_balanced/totems/dim3/var1/images/246.png
(C (C (color 1 0 0 (T (T (repeat (T l (M 3.0792014356780038 0 -1.5396007178390019 0.8888888888888891)) 3 (M 1 2.0943951023931953 0 0)) (M 1 0 0 0.4444444444444443)) (M 1 0 0 -2.666666666666667))) (color 1 0 0 (T (repeat (T l (M 0.13975407808810986 0 -0.06987703904405493 1.3333333333333333)) 60 (M 1 0.10471975511965977 0 0)) (M 1 0 0 -2.220446049250313e-16)))) (color 0 1 0 (T (T (repeat (T l (M 3.0792014356780038 0 -1.5396007178390019 0.8888888888888891)) 3 (M 1 2.0943951023931953 0 0)) (M 1 0 0 0.4444444444444443)) (M 1 0 0 2.666666666666666)))),triangle,red,circle,red,triangle,green,balanced_data/dim_balanced/totems/dim3/var1/images/247.png
(C (C (color 1 0 0 (T (T (repeat (T l (M 3.0792014356780038 0 -1.5396007178390019 0.8888888888888891)) 3 (M 1 2.0943951023931953 0 0)) (M 1 0 0 0.4444444444444443)) (M 1 0 0 -2.666666666666667))) (color 1 0 0 (T (repeat (T l (M 0.13975407808810986 0 -0.06987703904405493 1.3333333333333333)) 60 (M 1 0.10471975511965977 0 0)) (M 1 0 0 -2.220446049250313e-16)))) (color 0 0 1 (T (T (repeat (T l (M 3.0792014356780038 0 -1.5396007178390019 0.8888888888888891)) 3 (M 1 2.0943951023931953 0 0)) (M 1 0 0 0.4444444444444443)) (M 1 0 0 2.666666666666666)))),triangle,red,circle,red,triangle,blue,balanced_data/dim_balanced/totems/dim3/var1/images/248.png
(C (C (color 1 0 0 (T (T (repeat (T l (M 3.0792014356780038 0 -1.5396007178390019 0.8888888888888891)) 3 (M 1 2.0943951023931953 0 0)) (M 1 0 0 0.4444444444444443)) (M 1 0 0 -2.666666666666667))) (color 1 0 0 (T (repeat (T l (M 0.13975407808810986 0 -0.06987703904405493 1.3333333333333333)) 60 (M 1 0.10471975511965977 0 0)) (M 1 0 0 -2.220446049250313e-16)))) (color 1 0 0 (T (repeat (T l (M 2.666666666666666 0 -1.333333333333333 1.3333333333333333)) 4 (M 1 1.5707963267948966 0 0)) (M 1 0 0 2.666666666666666)))),triangle,red,circle,red,square,red,balanced_data/dim_balanced/totems/dim3/var1/images/249.png
(C (C (color 1 0 0 (T (T (repeat (T l (M 3.0792014356780038 0 -1.5396007178390019 0.8888888888888891)) 3 (M 1 2.0943951023931953 0 0)) (M 1 0 0 0.4444444444444443)) (M 1 0 0 -2.666666666666667))) (color 1 0 0 (T (repeat (T l (M 0.13975407808810986 0 -0.06987703904405493 1.3333333333333333)) 60 (M 1 0.10471975511965977 0 0)) (M 1 0 0 -2.220446049250313e-16)))) (color 0 1 0 (T (repeat (T l (M 2.666666666666666 0 -1.333333333333333 1.3333333333333333)) 4 (M 1 1.5707963267948966 0 0)) (M 1 0 0 2.666666666666666)))),triangle,red,circle,red,square,green,balanced_data/dim_balanced/totems/dim3/var1/images/250.png
(C (C (color 1 0 0 (T (T (repeat (T l (M 3.0792014356780038 0 -1.5396007178390019 0.8888888888888891)) 3 (M 1 2.0943951023931953 0 0)) (M 1 0 0 0.4444444444444443)) (M 1 0 0 -2.666666666666667))) (color 1 0 0 (T (repeat (T l (M 0.13975407808810986 0 -0.06987703904405493 1.3333333333333333)) 60 (M 1 0.10471975511965977 0 0)) (M 1 0 0 -2.220446049250313e-16)))) (color 0 0 1 (T (repeat (T l (M 2.666666666666666 0 -1.333333333333333 1.3333333333333333)) 4 (M 1 1.5707963267948966 0 0)) (M 1 0 0 2.666666666666666)))),triangle,red,circle,red,square,blue,balanced_data/dim_balanced/totems/dim3/var1/images/251.png
(C (C (color 1 0 0 (T (T (repeat (T l (M 3.0792014356780038 0 -1.5396007178390019 0.8888888888888891)) 3 (M 1 2.0943951023931953 0 0)) (M 1 0 0 0.4444444444444443)) (M 1 0 0 -2.666666666666667))) (color 0 1 0 (T (repeat (T l (M 0.13975407808810986 0 -0.06987703904405493 1.3333333333333333)) 60 (M 1 0.10471975511965977 0 0)) (M 1 0 0 -2.220446049250313e-16)))) (color 1 0 0 (T (repeat (T l (M 0.13975407808810986 0 -0.06987703904405493 1.3333333333333333)) 60 (M 1 0.10471975511965977 0 0)) (M 1 0 0 2.666666666666666)))),triangle,red,circle,green,circle,red,balanced_data/dim_balanced/totems/dim3/var1/images/252.png
(C (C (color 1 0 0 (T (T (repeat (T l (M 3.0792014356780038 0 -1.5396007178390019 0.8888888888888891)) 3 (M 1 2.0943951023931953 0 0)) (M 1 0 0 0.4444444444444443)) (M 1 0 0 -2.666666666666667))) (color 0 1 0 (T (repeat (T l (M 0.13975407808810986 0 -0.06987703904405493 1.3333333333333333)) 60 (M 1 0.10471975511965977 0 0)) (M 1 0 0 -2.220446049250313e-16)))) (color 0 1 0 (T (repeat (T l (M 0.13975407808810986 0 -0.06987703904405493 1.3333333333333333)) 60 (M 1 0.10471975511965977 0 0)) (M 1 0 0 2.666666666666666)))),triangle,red,circle,green,circle,green,balanced_data/dim_balanced/totems/dim3/var1/images/253.png
(C (C (color 1 0 0 (T (T (repeat (T l (M 3.0792014356780038 0 -1.5396007178390019 0.8888888888888891)) 3 (M 1 2.0943951023931953 0 0)) (M 1 0 0 0.4444444444444443)) (M 1 0 0 -2.666666666666667))) (color 0 1 0 (T (repeat (T l (M 0.13975407808810986 0 -0.06987703904405493 1.3333333333333333)) 60 (M 1 0.10471975511965977 0 0)) (M 1 0 0 -2.220446049250313e-16)))) (color 0 0 1 (T (repeat (T l (M 0.13975407808810986 0 -0.06987703904405493 1.3333333333333333)) 60 (M 1 0.10471975511965977 0 0)) (M 1 0 0 2.666666666666666)))),triangle,red,circle,green,circle,blue,balanced_data/dim_balanced/totems/dim3/var1/images/254.png
(C (C (color 1 0 0 (T (T (repeat (T l (M 3.0792014356780038 0 -1.5396007178390019 0.8888888888888891)) 3 (M 1 2.0943951023931953 0 0)) (M 1 0 0 0.4444444444444443)) (M 1 0 0 -2.666666666666667))) (color 0 1 0 (T (repeat (T l (M 0.13975407808810986 0 -0.06987703904405493 1.3333333333333333)) 60 (M 1 0.10471975511965977 0 0)) (M 1 0 0 -2.220446049250313e-16)))) (color 1 0 0 (T (T (repeat (T l (M 3.0792014356780038 0 -1.5396007178390019 0.8888888888888891)) 3 (M 1 2.0943951023931953 0 0)) (M 1 0 0 0.4444444444444443)) (M 1 0 0 2.666666666666666)))),triangle,red,circle,green,triangle,red,balanced_data/dim_balanced/totems/dim3/var1/images/255.png
(C (C (color 1 0 0 (T (T (repeat (T l (M 3.0792014356780038 0 -1.5396007178390019 0.8888888888888891)) 3 (M 1 2.0943951023931953 0 0)) (M 1 0 0 0.4444444444444443)) (M 1 0 0 -2.666666666666667))) (color 0 1 0 (T (repeat (T l (M 0.13975407808810986 0 -0.06987703904405493 1.3333333333333333)) 60 (M 1 0.10471975511965977 0 0)) (M 1 0 0 -2.220446049250313e-16)))) (color 0 1 0 (T (T (repeat (T l (M 3.0792014356780038 0 -1.5396007178390019 0.8888888888888891)) 3 (M 1 2.0943951023931953 0 0)) (M 1 0 0 0.4444444444444443)) (M 1 0 0 2.666666666666666)))),triangle,red,circle,green,triangle,green,balanced_data/dim_balanced/totems/dim3/var1/images/256.png
(C (C (color 1 0 0 (T (T (repeat (T l (M 3.0792014356780038 0 -1.5396007178390019 0.8888888888888891)) 3 (M 1 2.0943951023931953 0 0)) (M 1 0 0 0.4444444444444443)) (M 1 0 0 -2.666666666666667))) (color 0 1 0 (T (repeat (T l (M 0.13975407808810986 0 -0.06987703904405493 1.3333333333333333)) 60 (M 1 0.10471975511965977 0 0)) (M 1 0 0 -2.220446049250313e-16)))) (color 0 0 1 (T (T (repeat (T l (M 3.0792014356780038 0 -1.5396007178390019 0.8888888888888891)) 3 (M 1 2.0943951023931953 0 0)) (M 1 0 0 0.4444444444444443)) (M 1 0 0 2.666666666666666)))),triangle,red,circle,green,triangle,blue,balanced_data/dim_balanced/totems/dim3/var1/images/257.png
(C (C (color 1 0 0 (T (T (repeat (T l (M 3.0792014356780038 0 -1.5396007178390019 0.8888888888888891)) 3 (M 1 2.0943951023931953 0 0)) (M 1 0 0 0.4444444444444443)) (M 1 0 0 -2.666666666666667))) (color 0 1 0 (T (repeat (T l (M 0.13975407808810986 0 -0.06987703904405493 1.3333333333333333)) 60 (M 1 0.10471975511965977 0 0)) (M 1 0 0 -2.220446049250313e-16)))) (color 1 0 0 (T (repeat (T l (M 2.666666666666666 0 -1.333333333333333 1.3333333333333333)) 4 (M 1 1.5707963267948966 0 0)) (M 1 0 0 2.666666666666666)))),triangle,red,circle,green,square,red,balanced_data/dim_balanced/totems/dim3/var1/images/258.png
(C (C (color 1 0 0 (T (T (repeat (T l (M 3.0792014356780038 0 -1.5396007178390019 0.8888888888888891)) 3 (M 1 2.0943951023931953 0 0)) (M 1 0 0 0.4444444444444443)) (M 1 0 0 -2.666666666666667))) (color 0 1 0 (T (repeat (T l (M 0.13975407808810986 0 -0.06987703904405493 1.3333333333333333)) 60 (M 1 0.10471975511965977 0 0)) (M 1 0 0 -2.220446049250313e-16)))) (color 0 1 0 (T (repeat (T l (M 2.666666666666666 0 -1.333333333333333 1.3333333333333333)) 4 (M 1 1.5707963267948966 0 0)) (M 1 0 0 2.666666666666666)))),triangle,red,circle,green,square,green,balanced_data/dim_balanced/totems/dim3/var1/images/259.png
(C (C (color 1 0 0 (T (T (repeat (T l (M 3.0792014356780038 0 -1.5396007178390019 0.8888888888888891)) 3 (M 1 2.0943951023931953 0 0)) (M 1 0 0 0.4444444444444443)) (M 1 0 0 -2.666666666666667))) (color 0 1 0 (T (repeat (T l (M 0.13975407808810986 0 -0.06987703904405493 1.3333333333333333)) 60 (M 1 0.10471975511965977 0 0)) (M 1 0 0 -2.220446049250313e-16)))) (color 0 0 1 (T (repeat (T l (M 2.666666666666666 0 -1.333333333333333 1.3333333333333333)) 4 (M 1 1.5707963267948966 0 0)) (M 1 0 0 2.666666666666666)))),triangle,red,circle,green,square,blue,balanced_data/dim_balanced/totems/dim3/var1/images/260.png
(C (C (color 1 0 0 (T (T (repeat (T l (M 3.0792014356780038 0 -1.5396007178390019 0.8888888888888891)) 3 (M 1 2.0943951023931953 0 0)) (M 1 0 0 0.4444444444444443)) (M 1 0 0 -2.666666666666667))) (color 0 0 1 (T (repeat (T l (M 0.13975407808810986 0 -0.06987703904405493 1.3333333333333333)) 60 (M 1 0.10471975511965977 0 0)) (M 1 0 0 -2.220446049250313e-16)))) (color 1 0 0 (T (repeat (T l (M 0.13975407808810986 0 -0.06987703904405493 1.3333333333333333)) 60 (M 1 0.10471975511965977 0 0)) (M 1 0 0 2.666666666666666)))),triangle,red,circle,blue,circle,red,balanced_data/dim_balanced/totems/dim3/var1/images/261.png
(C (C (color 1 0 0 (T (T (repeat (T l (M 3.0792014356780038 0 -1.5396007178390019 0.8888888888888891)) 3 (M 1 2.0943951023931953 0 0)) (M 1 0 0 0.4444444444444443)) (M 1 0 0 -2.666666666666667))) (color 0 0 1 (T (repeat (T l (M 0.13975407808810986 0 -0.06987703904405493 1.3333333333333333)) 60 (M 1 0.10471975511965977 0 0)) (M 1 0 0 -2.220446049250313e-16)))) (color 0 1 0 (T (repeat (T l (M 0.13975407808810986 0 -0.06987703904405493 1.3333333333333333)) 60 (M 1 0.10471975511965977 0 0)) (M 1 0 0 2.666666666666666)))),triangle,red,circle,blue,circle,green,balanced_data/dim_balanced/totems/dim3/var1/images/262.png
(C (C (color 1 0 0 (T (T (repeat (T l (M 3.0792014356780038 0 -1.5396007178390019 0.8888888888888891)) 3 (M 1 2.0943951023931953 0 0)) (M 1 0 0 0.4444444444444443)) (M 1 0 0 -2.666666666666667))) (color 0 0 1 (T (repeat (T l (M 0.13975407808810986 0 -0.06987703904405493 1.3333333333333333)) 60 (M 1 0.10471975511965977 0 0)) (M 1 0 0 -2.220446049250313e-16)))) (color 0 0 1 (T (repeat (T l (M 0.13975407808810986 0 -0.06987703904405493 1.3333333333333333)) 60 (M 1 0.10471975511965977 0 0)) (M 1 0 0 2.666666666666666)))),triangle,red,circle,blue,circle,blue,balanced_data/dim_balanced/totems/dim3/var1/images/263.png
(C (C (color 1 0 0 (T (T (repeat (T l (M 3.0792014356780038 0 -1.5396007178390019 0.8888888888888891)) 3 (M 1 2.0943951023931953 0 0)) (M 1 0 0 0.4444444444444443)) (M 1 0 0 -2.666666666666667))) (color 0 0 1 (T (repeat (T l (M 0.13975407808810986 0 -0.06987703904405493 1.3333333333333333)) 60 (M 1 0.10471975511965977 0 0)) (M 1 0 0 -2.220446049250313e-16)))) (color 1 0 0 (T (T (repeat (T l (M 3.0792014356780038 0 -1.5396007178390019 0.8888888888888891)) 3 (M 1 2.0943951023931953 0 0)) (M 1 0 0 0.4444444444444443)) (M 1 0 0 2.666666666666666)))),triangle,red,circle,blue,triangle,red,balanced_data/dim_balanced/totems/dim3/var1/images/264.png
(C (C (color 1 0 0 (T (T (repeat (T l (M 3.0792014356780038 0 -1.5396007178390019 0.8888888888888891)) 3 (M 1 2.0943951023931953 0 0)) (M 1 0 0 0.4444444444444443)) (M 1 0 0 -2.666666666666667))) (color 0 0 1 (T (repeat (T l (M 0.13975407808810986 0 -0.06987703904405493 1.3333333333333333)) 60 (M 1 0.10471975511965977 0 0)) (M 1 0 0 -2.220446049250313e-16)))) (color 0 1 0 (T (T (repeat (T l (M 3.0792014356780038 0 -1.5396007178390019 0.8888888888888891)) 3 (M 1 2.0943951023931953 0 0)) (M 1 0 0 0.4444444444444443)) (M 1 0 0 2.666666666666666)))),triangle,red,circle,blue,triangle,green,balanced_data/dim_balanced/totems/dim3/var1/images/265.png
(C (C (color 1 0 0 (T (T (repeat (T l (M 3.0792014356780038 0 -1.5396007178390019 0.8888888888888891)) 3 (M 1 2.0943951023931953 0 0)) (M 1 0 0 0.4444444444444443)) (M 1 0 0 -2.666666666666667))) (color 0 0 1 (T (repeat (T l (M 0.13975407808810986 0 -0.06987703904405493 1.3333333333333333)) 60 (M 1 0.10471975511965977 0 0)) (M 1 0 0 -2.220446049250313e-16)))) (color 0 0 1 (T (T (repeat (T l (M 3.0792014356780038 0 -1.5396007178390019 0.8888888888888891)) 3 (M 1 2.0943951023931953 0 0)) (M 1 0 0 0.4444444444444443)) (M 1 0 0 2.666666666666666)))),triangle,red,circle,blue,triangle,blue,balanced_data/dim_balanced/totems/dim3/var1/images/266.png
(C (C (color 1 0 0 (T (T (repeat (T l (M 3.0792014356780038 0 -1.5396007178390019 0.8888888888888891)) 3 (M 1 2.0943951023931953 0 0)) (M 1 0 0 0.4444444444444443)) (M 1 0 0 -2.666666666666667))) (color 0 0 1 (T (repeat (T l (M 0.13975407808810986 0 -0.06987703904405493 1.3333333333333333)) 60 (M 1 0.10471975511965977 0 0)) (M 1 0 0 -2.220446049250313e-16)))) (color 1 0 0 (T (repeat (T l (M 2.666666666666666 0 -1.333333333333333 1.3333333333333333)) 4 (M 1 1.5707963267948966 0 0)) (M 1 0 0 2.666666666666666)))),triangle,red,circle,blue,square,red,balanced_data/dim_balanced/totems/dim3/var1/images/267.png
(C (C (color 1 0 0 (T (T (repeat (T l (M 3.0792014356780038 0 -1.5396007178390019 0.8888888888888891)) 3 (M 1 2.0943951023931953 0 0)) (M 1 0 0 0.4444444444444443)) (M 1 0 0 -2.666666666666667))) (color 0 0 1 (T (repeat (T l (M 0.13975407808810986 0 -0.06987703904405493 1.3333333333333333)) 60 (M 1 0.10471975511965977 0 0)) (M 1 0 0 -2.220446049250313e-16)))) (color 0 1 0 (T (repeat (T l (M 2.666666666666666 0 -1.333333333333333 1.3333333333333333)) 4 (M 1 1.5707963267948966 0 0)) (M 1 0 0 2.666666666666666)))),triangle,red,circle,blue,square,green,balanced_data/dim_balanced/totems/dim3/var1/images/268.png
(C (C (color 1 0 0 (T (T (repeat (T l (M 3.0792014356780038 0 -1.5396007178390019 0.8888888888888891)) 3 (M 1 2.0943951023931953 0 0)) (M 1 0 0 0.4444444444444443)) (M 1 0 0 -2.666666666666667))) (color 0 0 1 (T (repeat (T l (M 0.13975407808810986 0 -0.06987703904405493 1.3333333333333333)) 60 (M 1 0.10471975511965977 0 0)) (M 1 0 0 -2.220446049250313e-16)))) (color 0 0 1 (T (repeat (T l (M 2.666666666666666 0 -1.333333333333333 1.3333333333333333)) 4 (M 1 1.5707963267948966 0 0)) (M 1 0 0 2.666666666666666)))),triangle,red,circle,blue,square,blue,balanced_data/dim_balanced/totems/dim3/var1/images/269.png
(C (C (color 1 0 0 (T (T (repeat (T l (M 3.0792014356780038 0 -1.5396007178390019 0.8888888888888891)) 3 (M 1 2.0943951023931953 0 0)) (M 1 0 0 0.4444444444444443)) (M 1 0 0 -2.666666666666667))) (color 1 0 0 (T (T (repeat (T l (M 3.0792014356780038 0 -1.5396007178390019 0.8888888888888891)) 3 (M 1 2.0943951023931953 0 0)) (M 1 0 0 0.4444444444444443)) (M 1 0 0 -2.220446049250313e-16)))) (color 1 0 0 (T (repeat (T l (M 0.13975407808810986 0 -0.06987703904405493 1.3333333333333333)) 60 (M 1 0.10471975511965977 0 0)) (M 1 0 0 2.666666666666666)))),triangle,red,triangle,red,circle,red,balanced_data/dim_balanced/totems/dim3/var1/images/270.png
(C (C (color 1 0 0 (T (T (repeat (T l (M 3.0792014356780038 0 -1.5396007178390019 0.8888888888888891)) 3 (M 1 2.0943951023931953 0 0)) (M 1 0 0 0.4444444444444443)) (M 1 0 0 -2.666666666666667))) (color 1 0 0 (T (T (repeat (T l (M 3.0792014356780038 0 -1.5396007178390019 0.8888888888888891)) 3 (M 1 2.0943951023931953 0 0)) (M 1 0 0 0.4444444444444443)) (M 1 0 0 -2.220446049250313e-16)))) (color 0 1 0 (T (repeat (T l (M 0.13975407808810986 0 -0.06987703904405493 1.3333333333333333)) 60 (M 1 0.10471975511965977 0 0)) (M 1 0 0 2.666666666666666)))),triangle,red,triangle,red,circle,green,balanced_data/dim_balanced/totems/dim3/var1/images/271.png
(C (C (color 1 0 0 (T (T (repeat (T l (M 3.0792014356780038 0 -1.5396007178390019 0.8888888888888891)) 3 (M 1 2.0943951023931953 0 0)) (M 1 0 0 0.4444444444444443)) (M 1 0 0 -2.666666666666667))) (color 1 0 0 (T (T (repeat (T l (M 3.0792014356780038 0 -1.5396007178390019 0.8888888888888891)) 3 (M 1 2.0943951023931953 0 0)) (M 1 0 0 0.4444444444444443)) (M 1 0 0 -2.220446049250313e-16)))) (color 0 0 1 (T (repeat (T l (M 0.13975407808810986 0 -0.06987703904405493 1.3333333333333333)) 60 (M 1 0.10471975511965977 0 0)) (M 1 0 0 2.666666666666666)))),triangle,red,triangle,red,circle,blue,balanced_data/dim_balanced/totems/dim3/var1/images/272.png
(C (C (color 1 0 0 (T (T (repeat (T l (M 3.0792014356780038 0 -1.5396007178390019 0.8888888888888891)) 3 (M 1 2.0943951023931953 0 0)) (M 1 0 0 0.4444444444444443)) (M 1 0 0 -2.666666666666667))) (color 1 0 0 (T (T (repeat (T l (M 3.0792014356780038 0 -1.5396007178390019 0.8888888888888891)) 3 (M 1 2.0943951023931953 0 0)) (M 1 0 0 0.4444444444444443)) (M 1 0 0 -2.220446049250313e-16)))) (color 1 0 0 (T (T (repeat (T l (M 3.0792014356780038 0 -1.5396007178390019 0.8888888888888891)) 3 (M 1 2.0943951023931953 0 0)) (M 1 0 0 0.4444444444444443)) (M 1 0 0 2.666666666666666)))),triangle,red,triangle,red,triangle,red,balanced_data/dim_balanced/totems/dim3/var1/images/273.png
(C (C (color 1 0 0 (T (T (repeat (T l (M 3.0792014356780038 0 -1.5396007178390019 0.8888888888888891)) 3 (M 1 2.0943951023931953 0 0)) (M 1 0 0 0.4444444444444443)) (M 1 0 0 -2.666666666666667))) (color 1 0 0 (T (T (repeat (T l (M 3.0792014356780038 0 -1.5396007178390019 0.8888888888888891)) 3 (M 1 2.0943951023931953 0 0)) (M 1 0 0 0.4444444444444443)) (M 1 0 0 -2.220446049250313e-16)))) (color 0 1 0 (T (T (repeat (T l (M 3.0792014356780038 0 -1.5396007178390019 0.8888888888888891)) 3 (M 1 2.0943951023931953 0 0)) (M 1 0 0 0.4444444444444443)) (M 1 0 0 2.666666666666666)))),triangle,red,triangle,red,triangle,green,balanced_data/dim_balanced/totems/dim3/var1/images/274.png
(C (C (color 1 0 0 (T (T (repeat (T l (M 3.0792014356780038 0 -1.5396007178390019 0.8888888888888891)) 3 (M 1 2.0943951023931953 0 0)) (M 1 0 0 0.4444444444444443)) (M 1 0 0 -2.666666666666667))) (color 1 0 0 (T (T (repeat (T l (M 3.0792014356780038 0 -1.5396007178390019 0.8888888888888891)) 3 (M 1 2.0943951023931953 0 0)) (M 1 0 0 0.4444444444444443)) (M 1 0 0 -2.220446049250313e-16)))) (color 0 0 1 (T (T (repeat (T l (M 3.0792014356780038 0 -1.5396007178390019 0.8888888888888891)) 3 (M 1 2.0943951023931953 0 0)) (M 1 0 0 0.4444444444444443)) (M 1 0 0 2.666666666666666)))),triangle,red,triangle,red,triangle,blue,balanced_data/dim_balanced/totems/dim3/var1/images/275.png
(C (C (color 1 0 0 (T (T (repeat (T l (M 3.0792014356780038 0 -1.5396007178390019 0.8888888888888891)) 3 (M 1 2.0943951023931953 0 0)) (M 1 0 0 0.4444444444444443)) (M 1 0 0 -2.666666666666667))) (color 1 0 0 (T (T (repeat (T l (M 3.0792014356780038 0 -1.5396007178390019 0.8888888888888891)) 3 (M 1 2.0943951023931953 0 0)) (M 1 0 0 0.4444444444444443)) (M 1 0 0 -2.220446049250313e-16)))) (color 1 0 0 (T (repeat (T l (M 2.666666666666666 0 -1.333333333333333 1.3333333333333333)) 4 (M 1 1.5707963267948966 0 0)) (M 1 0 0 2.666666666666666)))),triangle,red,triangle,red,square,red,balanced_data/dim_balanced/totems/dim3/var1/images/276.png
(C (C (color 1 0 0 (T (T (repeat (T l (M 3.0792014356780038 0 -1.5396007178390019 0.8888888888888891)) 3 (M 1 2.0943951023931953 0 0)) (M 1 0 0 0.4444444444444443)) (M 1 0 0 -2.666666666666667))) (color 1 0 0 (T (T (repeat (T l (M 3.0792014356780038 0 -1.5396007178390019 0.8888888888888891)) 3 (M 1 2.0943951023931953 0 0)) (M 1 0 0 0.4444444444444443)) (M 1 0 0 -2.220446049250313e-16)))) (color 0 1 0 (T (repeat (T l (M 2.666666666666666 0 -1.333333333333333 1.3333333333333333)) 4 (M 1 1.5707963267948966 0 0)) (M 1 0 0 2.666666666666666)))),triangle,red,triangle,red,square,green,balanced_data/dim_balanced/totems/dim3/var1/images/277.png
(C (C (color 1 0 0 (T (T (repeat (T l (M 3.0792014356780038 0 -1.5396007178390019 0.8888888888888891)) 3 (M 1 2.0943951023931953 0 0)) (M 1 0 0 0.4444444444444443)) (M 1 0 0 -2.666666666666667))) (color 1 0 0 (T (T (repeat (T l (M 3.0792014356780038 0 -1.5396007178390019 0.8888888888888891)) 3 (M 1 2.0943951023931953 0 0)) (M 1 0 0 0.4444444444444443)) (M 1 0 0 -2.220446049250313e-16)))) (color 0 0 1 (T (repeat (T l (M 2.666666666666666 0 -1.333333333333333 1.3333333333333333)) 4 (M 1 1.5707963267948966 0 0)) (M 1 0 0 2.666666666666666)))),triangle,red,triangle,red,square,blue,balanced_data/dim_balanced/totems/dim3/var1/images/278.png
(C (C (color 1 0 0 (T (T (repeat (T l (M 3.0792014356780038 0 -1.5396007178390019 0.8888888888888891)) 3 (M 1 2.0943951023931953 0 0)) (M 1 0 0 0.4444444444444443)) (M 1 0 0 -2.666666666666667))) (color 0 1 0 (T (T (repeat (T l (M 3.0792014356780038 0 -1.5396007178390019 0.8888888888888891)) 3 (M 1 2.0943951023931953 0 0)) (M 1 0 0 0.4444444444444443)) (M 1 0 0 -2.220446049250313e-16)))) (color 1 0 0 (T (repeat (T l (M 0.13975407808810986 0 -0.06987703904405493 1.3333333333333333)) 60 (M 1 0.10471975511965977 0 0)) (M 1 0 0 2.666666666666666)))),triangle,red,triangle,green,circle,red,balanced_data/dim_balanced/totems/dim3/var1/images/279.png
(C (C (color 1 0 0 (T (T (repeat (T l (M 3.0792014356780038 0 -1.5396007178390019 0.8888888888888891)) 3 (M 1 2.0943951023931953 0 0)) (M 1 0 0 0.4444444444444443)) (M 1 0 0 -2.666666666666667))) (color 0 1 0 (T (T (repeat (T l (M 3.0792014356780038 0 -1.5396007178390019 0.8888888888888891)) 3 (M 1 2.0943951023931953 0 0)) (M 1 0 0 0.4444444444444443)) (M 1 0 0 -2.220446049250313e-16)))) (color 0 1 0 (T (repeat (T l (M 0.13975407808810986 0 -0.06987703904405493 1.3333333333333333)) 60 (M 1 0.10471975511965977 0 0)) (M 1 0 0 2.666666666666666)))),triangle,red,triangle,green,circle,green,balanced_data/dim_balanced/totems/dim3/var1/images/280.png
(C (C (color 1 0 0 (T (T (repeat (T l (M 3.0792014356780038 0 -1.5396007178390019 0.8888888888888891)) 3 (M 1 2.0943951023931953 0 0)) (M 1 0 0 0.4444444444444443)) (M 1 0 0 -2.666666666666667))) (color 0 1 0 (T (T (repeat (T l (M 3.0792014356780038 0 -1.5396007178390019 0.8888888888888891)) 3 (M 1 2.0943951023931953 0 0)) (M 1 0 0 0.4444444444444443)) (M 1 0 0 -2.220446049250313e-16)))) (color 0 0 1 (T (repeat (T l (M 0.13975407808810986 0 -0.06987703904405493 1.3333333333333333)) 60 (M 1 0.10471975511965977 0 0)) (M 1 0 0 2.666666666666666)))),triangle,red,triangle,green,circle,blue,balanced_data/dim_balanced/totems/dim3/var1/images/281.png
(C (C (color 1 0 0 (T (T (repeat (T l (M 3.0792014356780038 0 -1.5396007178390019 0.8888888888888891)) 3 (M 1 2.0943951023931953 0 0)) (M 1 0 0 0.4444444444444443)) (M 1 0 0 -2.666666666666667))) (color 0 1 0 (T (T (repeat (T l (M 3.0792014356780038 0 -1.5396007178390019 0.8888888888888891)) 3 (M 1 2.0943951023931953 0 0)) (M 1 0 0 0.4444444444444443)) (M 1 0 0 -2.220446049250313e-16)))) (color 1 0 0 (T (T (repeat (T l (M 3.0792014356780038 0 -1.5396007178390019 0.8888888888888891)) 3 (M 1 2.0943951023931953 0 0)) (M 1 0 0 0.4444444444444443)) (M 1 0 0 2.666666666666666)))),triangle,red,triangle,green,triangle,red,balanced_data/dim_balanced/totems/dim3/var1/images/282.png
(C (C (color 1 0 0 (T (T (repeat (T l (M 3.0792014356780038 0 -1.5396007178390019 0.8888888888888891)) 3 (M 1 2.0943951023931953 0 0)) (M 1 0 0 0.4444444444444443)) (M 1 0 0 -2.666666666666667))) (color 0 1 0 (T (T (repeat (T l (M 3.0792014356780038 0 -1.5396007178390019 0.8888888888888891)) 3 (M 1 2.0943951023931953 0 0)) (M 1 0 0 0.4444444444444443)) (M 1 0 0 -2.220446049250313e-16)))) (color 0 1 0 (T (T (repeat (T l (M 3.0792014356780038 0 -1.5396007178390019 0.8888888888888891)) 3 (M 1 2.0943951023931953 0 0)) (M 1 0 0 0.4444444444444443)) (M 1 0 0 2.666666666666666)))),triangle,red,triangle,green,triangle,green,balanced_data/dim_balanced/totems/dim3/var1/images/283.png
(C (C (color 1 0 0 (T (T (repeat (T l (M 3.0792014356780038 0 -1.5396007178390019 0.8888888888888891)) 3 (M 1 2.0943951023931953 0 0)) (M 1 0 0 0.4444444444444443)) (M 1 0 0 -2.666666666666667))) (color 0 1 0 (T (T (repeat (T l (M 3.0792014356780038 0 -1.5396007178390019 0.8888888888888891)) 3 (M 1 2.0943951023931953 0 0)) (M 1 0 0 0.4444444444444443)) (M 1 0 0 -2.220446049250313e-16)))) (color 0 0 1 (T (T (repeat (T l (M 3.0792014356780038 0 -1.5396007178390019 0.8888888888888891)) 3 (M 1 2.0943951023931953 0 0)) (M 1 0 0 0.4444444444444443)) (M 1 0 0 2.666666666666666)))),triangle,red,triangle,green,triangle,blue,balanced_data/dim_balanced/totems/dim3/var1/images/284.png
(C (C (color 1 0 0 (T (T (repeat (T l (M 3.0792014356780038 0 -1.5396007178390019 0.8888888888888891)) 3 (M 1 2.0943951023931953 0 0)) (M 1 0 0 0.4444444444444443)) (M 1 0 0 -2.666666666666667))) (color 0 1 0 (T (T (repeat (T l (M 3.0792014356780038 0 -1.5396007178390019 0.8888888888888891)) 3 (M 1 2.0943951023931953 0 0)) (M 1 0 0 0.4444444444444443)) (M 1 0 0 -2.220446049250313e-16)))) (color 1 0 0 (T (repeat (T l (M 2.666666666666666 0 -1.333333333333333 1.3333333333333333)) 4 (M 1 1.5707963267948966 0 0)) (M 1 0 0 2.666666666666666)))),triangle,red,triangle,green,square,red,balanced_data/dim_balanced/totems/dim3/var1/images/285.png
(C (C (color 1 0 0 (T (T (repeat (T l (M 3.0792014356780038 0 -1.5396007178390019 0.8888888888888891)) 3 (M 1 2.0943951023931953 0 0)) (M 1 0 0 0.4444444444444443)) (M 1 0 0 -2.666666666666667))) (color 0 1 0 (T (T (repeat (T l (M 3.0792014356780038 0 -1.5396007178390019 0.8888888888888891)) 3 (M 1 2.0943951023931953 0 0)) (M 1 0 0 0.4444444444444443)) (M 1 0 0 -2.220446049250313e-16)))) (color 0 1 0 (T (repeat (T l (M 2.666666666666666 0 -1.333333333333333 1.3333333333333333)) 4 (M 1 1.5707963267948966 0 0)) (M 1 0 0 2.666666666666666)))),triangle,red,triangle,green,square,green,balanced_data/dim_balanced/totems/dim3/var1/images/286.png
(C (C (color 1 0 0 (T (T (repeat (T l (M 3.0792014356780038 0 -1.5396007178390019 0.8888888888888891)) 3 (M 1 2.0943951023931953 0 0)) (M 1 0 0 0.4444444444444443)) (M 1 0 0 -2.666666666666667))) (color 0 1 0 (T (T (repeat (T l (M 3.0792014356780038 0 -1.5396007178390019 0.8888888888888891)) 3 (M 1 2.0943951023931953 0 0)) (M 1 0 0 0.4444444444444443)) (M 1 0 0 -2.220446049250313e-16)))) (color 0 0 1 (T (repeat (T l (M 2.666666666666666 0 -1.333333333333333 1.3333333333333333)) 4 (M 1 1.5707963267948966 0 0)) (M 1 0 0 2.666666666666666)))),triangle,red,triangle,green,square,blue,balanced_data/dim_balanced/totems/dim3/var1/images/287.png
(C (C (color 1 0 0 (T (T (repeat (T l (M 3.0792014356780038 0 -1.5396007178390019 0.8888888888888891)) 3 (M 1 2.0943951023931953 0 0)) (M 1 0 0 0.4444444444444443)) (M 1 0 0 -2.666666666666667))) (color 0 0 1 (T (T (repeat (T l (M 3.0792014356780038 0 -1.5396007178390019 0.8888888888888891)) 3 (M 1 2.0943951023931953 0 0)) (M 1 0 0 0.4444444444444443)) (M 1 0 0 -2.220446049250313e-16)))) (color 1 0 0 (T (repeat (T l (M 0.13975407808810986 0 -0.06987703904405493 1.3333333333333333)) 60 (M 1 0.10471975511965977 0 0)) (M 1 0 0 2.666666666666666)))),triangle,red,triangle,blue,circle,red,balanced_data/dim_balanced/totems/dim3/var1/images/288.png
(C (C (color 1 0 0 (T (T (repeat (T l (M 3.0792014356780038 0 -1.5396007178390019 0.8888888888888891)) 3 (M 1 2.0943951023931953 0 0)) (M 1 0 0 0.4444444444444443)) (M 1 0 0 -2.666666666666667))) (color 0 0 1 (T (T (repeat (T l (M 3.0792014356780038 0 -1.5396007178390019 0.8888888888888891)) 3 (M 1 2.0943951023931953 0 0)) (M 1 0 0 0.4444444444444443)) (M 1 0 0 -2.220446049250313e-16)))) (color 0 1 0 (T (repeat (T l (M 0.13975407808810986 0 -0.06987703904405493 1.3333333333333333)) 60 (M 1 0.10471975511965977 0 0)) (M 1 0 0 2.666666666666666)))),triangle,red,triangle,blue,circle,green,balanced_data/dim_balanced/totems/dim3/var1/images/289.png
(C (C (color 1 0 0 (T (T (repeat (T l (M 3.0792014356780038 0 -1.5396007178390019 0.8888888888888891)) 3 (M 1 2.0943951023931953 0 0)) (M 1 0 0 0.4444444444444443)) (M 1 0 0 -2.666666666666667))) (color 0 0 1 (T (T (repeat (T l (M 3.0792014356780038 0 -1.5396007178390019 0.8888888888888891)) 3 (M 1 2.0943951023931953 0 0)) (M 1 0 0 0.4444444444444443)) (M 1 0 0 -2.220446049250313e-16)))) (color 0 0 1 (T (repeat (T l (M 0.13975407808810986 0 -0.06987703904405493 1.3333333333333333)) 60 (M 1 0.10471975511965977 0 0)) (M 1 0 0 2.666666666666666)))),triangle,red,triangle,blue,circle,blue,balanced_data/dim_balanced/totems/dim3/var1/images/290.png
(C (C (color 1 0 0 (T (T (repeat (T l (M 3.0792014356780038 0 -1.5396007178390019 0.8888888888888891)) 3 (M 1 2.0943951023931953 0 0)) (M 1 0 0 0.4444444444444443)) (M 1 0 0 -2.666666666666667))) (color 0 0 1 (T (T (repeat (T l (M 3.0792014356780038 0 -1.5396007178390019 0.8888888888888891)) 3 (M 1 2.0943951023931953 0 0)) (M 1 0 0 0.4444444444444443)) (M 1 0 0 -2.220446049250313e-16)))) (color 1 0 0 (T (T (repeat (T l (M 3.0792014356780038 0 -1.5396007178390019 0.8888888888888891)) 3 (M 1 2.0943951023931953 0 0)) (M 1 0 0 0.4444444444444443)) (M 1 0 0 2.666666666666666)))),triangle,red,triangle,blue,triangle,red,balanced_data/dim_balanced/totems/dim3/var1/images/291.png
(C (C (color 1 0 0 (T (T (repeat (T l (M 3.0792014356780038 0 -1.5396007178390019 0.8888888888888891)) 3 (M 1 2.0943951023931953 0 0)) (M 1 0 0 0.4444444444444443)) (M 1 0 0 -2.666666666666667))) (color 0 0 1 (T (T (repeat (T l (M 3.0792014356780038 0 -1.5396007178390019 0.8888888888888891)) 3 (M 1 2.0943951023931953 0 0)) (M 1 0 0 0.4444444444444443)) (M 1 0 0 -2.220446049250313e-16)))) (color 0 1 0 (T (T (repeat (T l (M 3.0792014356780038 0 -1.5396007178390019 0.8888888888888891)) 3 (M 1 2.0943951023931953 0 0)) (M 1 0 0 0.4444444444444443)) (M 1 0 0 2.666666666666666)))),triangle,red,triangle,blue,triangle,green,balanced_data/dim_balanced/totems/dim3/var1/images/292.png
(C (C (color 1 0 0 (T (T (repeat (T l (M 3.0792014356780038 0 -1.5396007178390019 0.8888888888888891)) 3 (M 1 2.0943951023931953 0 0)) (M 1 0 0 0.4444444444444443)) (M 1 0 0 -2.666666666666667))) (color 0 0 1 (T (T (repeat (T l (M 3.0792014356780038 0 -1.5396007178390019 0.8888888888888891)) 3 (M 1 2.0943951023931953 0 0)) (M 1 0 0 0.4444444444444443)) (M 1 0 0 -2.220446049250313e-16)))) (color 0 0 1 (T (T (repeat (T l (M 3.0792014356780038 0 -1.5396007178390019 0.8888888888888891)) 3 (M 1 2.0943951023931953 0 0)) (M 1 0 0 0.4444444444444443)) (M 1 0 0 2.666666666666666)))),triangle,red,triangle,blue,triangle,blue,balanced_data/dim_balanced/totems/dim3/var1/images/293.png
(C (C (color 1 0 0 (T (T (repeat (T l (M 3.0792014356780038 0 -1.5396007178390019 0.8888888888888891)) 3 (M 1 2.0943951023931953 0 0)) (M 1 0 0 0.4444444444444443)) (M 1 0 0 -2.666666666666667))) (color 0 0 1 (T (T (repeat (T l (M 3.0792014356780038 0 -1.5396007178390019 0.8888888888888891)) 3 (M 1 2.0943951023931953 0 0)) (M 1 0 0 0.4444444444444443)) (M 1 0 0 -2.220446049250313e-16)))) (color 1 0 0 (T (repeat (T l (M 2.666666666666666 0 -1.333333333333333 1.3333333333333333)) 4 (M 1 1.5707963267948966 0 0)) (M 1 0 0 2.666666666666666)))),triangle,red,triangle,blue,square,red,balanced_data/dim_balanced/totems/dim3/var1/images/294.png
(C (C (color 1 0 0 (T (T (repeat (T l (M 3.0792014356780038 0 -1.5396007178390019 0.8888888888888891)) 3 (M 1 2.0943951023931953 0 0)) (M 1 0 0 0.4444444444444443)) (M 1 0 0 -2.666666666666667))) (color 0 0 1 (T (T (repeat (T l (M 3.0792014356780038 0 -1.5396007178390019 0.8888888888888891)) 3 (M 1 2.0943951023931953 0 0)) (M 1 0 0 0.4444444444444443)) (M 1 0 0 -2.220446049250313e-16)))) (color 0 1 0 (T (repeat (T l (M 2.666666666666666 0 -1.333333333333333 1.3333333333333333)) 4 (M 1 1.5707963267948966 0 0)) (M 1 0 0 2.666666666666666)))),triangle,red,triangle,blue,square,green,balanced_data/dim_balanced/totems/dim3/var1/images/295.png
(C (C (color 1 0 0 (T (T (repeat (T l (M 3.0792014356780038 0 -1.5396007178390019 0.8888888888888891)) 3 (M 1 2.0943951023931953 0 0)) (M 1 0 0 0.4444444444444443)) (M 1 0 0 -2.666666666666667))) (color 0 0 1 (T (T (repeat (T l (M 3.0792014356780038 0 -1.5396007178390019 0.8888888888888891)) 3 (M 1 2.0943951023931953 0 0)) (M 1 0 0 0.4444444444444443)) (M 1 0 0 -2.220446049250313e-16)))) (color 0 0 1 (T (repeat (T l (M 2.666666666666666 0 -1.333333333333333 1.3333333333333333)) 4 (M 1 1.5707963267948966 0 0)) (M 1 0 0 2.666666666666666)))),triangle,red,triangle,blue,square,blue,balanced_data/dim_balanced/totems/dim3/var1/images/296.png
(C (C (color 1 0 0 (T (T (repeat (T l (M 3.0792014356780038 0 -1.5396007178390019 0.8888888888888891)) 3 (M 1 2.0943951023931953 0 0)) (M 1 0 0 0.4444444444444443)) (M 1 0 0 -2.666666666666667))) (color 1 0 0 (T (repeat (T l (M 2.666666666666666 0 -1.333333333333333 1.3333333333333333)) 4 (M 1 1.5707963267948966 0 0)) (M 1 0 0 -2.220446049250313e-16)))) (color 1 0 0 (T (repeat (T l (M 0.13975407808810986 0 -0.06987703904405493 1.3333333333333333)) 60 (M 1 0.10471975511965977 0 0)) (M 1 0 0 2.666666666666666)))),triangle,red,square,red,circle,red,balanced_data/dim_balanced/totems/dim3/var1/images/297.png
(C (C (color 1 0 0 (T (T (repeat (T l (M 3.0792014356780038 0 -1.5396007178390019 0.8888888888888891)) 3 (M 1 2.0943951023931953 0 0)) (M 1 0 0 0.4444444444444443)) (M 1 0 0 -2.666666666666667))) (color 1 0 0 (T (repeat (T l (M 2.666666666666666 0 -1.333333333333333 1.3333333333333333)) 4 (M 1 1.5707963267948966 0 0)) (M 1 0 0 -2.220446049250313e-16)))) (color 0 1 0 (T (repeat (T l (M 0.13975407808810986 0 -0.06987703904405493 1.3333333333333333)) 60 (M 1 0.10471975511965977 0 0)) (M 1 0 0 2.666666666666666)))),triangle,red,square,red,circle,green,balanced_data/dim_balanced/totems/dim3/var1/images/298.png
(C (C (color 1 0 0 (T (T (repeat (T l (M 3.0792014356780038 0 -1.5396007178390019 0.8888888888888891)) 3 (M 1 2.0943951023931953 0 0)) (M 1 0 0 0.4444444444444443)) (M 1 0 0 -2.666666666666667))) (color 1 0 0 (T (repeat (T l (M 2.666666666666666 0 -1.333333333333333 1.3333333333333333)) 4 (M 1 1.5707963267948966 0 0)) (M 1 0 0 -2.220446049250313e-16)))) (color 0 0 1 (T (repeat (T l (M 0.13975407808810986 0 -0.06987703904405493 1.3333333333333333)) 60 (M 1 0.10471975511965977 0 0)) (M 1 0 0 2.666666666666666)))),triangle,red,square,red,circle,blue,balanced_data/dim_balanced/totems/dim3/var1/images/299.png
(C (C (color 1 0 0 (T (T (repeat (T l (M 3.0792014356780038 0 -1.5396007178390019 0.8888888888888891)) 3 (M 1 2.0943951023931953 0 0)) (M 1 0 0 0.4444444444444443)) (M 1 0 0 -2.666666666666667))) (color 1 0 0 (T (repeat (T l (M 2.666666666666666 0 -1.333333333333333 1.3333333333333333)) 4 (M 1 1.5707963267948966 0 0)) (M 1 0 0 -2.220446049250313e-16)))) (color 1 0 0 (T (T (repeat (T l (M 3.0792014356780038 0 -1.5396007178390019 0.8888888888888891)) 3 (M 1 2.0943951023931953 0 0)) (M 1 0 0 0.4444444444444443)) (M 1 0 0 2.666666666666666)))),triangle,red,square,red,triangle,red,balanced_data/dim_balanced/totems/dim3/var1/images/300.png
(C (C (color 1 0 0 (T (T (repeat (T l (M 3.0792014356780038 0 -1.5396007178390019 0.8888888888888891)) 3 (M 1 2.0943951023931953 0 0)) (M 1 0 0 0.4444444444444443)) (M 1 0 0 -2.666666666666667))) (color 1 0 0 (T (repeat (T l (M 2.666666666666666 0 -1.333333333333333 1.3333333333333333)) 4 (M 1 1.5707963267948966 0 0)) (M 1 0 0 -2.220446049250313e-16)))) (color 0 1 0 (T (T (repeat (T l (M 3.0792014356780038 0 -1.5396007178390019 0.8888888888888891)) 3 (M 1 2.0943951023931953 0 0)) (M 1 0 0 0.4444444444444443)) (M 1 0 0 2.666666666666666)))),triangle,red,square,red,triangle,green,balanced_data/dim_balanced/totems/dim3/var1/images/301.png
(C (C (color 1 0 0 (T (T (repeat (T l (M 3.0792014356780038 0 -1.5396007178390019 0.8888888888888891)) 3 (M 1 2.0943951023931953 0 0)) (M 1 0 0 0.4444444444444443)) (M 1 0 0 -2.666666666666667))) (color 1 0 0 (T (repeat (T l (M 2.666666666666666 0 -1.333333333333333 1.3333333333333333)) 4 (M 1 1.5707963267948966 0 0)) (M 1 0 0 -2.220446049250313e-16)))) (color 0 0 1 (T (T (repeat (T l (M 3.0792014356780038 0 -1.5396007178390019 0.8888888888888891)) 3 (M 1 2.0943951023931953 0 0)) (M 1 0 0 0.4444444444444443)) (M 1 0 0 2.666666666666666)))),triangle,red,square,red,triangle,blue,balanced_data/dim_balanced/totems/dim3/var1/images/302.png
(C (C (color 1 0 0 (T (T (repeat (T l (M 3.0792014356780038 0 -1.5396007178390019 0.8888888888888891)) 3 (M 1 2.0943951023931953 0 0)) (M 1 0 0 0.4444444444444443)) (M 1 0 0 -2.666666666666667))) (color 1 0 0 (T (repeat (T l (M 2.666666666666666 0 -1.333333333333333 1.3333333333333333)) 4 (M 1 1.5707963267948966 0 0)) (M 1 0 0 -2.220446049250313e-16)))) (color 1 0 0 (T (repeat (T l (M 2.666666666666666 0 -1.333333333333333 1.3333333333333333)) 4 (M 1 1.5707963267948966 0 0)) (M 1 0 0 2.666666666666666)))),triangle,red,square,red,square,red,balanced_data/dim_balanced/totems/dim3/var1/images/303.png
(C (C (color 1 0 0 (T (T (repeat (T l (M 3.0792014356780038 0 -1.5396007178390019 0.8888888888888891)) 3 (M 1 2.0943951023931953 0 0)) (M 1 0 0 0.4444444444444443)) (M 1 0 0 -2.666666666666667))) (color 1 0 0 (T (repeat (T l (M 2.666666666666666 0 -1.333333333333333 1.3333333333333333)) 4 (M 1 1.5707963267948966 0 0)) (M 1 0 0 -2.220446049250313e-16)))) (color 0 1 0 (T (repeat (T l (M 2.666666666666666 0 -1.333333333333333 1.3333333333333333)) 4 (M 1 1.5707963267948966 0 0)) (M 1 0 0 2.666666666666666)))),triangle,red,square,red,square,green,balanced_data/dim_balanced/totems/dim3/var1/images/304.png
(C (C (color 1 0 0 (T (T (repeat (T l (M 3.0792014356780038 0 -1.5396007178390019 0.8888888888888891)) 3 (M 1 2.0943951023931953 0 0)) (M 1 0 0 0.4444444444444443)) (M 1 0 0 -2.666666666666667))) (color 1 0 0 (T (repeat (T l (M 2.666666666666666 0 -1.333333333333333 1.3333333333333333)) 4 (M 1 1.5707963267948966 0 0)) (M 1 0 0 -2.220446049250313e-16)))) (color 0 0 1 (T (repeat (T l (M 2.666666666666666 0 -1.333333333333333 1.3333333333333333)) 4 (M 1 1.5707963267948966 0 0)) (M 1 0 0 2.666666666666666)))),triangle,red,square,red,square,blue,balanced_data/dim_balanced/totems/dim3/var1/images/305.png
(C (C (color 1 0 0 (T (T (repeat (T l (M 3.0792014356780038 0 -1.5396007178390019 0.8888888888888891)) 3 (M 1 2.0943951023931953 0 0)) (M 1 0 0 0.4444444444444443)) (M 1 0 0 -2.666666666666667))) (color 0 1 0 (T (repeat (T l (M 2.666666666666666 0 -1.333333333333333 1.3333333333333333)) 4 (M 1 1.5707963267948966 0 0)) (M 1 0 0 -2.220446049250313e-16)))) (color 1 0 0 (T (repeat (T l (M 0.13975407808810986 0 -0.06987703904405493 1.3333333333333333)) 60 (M 1 0.10471975511965977 0 0)) (M 1 0 0 2.666666666666666)))),triangle,red,square,green,circle,red,balanced_data/dim_balanced/totems/dim3/var1/images/306.png
(C (C (color 1 0 0 (T (T (repeat (T l (M 3.0792014356780038 0 -1.5396007178390019 0.8888888888888891)) 3 (M 1 2.0943951023931953 0 0)) (M 1 0 0 0.4444444444444443)) (M 1 0 0 -2.666666666666667))) (color 0 1 0 (T (repeat (T l (M 2.666666666666666 0 -1.333333333333333 1.3333333333333333)) 4 (M 1 1.5707963267948966 0 0)) (M 1 0 0 -2.220446049250313e-16)))) (color 0 1 0 (T (repeat (T l (M 0.13975407808810986 0 -0.06987703904405493 1.3333333333333333)) 60 (M 1 0.10471975511965977 0 0)) (M 1 0 0 2.666666666666666)))),triangle,red,square,green,circle,green,balanced_data/dim_balanced/totems/dim3/var1/images/307.png
(C (C (color 1 0 0 (T (T (repeat (T l (M 3.0792014356780038 0 -1.5396007178390019 0.8888888888888891)) 3 (M 1 2.0943951023931953 0 0)) (M 1 0 0 0.4444444444444443)) (M 1 0 0 -2.666666666666667))) (color 0 1 0 (T (repeat (T l (M 2.666666666666666 0 -1.333333333333333 1.3333333333333333)) 4 (M 1 1.5707963267948966 0 0)) (M 1 0 0 -2.220446049250313e-16)))) (color 0 0 1 (T (repeat (T l (M 0.13975407808810986 0 -0.06987703904405493 1.3333333333333333)) 60 (M 1 0.10471975511965977 0 0)) (M 1 0 0 2.666666666666666)))),triangle,red,square,green,circle,blue,balanced_data/dim_balanced/totems/dim3/var1/images/308.png
(C (C (color 1 0 0 (T (T (repeat (T l (M 3.0792014356780038 0 -1.5396007178390019 0.8888888888888891)) 3 (M 1 2.0943951023931953 0 0)) (M 1 0 0 0.4444444444444443)) (M 1 0 0 -2.666666666666667))) (color 0 1 0 (T (repeat (T l (M 2.666666666666666 0 -1.333333333333333 1.3333333333333333)) 4 (M 1 1.5707963267948966 0 0)) (M 1 0 0 -2.220446049250313e-16)))) (color 1 0 0 (T (T (repeat (T l (M 3.0792014356780038 0 -1.5396007178390019 0.8888888888888891)) 3 (M 1 2.0943951023931953 0 0)) (M 1 0 0 0.4444444444444443)) (M 1 0 0 2.666666666666666)))),triangle,red,square,green,triangle,red,balanced_data/dim_balanced/totems/dim3/var1/images/309.png
(C (C (color 1 0 0 (T (T (repeat (T l (M 3.0792014356780038 0 -1.5396007178390019 0.8888888888888891)) 3 (M 1 2.0943951023931953 0 0)) (M 1 0 0 0.4444444444444443)) (M 1 0 0 -2.666666666666667))) (color 0 1 0 (T (repeat (T l (M 2.666666666666666 0 -1.333333333333333 1.3333333333333333)) 4 (M 1 1.5707963267948966 0 0)) (M 1 0 0 -2.220446049250313e-16)))) (color 0 1 0 (T (T (repeat (T l (M 3.0792014356780038 0 -1.5396007178390019 0.8888888888888891)) 3 (M 1 2.0943951023931953 0 0)) (M 1 0 0 0.4444444444444443)) (M 1 0 0 2.666666666666666)))),triangle,red,square,green,triangle,green,balanced_data/dim_balanced/totems/dim3/var1/images/310.png
(C (C (color 1 0 0 (T (T (repeat (T l (M 3.0792014356780038 0 -1.5396007178390019 0.8888888888888891)) 3 (M 1 2.0943951023931953 0 0)) (M 1 0 0 0.4444444444444443)) (M 1 0 0 -2.666666666666667))) (color 0 1 0 (T (repeat (T l (M 2.666666666666666 0 -1.333333333333333 1.3333333333333333)) 4 (M 1 1.5707963267948966 0 0)) (M 1 0 0 -2.220446049250313e-16)))) (color 0 0 1 (T (T (repeat (T l (M 3.0792014356780038 0 -1.5396007178390019 0.8888888888888891)) 3 (M 1 2.0943951023931953 0 0)) (M 1 0 0 0.4444444444444443)) (M 1 0 0 2.666666666666666)))),triangle,red,square,green,triangle,blue,balanced_data/dim_balanced/totems/dim3/var1/images/311.png
(C (C (color 1 0 0 (T (T (repeat (T l (M 3.0792014356780038 0 -1.5396007178390019 0.8888888888888891)) 3 (M 1 2.0943951023931953 0 0)) (M 1 0 0 0.4444444444444443)) (M 1 0 0 -2.666666666666667))) (color 0 1 0 (T (repeat (T l (M 2.666666666666666 0 -1.333333333333333 1.3333333333333333)) 4 (M 1 1.5707963267948966 0 0)) (M 1 0 0 -2.220446049250313e-16)))) (color 1 0 0 (T (repeat (T l (M 2.666666666666666 0 -1.333333333333333 1.3333333333333333)) 4 (M 1 1.5707963267948966 0 0)) (M 1 0 0 2.666666666666666)))),triangle,red,square,green,square,red,balanced_data/dim_balanced/totems/dim3/var1/images/312.png
(C (C (color 1 0 0 (T (T (repeat (T l (M 3.0792014356780038 0 -1.5396007178390019 0.8888888888888891)) 3 (M 1 2.0943951023931953 0 0)) (M 1 0 0 0.4444444444444443)) (M 1 0 0 -2.666666666666667))) (color 0 1 0 (T (repeat (T l (M 2.666666666666666 0 -1.333333333333333 1.3333333333333333)) 4 (M 1 1.5707963267948966 0 0)) (M 1 0 0 -2.220446049250313e-16)))) (color 0 1 0 (T (repeat (T l (M 2.666666666666666 0 -1.333333333333333 1.3333333333333333)) 4 (M 1 1.5707963267948966 0 0)) (M 1 0 0 2.666666666666666)))),triangle,red,square,green,square,green,balanced_data/dim_balanced/totems/dim3/var1/images/313.png
(C (C (color 1 0 0 (T (T (repeat (T l (M 3.0792014356780038 0 -1.5396007178390019 0.8888888888888891)) 3 (M 1 2.0943951023931953 0 0)) (M 1 0 0 0.4444444444444443)) (M 1 0 0 -2.666666666666667))) (color 0 1 0 (T (repeat (T l (M 2.666666666666666 0 -1.333333333333333 1.3333333333333333)) 4 (M 1 1.5707963267948966 0 0)) (M 1 0 0 -2.220446049250313e-16)))) (color 0 0 1 (T (repeat (T l (M 2.666666666666666 0 -1.333333333333333 1.3333333333333333)) 4 (M 1 1.5707963267948966 0 0)) (M 1 0 0 2.666666666666666)))),triangle,red,square,green,square,blue,balanced_data/dim_balanced/totems/dim3/var1/images/314.png
(C (C (color 1 0 0 (T (T (repeat (T l (M 3.0792014356780038 0 -1.5396007178390019 0.8888888888888891)) 3 (M 1 2.0943951023931953 0 0)) (M 1 0 0 0.4444444444444443)) (M 1 0 0 -2.666666666666667))) (color 0 0 1 (T (repeat (T l (M 2.666666666666666 0 -1.333333333333333 1.3333333333333333)) 4 (M 1 1.5707963267948966 0 0)) (M 1 0 0 -2.220446049250313e-16)))) (color 1 0 0 (T (repeat (T l (M 0.13975407808810986 0 -0.06987703904405493 1.3333333333333333)) 60 (M 1 0.10471975511965977 0 0)) (M 1 0 0 2.666666666666666)))),triangle,red,square,blue,circle,red,balanced_data/dim_balanced/totems/dim3/var1/images/315.png
(C (C (color 1 0 0 (T (T (repeat (T l (M 3.0792014356780038 0 -1.5396007178390019 0.8888888888888891)) 3 (M 1 2.0943951023931953 0 0)) (M 1 0 0 0.4444444444444443)) (M 1 0 0 -2.666666666666667))) (color 0 0 1 (T (repeat (T l (M 2.666666666666666 0 -1.333333333333333 1.3333333333333333)) 4 (M 1 1.5707963267948966 0 0)) (M 1 0 0 -2.220446049250313e-16)))) (color 0 1 0 (T (repeat (T l (M 0.13975407808810986 0 -0.06987703904405493 1.3333333333333333)) 60 (M 1 0.10471975511965977 0 0)) (M 1 0 0 2.666666666666666)))),triangle,red,square,blue,circle,green,balanced_data/dim_balanced/totems/dim3/var1/images/316.png
(C (C (color 1 0 0 (T (T (repeat (T l (M 3.0792014356780038 0 -1.5396007178390019 0.8888888888888891)) 3 (M 1 2.0943951023931953 0 0)) (M 1 0 0 0.4444444444444443)) (M 1 0 0 -2.666666666666667))) (color 0 0 1 (T (repeat (T l (M 2.666666666666666 0 -1.333333333333333 1.3333333333333333)) 4 (M 1 1.5707963267948966 0 0)) (M 1 0 0 -2.220446049250313e-16)))) (color 0 0 1 (T (repeat (T l (M 0.13975407808810986 0 -0.06987703904405493 1.3333333333333333)) 60 (M 1 0.10471975511965977 0 0)) (M 1 0 0 2.666666666666666)))),triangle,red,square,blue,circle,blue,balanced_data/dim_balanced/totems/dim3/var1/images/317.png
(C (C (color 1 0 0 (T (T (repeat (T l (M 3.0792014356780038 0 -1.5396007178390019 0.8888888888888891)) 3 (M 1 2.0943951023931953 0 0)) (M 1 0 0 0.4444444444444443)) (M 1 0 0 -2.666666666666667))) (color 0 0 1 (T (repeat (T l (M 2.666666666666666 0 -1.333333333333333 1.3333333333333333)) 4 (M 1 1.5707963267948966 0 0)) (M 1 0 0 -2.220446049250313e-16)))) (color 1 0 0 (T (T (repeat (T l (M 3.0792014356780038 0 -1.5396007178390019 0.8888888888888891)) 3 (M 1 2.0943951023931953 0 0)) (M 1 0 0 0.4444444444444443)) (M 1 0 0 2.666666666666666)))),triangle,red,square,blue,triangle,red,balanced_data/dim_balanced/totems/dim3/var1/images/318.png
(C (C (color 1 0 0 (T (T (repeat (T l (M 3.0792014356780038 0 -1.5396007178390019 0.8888888888888891)) 3 (M 1 2.0943951023931953 0 0)) (M 1 0 0 0.4444444444444443)) (M 1 0 0 -2.666666666666667))) (color 0 0 1 (T (repeat (T l (M 2.666666666666666 0 -1.333333333333333 1.3333333333333333)) 4 (M 1 1.5707963267948966 0 0)) (M 1 0 0 -2.220446049250313e-16)))) (color 0 1 0 (T (T (repeat (T l (M 3.0792014356780038 0 -1.5396007178390019 0.8888888888888891)) 3 (M 1 2.0943951023931953 0 0)) (M 1 0 0 0.4444444444444443)) (M 1 0 0 2.666666666666666)))),triangle,red,square,blue,triangle,green,balanced_data/dim_balanced/totems/dim3/var1/images/319.png
(C (C (color 1 0 0 (T (T (repeat (T l (M 3.0792014356780038 0 -1.5396007178390019 0.8888888888888891)) 3 (M 1 2.0943951023931953 0 0)) (M 1 0 0 0.4444444444444443)) (M 1 0 0 -2.666666666666667))) (color 0 0 1 (T (repeat (T l (M 2.666666666666666 0 -1.333333333333333 1.3333333333333333)) 4 (M 1 1.5707963267948966 0 0)) (M 1 0 0 -2.220446049250313e-16)))) (color 0 0 1 (T (T (repeat (T l (M 3.0792014356780038 0 -1.5396007178390019 0.8888888888888891)) 3 (M 1 2.0943951023931953 0 0)) (M 1 0 0 0.4444444444444443)) (M 1 0 0 2.666666666666666)))),triangle,red,square,blue,triangle,blue,balanced_data/dim_balanced/totems/dim3/var1/images/320.png
(C (C (color 1 0 0 (T (T (repeat (T l (M 3.0792014356780038 0 -1.5396007178390019 0.8888888888888891)) 3 (M 1 2.0943951023931953 0 0)) (M 1 0 0 0.4444444444444443)) (M 1 0 0 -2.666666666666667))) (color 0 0 1 (T (repeat (T l (M 2.666666666666666 0 -1.333333333333333 1.3333333333333333)) 4 (M 1 1.5707963267948966 0 0)) (M 1 0 0 -2.220446049250313e-16)))) (color 1 0 0 (T (repeat (T l (M 2.666666666666666 0 -1.333333333333333 1.3333333333333333)) 4 (M 1 1.5707963267948966 0 0)) (M 1 0 0 2.666666666666666)))),triangle,red,square,blue,square,red,balanced_data/dim_balanced/totems/dim3/var1/images/321.png
(C (C (color 1 0 0 (T (T (repeat (T l (M 3.0792014356780038 0 -1.5396007178390019 0.8888888888888891)) 3 (M 1 2.0943951023931953 0 0)) (M 1 0 0 0.4444444444444443)) (M 1 0 0 -2.666666666666667))) (color 0 0 1 (T (repeat (T l (M 2.666666666666666 0 -1.333333333333333 1.3333333333333333)) 4 (M 1 1.5707963267948966 0 0)) (M 1 0 0 -2.220446049250313e-16)))) (color 0 1 0 (T (repeat (T l (M 2.666666666666666 0 -1.333333333333333 1.3333333333333333)) 4 (M 1 1.5707963267948966 0 0)) (M 1 0 0 2.666666666666666)))),triangle,red,square,blue,square,green,balanced_data/dim_balanced/totems/dim3/var1/images/322.png
(C (C (color 1 0 0 (T (T (repeat (T l (M 3.0792014356780038 0 -1.5396007178390019 0.8888888888888891)) 3 (M 1 2.0943951023931953 0 0)) (M 1 0 0 0.4444444444444443)) (M 1 0 0 -2.666666666666667))) (color 0 0 1 (T (repeat (T l (M 2.666666666666666 0 -1.333333333333333 1.3333333333333333)) 4 (M 1 1.5707963267948966 0 0)) (M 1 0 0 -2.220446049250313e-16)))) (color 0 0 1 (T (repeat (T l (M 2.666666666666666 0 -1.333333333333333 1.3333333333333333)) 4 (M 1 1.5707963267948966 0 0)) (M 1 0 0 2.666666666666666)))),triangle,red,square,blue,square,blue,balanced_data/dim_balanced/totems/dim3/var1/images/323.png
(C (C (color 0 1 0 (T (T (repeat (T l (M 3.0792014356780038 0 -1.5396007178390019 0.8888888888888891)) 3 (M 1 2.0943951023931953 0 0)) (M 1 0 0 0.4444444444444443)) (M 1 0 0 -2.666666666666667))) (color 1 0 0 (T (repeat (T l (M 0.13975407808810986 0 -0.06987703904405493 1.3333333333333333)) 60 (M 1 0.10471975511965977 0 0)) (M 1 0 0 -2.220446049250313e-16)))) (color 1 0 0 (T (repeat (T l (M 0.13975407808810986 0 -0.06987703904405493 1.3333333333333333)) 60 (M 1 0.10471975511965977 0 0)) (M 1 0 0 2.666666666666666)))),triangle,green,circle,red,circle,red,balanced_data/dim_balanced/totems/dim3/var1/images/324.png
(C (C (color 0 1 0 (T (T (repeat (T l (M 3.0792014356780038 0 -1.5396007178390019 0.8888888888888891)) 3 (M 1 2.0943951023931953 0 0)) (M 1 0 0 0.4444444444444443)) (M 1 0 0 -2.666666666666667))) (color 1 0 0 (T (repeat (T l (M 0.13975407808810986 0 -0.06987703904405493 1.3333333333333333)) 60 (M 1 0.10471975511965977 0 0)) (M 1 0 0 -2.220446049250313e-16)))) (color 0 1 0 (T (repeat (T l (M 0.13975407808810986 0 -0.06987703904405493 1.3333333333333333)) 60 (M 1 0.10471975511965977 0 0)) (M 1 0 0 2.666666666666666)))),triangle,green,circle,red,circle,green,balanced_data/dim_balanced/totems/dim3/var1/images/325.png
(C (C (color 0 1 0 (T (T (repeat (T l (M 3.0792014356780038 0 -1.5396007178390019 0.8888888888888891)) 3 (M 1 2.0943951023931953 0 0)) (M 1 0 0 0.4444444444444443)) (M 1 0 0 -2.666666666666667))) (color 1 0 0 (T (repeat (T l (M 0.13975407808810986 0 -0.06987703904405493 1.3333333333333333)) 60 (M 1 0.10471975511965977 0 0)) (M 1 0 0 -2.220446049250313e-16)))) (color 0 0 1 (T (repeat (T l (M 0.13975407808810986 0 -0.06987703904405493 1.3333333333333333)) 60 (M 1 0.10471975511965977 0 0)) (M 1 0 0 2.666666666666666)))),triangle,green,circle,red,circle,blue,balanced_data/dim_balanced/totems/dim3/var1/images/326.png
(C (C (color 0 1 0 (T (T (repeat (T l (M 3.0792014356780038 0 -1.5396007178390019 0.8888888888888891)) 3 (M 1 2.0943951023931953 0 0)) (M 1 0 0 0.4444444444444443)) (M 1 0 0 -2.666666666666667))) (color 1 0 0 (T (repeat (T l (M 0.13975407808810986 0 -0.06987703904405493 1.3333333333333333)) 60 (M 1 0.10471975511965977 0 0)) (M 1 0 0 -2.220446049250313e-16)))) (color 1 0 0 (T (T (repeat (T l (M 3.0792014356780038 0 -1.5396007178390019 0.8888888888888891)) 3 (M 1 2.0943951023931953 0 0)) (M 1 0 0 0.4444444444444443)) (M 1 0 0 2.666666666666666)))),triangle,green,circle,red,triangle,red,balanced_data/dim_balanced/totems/dim3/var1/images/327.png
(C (C (color 0 1 0 (T (T (repeat (T l (M 3.0792014356780038 0 -1.5396007178390019 0.8888888888888891)) 3 (M 1 2.0943951023931953 0 0)) (M 1 0 0 0.4444444444444443)) (M 1 0 0 -2.666666666666667))) (color 1 0 0 (T (repeat (T l (M 0.13975407808810986 0 -0.06987703904405493 1.3333333333333333)) 60 (M 1 0.10471975511965977 0 0)) (M 1 0 0 -2.220446049250313e-16)))) (color 0 1 0 (T (T (repeat (T l (M 3.0792014356780038 0 -1.5396007178390019 0.8888888888888891)) 3 (M 1 2.0943951023931953 0 0)) (M 1 0 0 0.4444444444444443)) (M 1 0 0 2.666666666666666)))),triangle,green,circle,red,triangle,green,balanced_data/dim_balanced/totems/dim3/var1/images/328.png
(C (C (color 0 1 0 (T (T (repeat (T l (M 3.0792014356780038 0 -1.5396007178390019 0.8888888888888891)) 3 (M 1 2.0943951023931953 0 0)) (M 1 0 0 0.4444444444444443)) (M 1 0 0 -2.666666666666667))) (color 1 0 0 (T (repeat (T l (M 0.13975407808810986 0 -0.06987703904405493 1.3333333333333333)) 60 (M 1 0.10471975511965977 0 0)) (M 1 0 0 -2.220446049250313e-16)))) (color 0 0 1 (T (T (repeat (T l (M 3.0792014356780038 0 -1.5396007178390019 0.8888888888888891)) 3 (M 1 2.0943951023931953 0 0)) (M 1 0 0 0.4444444444444443)) (M 1 0 0 2.666666666666666)))),triangle,green,circle,red,triangle,blue,balanced_data/dim_balanced/totems/dim3/var1/images/329.png
(C (C (color 0 1 0 (T (T (repeat (T l (M 3.0792014356780038 0 -1.5396007178390019 0.8888888888888891)) 3 (M 1 2.0943951023931953 0 0)) (M 1 0 0 0.4444444444444443)) (M 1 0 0 -2.666666666666667))) (color 1 0 0 (T (repeat (T l (M 0.13975407808810986 0 -0.06987703904405493 1.3333333333333333)) 60 (M 1 0.10471975511965977 0 0)) (M 1 0 0 -2.220446049250313e-16)))) (color 1 0 0 (T (repeat (T l (M 2.666666666666666 0 -1.333333333333333 1.3333333333333333)) 4 (M 1 1.5707963267948966 0 0)) (M 1 0 0 2.666666666666666)))),triangle,green,circle,red,square,red,balanced_data/dim_balanced/totems/dim3/var1/images/330.png
(C (C (color 0 1 0 (T (T (repeat (T l (M 3.0792014356780038 0 -1.5396007178390019 0.8888888888888891)) 3 (M 1 2.0943951023931953 0 0)) (M 1 0 0 0.4444444444444443)) (M 1 0 0 -2.666666666666667))) (color 1 0 0 (T (repeat (T l (M 0.13975407808810986 0 -0.06987703904405493 1.3333333333333333)) 60 (M 1 0.10471975511965977 0 0)) (M 1 0 0 -2.220446049250313e-16)))) (color 0 1 0 (T (repeat (T l (M 2.666666666666666 0 -1.333333333333333 1.3333333333333333)) 4 (M 1 1.5707963267948966 0 0)) (M 1 0 0 2.666666666666666)))),triangle,green,circle,red,square,green,balanced_data/dim_balanced/totems/dim3/var1/images/331.png
(C (C (color 0 1 0 (T (T (repeat (T l (M 3.0792014356780038 0 -1.5396007178390019 0.8888888888888891)) 3 (M 1 2.0943951023931953 0 0)) (M 1 0 0 0.4444444444444443)) (M 1 0 0 -2.666666666666667))) (color 1 0 0 (T (repeat (T l (M 0.13975407808810986 0 -0.06987703904405493 1.3333333333333333)) 60 (M 1 0.10471975511965977 0 0)) (M 1 0 0 -2.220446049250313e-16)))) (color 0 0 1 (T (repeat (T l (M 2.666666666666666 0 -1.333333333333333 1.3333333333333333)) 4 (M 1 1.5707963267948966 0 0)) (M 1 0 0 2.666666666666666)))),triangle,green,circle,red,square,blue,balanced_data/dim_balanced/totems/dim3/var1/images/332.png
(C (C (color 0 1 0 (T (T (repeat (T l (M 3.0792014356780038 0 -1.5396007178390019 0.8888888888888891)) 3 (M 1 2.0943951023931953 0 0)) (M 1 0 0 0.4444444444444443)) (M 1 0 0 -2.666666666666667))) (color 0 1 0 (T (repeat (T l (M 0.13975407808810986 0 -0.06987703904405493 1.3333333333333333)) 60 (M 1 0.10471975511965977 0 0)) (M 1 0 0 -2.220446049250313e-16)))) (color 1 0 0 (T (repeat (T l (M 0.13975407808810986 0 -0.06987703904405493 1.3333333333333333)) 60 (M 1 0.10471975511965977 0 0)) (M 1 0 0 2.666666666666666)))),triangle,green,circle,green,circle,red,balanced_data/dim_balanced/totems/dim3/var1/images/333.png
(C (C (color 0 1 0 (T (T (repeat (T l (M 3.0792014356780038 0 -1.5396007178390019 0.8888888888888891)) 3 (M 1 2.0943951023931953 0 0)) (M 1 0 0 0.4444444444444443)) (M 1 0 0 -2.666666666666667))) (color 0 1 0 (T (repeat (T l (M 0.13975407808810986 0 -0.06987703904405493 1.3333333333333333)) 60 (M 1 0.10471975511965977 0 0)) (M 1 0 0 -2.220446049250313e-16)))) (color 0 1 0 (T (repeat (T l (M 0.13975407808810986 0 -0.06987703904405493 1.3333333333333333)) 60 (M 1 0.10471975511965977 0 0)) (M 1 0 0 2.666666666666666)))),triangle,green,circle,green,circle,green,balanced_data/dim_balanced/totems/dim3/var1/images/334.png
(C (C (color 0 1 0 (T (T (repeat (T l (M 3.0792014356780038 0 -1.5396007178390019 0.8888888888888891)) 3 (M 1 2.0943951023931953 0 0)) (M 1 0 0 0.4444444444444443)) (M 1 0 0 -2.666666666666667))) (color 0 1 0 (T (repeat (T l (M 0.13975407808810986 0 -0.06987703904405493 1.3333333333333333)) 60 (M 1 0.10471975511965977 0 0)) (M 1 0 0 -2.220446049250313e-16)))) (color 0 0 1 (T (repeat (T l (M 0.13975407808810986 0 -0.06987703904405493 1.3333333333333333)) 60 (M 1 0.10471975511965977 0 0)) (M 1 0 0 2.666666666666666)))),triangle,green,circle,green,circle,blue,balanced_data/dim_balanced/totems/dim3/var1/images/335.png
(C (C (color 0 1 0 (T (T (repeat (T l (M 3.0792014356780038 0 -1.5396007178390019 0.8888888888888891)) 3 (M 1 2.0943951023931953 0 0)) (M 1 0 0 0.4444444444444443)) (M 1 0 0 -2.666666666666667))) (color 0 1 0 (T (repeat (T l (M 0.13975407808810986 0 -0.06987703904405493 1.3333333333333333)) 60 (M 1 0.10471975511965977 0 0)) (M 1 0 0 -2.220446049250313e-16)))) (color 1 0 0 (T (T (repeat (T l (M 3.0792014356780038 0 -1.5396007178390019 0.8888888888888891)) 3 (M 1 2.0943951023931953 0 0)) (M 1 0 0 0.4444444444444443)) (M 1 0 0 2.666666666666666)))),triangle,green,circle,green,triangle,red,balanced_data/dim_balanced/totems/dim3/var1/images/336.png
(C (C (color 0 1 0 (T (T (repeat (T l (M 3.0792014356780038 0 -1.5396007178390019 0.8888888888888891)) 3 (M 1 2.0943951023931953 0 0)) (M 1 0 0 0.4444444444444443)) (M 1 0 0 -2.666666666666667))) (color 0 1 0 (T (repeat (T l (M 0.13975407808810986 0 -0.06987703904405493 1.3333333333333333)) 60 (M 1 0.10471975511965977 0 0)) (M 1 0 0 -2.220446049250313e-16)))) (color 0 1 0 (T (T (repeat (T l (M 3.0792014356780038 0 -1.5396007178390019 0.8888888888888891)) 3 (M 1 2.0943951023931953 0 0)) (M 1 0 0 0.4444444444444443)) (M 1 0 0 2.666666666666666)))),triangle,green,circle,green,triangle,green,balanced_data/dim_balanced/totems/dim3/var1/images/337.png
(C (C (color 0 1 0 (T (T (repeat (T l (M 3.0792014356780038 0 -1.5396007178390019 0.8888888888888891)) 3 (M 1 2.0943951023931953 0 0)) (M 1 0 0 0.4444444444444443)) (M 1 0 0 -2.666666666666667))) (color 0 1 0 (T (repeat (T l (M 0.13975407808810986 0 -0.06987703904405493 1.3333333333333333)) 60 (M 1 0.10471975511965977 0 0)) (M 1 0 0 -2.220446049250313e-16)))) (color 0 0 1 (T (T (repeat (T l (M 3.0792014356780038 0 -1.5396007178390019 0.8888888888888891)) 3 (M 1 2.0943951023931953 0 0)) (M 1 0 0 0.4444444444444443)) (M 1 0 0 2.666666666666666)))),triangle,green,circle,green,triangle,blue,balanced_data/dim_balanced/totems/dim3/var1/images/338.png
(C (C (color 0 1 0 (T (T (repeat (T l (M 3.0792014356780038 0 -1.5396007178390019 0.8888888888888891)) 3 (M 1 2.0943951023931953 0 0)) (M 1 0 0 0.4444444444444443)) (M 1 0 0 -2.666666666666667))) (color 0 1 0 (T (repeat (T l (M 0.13975407808810986 0 -0.06987703904405493 1.3333333333333333)) 60 (M 1 0.10471975511965977 0 0)) (M 1 0 0 -2.220446049250313e-16)))) (color 1 0 0 (T (repeat (T l (M 2.666666666666666 0 -1.333333333333333 1.3333333333333333)) 4 (M 1 1.5707963267948966 0 0)) (M 1 0 0 2.666666666666666)))),triangle,green,circle,green,square,red,balanced_data/dim_balanced/totems/dim3/var1/images/339.png
(C (C (color 0 1 0 (T (T (repeat (T l (M 3.0792014356780038 0 -1.5396007178390019 0.8888888888888891)) 3 (M 1 2.0943951023931953 0 0)) (M 1 0 0 0.4444444444444443)) (M 1 0 0 -2.666666666666667))) (color 0 1 0 (T (repeat (T l (M 0.13975407808810986 0 -0.06987703904405493 1.3333333333333333)) 60 (M 1 0.10471975511965977 0 0)) (M 1 0 0 -2.220446049250313e-16)))) (color 0 1 0 (T (repeat (T l (M 2.666666666666666 0 -1.333333333333333 1.3333333333333333)) 4 (M 1 1.5707963267948966 0 0)) (M 1 0 0 2.666666666666666)))),triangle,green,circle,green,square,green,balanced_data/dim_balanced/totems/dim3/var1/images/340.png
(C (C (color 0 1 0 (T (T (repeat (T l (M 3.0792014356780038 0 -1.5396007178390019 0.8888888888888891)) 3 (M 1 2.0943951023931953 0 0)) (M 1 0 0 0.4444444444444443)) (M 1 0 0 -2.666666666666667))) (color 0 1 0 (T (repeat (T l (M 0.13975407808810986 0 -0.06987703904405493 1.3333333333333333)) 60 (M 1 0.10471975511965977 0 0)) (M 1 0 0 -2.220446049250313e-16)))) (color 0 0 1 (T (repeat (T l (M 2.666666666666666 0 -1.333333333333333 1.3333333333333333)) 4 (M 1 1.5707963267948966 0 0)) (M 1 0 0 2.666666666666666)))),triangle,green,circle,green,square,blue,balanced_data/dim_balanced/totems/dim3/var1/images/341.png
(C (C (color 0 1 0 (T (T (repeat (T l (M 3.0792014356780038 0 -1.5396007178390019 0.8888888888888891)) 3 (M 1 2.0943951023931953 0 0)) (M 1 0 0 0.4444444444444443)) (M 1 0 0 -2.666666666666667))) (color 0 0 1 (T (repeat (T l (M 0.13975407808810986 0 -0.06987703904405493 1.3333333333333333)) 60 (M 1 0.10471975511965977 0 0)) (M 1 0 0 -2.220446049250313e-16)))) (color 1 0 0 (T (repeat (T l (M 0.13975407808810986 0 -0.06987703904405493 1.3333333333333333)) 60 (M 1 0.10471975511965977 0 0)) (M 1 0 0 2.666666666666666)))),triangle,green,circle,blue,circle,red,balanced_data/dim_balanced/totems/dim3/var1/images/342.png
(C (C (color 0 1 0 (T (T (repeat (T l (M 3.0792014356780038 0 -1.5396007178390019 0.8888888888888891)) 3 (M 1 2.0943951023931953 0 0)) (M 1 0 0 0.4444444444444443)) (M 1 0 0 -2.666666666666667))) (color 0 0 1 (T (repeat (T l (M 0.13975407808810986 0 -0.06987703904405493 1.3333333333333333)) 60 (M 1 0.10471975511965977 0 0)) (M 1 0 0 -2.220446049250313e-16)))) (color 0 1 0 (T (repeat (T l (M 0.13975407808810986 0 -0.06987703904405493 1.3333333333333333)) 60 (M 1 0.10471975511965977 0 0)) (M 1 0 0 2.666666666666666)))),triangle,green,circle,blue,circle,green,balanced_data/dim_balanced/totems/dim3/var1/images/343.png
(C (C (color 0 1 0 (T (T (repeat (T l (M 3.0792014356780038 0 -1.5396007178390019 0.8888888888888891)) 3 (M 1 2.0943951023931953 0 0)) (M 1 0 0 0.4444444444444443)) (M 1 0 0 -2.666666666666667))) (color 0 0 1 (T (repeat (T l (M 0.13975407808810986 0 -0.06987703904405493 1.3333333333333333)) 60 (M 1 0.10471975511965977 0 0)) (M 1 0 0 -2.220446049250313e-16)))) (color 0 0 1 (T (repeat (T l (M 0.13975407808810986 0 -0.06987703904405493 1.3333333333333333)) 60 (M 1 0.10471975511965977 0 0)) (M 1 0 0 2.666666666666666)))),triangle,green,circle,blue,circle,blue,balanced_data/dim_balanced/totems/dim3/var1/images/344.png
(C (C (color 0 1 0 (T (T (repeat (T l (M 3.0792014356780038 0 -1.5396007178390019 0.8888888888888891)) 3 (M 1 2.0943951023931953 0 0)) (M 1 0 0 0.4444444444444443)) (M 1 0 0 -2.666666666666667))) (color 0 0 1 (T (repeat (T l (M 0.13975407808810986 0 -0.06987703904405493 1.3333333333333333)) 60 (M 1 0.10471975511965977 0 0)) (M 1 0 0 -2.220446049250313e-16)))) (color 1 0 0 (T (T (repeat (T l (M 3.0792014356780038 0 -1.5396007178390019 0.8888888888888891)) 3 (M 1 2.0943951023931953 0 0)) (M 1 0 0 0.4444444444444443)) (M 1 0 0 2.666666666666666)))),triangle,green,circle,blue,triangle,red,balanced_data/dim_balanced/totems/dim3/var1/images/345.png
(C (C (color 0 1 0 (T (T (repeat (T l (M 3.0792014356780038 0 -1.5396007178390019 0.8888888888888891)) 3 (M 1 2.0943951023931953 0 0)) (M 1 0 0 0.4444444444444443)) (M 1 0 0 -2.666666666666667))) (color 0 0 1 (T (repeat (T l (M 0.13975407808810986 0 -0.06987703904405493 1.3333333333333333)) 60 (M 1 0.10471975511965977 0 0)) (M 1 0 0 -2.220446049250313e-16)))) (color 0 1 0 (T (T (repeat (T l (M 3.0792014356780038 0 -1.5396007178390019 0.8888888888888891)) 3 (M 1 2.0943951023931953 0 0)) (M 1 0 0 0.4444444444444443)) (M 1 0 0 2.666666666666666)))),triangle,green,circle,blue,triangle,green,balanced_data/dim_balanced/totems/dim3/var1/images/346.png
(C (C (color 0 1 0 (T (T (repeat (T l (M 3.0792014356780038 0 -1.5396007178390019 0.8888888888888891)) 3 (M 1 2.0943951023931953 0 0)) (M 1 0 0 0.4444444444444443)) (M 1 0 0 -2.666666666666667))) (color 0 0 1 (T (repeat (T l (M 0.13975407808810986 0 -0.06987703904405493 1.3333333333333333)) 60 (M 1 0.10471975511965977 0 0)) (M 1 0 0 -2.220446049250313e-16)))) (color 0 0 1 (T (T (repeat (T l (M 3.0792014356780038 0 -1.5396007178390019 0.8888888888888891)) 3 (M 1 2.0943951023931953 0 0)) (M 1 0 0 0.4444444444444443)) (M 1 0 0 2.666666666666666)))),triangle,green,circle,blue,triangle,blue,balanced_data/dim_balanced/totems/dim3/var1/images/347.png
(C (C (color 0 1 0 (T (T (repeat (T l (M 3.0792014356780038 0 -1.5396007178390019 0.8888888888888891)) 3 (M 1 2.0943951023931953 0 0)) (M 1 0 0 0.4444444444444443)) (M 1 0 0 -2.666666666666667))) (color 0 0 1 (T (repeat (T l (M 0.13975407808810986 0 -0.06987703904405493 1.3333333333333333)) 60 (M 1 0.10471975511965977 0 0)) (M 1 0 0 -2.220446049250313e-16)))) (color 1 0 0 (T (repeat (T l (M 2.666666666666666 0 -1.333333333333333 1.3333333333333333)) 4 (M 1 1.5707963267948966 0 0)) (M 1 0 0 2.666666666666666)))),triangle,green,circle,blue,square,red,balanced_data/dim_balanced/totems/dim3/var1/images/348.png
(C (C (color 0 1 0 (T (T (repeat (T l (M 3.0792014356780038 0 -1.5396007178390019 0.8888888888888891)) 3 (M 1 2.0943951023931953 0 0)) (M 1 0 0 0.4444444444444443)) (M 1 0 0 -2.666666666666667))) (color 0 0 1 (T (repeat (T l (M 0.13975407808810986 0 -0.06987703904405493 1.3333333333333333)) 60 (M 1 0.10471975511965977 0 0)) (M 1 0 0 -2.220446049250313e-16)))) (color 0 1 0 (T (repeat (T l (M 2.666666666666666 0 -1.333333333333333 1.3333333333333333)) 4 (M 1 1.5707963267948966 0 0)) (M 1 0 0 2.666666666666666)))),triangle,green,circle,blue,square,green,balanced_data/dim_balanced/totems/dim3/var1/images/349.png
(C (C (color 0 1 0 (T (T (repeat (T l (M 3.0792014356780038 0 -1.5396007178390019 0.8888888888888891)) 3 (M 1 2.0943951023931953 0 0)) (M 1 0 0 0.4444444444444443)) (M 1 0 0 -2.666666666666667))) (color 0 0 1 (T (repeat (T l (M 0.13975407808810986 0 -0.06987703904405493 1.3333333333333333)) 60 (M 1 0.10471975511965977 0 0)) (M 1 0 0 -2.220446049250313e-16)))) (color 0 0 1 (T (repeat (T l (M 2.666666666666666 0 -1.333333333333333 1.3333333333333333)) 4 (M 1 1.5707963267948966 0 0)) (M 1 0 0 2.666666666666666)))),triangle,green,circle,blue,square,blue,balanced_data/dim_balanced/totems/dim3/var1/images/350.png
(C (C (color 0 1 0 (T (T (repeat (T l (M 3.0792014356780038 0 -1.5396007178390019 0.8888888888888891)) 3 (M 1 2.0943951023931953 0 0)) (M 1 0 0 0.4444444444444443)) (M 1 0 0 -2.666666666666667))) (color 1 0 0 (T (T (repeat (T l (M 3.0792014356780038 0 -1.5396007178390019 0.8888888888888891)) 3 (M 1 2.0943951023931953 0 0)) (M 1 0 0 0.4444444444444443)) (M 1 0 0 -2.220446049250313e-16)))) (color 1 0 0 (T (repeat (T l (M 0.13975407808810986 0 -0.06987703904405493 1.3333333333333333)) 60 (M 1 0.10471975511965977 0 0)) (M 1 0 0 2.666666666666666)))),triangle,green,triangle,red,circle,red,balanced_data/dim_balanced/totems/dim3/var1/images/351.png
(C (C (color 0 1 0 (T (T (repeat (T l (M 3.0792014356780038 0 -1.5396007178390019 0.8888888888888891)) 3 (M 1 2.0943951023931953 0 0)) (M 1 0 0 0.4444444444444443)) (M 1 0 0 -2.666666666666667))) (color 1 0 0 (T (T (repeat (T l (M 3.0792014356780038 0 -1.5396007178390019 0.8888888888888891)) 3 (M 1 2.0943951023931953 0 0)) (M 1 0 0 0.4444444444444443)) (M 1 0 0 -2.220446049250313e-16)))) (color 0 1 0 (T (repeat (T l (M 0.13975407808810986 0 -0.06987703904405493 1.3333333333333333)) 60 (M 1 0.10471975511965977 0 0)) (M 1 0 0 2.666666666666666)))),triangle,green,triangle,red,circle,green,balanced_data/dim_balanced/totems/dim3/var1/images/352.png
(C (C (color 0 1 0 (T (T (repeat (T l (M 3.0792014356780038 0 -1.5396007178390019 0.8888888888888891)) 3 (M 1 2.0943951023931953 0 0)) (M 1 0 0 0.4444444444444443)) (M 1 0 0 -2.666666666666667))) (color 1 0 0 (T (T (repeat (T l (M 3.0792014356780038 0 -1.5396007178390019 0.8888888888888891)) 3 (M 1 2.0943951023931953 0 0)) (M 1 0 0 0.4444444444444443)) (M 1 0 0 -2.220446049250313e-16)))) (color 0 0 1 (T (repeat (T l (M 0.13975407808810986 0 -0.06987703904405493 1.3333333333333333)) 60 (M 1 0.10471975511965977 0 0)) (M 1 0 0 2.666666666666666)))),triangle,green,triangle,red,circle,blue,balanced_data/dim_balanced/totems/dim3/var1/images/353.png
(C (C (color 0 1 0 (T (T (repeat (T l (M 3.0792014356780038 0 -1.5396007178390019 0.8888888888888891)) 3 (M 1 2.0943951023931953 0 0)) (M 1 0 0 0.4444444444444443)) (M 1 0 0 -2.666666666666667))) (color 1 0 0 (T (T (repeat (T l (M 3.0792014356780038 0 -1.5396007178390019 0.8888888888888891)) 3 (M 1 2.0943951023931953 0 0)) (M 1 0 0 0.4444444444444443)) (M 1 0 0 -2.220446049250313e-16)))) (color 1 0 0 (T (T (repeat (T l (M 3.0792014356780038 0 -1.5396007178390019 0.8888888888888891)) 3 (M 1 2.0943951023931953 0 0)) (M 1 0 0 0.4444444444444443)) (M 1 0 0 2.666666666666666)))),triangle,green,triangle,red,triangle,red,balanced_data/dim_balanced/totems/dim3/var1/images/354.png
(C (C (color 0 1 0 (T (T (repeat (T l (M 3.0792014356780038 0 -1.5396007178390019 0.8888888888888891)) 3 (M 1 2.0943951023931953 0 0)) (M 1 0 0 0.4444444444444443)) (M 1 0 0 -2.666666666666667))) (color 1 0 0 (T (T (repeat (T l (M 3.0792014356780038 0 -1.5396007178390019 0.8888888888888891)) 3 (M 1 2.0943951023931953 0 0)) (M 1 0 0 0.4444444444444443)) (M 1 0 0 -2.220446049250313e-16)))) (color 0 1 0 (T (T (repeat (T l (M 3.0792014356780038 0 -1.5396007178390019 0.8888888888888891)) 3 (M 1 2.0943951023931953 0 0)) (M 1 0 0 0.4444444444444443)) (M 1 0 0 2.666666666666666)))),triangle,green,triangle,red,triangle,green,balanced_data/dim_balanced/totems/dim3/var1/images/355.png
(C (C (color 0 1 0 (T (T (repeat (T l (M 3.0792014356780038 0 -1.5396007178390019 0.8888888888888891)) 3 (M 1 2.0943951023931953 0 0)) (M 1 0 0 0.4444444444444443)) (M 1 0 0 -2.666666666666667))) (color 1 0 0 (T (T (repeat (T l (M 3.0792014356780038 0 -1.5396007178390019 0.8888888888888891)) 3 (M 1 2.0943951023931953 0 0)) (M 1 0 0 0.4444444444444443)) (M 1 0 0 -2.220446049250313e-16)))) (color 0 0 1 (T (T (repeat (T l (M 3.0792014356780038 0 -1.5396007178390019 0.8888888888888891)) 3 (M 1 2.0943951023931953 0 0)) (M 1 0 0 0.4444444444444443)) (M 1 0 0 2.666666666666666)))),triangle,green,triangle,red,triangle,blue,balanced_data/dim_balanced/totems/dim3/var1/images/356.png
(C (C (color 0 1 0 (T (T (repeat (T l (M 3.0792014356780038 0 -1.5396007178390019 0.8888888888888891)) 3 (M 1 2.0943951023931953 0 0)) (M 1 0 0 0.4444444444444443)) (M 1 0 0 -2.666666666666667))) (color 1 0 0 (T (T (repeat (T l (M 3.0792014356780038 0 -1.5396007178390019 0.8888888888888891)) 3 (M 1 2.0943951023931953 0 0)) (M 1 0 0 0.4444444444444443)) (M 1 0 0 -2.220446049250313e-16)))) (color 1 0 0 (T (repeat (T l (M 2.666666666666666 0 -1.333333333333333 1.3333333333333333)) 4 (M 1 1.5707963267948966 0 0)) (M 1 0 0 2.666666666666666)))),triangle,green,triangle,red,square,red,balanced_data/dim_balanced/totems/dim3/var1/images/357.png
(C (C (color 0 1 0 (T (T (repeat (T l (M 3.0792014356780038 0 -1.5396007178390019 0.8888888888888891)) 3 (M 1 2.0943951023931953 0 0)) (M 1 0 0 0.4444444444444443)) (M 1 0 0 -2.666666666666667))) (color 1 0 0 (T (T (repeat (T l (M 3.0792014356780038 0 -1.5396007178390019 0.8888888888888891)) 3 (M 1 2.0943951023931953 0 0)) (M 1 0 0 0.4444444444444443)) (M 1 0 0 -2.220446049250313e-16)))) (color 0 1 0 (T (repeat (T l (M 2.666666666666666 0 -1.333333333333333 1.3333333333333333)) 4 (M 1 1.5707963267948966 0 0)) (M 1 0 0 2.666666666666666)))),triangle,green,triangle,red,square,green,balanced_data/dim_balanced/totems/dim3/var1/images/358.png
(C (C (color 0 1 0 (T (T (repeat (T l (M 3.0792014356780038 0 -1.5396007178390019 0.8888888888888891)) 3 (M 1 2.0943951023931953 0 0)) (M 1 0 0 0.4444444444444443)) (M 1 0 0 -2.666666666666667))) (color 1 0 0 (T (T (repeat (T l (M 3.0792014356780038 0 -1.5396007178390019 0.8888888888888891)) 3 (M 1 2.0943951023931953 0 0)) (M 1 0 0 0.4444444444444443)) (M 1 0 0 -2.220446049250313e-16)))) (color 0 0 1 (T (repeat (T l (M 2.666666666666666 0 -1.333333333333333 1.3333333333333333)) 4 (M 1 1.5707963267948966 0 0)) (M 1 0 0 2.666666666666666)))),triangle,green,triangle,red,square,blue,balanced_data/dim_balanced/totems/dim3/var1/images/359.png
(C (C (color 0 1 0 (T (T (repeat (T l (M 3.0792014356780038 0 -1.5396007178390019 0.8888888888888891)) 3 (M 1 2.0943951023931953 0 0)) (M 1 0 0 0.4444444444444443)) (M 1 0 0 -2.666666666666667))) (color 0 1 0 (T (T (repeat (T l (M 3.0792014356780038 0 -1.5396007178390019 0.8888888888888891)) 3 (M 1 2.0943951023931953 0 0)) (M 1 0 0 0.4444444444444443)) (M 1 0 0 -2.220446049250313e-16)))) (color 1 0 0 (T (repeat (T l (M 0.13975407808810986 0 -0.06987703904405493 1.3333333333333333)) 60 (M 1 0.10471975511965977 0 0)) (M 1 0 0 2.666666666666666)))),triangle,green,triangle,green,circle,red,balanced_data/dim_balanced/totems/dim3/var1/images/360.png
(C (C (color 0 1 0 (T (T (repeat (T l (M 3.0792014356780038 0 -1.5396007178390019 0.8888888888888891)) 3 (M 1 2.0943951023931953 0 0)) (M 1 0 0 0.4444444444444443)) (M 1 0 0 -2.666666666666667))) (color 0 1 0 (T (T (repeat (T l (M 3.0792014356780038 0 -1.5396007178390019 0.8888888888888891)) 3 (M 1 2.0943951023931953 0 0)) (M 1 0 0 0.4444444444444443)) (M 1 0 0 -2.220446049250313e-16)))) (color 0 1 0 (T (repeat (T l (M 0.13975407808810986 0 -0.06987703904405493 1.3333333333333333)) 60 (M 1 0.10471975511965977 0 0)) (M 1 0 0 2.666666666666666)))),triangle,green,triangle,green,circle,green,balanced_data/dim_balanced/totems/dim3/var1/images/361.png
(C (C (color 0 1 0 (T (T (repeat (T l (M 3.0792014356780038 0 -1.5396007178390019 0.8888888888888891)) 3 (M 1 2.0943951023931953 0 0)) (M 1 0 0 0.4444444444444443)) (M 1 0 0 -2.666666666666667))) (color 0 1 0 (T (T (repeat (T l (M 3.0792014356780038 0 -1.5396007178390019 0.8888888888888891)) 3 (M 1 2.0943951023931953 0 0)) (M 1 0 0 0.4444444444444443)) (M 1 0 0 -2.220446049250313e-16)))) (color 0 0 1 (T (repeat (T l (M 0.13975407808810986 0 -0.06987703904405493 1.3333333333333333)) 60 (M 1 0.10471975511965977 0 0)) (M 1 0 0 2.666666666666666)))),triangle,green,triangle,green,circle,blue,balanced_data/dim_balanced/totems/dim3/var1/images/362.png
(C (C (color 0 1 0 (T (T (repeat (T l (M 3.0792014356780038 0 -1.5396007178390019 0.8888888888888891)) 3 (M 1 2.0943951023931953 0 0)) (M 1 0 0 0.4444444444444443)) (M 1 0 0 -2.666666666666667))) (color 0 1 0 (T (T (repeat (T l (M 3.0792014356780038 0 -1.5396007178390019 0.8888888888888891)) 3 (M 1 2.0943951023931953 0 0)) (M 1 0 0 0.4444444444444443)) (M 1 0 0 -2.220446049250313e-16)))) (color 1 0 0 (T (T (repeat (T l (M 3.0792014356780038 0 -1.5396007178390019 0.8888888888888891)) 3 (M 1 2.0943951023931953 0 0)) (M 1 0 0 0.4444444444444443)) (M 1 0 0 2.666666666666666)))),triangle,green,triangle,green,triangle,red,balanced_data/dim_balanced/totems/dim3/var1/images/363.png
(C (C (color 0 1 0 (T (T (repeat (T l (M 3.0792014356780038 0 -1.5396007178390019 0.8888888888888891)) 3 (M 1 2.0943951023931953 0 0)) (M 1 0 0 0.4444444444444443)) (M 1 0 0 -2.666666666666667))) (color 0 1 0 (T (T (repeat (T l (M 3.0792014356780038 0 -1.5396007178390019 0.8888888888888891)) 3 (M 1 2.0943951023931953 0 0)) (M 1 0 0 0.4444444444444443)) (M 1 0 0 -2.220446049250313e-16)))) (color 0 1 0 (T (T (repeat (T l (M 3.0792014356780038 0 -1.5396007178390019 0.8888888888888891)) 3 (M 1 2.0943951023931953 0 0)) (M 1 0 0 0.4444444444444443)) (M 1 0 0 2.666666666666666)))),triangle,green,triangle,green,triangle,green,balanced_data/dim_balanced/totems/dim3/var1/images/364.png
(C (C (color 0 1 0 (T (T (repeat (T l (M 3.0792014356780038 0 -1.5396007178390019 0.8888888888888891)) 3 (M 1 2.0943951023931953 0 0)) (M 1 0 0 0.4444444444444443)) (M 1 0 0 -2.666666666666667))) (color 0 1 0 (T (T (repeat (T l (M 3.0792014356780038 0 -1.5396007178390019 0.8888888888888891)) 3 (M 1 2.0943951023931953 0 0)) (M 1 0 0 0.4444444444444443)) (M 1 0 0 -2.220446049250313e-16)))) (color 0 0 1 (T (T (repeat (T l (M 3.0792014356780038 0 -1.5396007178390019 0.8888888888888891)) 3 (M 1 2.0943951023931953 0 0)) (M 1 0 0 0.4444444444444443)) (M 1 0 0 2.666666666666666)))),triangle,green,triangle,green,triangle,blue,balanced_data/dim_balanced/totems/dim3/var1/images/365.png
(C (C (color 0 1 0 (T (T (repeat (T l (M 3.0792014356780038 0 -1.5396007178390019 0.8888888888888891)) 3 (M 1 2.0943951023931953 0 0)) (M 1 0 0 0.4444444444444443)) (M 1 0 0 -2.666666666666667))) (color 0 1 0 (T (T (repeat (T l (M 3.0792014356780038 0 -1.5396007178390019 0.8888888888888891)) 3 (M 1 2.0943951023931953 0 0)) (M 1 0 0 0.4444444444444443)) (M 1 0 0 -2.220446049250313e-16)))) (color 1 0 0 (T (repeat (T l (M 2.666666666666666 0 -1.333333333333333 1.3333333333333333)) 4 (M 1 1.5707963267948966 0 0)) (M 1 0 0 2.666666666666666)))),triangle,green,triangle,green,square,red,balanced_data/dim_balanced/totems/dim3/var1/images/366.png
(C (C (color 0 1 0 (T (T (repeat (T l (M 3.0792014356780038 0 -1.5396007178390019 0.8888888888888891)) 3 (M 1 2.0943951023931953 0 0)) (M 1 0 0 0.4444444444444443)) (M 1 0 0 -2.666666666666667))) (color 0 1 0 (T (T (repeat (T l (M 3.0792014356780038 0 -1.5396007178390019 0.8888888888888891)) 3 (M 1 2.0943951023931953 0 0)) (M 1 0 0 0.4444444444444443)) (M 1 0 0 -2.220446049250313e-16)))) (color 0 1 0 (T (repeat (T l (M 2.666666666666666 0 -1.333333333333333 1.3333333333333333)) 4 (M 1 1.5707963267948966 0 0)) (M 1 0 0 2.666666666666666)))),triangle,green,triangle,green,square,green,balanced_data/dim_balanced/totems/dim3/var1/images/367.png
(C (C (color 0 1 0 (T (T (repeat (T l (M 3.0792014356780038 0 -1.5396007178390019 0.8888888888888891)) 3 (M 1 2.0943951023931953 0 0)) (M 1 0 0 0.4444444444444443)) (M 1 0 0 -2.666666666666667))) (color 0 1 0 (T (T (repeat (T l (M 3.0792014356780038 0 -1.5396007178390019 0.8888888888888891)) 3 (M 1 2.0943951023931953 0 0)) (M 1 0 0 0.4444444444444443)) (M 1 0 0 -2.220446049250313e-16)))) (color 0 0 1 (T (repeat (T l (M 2.666666666666666 0 -1.333333333333333 1.3333333333333333)) 4 (M 1 1.5707963267948966 0 0)) (M 1 0 0 2.666666666666666)))),triangle,green,triangle,green,square,blue,balanced_data/dim_balanced/totems/dim3/var1/images/368.png
(C (C (color 0 1 0 (T (T (repeat (T l (M 3.0792014356780038 0 -1.5396007178390019 0.8888888888888891)) 3 (M 1 2.0943951023931953 0 0)) (M 1 0 0 0.4444444444444443)) (M 1 0 0 -2.666666666666667))) (color 0 0 1 (T (T (repeat (T l (M 3.0792014356780038 0 -1.5396007178390019 0.8888888888888891)) 3 (M 1 2.0943951023931953 0 0)) (M 1 0 0 0.4444444444444443)) (M 1 0 0 -2.220446049250313e-16)))) (color 1 0 0 (T (repeat (T l (M 0.13975407808810986 0 -0.06987703904405493 1.3333333333333333)) 60 (M 1 0.10471975511965977 0 0)) (M 1 0 0 2.666666666666666)))),triangle,green,triangle,blue,circle,red,balanced_data/dim_balanced/totems/dim3/var1/images/369.png
(C (C (color 0 1 0 (T (T (repeat (T l (M 3.0792014356780038 0 -1.5396007178390019 0.8888888888888891)) 3 (M 1 2.0943951023931953 0 0)) (M 1 0 0 0.4444444444444443)) (M 1 0 0 -2.666666666666667))) (color 0 0 1 (T (T (repeat (T l (M 3.0792014356780038 0 -1.5396007178390019 0.8888888888888891)) 3 (M 1 2.0943951023931953 0 0)) (M 1 0 0 0.4444444444444443)) (M 1 0 0 -2.220446049250313e-16)))) (color 0 1 0 (T (repeat (T l (M 0.13975407808810986 0 -0.06987703904405493 1.3333333333333333)) 60 (M 1 0.10471975511965977 0 0)) (M 1 0 0 2.666666666666666)))),triangle,green,triangle,blue,circle,green,balanced_data/dim_balanced/totems/dim3/var1/images/370.png
(C (C (color 0 1 0 (T (T (repeat (T l (M 3.0792014356780038 0 -1.5396007178390019 0.8888888888888891)) 3 (M 1 2.0943951023931953 0 0)) (M 1 0 0 0.4444444444444443)) (M 1 0 0 -2.666666666666667))) (color 0 0 1 (T (T (repeat (T l (M 3.0792014356780038 0 -1.5396007178390019 0.8888888888888891)) 3 (M 1 2.0943951023931953 0 0)) (M 1 0 0 0.4444444444444443)) (M 1 0 0 -2.220446049250313e-16)))) (color 0 0 1 (T (repeat (T l (M 0.13975407808810986 0 -0.06987703904405493 1.3333333333333333)) 60 (M 1 0.10471975511965977 0 0)) (M 1 0 0 2.666666666666666)))),triangle,green,triangle,blue,circle,blue,balanced_data/dim_balanced/totems/dim3/var1/images/371.png
(C (C (color 0 1 0 (T (T (repeat (T l (M 3.0792014356780038 0 -1.5396007178390019 0.8888888888888891)) 3 (M 1 2.0943951023931953 0 0)) (M 1 0 0 0.4444444444444443)) (M 1 0 0 -2.666666666666667))) (color 0 0 1 (T (T (repeat (T l (M 3.0792014356780038 0 -1.5396007178390019 0.8888888888888891)) 3 (M 1 2.0943951023931953 0 0)) (M 1 0 0 0.4444444444444443)) (M 1 0 0 -2.220446049250313e-16)))) (color 1 0 0 (T (T (repeat (T l (M 3.0792014356780038 0 -1.5396007178390019 0.8888888888888891)) 3 (M 1 2.0943951023931953 0 0)) (M 1 0 0 0.4444444444444443)) (M 1 0 0 2.666666666666666)))),triangle,green,triangle,blue,triangle,red,balanced_data/dim_balanced/totems/dim3/var1/images/372.png
(C (C (color 0 1 0 (T (T (repeat (T l (M 3.0792014356780038 0 -1.5396007178390019 0.8888888888888891)) 3 (M 1 2.0943951023931953 0 0)) (M 1 0 0 0.4444444444444443)) (M 1 0 0 -2.666666666666667))) (color 0 0 1 (T (T (repeat (T l (M 3.0792014356780038 0 -1.5396007178390019 0.8888888888888891)) 3 (M 1 2.0943951023931953 0 0)) (M 1 0 0 0.4444444444444443)) (M 1 0 0 -2.220446049250313e-16)))) (color 0 1 0 (T (T (repeat (T l (M 3.0792014356780038 0 -1.5396007178390019 0.8888888888888891)) 3 (M 1 2.0943951023931953 0 0)) (M 1 0 0 0.4444444444444443)) (M 1 0 0 2.666666666666666)))),triangle,green,triangle,blue,triangle,green,balanced_data/dim_balanced/totems/dim3/var1/images/373.png
(C (C (color 0 1 0 (T (T (repeat (T l (M 3.0792014356780038 0 -1.5396007178390019 0.8888888888888891)) 3 (M 1 2.0943951023931953 0 0)) (M 1 0 0 0.4444444444444443)) (M 1 0 0 -2.666666666666667))) (color 0 0 1 (T (T (repeat (T l (M 3.0792014356780038 0 -1.5396007178390019 0.8888888888888891)) 3 (M 1 2.0943951023931953 0 0)) (M 1 0 0 0.4444444444444443)) (M 1 0 0 -2.220446049250313e-16)))) (color 0 0 1 (T (T (repeat (T l (M 3.0792014356780038 0 -1.5396007178390019 0.8888888888888891)) 3 (M 1 2.0943951023931953 0 0)) (M 1 0 0 0.4444444444444443)) (M 1 0 0 2.666666666666666)))),triangle,green,triangle,blue,triangle,blue,balanced_data/dim_balanced/totems/dim3/var1/images/374.png
(C (C (color 0 1 0 (T (T (repeat (T l (M 3.0792014356780038 0 -1.5396007178390019 0.8888888888888891)) 3 (M 1 2.0943951023931953 0 0)) (M 1 0 0 0.4444444444444443)) (M 1 0 0 -2.666666666666667))) (color 0 0 1 (T (T (repeat (T l (M 3.0792014356780038 0 -1.5396007178390019 0.8888888888888891)) 3 (M 1 2.0943951023931953 0 0)) (M 1 0 0 0.4444444444444443)) (M 1 0 0 -2.220446049250313e-16)))) (color 1 0 0 (T (repeat (T l (M 2.666666666666666 0 -1.333333333333333 1.3333333333333333)) 4 (M 1 1.5707963267948966 0 0)) (M 1 0 0 2.666666666666666)))),triangle,green,triangle,blue,square,red,balanced_data/dim_balanced/totems/dim3/var1/images/375.png
(C (C (color 0 1 0 (T (T (repeat (T l (M 3.0792014356780038 0 -1.5396007178390019 0.8888888888888891)) 3 (M 1 2.0943951023931953 0 0)) (M 1 0 0 0.4444444444444443)) (M 1 0 0 -2.666666666666667))) (color 0 0 1 (T (T (repeat (T l (M 3.0792014356780038 0 -1.5396007178390019 0.8888888888888891)) 3 (M 1 2.0943951023931953 0 0)) (M 1 0 0 0.4444444444444443)) (M 1 0 0 -2.220446049250313e-16)))) (color 0 1 0 (T (repeat (T l (M 2.666666666666666 0 -1.333333333333333 1.3333333333333333)) 4 (M 1 1.5707963267948966 0 0)) (M 1 0 0 2.666666666666666)))),triangle,green,triangle,blue,square,green,balanced_data/dim_balanced/totems/dim3/var1/images/376.png
(C (C (color 0 1 0 (T (T (repeat (T l (M 3.0792014356780038 0 -1.5396007178390019 0.8888888888888891)) 3 (M 1 2.0943951023931953 0 0)) (M 1 0 0 0.4444444444444443)) (M 1 0 0 -2.666666666666667))) (color 0 0 1 (T (T (repeat (T l (M 3.0792014356780038 0 -1.5396007178390019 0.8888888888888891)) 3 (M 1 2.0943951023931953 0 0)) (M 1 0 0 0.4444444444444443)) (M 1 0 0 -2.220446049250313e-16)))) (color 0 0 1 (T (repeat (T l (M 2.666666666666666 0 -1.333333333333333 1.3333333333333333)) 4 (M 1 1.5707963267948966 0 0)) (M 1 0 0 2.666666666666666)))),triangle,green,triangle,blue,square,blue,balanced_data/dim_balanced/totems/dim3/var1/images/377.png
(C (C (color 0 1 0 (T (T (repeat (T l (M 3.0792014356780038 0 -1.5396007178390019 0.8888888888888891)) 3 (M 1 2.0943951023931953 0 0)) (M 1 0 0 0.4444444444444443)) (M 1 0 0 -2.666666666666667))) (color 1 0 0 (T (repeat (T l (M 2.666666666666666 0 -1.333333333333333 1.3333333333333333)) 4 (M 1 1.5707963267948966 0 0)) (M 1 0 0 -2.220446049250313e-16)))) (color 1 0 0 (T (repeat (T l (M 0.13975407808810986 0 -0.06987703904405493 1.3333333333333333)) 60 (M 1 0.10471975511965977 0 0)) (M 1 0 0 2.666666666666666)))),triangle,green,square,red,circle,red,balanced_data/dim_balanced/totems/dim3/var1/images/378.png
(C (C (color 0 1 0 (T (T (repeat (T l (M 3.0792014356780038 0 -1.5396007178390019 0.8888888888888891)) 3 (M 1 2.0943951023931953 0 0)) (M 1 0 0 0.4444444444444443)) (M 1 0 0 -2.666666666666667))) (color 1 0 0 (T (repeat (T l (M 2.666666666666666 0 -1.333333333333333 1.3333333333333333)) 4 (M 1 1.5707963267948966 0 0)) (M 1 0 0 -2.220446049250313e-16)))) (color 0 1 0 (T (repeat (T l (M 0.13975407808810986 0 -0.06987703904405493 1.3333333333333333)) 60 (M 1 0.10471975511965977 0 0)) (M 1 0 0 2.666666666666666)))),triangle,green,square,red,circle,green,balanced_data/dim_balanced/totems/dim3/var1/images/379.png
(C (C (color 0 1 0 (T (T (repeat (T l (M 3.0792014356780038 0 -1.5396007178390019 0.8888888888888891)) 3 (M 1 2.0943951023931953 0 0)) (M 1 0 0 0.4444444444444443)) (M 1 0 0 -2.666666666666667))) (color 1 0 0 (T (repeat (T l (M 2.666666666666666 0 -1.333333333333333 1.3333333333333333)) 4 (M 1 1.5707963267948966 0 0)) (M 1 0 0 -2.220446049250313e-16)))) (color 0 0 1 (T (repeat (T l (M 0.13975407808810986 0 -0.06987703904405493 1.3333333333333333)) 60 (M 1 0.10471975511965977 0 0)) (M 1 0 0 2.666666666666666)))),triangle,green,square,red,circle,blue,balanced_data/dim_balanced/totems/dim3/var1/images/380.png
(C (C (color 0 1 0 (T (T (repeat (T l (M 3.0792014356780038 0 -1.5396007178390019 0.8888888888888891)) 3 (M 1 2.0943951023931953 0 0)) (M 1 0 0 0.4444444444444443)) (M 1 0 0 -2.666666666666667))) (color 1 0 0 (T (repeat (T l (M 2.666666666666666 0 -1.333333333333333 1.3333333333333333)) 4 (M 1 1.5707963267948966 0 0)) (M 1 0 0 -2.220446049250313e-16)))) (color 1 0 0 (T (T (repeat (T l (M 3.0792014356780038 0 -1.5396007178390019 0.8888888888888891)) 3 (M 1 2.0943951023931953 0 0)) (M 1 0 0 0.4444444444444443)) (M 1 0 0 2.666666666666666)))),triangle,green,square,red,triangle,red,balanced_data/dim_balanced/totems/dim3/var1/images/381.png
(C (C (color 0 1 0 (T (T (repeat (T l (M 3.0792014356780038 0 -1.5396007178390019 0.8888888888888891)) 3 (M 1 2.0943951023931953 0 0)) (M 1 0 0 0.4444444444444443)) (M 1 0 0 -2.666666666666667))) (color 1 0 0 (T (repeat (T l (M 2.666666666666666 0 -1.333333333333333 1.3333333333333333)) 4 (M 1 1.5707963267948966 0 0)) (M 1 0 0 -2.220446049250313e-16)))) (color 0 1 0 (T (T (repeat (T l (M 3.0792014356780038 0 -1.5396007178390019 0.8888888888888891)) 3 (M 1 2.0943951023931953 0 0)) (M 1 0 0 0.4444444444444443)) (M 1 0 0 2.666666666666666)))),triangle,green,square,red,triangle,green,balanced_data/dim_balanced/totems/dim3/var1/images/382.png
(C (C (color 0 1 0 (T (T (repeat (T l (M 3.0792014356780038 0 -1.5396007178390019 0.8888888888888891)) 3 (M 1 2.0943951023931953 0 0)) (M 1 0 0 0.4444444444444443)) (M 1 0 0 -2.666666666666667))) (color 1 0 0 (T (repeat (T l (M 2.666666666666666 0 -1.333333333333333 1.3333333333333333)) 4 (M 1 1.5707963267948966 0 0)) (M 1 0 0 -2.220446049250313e-16)))) (color 0 0 1 (T (T (repeat (T l (M 3.0792014356780038 0 -1.5396007178390019 0.8888888888888891)) 3 (M 1 2.0943951023931953 0 0)) (M 1 0 0 0.4444444444444443)) (M 1 0 0 2.666666666666666)))),triangle,green,square,red,triangle,blue,balanced_data/dim_balanced/totems/dim3/var1/images/383.png
(C (C (color 0 1 0 (T (T (repeat (T l (M 3.0792014356780038 0 -1.5396007178390019 0.8888888888888891)) 3 (M 1 2.0943951023931953 0 0)) (M 1 0 0 0.4444444444444443)) (M 1 0 0 -2.666666666666667))) (color 1 0 0 (T (repeat (T l (M 2.666666666666666 0 -1.333333333333333 1.3333333333333333)) 4 (M 1 1.5707963267948966 0 0)) (M 1 0 0 -2.220446049250313e-16)))) (color 1 0 0 (T (repeat (T l (M 2.666666666666666 0 -1.333333333333333 1.3333333333333333)) 4 (M 1 1.5707963267948966 0 0)) (M 1 0 0 2.666666666666666)))),triangle,green,square,red,square,red,balanced_data/dim_balanced/totems/dim3/var1/images/384.png
(C (C (color 0 1 0 (T (T (repeat (T l (M 3.0792014356780038 0 -1.5396007178390019 0.8888888888888891)) 3 (M 1 2.0943951023931953 0 0)) (M 1 0 0 0.4444444444444443)) (M 1 0 0 -2.666666666666667))) (color 1 0 0 (T (repeat (T l (M 2.666666666666666 0 -1.333333333333333 1.3333333333333333)) 4 (M 1 1.5707963267948966 0 0)) (M 1 0 0 -2.220446049250313e-16)))) (color 0 1 0 (T (repeat (T l (M 2.666666666666666 0 -1.333333333333333 1.3333333333333333)) 4 (M 1 1.5707963267948966 0 0)) (M 1 0 0 2.666666666666666)))),triangle,green,square,red,square,green,balanced_data/dim_balanced/totems/dim3/var1/images/385.png
(C (C (color 0 1 0 (T (T (repeat (T l (M 3.0792014356780038 0 -1.5396007178390019 0.8888888888888891)) 3 (M 1 2.0943951023931953 0 0)) (M 1 0 0 0.4444444444444443)) (M 1 0 0 -2.666666666666667))) (color 1 0 0 (T (repeat (T l (M 2.666666666666666 0 -1.333333333333333 1.3333333333333333)) 4 (M 1 1.5707963267948966 0 0)) (M 1 0 0 -2.220446049250313e-16)))) (color 0 0 1 (T (repeat (T l (M 2.666666666666666 0 -1.333333333333333 1.3333333333333333)) 4 (M 1 1.5707963267948966 0 0)) (M 1 0 0 2.666666666666666)))),triangle,green,square,red,square,blue,balanced_data/dim_balanced/totems/dim3/var1/images/386.png
(C (C (color 0 1 0 (T (T (repeat (T l (M 3.0792014356780038 0 -1.5396007178390019 0.8888888888888891)) 3 (M 1 2.0943951023931953 0 0)) (M 1 0 0 0.4444444444444443)) (M 1 0 0 -2.666666666666667))) (color 0 1 0 (T (repeat (T l (M 2.666666666666666 0 -1.333333333333333 1.3333333333333333)) 4 (M 1 1.5707963267948966 0 0)) (M 1 0 0 -2.220446049250313e-16)))) (color 1 0 0 (T (repeat (T l (M 0.13975407808810986 0 -0.06987703904405493 1.3333333333333333)) 60 (M 1 0.10471975511965977 0 0)) (M 1 0 0 2.666666666666666)))),triangle,green,square,green,circle,red,balanced_data/dim_balanced/totems/dim3/var1/images/387.png
(C (C (color 0 1 0 (T (T (repeat (T l (M 3.0792014356780038 0 -1.5396007178390019 0.8888888888888891)) 3 (M 1 2.0943951023931953 0 0)) (M 1 0 0 0.4444444444444443)) (M 1 0 0 -2.666666666666667))) (color 0 1 0 (T (repeat (T l (M 2.666666666666666 0 -1.333333333333333 1.3333333333333333)) 4 (M 1 1.5707963267948966 0 0)) (M 1 0 0 -2.220446049250313e-16)))) (color 0 1 0 (T (repeat (T l (M 0.13975407808810986 0 -0.06987703904405493 1.3333333333333333)) 60 (M 1 0.10471975511965977 0 0)) (M 1 0 0 2.666666666666666)))),triangle,green,square,green,circle,green,balanced_data/dim_balanced/totems/dim3/var1/images/388.png
(C (C (color 0 1 0 (T (T (repeat (T l (M 3.0792014356780038 0 -1.5396007178390019 0.8888888888888891)) 3 (M 1 2.0943951023931953 0 0)) (M 1 0 0 0.4444444444444443)) (M 1 0 0 -2.666666666666667))) (color 0 1 0 (T (repeat (T l (M 2.666666666666666 0 -1.333333333333333 1.3333333333333333)) 4 (M 1 1.5707963267948966 0 0)) (M 1 0 0 -2.220446049250313e-16)))) (color 0 0 1 (T (repeat (T l (M 0.13975407808810986 0 -0.06987703904405493 1.3333333333333333)) 60 (M 1 0.10471975511965977 0 0)) (M 1 0 0 2.666666666666666)))),triangle,green,square,green,circle,blue,balanced_data/dim_balanced/totems/dim3/var1/images/389.png
(C (C (color 0 1 0 (T (T (repeat (T l (M 3.0792014356780038 0 -1.5396007178390019 0.8888888888888891)) 3 (M 1 2.0943951023931953 0 0)) (M 1 0 0 0.4444444444444443)) (M 1 0 0 -2.666666666666667))) (color 0 1 0 (T (repeat (T l (M 2.666666666666666 0 -1.333333333333333 1.3333333333333333)) 4 (M 1 1.5707963267948966 0 0)) (M 1 0 0 -2.220446049250313e-16)))) (color 1 0 0 (T (T (repeat (T l (M 3.0792014356780038 0 -1.5396007178390019 0.8888888888888891)) 3 (M 1 2.0943951023931953 0 0)) (M 1 0 0 0.4444444444444443)) (M 1 0 0 2.666666666666666)))),triangle,green,square,green,triangle,red,balanced_data/dim_balanced/totems/dim3/var1/images/390.png
(C (C (color 0 1 0 (T (T (repeat (T l (M 3.0792014356780038 0 -1.5396007178390019 0.8888888888888891)) 3 (M 1 2.0943951023931953 0 0)) (M 1 0 0 0.4444444444444443)) (M 1 0 0 -2.666666666666667))) (color 0 1 0 (T (repeat (T l (M 2.666666666666666 0 -1.333333333333333 1.3333333333333333)) 4 (M 1 1.5707963267948966 0 0)) (M 1 0 0 -2.220446049250313e-16)))) (color 0 1 0 (T (T (repeat (T l (M 3.0792014356780038 0 -1.5396007178390019 0.8888888888888891)) 3 (M 1 2.0943951023931953 0 0)) (M 1 0 0 0.4444444444444443)) (M 1 0 0 2.666666666666666)))),triangle,green,square,green,triangle,green,balanced_data/dim_balanced/totems/dim3/var1/images/391.png
(C (C (color 0 1 0 (T (T (repeat (T l (M 3.0792014356780038 0 -1.5396007178390019 0.8888888888888891)) 3 (M 1 2.0943951023931953 0 0)) (M 1 0 0 0.4444444444444443)) (M 1 0 0 -2.666666666666667))) (color 0 1 0 (T (repeat (T l (M 2.666666666666666 0 -1.333333333333333 1.3333333333333333)) 4 (M 1 1.5707963267948966 0 0)) (M 1 0 0 -2.220446049250313e-16)))) (color 0 0 1 (T (T (repeat (T l (M 3.0792014356780038 0 -1.5396007178390019 0.8888888888888891)) 3 (M 1 2.0943951023931953 0 0)) (M 1 0 0 0.4444444444444443)) (M 1 0 0 2.666666666666666)))),triangle,green,square,green,triangle,blue,balanced_data/dim_balanced/totems/dim3/var1/images/392.png
(C (C (color 0 1 0 (T (T (repeat (T l (M 3.0792014356780038 0 -1.5396007178390019 0.8888888888888891)) 3 (M 1 2.0943951023931953 0 0)) (M 1 0 0 0.4444444444444443)) (M 1 0 0 -2.666666666666667))) (color 0 1 0 (T (repeat (T l (M 2.666666666666666 0 -1.333333333333333 1.3333333333333333)) 4 (M 1 1.5707963267948966 0 0)) (M 1 0 0 -2.220446049250313e-16)))) (color 1 0 0 (T (repeat (T l (M 2.666666666666666 0 -1.333333333333333 1.3333333333333333)) 4 (M 1 1.5707963267948966 0 0)) (M 1 0 0 2.666666666666666)))),triangle,green,square,green,square,red,balanced_data/dim_balanced/totems/dim3/var1/images/393.png
(C (C (color 0 1 0 (T (T (repeat (T l (M 3.0792014356780038 0 -1.5396007178390019 0.8888888888888891)) 3 (M 1 2.0943951023931953 0 0)) (M 1 0 0 0.4444444444444443)) (M 1 0 0 -2.666666666666667))) (color 0 1 0 (T (repeat (T l (M 2.666666666666666 0 -1.333333333333333 1.3333333333333333)) 4 (M 1 1.5707963267948966 0 0)) (M 1 0 0 -2.220446049250313e-16)))) (color 0 1 0 (T (repeat (T l (M 2.666666666666666 0 -1.333333333333333 1.3333333333333333)) 4 (M 1 1.5707963267948966 0 0)) (M 1 0 0 2.666666666666666)))),triangle,green,square,green,square,green,balanced_data/dim_balanced/totems/dim3/var1/images/394.png
(C (C (color 0 1 0 (T (T (repeat (T l (M 3.0792014356780038 0 -1.5396007178390019 0.8888888888888891)) 3 (M 1 2.0943951023931953 0 0)) (M 1 0 0 0.4444444444444443)) (M 1 0 0 -2.666666666666667))) (color 0 1 0 (T (repeat (T l (M 2.666666666666666 0 -1.333333333333333 1.3333333333333333)) 4 (M 1 1.5707963267948966 0 0)) (M 1 0 0 -2.220446049250313e-16)))) (color 0 0 1 (T (repeat (T l (M 2.666666666666666 0 -1.333333333333333 1.3333333333333333)) 4 (M 1 1.5707963267948966 0 0)) (M 1 0 0 2.666666666666666)))),triangle,green,square,green,square,blue,balanced_data/dim_balanced/totems/dim3/var1/images/395.png
(C (C (color 0 1 0 (T (T (repeat (T l (M 3.0792014356780038 0 -1.5396007178390019 0.8888888888888891)) 3 (M 1 2.0943951023931953 0 0)) (M 1 0 0 0.4444444444444443)) (M 1 0 0 -2.666666666666667))) (color 0 0 1 (T (repeat (T l (M 2.666666666666666 0 -1.333333333333333 1.3333333333333333)) 4 (M 1 1.5707963267948966 0 0)) (M 1 0 0 -2.220446049250313e-16)))) (color 1 0 0 (T (repeat (T l (M 0.13975407808810986 0 -0.06987703904405493 1.3333333333333333)) 60 (M 1 0.10471975511965977 0 0)) (M 1 0 0 2.666666666666666)))),triangle,green,square,blue,circle,red,balanced_data/dim_balanced/totems/dim3/var1/images/396.png
(C (C (color 0 1 0 (T (T (repeat (T l (M 3.0792014356780038 0 -1.5396007178390019 0.8888888888888891)) 3 (M 1 2.0943951023931953 0 0)) (M 1 0 0 0.4444444444444443)) (M 1 0 0 -2.666666666666667))) (color 0 0 1 (T (repeat (T l (M 2.666666666666666 0 -1.333333333333333 1.3333333333333333)) 4 (M 1 1.5707963267948966 0 0)) (M 1 0 0 -2.220446049250313e-16)))) (color 0 1 0 (T (repeat (T l (M 0.13975407808810986 0 -0.06987703904405493 1.3333333333333333)) 60 (M 1 0.10471975511965977 0 0)) (M 1 0 0 2.666666666666666)))),triangle,green,square,blue,circle,green,balanced_data/dim_balanced/totems/dim3/var1/images/397.png
(C (C (color 0 1 0 (T (T (repeat (T l (M 3.0792014356780038 0 -1.5396007178390019 0.8888888888888891)) 3 (M 1 2.0943951023931953 0 0)) (M 1 0 0 0.4444444444444443)) (M 1 0 0 -2.666666666666667))) (color 0 0 1 (T (repeat (T l (M 2.666666666666666 0 -1.333333333333333 1.3333333333333333)) 4 (M 1 1.5707963267948966 0 0)) (M 1 0 0 -2.220446049250313e-16)))) (color 0 0 1 (T (repeat (T l (M 0.13975407808810986 0 -0.06987703904405493 1.3333333333333333)) 60 (M 1 0.10471975511965977 0 0)) (M 1 0 0 2.666666666666666)))),triangle,green,square,blue,circle,blue,balanced_data/dim_balanced/totems/dim3/var1/images/398.png
(C (C (color 0 1 0 (T (T (repeat (T l (M 3.0792014356780038 0 -1.5396007178390019 0.8888888888888891)) 3 (M 1 2.0943951023931953 0 0)) (M 1 0 0 0.4444444444444443)) (M 1 0 0 -2.666666666666667))) (color 0 0 1 (T (repeat (T l (M 2.666666666666666 0 -1.333333333333333 1.3333333333333333)) 4 (M 1 1.5707963267948966 0 0)) (M 1 0 0 -2.220446049250313e-16)))) (color 1 0 0 (T (T (repeat (T l (M 3.0792014356780038 0 -1.5396007178390019 0.8888888888888891)) 3 (M 1 2.0943951023931953 0 0)) (M 1 0 0 0.4444444444444443)) (M 1 0 0 2.666666666666666)))),triangle,green,square,blue,triangle,red,balanced_data/dim_balanced/totems/dim3/var1/images/399.png
(C (C (color 0 1 0 (T (T (repeat (T l (M 3.0792014356780038 0 -1.5396007178390019 0.8888888888888891)) 3 (M 1 2.0943951023931953 0 0)) (M 1 0 0 0.4444444444444443)) (M 1 0 0 -2.666666666666667))) (color 0 0 1 (T (repeat (T l (M 2.666666666666666 0 -1.333333333333333 1.3333333333333333)) 4 (M 1 1.5707963267948966 0 0)) (M 1 0 0 -2.220446049250313e-16)))) (color 0 1 0 (T (T (repeat (T l (M 3.0792014356780038 0 -1.5396007178390019 0.8888888888888891)) 3 (M 1 2.0943951023931953 0 0)) (M 1 0 0 0.4444444444444443)) (M 1 0 0 2.666666666666666)))),triangle,green,square,blue,triangle,green,balanced_data/dim_balanced/totems/dim3/var1/images/400.png
(C (C (color 0 1 0 (T (T (repeat (T l (M 3.0792014356780038 0 -1.5396007178390019 0.8888888888888891)) 3 (M 1 2.0943951023931953 0 0)) (M 1 0 0 0.4444444444444443)) (M 1 0 0 -2.666666666666667))) (color 0 0 1 (T (repeat (T l (M 2.666666666666666 0 -1.333333333333333 1.3333333333333333)) 4 (M 1 1.5707963267948966 0 0)) (M 1 0 0 -2.220446049250313e-16)))) (color 0 0 1 (T (T (repeat (T l (M 3.0792014356780038 0 -1.5396007178390019 0.8888888888888891)) 3 (M 1 2.0943951023931953 0 0)) (M 1 0 0 0.4444444444444443)) (M 1 0 0 2.666666666666666)))),triangle,green,square,blue,triangle,blue,balanced_data/dim_balanced/totems/dim3/var1/images/401.png
(C (C (color 0 1 0 (T (T (repeat (T l (M 3.0792014356780038 0 -1.5396007178390019 0.8888888888888891)) 3 (M 1 2.0943951023931953 0 0)) (M 1 0 0 0.4444444444444443)) (M 1 0 0 -2.666666666666667))) (color 0 0 1 (T (repeat (T l (M 2.666666666666666 0 -1.333333333333333 1.3333333333333333)) 4 (M 1 1.5707963267948966 0 0)) (M 1 0 0 -2.220446049250313e-16)))) (color 1 0 0 (T (repeat (T l (M 2.666666666666666 0 -1.333333333333333 1.3333333333333333)) 4 (M 1 1.5707963267948966 0 0)) (M 1 0 0 2.666666666666666)))),triangle,green,square,blue,square,red,balanced_data/dim_balanced/totems/dim3/var1/images/402.png
(C (C (color 0 1 0 (T (T (repeat (T l (M 3.0792014356780038 0 -1.5396007178390019 0.8888888888888891)) 3 (M 1 2.0943951023931953 0 0)) (M 1 0 0 0.4444444444444443)) (M 1 0 0 -2.666666666666667))) (color 0 0 1 (T (repeat (T l (M 2.666666666666666 0 -1.333333333333333 1.3333333333333333)) 4 (M 1 1.5707963267948966 0 0)) (M 1 0 0 -2.220446049250313e-16)))) (color 0 1 0 (T (repeat (T l (M 2.666666666666666 0 -1.333333333333333 1.3333333333333333)) 4 (M 1 1.5707963267948966 0 0)) (M 1 0 0 2.666666666666666)))),triangle,green,square,blue,square,green,balanced_data/dim_balanced/totems/dim3/var1/images/403.png
(C (C (color 0 1 0 (T (T (repeat (T l (M 3.0792014356780038 0 -1.5396007178390019 0.8888888888888891)) 3 (M 1 2.0943951023931953 0 0)) (M 1 0 0 0.4444444444444443)) (M 1 0 0 -2.666666666666667))) (color 0 0 1 (T (repeat (T l (M 2.666666666666666 0 -1.333333333333333 1.3333333333333333)) 4 (M 1 1.5707963267948966 0 0)) (M 1 0 0 -2.220446049250313e-16)))) (color 0 0 1 (T (repeat (T l (M 2.666666666666666 0 -1.333333333333333 1.3333333333333333)) 4 (M 1 1.5707963267948966 0 0)) (M 1 0 0 2.666666666666666)))),triangle,green,square,blue,square,blue,balanced_data/dim_balanced/totems/dim3/var1/images/404.png
(C (C (color 0 0 1 (T (T (repeat (T l (M 3.0792014356780038 0 -1.5396007178390019 0.8888888888888891)) 3 (M 1 2.0943951023931953 0 0)) (M 1 0 0 0.4444444444444443)) (M 1 0 0 -2.666666666666667))) (color 1 0 0 (T (repeat (T l (M 0.13975407808810986 0 -0.06987703904405493 1.3333333333333333)) 60 (M 1 0.10471975511965977 0 0)) (M 1 0 0 -2.220446049250313e-16)))) (color 1 0 0 (T (repeat (T l (M 0.13975407808810986 0 -0.06987703904405493 1.3333333333333333)) 60 (M 1 0.10471975511965977 0 0)) (M 1 0 0 2.666666666666666)))),triangle,blue,circle,red,circle,red,balanced_data/dim_balanced/totems/dim3/var1/images/405.png
(C (C (color 0 0 1 (T (T (repeat (T l (M 3.0792014356780038 0 -1.5396007178390019 0.8888888888888891)) 3 (M 1 2.0943951023931953 0 0)) (M 1 0 0 0.4444444444444443)) (M 1 0 0 -2.666666666666667))) (color 1 0 0 (T (repeat (T l (M 0.13975407808810986 0 -0.06987703904405493 1.3333333333333333)) 60 (M 1 0.10471975511965977 0 0)) (M 1 0 0 -2.220446049250313e-16)))) (color 0 1 0 (T (repeat (T l (M 0.13975407808810986 0 -0.06987703904405493 1.3333333333333333)) 60 (M 1 0.10471975511965977 0 0)) (M 1 0 0 2.666666666666666)))),triangle,blue,circle,red,circle,green,balanced_data/dim_balanced/totems/dim3/var1/images/406.png
(C (C (color 0 0 1 (T (T (repeat (T l (M 3.0792014356780038 0 -1.5396007178390019 0.8888888888888891)) 3 (M 1 2.0943951023931953 0 0)) (M 1 0 0 0.4444444444444443)) (M 1 0 0 -2.666666666666667))) (color 1 0 0 (T (repeat (T l (M 0.13975407808810986 0 -0.06987703904405493 1.3333333333333333)) 60 (M 1 0.10471975511965977 0 0)) (M 1 0 0 -2.220446049250313e-16)))) (color 0 0 1 (T (repeat (T l (M 0.13975407808810986 0 -0.06987703904405493 1.3333333333333333)) 60 (M 1 0.10471975511965977 0 0)) (M 1 0 0 2.666666666666666)))),triangle,blue,circle,red,circle,blue,balanced_data/dim_balanced/totems/dim3/var1/images/407.png
(C (C (color 0 0 1 (T (T (repeat (T l (M 3.0792014356780038 0 -1.5396007178390019 0.8888888888888891)) 3 (M 1 2.0943951023931953 0 0)) (M 1 0 0 0.4444444444444443)) (M 1 0 0 -2.666666666666667))) (color 1 0 0 (T (repeat (T l (M 0.13975407808810986 0 -0.06987703904405493 1.3333333333333333)) 60 (M 1 0.10471975511965977 0 0)) (M 1 0 0 -2.220446049250313e-16)))) (color 1 0 0 (T (T (repeat (T l (M 3.0792014356780038 0 -1.5396007178390019 0.8888888888888891)) 3 (M 1 2.0943951023931953 0 0)) (M 1 0 0 0.4444444444444443)) (M 1 0 0 2.666666666666666)))),triangle,blue,circle,red,triangle,red,balanced_data/dim_balanced/totems/dim3/var1/images/408.png
(C (C (color 0 0 1 (T (T (repeat (T l (M 3.0792014356780038 0 -1.5396007178390019 0.8888888888888891)) 3 (M 1 2.0943951023931953 0 0)) (M 1 0 0 0.4444444444444443)) (M 1 0 0 -2.666666666666667))) (color 1 0 0 (T (repeat (T l (M 0.13975407808810986 0 -0.06987703904405493 1.3333333333333333)) 60 (M 1 0.10471975511965977 0 0)) (M 1 0 0 -2.220446049250313e-16)))) (color 0 1 0 (T (T (repeat (T l (M 3.0792014356780038 0 -1.5396007178390019 0.8888888888888891)) 3 (M 1 2.0943951023931953 0 0)) (M 1 0 0 0.4444444444444443)) (M 1 0 0 2.666666666666666)))),triangle,blue,circle,red,triangle,green,balanced_data/dim_balanced/totems/dim3/var1/images/409.png
(C (C (color 0 0 1 (T (T (repeat (T l (M 3.0792014356780038 0 -1.5396007178390019 0.8888888888888891)) 3 (M 1 2.0943951023931953 0 0)) (M 1 0 0 0.4444444444444443)) (M 1 0 0 -2.666666666666667))) (color 1 0 0 (T (repeat (T l (M 0.13975407808810986 0 -0.06987703904405493 1.3333333333333333)) 60 (M 1 0.10471975511965977 0 0)) (M 1 0 0 -2.220446049250313e-16)))) (color 0 0 1 (T (T (repeat (T l (M 3.0792014356780038 0 -1.5396007178390019 0.8888888888888891)) 3 (M 1 2.0943951023931953 0 0)) (M 1 0 0 0.4444444444444443)) (M 1 0 0 2.666666666666666)))),triangle,blue,circle,red,triangle,blue,balanced_data/dim_balanced/totems/dim3/var1/images/410.png
(C (C (color 0 0 1 (T (T (repeat (T l (M 3.0792014356780038 0 -1.5396007178390019 0.8888888888888891)) 3 (M 1 2.0943951023931953 0 0)) (M 1 0 0 0.4444444444444443)) (M 1 0 0 -2.666666666666667))) (color 1 0 0 (T (repeat (T l (M 0.13975407808810986 0 -0.06987703904405493 1.3333333333333333)) 60 (M 1 0.10471975511965977 0 0)) (M 1 0 0 -2.220446049250313e-16)))) (color 1 0 0 (T (repeat (T l (M 2.666666666666666 0 -1.333333333333333 1.3333333333333333)) 4 (M 1 1.5707963267948966 0 0)) (M 1 0 0 2.666666666666666)))),triangle,blue,circle,red,square,red,balanced_data/dim_balanced/totems/dim3/var1/images/411.png
(C (C (color 0 0 1 (T (T (repeat (T l (M 3.0792014356780038 0 -1.5396007178390019 0.8888888888888891)) 3 (M 1 2.0943951023931953 0 0)) (M 1 0 0 0.4444444444444443)) (M 1 0 0 -2.666666666666667))) (color 1 0 0 (T (repeat (T l (M 0.13975407808810986 0 -0.06987703904405493 1.3333333333333333)) 60 (M 1 0.10471975511965977 0 0)) (M 1 0 0 -2.220446049250313e-16)))) (color 0 1 0 (T (repeat (T l (M 2.666666666666666 0 -1.333333333333333 1.3333333333333333)) 4 (M 1 1.5707963267948966 0 0)) (M 1 0 0 2.666666666666666)))),triangle,blue,circle,red,square,green,balanced_data/dim_balanced/totems/dim3/var1/images/412.png
(C (C (color 0 0 1 (T (T (repeat (T l (M 3.0792014356780038 0 -1.5396007178390019 0.8888888888888891)) 3 (M 1 2.0943951023931953 0 0)) (M 1 0 0 0.4444444444444443)) (M 1 0 0 -2.666666666666667))) (color 1 0 0 (T (repeat (T l (M 0.13975407808810986 0 -0.06987703904405493 1.3333333333333333)) 60 (M 1 0.10471975511965977 0 0)) (M 1 0 0 -2.220446049250313e-16)))) (color 0 0 1 (T (repeat (T l (M 2.666666666666666 0 -1.333333333333333 1.3333333333333333)) 4 (M 1 1.5707963267948966 0 0)) (M 1 0 0 2.666666666666666)))),triangle,blue,circle,red,square,blue,balanced_data/dim_balanced/totems/dim3/var1/images/413.png
(C (C (color 0 0 1 (T (T (repeat (T l (M 3.0792014356780038 0 -1.5396007178390019 0.8888888888888891)) 3 (M 1 2.0943951023931953 0 0)) (M 1 0 0 0.4444444444444443)) (M 1 0 0 -2.666666666666667))) (color 0 1 0 (T (repeat (T l (M 0.13975407808810986 0 -0.06987703904405493 1.3333333333333333)) 60 (M 1 0.10471975511965977 0 0)) (M 1 0 0 -2.220446049250313e-16)))) (color 1 0 0 (T (repeat (T l (M 0.13975407808810986 0 -0.06987703904405493 1.3333333333333333)) 60 (M 1 0.10471975511965977 0 0)) (M 1 0 0 2.666666666666666)))),triangle,blue,circle,green,circle,red,balanced_data/dim_balanced/totems/dim3/var1/images/414.png
(C (C (color 0 0 1 (T (T (repeat (T l (M 3.0792014356780038 0 -1.5396007178390019 0.8888888888888891)) 3 (M 1 2.0943951023931953 0 0)) (M 1 0 0 0.4444444444444443)) (M 1 0 0 -2.666666666666667))) (color 0 1 0 (T (repeat (T l (M 0.13975407808810986 0 -0.06987703904405493 1.3333333333333333)) 60 (M 1 0.10471975511965977 0 0)) (M 1 0 0 -2.220446049250313e-16)))) (color 0 1 0 (T (repeat (T l (M 0.13975407808810986 0 -0.06987703904405493 1.3333333333333333)) 60 (M 1 0.10471975511965977 0 0)) (M 1 0 0 2.666666666666666)))),triangle,blue,circle,green,circle,green,balanced_data/dim_balanced/totems/dim3/var1/images/415.png
(C (C (color 0 0 1 (T (T (repeat (T l (M 3.0792014356780038 0 -1.5396007178390019 0.8888888888888891)) 3 (M 1 2.0943951023931953 0 0)) (M 1 0 0 0.4444444444444443)) (M 1 0 0 -2.666666666666667))) (color 0 1 0 (T (repeat (T l (M 0.13975407808810986 0 -0.06987703904405493 1.3333333333333333)) 60 (M 1 0.10471975511965977 0 0)) (M 1 0 0 -2.220446049250313e-16)))) (color 0 0 1 (T (repeat (T l (M 0.13975407808810986 0 -0.06987703904405493 1.3333333333333333)) 60 (M 1 0.10471975511965977 0 0)) (M 1 0 0 2.666666666666666)))),triangle,blue,circle,green,circle,blue,balanced_data/dim_balanced/totems/dim3/var1/images/416.png
(C (C (color 0 0 1 (T (T (repeat (T l (M 3.0792014356780038 0 -1.5396007178390019 0.8888888888888891)) 3 (M 1 2.0943951023931953 0 0)) (M 1 0 0 0.4444444444444443)) (M 1 0 0 -2.666666666666667))) (color 0 1 0 (T (repeat (T l (M 0.13975407808810986 0 -0.06987703904405493 1.3333333333333333)) 60 (M 1 0.10471975511965977 0 0)) (M 1 0 0 -2.220446049250313e-16)))) (color 1 0 0 (T (T (repeat (T l (M 3.0792014356780038 0 -1.5396007178390019 0.8888888888888891)) 3 (M 1 2.0943951023931953 0 0)) (M 1 0 0 0.4444444444444443)) (M 1 0 0 2.666666666666666)))),triangle,blue,circle,green,triangle,red,balanced_data/dim_balanced/totems/dim3/var1/images/417.png
(C (C (color 0 0 1 (T (T (repeat (T l (M 3.0792014356780038 0 -1.5396007178390019 0.8888888888888891)) 3 (M 1 2.0943951023931953 0 0)) (M 1 0 0 0.4444444444444443)) (M 1 0 0 -2.666666666666667))) (color 0 1 0 (T (repeat (T l (M 0.13975407808810986 0 -0.06987703904405493 1.3333333333333333)) 60 (M 1 0.10471975511965977 0 0)) (M 1 0 0 -2.220446049250313e-16)))) (color 0 1 0 (T (T (repeat (T l (M 3.0792014356780038 0 -1.5396007178390019 0.8888888888888891)) 3 (M 1 2.0943951023931953 0 0)) (M 1 0 0 0.4444444444444443)) (M 1 0 0 2.666666666666666)))),triangle,blue,circle,green,triangle,green,balanced_data/dim_balanced/totems/dim3/var1/images/418.png
(C (C (color 0 0 1 (T (T (repeat (T l (M 3.0792014356780038 0 -1.5396007178390019 0.8888888888888891)) 3 (M 1 2.0943951023931953 0 0)) (M 1 0 0 0.4444444444444443)) (M 1 0 0 -2.666666666666667))) (color 0 1 0 (T (repeat (T l (M 0.13975407808810986 0 -0.06987703904405493 1.3333333333333333)) 60 (M 1 0.10471975511965977 0 0)) (M 1 0 0 -2.220446049250313e-16)))) (color 0 0 1 (T (T (repeat (T l (M 3.0792014356780038 0 -1.5396007178390019 0.8888888888888891)) 3 (M 1 2.0943951023931953 0 0)) (M 1 0 0 0.4444444444444443)) (M 1 0 0 2.666666666666666)))),triangle,blue,circle,green,triangle,blue,balanced_data/dim_balanced/totems/dim3/var1/images/419.png
(C (C (color 0 0 1 (T (T (repeat (T l (M 3.0792014356780038 0 -1.5396007178390019 0.8888888888888891)) 3 (M 1 2.0943951023931953 0 0)) (M 1 0 0 0.4444444444444443)) (M 1 0 0 -2.666666666666667))) (color 0 1 0 (T (repeat (T l (M 0.13975407808810986 0 -0.06987703904405493 1.3333333333333333)) 60 (M 1 0.10471975511965977 0 0)) (M 1 0 0 -2.220446049250313e-16)))) (color 1 0 0 (T (repeat (T l (M 2.666666666666666 0 -1.333333333333333 1.3333333333333333)) 4 (M 1 1.5707963267948966 0 0)) (M 1 0 0 2.666666666666666)))),triangle,blue,circle,green,square,red,balanced_data/dim_balanced/totems/dim3/var1/images/420.png
(C (C (color 0 0 1 (T (T (repeat (T l (M 3.0792014356780038 0 -1.5396007178390019 0.8888888888888891)) 3 (M 1 2.0943951023931953 0 0)) (M 1 0 0 0.4444444444444443)) (M 1 0 0 -2.666666666666667))) (color 0 1 0 (T (repeat (T l (M 0.13975407808810986 0 -0.06987703904405493 1.3333333333333333)) 60 (M 1 0.10471975511965977 0 0)) (M 1 0 0 -2.220446049250313e-16)))) (color 0 1 0 (T (repeat (T l (M 2.666666666666666 0 -1.333333333333333 1.3333333333333333)) 4 (M 1 1.5707963267948966 0 0)) (M 1 0 0 2.666666666666666)))),triangle,blue,circle,green,square,green,balanced_data/dim_balanced/totems/dim3/var1/images/421.png
(C (C (color 0 0 1 (T (T (repeat (T l (M 3.0792014356780038 0 -1.5396007178390019 0.8888888888888891)) 3 (M 1 2.0943951023931953 0 0)) (M 1 0 0 0.4444444444444443)) (M 1 0 0 -2.666666666666667))) (color 0 1 0 (T (repeat (T l (M 0.13975407808810986 0 -0.06987703904405493 1.3333333333333333)) 60 (M 1 0.10471975511965977 0 0)) (M 1 0 0 -2.220446049250313e-16)))) (color 0 0 1 (T (repeat (T l (M 2.666666666666666 0 -1.333333333333333 1.3333333333333333)) 4 (M 1 1.5707963267948966 0 0)) (M 1 0 0 2.666666666666666)))),triangle,blue,circle,green,square,blue,balanced_data/dim_balanced/totems/dim3/var1/images/422.png
(C (C (color 0 0 1 (T (T (repeat (T l (M 3.0792014356780038 0 -1.5396007178390019 0.8888888888888891)) 3 (M 1 2.0943951023931953 0 0)) (M 1 0 0 0.4444444444444443)) (M 1 0 0 -2.666666666666667))) (color 0 0 1 (T (repeat (T l (M 0.13975407808810986 0 -0.06987703904405493 1.3333333333333333)) 60 (M 1 0.10471975511965977 0 0)) (M 1 0 0 -2.220446049250313e-16)))) (color 1 0 0 (T (repeat (T l (M 0.13975407808810986 0 -0.06987703904405493 1.3333333333333333)) 60 (M 1 0.10471975511965977 0 0)) (M 1 0 0 2.666666666666666)))),triangle,blue,circle,blue,circle,red,balanced_data/dim_balanced/totems/dim3/var1/images/423.png
(C (C (color 0 0 1 (T (T (repeat (T l (M 3.0792014356780038 0 -1.5396007178390019 0.8888888888888891)) 3 (M 1 2.0943951023931953 0 0)) (M 1 0 0 0.4444444444444443)) (M 1 0 0 -2.666666666666667))) (color 0 0 1 (T (repeat (T l (M 0.13975407808810986 0 -0.06987703904405493 1.3333333333333333)) 60 (M 1 0.10471975511965977 0 0)) (M 1 0 0 -2.220446049250313e-16)))) (color 0 1 0 (T (repeat (T l (M 0.13975407808810986 0 -0.06987703904405493 1.3333333333333333)) 60 (M 1 0.10471975511965977 0 0)) (M 1 0 0 2.666666666666666)))),triangle,blue,circle,blue,circle,green,balanced_data/dim_balanced/totems/dim3/var1/images/424.png
(C (C (color 0 0 1 (T (T (repeat (T l (M 3.0792014356780038 0 -1.5396007178390019 0.8888888888888891)) 3 (M 1 2.0943951023931953 0 0)) (M 1 0 0 0.4444444444444443)) (M 1 0 0 -2.666666666666667))) (color 0 0 1 (T (repeat (T l (M 0.13975407808810986 0 -0.06987703904405493 1.3333333333333333)) 60 (M 1 0.10471975511965977 0 0)) (M 1 0 0 -2.220446049250313e-16)))) (color 0 0 1 (T (repeat (T l (M 0.13975407808810986 0 -0.06987703904405493 1.3333333333333333)) 60 (M 1 0.10471975511965977 0 0)) (M 1 0 0 2.666666666666666)))),triangle,blue,circle,blue,circle,blue,balanced_data/dim_balanced/totems/dim3/var1/images/425.png
(C (C (color 0 0 1 (T (T (repeat (T l (M 3.0792014356780038 0 -1.5396007178390019 0.8888888888888891)) 3 (M 1 2.0943951023931953 0 0)) (M 1 0 0 0.4444444444444443)) (M 1 0 0 -2.666666666666667))) (color 0 0 1 (T (repeat (T l (M 0.13975407808810986 0 -0.06987703904405493 1.3333333333333333)) 60 (M 1 0.10471975511965977 0 0)) (M 1 0 0 -2.220446049250313e-16)))) (color 1 0 0 (T (T (repeat (T l (M 3.0792014356780038 0 -1.5396007178390019 0.8888888888888891)) 3 (M 1 2.0943951023931953 0 0)) (M 1 0 0 0.4444444444444443)) (M 1 0 0 2.666666666666666)))),triangle,blue,circle,blue,triangle,red,balanced_data/dim_balanced/totems/dim3/var1/images/426.png
(C (C (color 0 0 1 (T (T (repeat (T l (M 3.0792014356780038 0 -1.5396007178390019 0.8888888888888891)) 3 (M 1 2.0943951023931953 0 0)) (M 1 0 0 0.4444444444444443)) (M 1 0 0 -2.666666666666667))) (color 0 0 1 (T (repeat (T l (M 0.13975407808810986 0 -0.06987703904405493 1.3333333333333333)) 60 (M 1 0.10471975511965977 0 0)) (M 1 0 0 -2.220446049250313e-16)))) (color 0 1 0 (T (T (repeat (T l (M 3.0792014356780038 0 -1.5396007178390019 0.8888888888888891)) 3 (M 1 2.0943951023931953 0 0)) (M 1 0 0 0.4444444444444443)) (M 1 0 0 2.666666666666666)))),triangle,blue,circle,blue,triangle,green,balanced_data/dim_balanced/totems/dim3/var1/images/427.png
(C (C (color 0 0 1 (T (T (repeat (T l (M 3.0792014356780038 0 -1.5396007178390019 0.8888888888888891)) 3 (M 1 2.0943951023931953 0 0)) (M 1 0 0 0.4444444444444443)) (M 1 0 0 -2.666666666666667))) (color 0 0 1 (T (repeat (T l (M 0.13975407808810986 0 -0.06987703904405493 1.3333333333333333)) 60 (M 1 0.10471975511965977 0 0)) (M 1 0 0 -2.220446049250313e-16)))) (color 0 0 1 (T (T (repeat (T l (M 3.0792014356780038 0 -1.5396007178390019 0.8888888888888891)) 3 (M 1 2.0943951023931953 0 0)) (M 1 0 0 0.4444444444444443)) (M 1 0 0 2.666666666666666)))),triangle,blue,circle,blue,triangle,blue,balanced_data/dim_balanced/totems/dim3/var1/images/428.png
(C (C (color 0 0 1 (T (T (repeat (T l (M 3.0792014356780038 0 -1.5396007178390019 0.8888888888888891)) 3 (M 1 2.0943951023931953 0 0)) (M 1 0 0 0.4444444444444443)) (M 1 0 0 -2.666666666666667))) (color 0 0 1 (T (repeat (T l (M 0.13975407808810986 0 -0.06987703904405493 1.3333333333333333)) 60 (M 1 0.10471975511965977 0 0)) (M 1 0 0 -2.220446049250313e-16)))) (color 1 0 0 (T (repeat (T l (M 2.666666666666666 0 -1.333333333333333 1.3333333333333333)) 4 (M 1 1.5707963267948966 0 0)) (M 1 0 0 2.666666666666666)))),triangle,blue,circle,blue,square,red,balanced_data/dim_balanced/totems/dim3/var1/images/429.png
(C (C (color 0 0 1 (T (T (repeat (T l (M 3.0792014356780038 0 -1.5396007178390019 0.8888888888888891)) 3 (M 1 2.0943951023931953 0 0)) (M 1 0 0 0.4444444444444443)) (M 1 0 0 -2.666666666666667))) (color 0 0 1 (T (repeat (T l (M 0.13975407808810986 0 -0.06987703904405493 1.3333333333333333)) 60 (M 1 0.10471975511965977 0 0)) (M 1 0 0 -2.220446049250313e-16)))) (color 0 1 0 (T (repeat (T l (M 2.666666666666666 0 -1.333333333333333 1.3333333333333333)) 4 (M 1 1.5707963267948966 0 0)) (M 1 0 0 2.666666666666666)))),triangle,blue,circle,blue,square,green,balanced_data/dim_balanced/totems/dim3/var1/images/430.png
(C (C (color 0 0 1 (T (T (repeat (T l (M 3.0792014356780038 0 -1.5396007178390019 0.8888888888888891)) 3 (M 1 2.0943951023931953 0 0)) (M 1 0 0 0.4444444444444443)) (M 1 0 0 -2.666666666666667))) (color 0 0 1 (T (repeat (T l (M 0.13975407808810986 0 -0.06987703904405493 1.3333333333333333)) 60 (M 1 0.10471975511965977 0 0)) (M 1 0 0 -2.220446049250313e-16)))) (color 0 0 1 (T (repeat (T l (M 2.666666666666666 0 -1.333333333333333 1.3333333333333333)) 4 (M 1 1.5707963267948966 0 0)) (M 1 0 0 2.666666666666666)))),triangle,blue,circle,blue,square,blue,balanced_data/dim_balanced/totems/dim3/var1/images/431.png
(C (C (color 0 0 1 (T (T (repeat (T l (M 3.0792014356780038 0 -1.5396007178390019 0.8888888888888891)) 3 (M 1 2.0943951023931953 0 0)) (M 1 0 0 0.4444444444444443)) (M 1 0 0 -2.666666666666667))) (color 1 0 0 (T (T (repeat (T l (M 3.0792014356780038 0 -1.5396007178390019 0.8888888888888891)) 3 (M 1 2.0943951023931953 0 0)) (M 1 0 0 0.4444444444444443)) (M 1 0 0 -2.220446049250313e-16)))) (color 1 0 0 (T (repeat (T l (M 0.13975407808810986 0 -0.06987703904405493 1.3333333333333333)) 60 (M 1 0.10471975511965977 0 0)) (M 1 0 0 2.666666666666666)))),triangle,blue,triangle,red,circle,red,balanced_data/dim_balanced/totems/dim3/var1/images/432.png
(C (C (color 0 0 1 (T (T (repeat (T l (M 3.0792014356780038 0 -1.5396007178390019 0.8888888888888891)) 3 (M 1 2.0943951023931953 0 0)) (M 1 0 0 0.4444444444444443)) (M 1 0 0 -2.666666666666667))) (color 1 0 0 (T (T (repeat (T l (M 3.0792014356780038 0 -1.5396007178390019 0.8888888888888891)) 3 (M 1 2.0943951023931953 0 0)) (M 1 0 0 0.4444444444444443)) (M 1 0 0 -2.220446049250313e-16)))) (color 0 1 0 (T (repeat (T l (M 0.13975407808810986 0 -0.06987703904405493 1.3333333333333333)) 60 (M 1 0.10471975511965977 0 0)) (M 1 0 0 2.666666666666666)))),triangle,blue,triangle,red,circle,green,balanced_data/dim_balanced/totems/dim3/var1/images/433.png
(C (C (color 0 0 1 (T (T (repeat (T l (M 3.0792014356780038 0 -1.5396007178390019 0.8888888888888891)) 3 (M 1 2.0943951023931953 0 0)) (M 1 0 0 0.4444444444444443)) (M 1 0 0 -2.666666666666667))) (color 1 0 0 (T (T (repeat (T l (M 3.0792014356780038 0 -1.5396007178390019 0.8888888888888891)) 3 (M 1 2.0943951023931953 0 0)) (M 1 0 0 0.4444444444444443)) (M 1 0 0 -2.220446049250313e-16)))) (color 0 0 1 (T (repeat (T l (M 0.13975407808810986 0 -0.06987703904405493 1.3333333333333333)) 60 (M 1 0.10471975511965977 0 0)) (M 1 0 0 2.666666666666666)))),triangle,blue,triangle,red,circle,blue,balanced_data/dim_balanced/totems/dim3/var1/images/434.png
(C (C (color 0 0 1 (T (T (repeat (T l (M 3.0792014356780038 0 -1.5396007178390019 0.8888888888888891)) 3 (M 1 2.0943951023931953 0 0)) (M 1 0 0 0.4444444444444443)) (M 1 0 0 -2.666666666666667))) (color 1 0 0 (T (T (repeat (T l (M 3.0792014356780038 0 -1.5396007178390019 0.8888888888888891)) 3 (M 1 2.0943951023931953 0 0)) (M 1 0 0 0.4444444444444443)) (M 1 0 0 -2.220446049250313e-16)))) (color 1 0 0 (T (T (repeat (T l (M 3.0792014356780038 0 -1.5396007178390019 0.8888888888888891)) 3 (M 1 2.0943951023931953 0 0)) (M 1 0 0 0.4444444444444443)) (M 1 0 0 2.666666666666666)))),triangle,blue,triangle,red,triangle,red,balanced_data/dim_balanced/totems/dim3/var1/images/435.png
(C (C (color 0 0 1 (T (T (repeat (T l (M 3.0792014356780038 0 -1.5396007178390019 0.8888888888888891)) 3 (M 1 2.0943951023931953 0 0)) (M 1 0 0 0.4444444444444443)) (M 1 0 0 -2.666666666666667))) (color 1 0 0 (T (T (repeat (T l (M 3.0792014356780038 0 -1.5396007178390019 0.8888888888888891)) 3 (M 1 2.0943951023931953 0 0)) (M 1 0 0 0.4444444444444443)) (M 1 0 0 -2.220446049250313e-16)))) (color 0 1 0 (T (T (repeat (T l (M 3.0792014356780038 0 -1.5396007178390019 0.8888888888888891)) 3 (M 1 2.0943951023931953 0 0)) (M 1 0 0 0.4444444444444443)) (M 1 0 0 2.666666666666666)))),triangle,blue,triangle,red,triangle,green,balanced_data/dim_balanced/totems/dim3/var1/images/436.png
(C (C (color 0 0 1 (T (T (repeat (T l (M 3.0792014356780038 0 -1.5396007178390019 0.8888888888888891)) 3 (M 1 2.0943951023931953 0 0)) (M 1 0 0 0.4444444444444443)) (M 1 0 0 -2.666666666666667))) (color 1 0 0 (T (T (repeat (T l (M 3.0792014356780038 0 -1.5396007178390019 0.8888888888888891)) 3 (M 1 2.0943951023931953 0 0)) (M 1 0 0 0.4444444444444443)) (M 1 0 0 -2.220446049250313e-16)))) (color 0 0 1 (T (T (repeat (T l (M 3.0792014356780038 0 -1.5396007178390019 0.8888888888888891)) 3 (M 1 2.0943951023931953 0 0)) (M 1 0 0 0.4444444444444443)) (M 1 0 0 2.666666666666666)))),triangle,blue,triangle,red,triangle,blue,balanced_data/dim_balanced/totems/dim3/var1/images/437.png
(C (C (color 0 0 1 (T (T (repeat (T l (M 3.0792014356780038 0 -1.5396007178390019 0.8888888888888891)) 3 (M 1 2.0943951023931953 0 0)) (M 1 0 0 0.4444444444444443)) (M 1 0 0 -2.666666666666667))) (color 1 0 0 (T (T (repeat (T l (M 3.0792014356780038 0 -1.5396007178390019 0.8888888888888891)) 3 (M 1 2.0943951023931953 0 0)) (M 1 0 0 0.4444444444444443)) (M 1 0 0 -2.220446049250313e-16)))) (color 1 0 0 (T (repeat (T l (M 2.666666666666666 0 -1.333333333333333 1.3333333333333333)) 4 (M 1 1.5707963267948966 0 0)) (M 1 0 0 2.666666666666666)))),triangle,blue,triangle,red,square,red,balanced_data/dim_balanced/totems/dim3/var1/images/438.png
(C (C (color 0 0 1 (T (T (repeat (T l (M 3.0792014356780038 0 -1.5396007178390019 0.8888888888888891)) 3 (M 1 2.0943951023931953 0 0)) (M 1 0 0 0.4444444444444443)) (M 1 0 0 -2.666666666666667))) (color 1 0 0 (T (T (repeat (T l (M 3.0792014356780038 0 -1.5396007178390019 0.8888888888888891)) 3 (M 1 2.0943951023931953 0 0)) (M 1 0 0 0.4444444444444443)) (M 1 0 0 -2.220446049250313e-16)))) (color 0 1 0 (T (repeat (T l (M 2.666666666666666 0 -1.333333333333333 1.3333333333333333)) 4 (M 1 1.5707963267948966 0 0)) (M 1 0 0 2.666666666666666)))),triangle,blue,triangle,red,square,green,balanced_data/dim_balanced/totems/dim3/var1/images/439.png
(C (C (color 0 0 1 (T (T (repeat (T l (M 3.0792014356780038 0 -1.5396007178390019 0.8888888888888891)) 3 (M 1 2.0943951023931953 0 0)) (M 1 0 0 0.4444444444444443)) (M 1 0 0 -2.666666666666667))) (color 1 0 0 (T (T (repeat (T l (M 3.0792014356780038 0 -1.5396007178390019 0.8888888888888891)) 3 (M 1 2.0943951023931953 0 0)) (M 1 0 0 0.4444444444444443)) (M 1 0 0 -2.220446049250313e-16)))) (color 0 0 1 (T (repeat (T l (M 2.666666666666666 0 -1.333333333333333 1.3333333333333333)) 4 (M 1 1.5707963267948966 0 0)) (M 1 0 0 2.666666666666666)))),triangle,blue,triangle,red,square,blue,balanced_data/dim_balanced/totems/dim3/var1/images/440.png
(C (C (color 0 0 1 (T (T (repeat (T l (M 3.0792014356780038 0 -1.5396007178390019 0.8888888888888891)) 3 (M 1 2.0943951023931953 0 0)) (M 1 0 0 0.4444444444444443)) (M 1 0 0 -2.666666666666667))) (color 0 1 0 (T (T (repeat (T l (M 3.0792014356780038 0 -1.5396007178390019 0.8888888888888891)) 3 (M 1 2.0943951023931953 0 0)) (M 1 0 0 0.4444444444444443)) (M 1 0 0 -2.220446049250313e-16)))) (color 1 0 0 (T (repeat (T l (M 0.13975407808810986 0 -0.06987703904405493 1.3333333333333333)) 60 (M 1 0.10471975511965977 0 0)) (M 1 0 0 2.666666666666666)))),triangle,blue,triangle,green,circle,red,balanced_data/dim_balanced/totems/dim3/var1/images/441.png
(C (C (color 0 0 1 (T (T (repeat (T l (M 3.0792014356780038 0 -1.5396007178390019 0.8888888888888891)) 3 (M 1 2.0943951023931953 0 0)) (M 1 0 0 0.4444444444444443)) (M 1 0 0 -2.666666666666667))) (color 0 1 0 (T (T (repeat (T l (M 3.0792014356780038 0 -1.5396007178390019 0.8888888888888891)) 3 (M 1 2.0943951023931953 0 0)) (M 1 0 0 0.4444444444444443)) (M 1 0 0 -2.220446049250313e-16)))) (color 0 1 0 (T (repeat (T l (M 0.13975407808810986 0 -0.06987703904405493 1.3333333333333333)) 60 (M 1 0.10471975511965977 0 0)) (M 1 0 0 2.666666666666666)))),triangle,blue,triangle,green,circle,green,balanced_data/dim_balanced/totems/dim3/var1/images/442.png
(C (C (color 0 0 1 (T (T (repeat (T l (M 3.0792014356780038 0 -1.5396007178390019 0.8888888888888891)) 3 (M 1 2.0943951023931953 0 0)) (M 1 0 0 0.4444444444444443)) (M 1 0 0 -2.666666666666667))) (color 0 1 0 (T (T (repeat (T l (M 3.0792014356780038 0 -1.5396007178390019 0.8888888888888891)) 3 (M 1 2.0943951023931953 0 0)) (M 1 0 0 0.4444444444444443)) (M 1 0 0 -2.220446049250313e-16)))) (color 0 0 1 (T (repeat (T l (M 0.13975407808810986 0 -0.06987703904405493 1.3333333333333333)) 60 (M 1 0.10471975511965977 0 0)) (M 1 0 0 2.666666666666666)))),triangle,blue,triangle,green,circle,blue,balanced_data/dim_balanced/totems/dim3/var1/images/443.png
(C (C (color 0 0 1 (T (T (repeat (T l (M 3.0792014356780038 0 -1.5396007178390019 0.8888888888888891)) 3 (M 1 2.0943951023931953 0 0)) (M 1 0 0 0.4444444444444443)) (M 1 0 0 -2.666666666666667))) (color 0 1 0 (T (T (repeat (T l (M 3.0792014356780038 0 -1.5396007178390019 0.8888888888888891)) 3 (M 1 2.0943951023931953 0 0)) (M 1 0 0 0.4444444444444443)) (M 1 0 0 -2.220446049250313e-16)))) (color 1 0 0 (T (T (repeat (T l (M 3.0792014356780038 0 -1.5396007178390019 0.8888888888888891)) 3 (M 1 2.0943951023931953 0 0)) (M 1 0 0 0.4444444444444443)) (M 1 0 0 2.666666666666666)))),triangle,blue,triangle,green,triangle,red,balanced_data/dim_balanced/totems/dim3/var1/images/444.png
(C (C (color 0 0 1 (T (T (repeat (T l (M 3.0792014356780038 0 -1.5396007178390019 0.8888888888888891)) 3 (M 1 2.0943951023931953 0 0)) (M 1 0 0 0.4444444444444443)) (M 1 0 0 -2.666666666666667))) (color 0 1 0 (T (T (repeat (T l (M 3.0792014356780038 0 -1.5396007178390019 0.8888888888888891)) 3 (M 1 2.0943951023931953 0 0)) (M 1 0 0 0.4444444444444443)) (M 1 0 0 -2.220446049250313e-16)))) (color 0 1 0 (T (T (repeat (T l (M 3.0792014356780038 0 -1.5396007178390019 0.8888888888888891)) 3 (M 1 2.0943951023931953 0 0)) (M 1 0 0 0.4444444444444443)) (M 1 0 0 2.666666666666666)))),triangle,blue,triangle,green,triangle,green,balanced_data/dim_balanced/totems/dim3/var1/images/445.png
(C (C (color 0 0 1 (T (T (repeat (T l (M 3.0792014356780038 0 -1.5396007178390019 0.8888888888888891)) 3 (M 1 2.0943951023931953 0 0)) (M 1 0 0 0.4444444444444443)) (M 1 0 0 -2.666666666666667))) (color 0 1 0 (T (T (repeat (T l (M 3.0792014356780038 0 -1.5396007178390019 0.8888888888888891)) 3 (M 1 2.0943951023931953 0 0)) (M 1 0 0 0.4444444444444443)) (M 1 0 0 -2.220446049250313e-16)))) (color 0 0 1 (T (T (repeat (T l (M 3.0792014356780038 0 -1.5396007178390019 0.8888888888888891)) 3 (M 1 2.0943951023931953 0 0)) (M 1 0 0 0.4444444444444443)) (M 1 0 0 2.666666666666666)))),triangle,blue,triangle,green,triangle,blue,balanced_data/dim_balanced/totems/dim3/var1/images/446.png
(C (C (color 0 0 1 (T (T (repeat (T l (M 3.0792014356780038 0 -1.5396007178390019 0.8888888888888891)) 3 (M 1 2.0943951023931953 0 0)) (M 1 0 0 0.4444444444444443)) (M 1 0 0 -2.666666666666667))) (color 0 1 0 (T (T (repeat (T l (M 3.0792014356780038 0 -1.5396007178390019 0.8888888888888891)) 3 (M 1 2.0943951023931953 0 0)) (M 1 0 0 0.4444444444444443)) (M 1 0 0 -2.220446049250313e-16)))) (color 1 0 0 (T (repeat (T l (M 2.666666666666666 0 -1.333333333333333 1.3333333333333333)) 4 (M 1 1.5707963267948966 0 0)) (M 1 0 0 2.666666666666666)))),triangle,blue,triangle,green,square,red,balanced_data/dim_balanced/totems/dim3/var1/images/447.png
(C (C (color 0 0 1 (T (T (repeat (T l (M 3.0792014356780038 0 -1.5396007178390019 0.8888888888888891)) 3 (M 1 2.0943951023931953 0 0)) (M 1 0 0 0.4444444444444443)) (M 1 0 0 -2.666666666666667))) (color 0 1 0 (T (T (repeat (T l (M 3.0792014356780038 0 -1.5396007178390019 0.8888888888888891)) 3 (M 1 2.0943951023931953 0 0)) (M 1 0 0 0.4444444444444443)) (M 1 0 0 -2.220446049250313e-16)))) (color 0 1 0 (T (repeat (T l (M 2.666666666666666 0 -1.333333333333333 1.3333333333333333)) 4 (M 1 1.5707963267948966 0 0)) (M 1 0 0 2.666666666666666)))),triangle,blue,triangle,green,square,green,balanced_data/dim_balanced/totems/dim3/var1/images/448.png
(C (C (color 0 0 1 (T (T (repeat (T l (M 3.0792014356780038 0 -1.5396007178390019 0.8888888888888891)) 3 (M 1 2.0943951023931953 0 0)) (M 1 0 0 0.4444444444444443)) (M 1 0 0 -2.666666666666667))) (color 0 1 0 (T (T (repeat (T l (M 3.0792014356780038 0 -1.5396007178390019 0.8888888888888891)) 3 (M 1 2.0943951023931953 0 0)) (M 1 0 0 0.4444444444444443)) (M 1 0 0 -2.220446049250313e-16)))) (color 0 0 1 (T (repeat (T l (M 2.666666666666666 0 -1.333333333333333 1.3333333333333333)) 4 (M 1 1.5707963267948966 0 0)) (M 1 0 0 2.666666666666666)))),triangle,blue,triangle,green,square,blue,balanced_data/dim_balanced/totems/dim3/var1/images/449.png
(C (C (color 0 0 1 (T (T (repeat (T l (M 3.0792014356780038 0 -1.5396007178390019 0.8888888888888891)) 3 (M 1 2.0943951023931953 0 0)) (M 1 0 0 0.4444444444444443)) (M 1 0 0 -2.666666666666667))) (color 0 0 1 (T (T (repeat (T l (M 3.0792014356780038 0 -1.5396007178390019 0.8888888888888891)) 3 (M 1 2.0943951023931953 0 0)) (M 1 0 0 0.4444444444444443)) (M 1 0 0 -2.220446049250313e-16)))) (color 1 0 0 (T (repeat (T l (M 0.13975407808810986 0 -0.06987703904405493 1.3333333333333333)) 60 (M 1 0.10471975511965977 0 0)) (M 1 0 0 2.666666666666666)))),triangle,blue,triangle,blue,circle,red,balanced_data/dim_balanced/totems/dim3/var1/images/450.png
(C (C (color 0 0 1 (T (T (repeat (T l (M 3.0792014356780038 0 -1.5396007178390019 0.8888888888888891)) 3 (M 1 2.0943951023931953 0 0)) (M 1 0 0 0.4444444444444443)) (M 1 0 0 -2.666666666666667))) (color 0 0 1 (T (T (repeat (T l (M 3.0792014356780038 0 -1.5396007178390019 0.8888888888888891)) 3 (M 1 2.0943951023931953 0 0)) (M 1 0 0 0.4444444444444443)) (M 1 0 0 -2.220446049250313e-16)))) (color 0 1 0 (T (repeat (T l (M 0.13975407808810986 0 -0.06987703904405493 1.3333333333333333)) 60 (M 1 0.10471975511965977 0 0)) (M 1 0 0 2.666666666666666)))),triangle,blue,triangle,blue,circle,green,balanced_data/dim_balanced/totems/dim3/var1/images/451.png
(C (C (color 0 0 1 (T (T (repeat (T l (M 3.0792014356780038 0 -1.5396007178390019 0.8888888888888891)) 3 (M 1 2.0943951023931953 0 0)) (M 1 0 0 0.4444444444444443)) (M 1 0 0 -2.666666666666667))) (color 0 0 1 (T (T (repeat (T l (M 3.0792014356780038 0 -1.5396007178390019 0.8888888888888891)) 3 (M 1 2.0943951023931953 0 0)) (M 1 0 0 0.4444444444444443)) (M 1 0 0 -2.220446049250313e-16)))) (color 0 0 1 (T (repeat (T l (M 0.13975407808810986 0 -0.06987703904405493 1.3333333333333333)) 60 (M 1 0.10471975511965977 0 0)) (M 1 0 0 2.666666666666666)))),triangle,blue,triangle,blue,circle,blue,balanced_data/dim_balanced/totems/dim3/var1/images/452.png
(C (C (color 0 0 1 (T (T (repeat (T l (M 3.0792014356780038 0 -1.5396007178390019 0.8888888888888891)) 3 (M 1 2.0943951023931953 0 0)) (M 1 0 0 0.4444444444444443)) (M 1 0 0 -2.666666666666667))) (color 0 0 1 (T (T (repeat (T l (M 3.0792014356780038 0 -1.5396007178390019 0.8888888888888891)) 3 (M 1 2.0943951023931953 0 0)) (M 1 0 0 0.4444444444444443)) (M 1 0 0 -2.220446049250313e-16)))) (color 1 0 0 (T (T (repeat (T l (M 3.0792014356780038 0 -1.5396007178390019 0.8888888888888891)) 3 (M 1 2.0943951023931953 0 0)) (M 1 0 0 0.4444444444444443)) (M 1 0 0 2.666666666666666)))),triangle,blue,triangle,blue,triangle,red,balanced_data/dim_balanced/totems/dim3/var1/images/453.png
(C (C (color 0 0 1 (T (T (repeat (T l (M 3.0792014356780038 0 -1.5396007178390019 0.8888888888888891)) 3 (M 1 2.0943951023931953 0 0)) (M 1 0 0 0.4444444444444443)) (M 1 0 0 -2.666666666666667))) (color 0 0 1 (T (T (repeat (T l (M 3.0792014356780038 0 -1.5396007178390019 0.8888888888888891)) 3 (M 1 2.0943951023931953 0 0)) (M 1 0 0 0.4444444444444443)) (M 1 0 0 -2.220446049250313e-16)))) (color 0 1 0 (T (T (repeat (T l (M 3.0792014356780038 0 -1.5396007178390019 0.8888888888888891)) 3 (M 1 2.0943951023931953 0 0)) (M 1 0 0 0.4444444444444443)) (M 1 0 0 2.666666666666666)))),triangle,blue,triangle,blue,triangle,green,balanced_data/dim_balanced/totems/dim3/var1/images/454.png
(C (C (color 0 0 1 (T (T (repeat (T l (M 3.0792014356780038 0 -1.5396007178390019 0.8888888888888891)) 3 (M 1 2.0943951023931953 0 0)) (M 1 0 0 0.4444444444444443)) (M 1 0 0 -2.666666666666667))) (color 0 0 1 (T (T (repeat (T l (M 3.0792014356780038 0 -1.5396007178390019 0.8888888888888891)) 3 (M 1 2.0943951023931953 0 0)) (M 1 0 0 0.4444444444444443)) (M 1 0 0 -2.220446049250313e-16)))) (color 0 0 1 (T (T (repeat (T l (M 3.0792014356780038 0 -1.5396007178390019 0.8888888888888891)) 3 (M 1 2.0943951023931953 0 0)) (M 1 0 0 0.4444444444444443)) (M 1 0 0 2.666666666666666)))),triangle,blue,triangle,blue,triangle,blue,balanced_data/dim_balanced/totems/dim3/var1/images/455.png
(C (C (color 0 0 1 (T (T (repeat (T l (M 3.0792014356780038 0 -1.5396007178390019 0.8888888888888891)) 3 (M 1 2.0943951023931953 0 0)) (M 1 0 0 0.4444444444444443)) (M 1 0 0 -2.666666666666667))) (color 0 0 1 (T (T (repeat (T l (M 3.0792014356780038 0 -1.5396007178390019 0.8888888888888891)) 3 (M 1 2.0943951023931953 0 0)) (M 1 0 0 0.4444444444444443)) (M 1 0 0 -2.220446049250313e-16)))) (color 1 0 0 (T (repeat (T l (M 2.666666666666666 0 -1.333333333333333 1.3333333333333333)) 4 (M 1 1.5707963267948966 0 0)) (M 1 0 0 2.666666666666666)))),triangle,blue,triangle,blue,square,red,balanced_data/dim_balanced/totems/dim3/var1/images/456.png
(C (C (color 0 0 1 (T (T (repeat (T l (M 3.0792014356780038 0 -1.5396007178390019 0.8888888888888891)) 3 (M 1 2.0943951023931953 0 0)) (M 1 0 0 0.4444444444444443)) (M 1 0 0 -2.666666666666667))) (color 0 0 1 (T (T (repeat (T l (M 3.0792014356780038 0 -1.5396007178390019 0.8888888888888891)) 3 (M 1 2.0943951023931953 0 0)) (M 1 0 0 0.4444444444444443)) (M 1 0 0 -2.220446049250313e-16)))) (color 0 1 0 (T (repeat (T l (M 2.666666666666666 0 -1.333333333333333 1.3333333333333333)) 4 (M 1 1.5707963267948966 0 0)) (M 1 0 0 2.666666666666666)))),triangle,blue,triangle,blue,square,green,balanced_data/dim_balanced/totems/dim3/var1/images/457.png
(C (C (color 0 0 1 (T (T (repeat (T l (M 3.0792014356780038 0 -1.5396007178390019 0.8888888888888891)) 3 (M 1 2.0943951023931953 0 0)) (M 1 0 0 0.4444444444444443)) (M 1 0 0 -2.666666666666667))) (color 0 0 1 (T (T (repeat (T l (M 3.0792014356780038 0 -1.5396007178390019 0.8888888888888891)) 3 (M 1 2.0943951023931953 0 0)) (M 1 0 0 0.4444444444444443)) (M 1 0 0 -2.220446049250313e-16)))) (color 0 0 1 (T (repeat (T l (M 2.666666666666666 0 -1.333333333333333 1.3333333333333333)) 4 (M 1 1.5707963267948966 0 0)) (M 1 0 0 2.666666666666666)))),triangle,blue,triangle,blue,square,blue,balanced_data/dim_balanced/totems/dim3/var1/images/458.png
(C (C (color 0 0 1 (T (T (repeat (T l (M 3.0792014356780038 0 -1.5396007178390019 0.8888888888888891)) 3 (M 1 2.0943951023931953 0 0)) (M 1 0 0 0.4444444444444443)) (M 1 0 0 -2.666666666666667))) (color 1 0 0 (T (repeat (T l (M 2.666666666666666 0 -1.333333333333333 1.3333333333333333)) 4 (M 1 1.5707963267948966 0 0)) (M 1 0 0 -2.220446049250313e-16)))) (color 1 0 0 (T (repeat (T l (M 0.13975407808810986 0 -0.06987703904405493 1.3333333333333333)) 60 (M 1 0.10471975511965977 0 0)) (M 1 0 0 2.666666666666666)))),triangle,blue,square,red,circle,red,balanced_data/dim_balanced/totems/dim3/var1/images/459.png
(C (C (color 0 0 1 (T (T (repeat (T l (M 3.0792014356780038 0 -1.5396007178390019 0.8888888888888891)) 3 (M 1 2.0943951023931953 0 0)) (M 1 0 0 0.4444444444444443)) (M 1 0 0 -2.666666666666667))) (color 1 0 0 (T (repeat (T l (M 2.666666666666666 0 -1.333333333333333 1.3333333333333333)) 4 (M 1 1.5707963267948966 0 0)) (M 1 0 0 -2.220446049250313e-16)))) (color 0 1 0 (T (repeat (T l (M 0.13975407808810986 0 -0.06987703904405493 1.3333333333333333)) 60 (M 1 0.10471975511965977 0 0)) (M 1 0 0 2.666666666666666)))),triangle,blue,square,red,circle,green,balanced_data/dim_balanced/totems/dim3/var1/images/460.png
(C (C (color 0 0 1 (T (T (repeat (T l (M 3.0792014356780038 0 -1.5396007178390019 0.8888888888888891)) 3 (M 1 2.0943951023931953 0 0)) (M 1 0 0 0.4444444444444443)) (M 1 0 0 -2.666666666666667))) (color 1 0 0 (T (repeat (T l (M 2.666666666666666 0 -1.333333333333333 1.3333333333333333)) 4 (M 1 1.5707963267948966 0 0)) (M 1 0 0 -2.220446049250313e-16)))) (color 0 0 1 (T (repeat (T l (M 0.13975407808810986 0 -0.06987703904405493 1.3333333333333333)) 60 (M 1 0.10471975511965977 0 0)) (M 1 0 0 2.666666666666666)))),triangle,blue,square,red,circle,blue,balanced_data/dim_balanced/totems/dim3/var1/images/461.png
(C (C (color 0 0 1 (T (T (repeat (T l (M 3.0792014356780038 0 -1.5396007178390019 0.8888888888888891)) 3 (M 1 2.0943951023931953 0 0)) (M 1 0 0 0.4444444444444443)) (M 1 0 0 -2.666666666666667))) (color 1 0 0 (T (repeat (T l (M 2.666666666666666 0 -1.333333333333333 1.3333333333333333)) 4 (M 1 1.5707963267948966 0 0)) (M 1 0 0 -2.220446049250313e-16)))) (color 1 0 0 (T (T (repeat (T l (M 3.0792014356780038 0 -1.5396007178390019 0.8888888888888891)) 3 (M 1 2.0943951023931953 0 0)) (M 1 0 0 0.4444444444444443)) (M 1 0 0 2.666666666666666)))),triangle,blue,square,red,triangle,red,balanced_data/dim_balanced/totems/dim3/var1/images/462.png
(C (C (color 0 0 1 (T (T (repeat (T l (M 3.0792014356780038 0 -1.5396007178390019 0.8888888888888891)) 3 (M 1 2.0943951023931953 0 0)) (M 1 0 0 0.4444444444444443)) (M 1 0 0 -2.666666666666667))) (color 1 0 0 (T (repeat (T l (M 2.666666666666666 0 -1.333333333333333 1.3333333333333333)) 4 (M 1 1.5707963267948966 0 0)) (M 1 0 0 -2.220446049250313e-16)))) (color 0 1 0 (T (T (repeat (T l (M 3.0792014356780038 0 -1.5396007178390019 0.8888888888888891)) 3 (M 1 2.0943951023931953 0 0)) (M 1 0 0 0.4444444444444443)) (M 1 0 0 2.666666666666666)))),triangle,blue,square,red,triangle,green,balanced_data/dim_balanced/totems/dim3/var1/images/463.png
(C (C (color 0 0 1 (T (T (repeat (T l (M 3.0792014356780038 0 -1.5396007178390019 0.8888888888888891)) 3 (M 1 2.0943951023931953 0 0)) (M 1 0 0 0.4444444444444443)) (M 1 0 0 -2.666666666666667))) (color 1 0 0 (T (repeat (T l (M 2.666666666666666 0 -1.333333333333333 1.3333333333333333)) 4 (M 1 1.5707963267948966 0 0)) (M 1 0 0 -2.220446049250313e-16)))) (color 0 0 1 (T (T (repeat (T l (M 3.0792014356780038 0 -1.5396007178390019 0.8888888888888891)) 3 (M 1 2.0943951023931953 0 0)) (M 1 0 0 0.4444444444444443)) (M 1 0 0 2.666666666666666)))),triangle,blue,square,red,triangle,blue,balanced_data/dim_balanced/totems/dim3/var1/images/464.png
(C (C (color 0 0 1 (T (T (repeat (T l (M 3.0792014356780038 0 -1.5396007178390019 0.8888888888888891)) 3 (M 1 2.0943951023931953 0 0)) (M 1 0 0 0.4444444444444443)) (M 1 0 0 -2.666666666666667))) (color 1 0 0 (T (repeat (T l (M 2.666666666666666 0 -1.333333333333333 1.3333333333333333)) 4 (M 1 1.5707963267948966 0 0)) (M 1 0 0 -2.220446049250313e-16)))) (color 1 0 0 (T (repeat (T l (M 2.666666666666666 0 -1.333333333333333 1.3333333333333333)) 4 (M 1 1.5707963267948966 0 0)) (M 1 0 0 2.666666666666666)))),triangle,blue,square,red,square,red,balanced_data/dim_balanced/totems/dim3/var1/images/465.png
(C (C (color 0 0 1 (T (T (repeat (T l (M 3.0792014356780038 0 -1.5396007178390019 0.8888888888888891)) 3 (M 1 2.0943951023931953 0 0)) (M 1 0 0 0.4444444444444443)) (M 1 0 0 -2.666666666666667))) (color 1 0 0 (T (repeat (T l (M 2.666666666666666 0 -1.333333333333333 1.3333333333333333)) 4 (M 1 1.5707963267948966 0 0)) (M 1 0 0 -2.220446049250313e-16)))) (color 0 1 0 (T (repeat (T l (M 2.666666666666666 0 -1.333333333333333 1.3333333333333333)) 4 (M 1 1.5707963267948966 0 0)) (M 1 0 0 2.666666666666666)))),triangle,blue,square,red,square,green,balanced_data/dim_balanced/totems/dim3/var1/images/466.png
(C (C (color 0 0 1 (T (T (repeat (T l (M 3.0792014356780038 0 -1.5396007178390019 0.8888888888888891)) 3 (M 1 2.0943951023931953 0 0)) (M 1 0 0 0.4444444444444443)) (M 1 0 0 -2.666666666666667))) (color 1 0 0 (T (repeat (T l (M 2.666666666666666 0 -1.333333333333333 1.3333333333333333)) 4 (M 1 1.5707963267948966 0 0)) (M 1 0 0 -2.220446049250313e-16)))) (color 0 0 1 (T (repeat (T l (M 2.666666666666666 0 -1.333333333333333 1.3333333333333333)) 4 (M 1 1.5707963267948966 0 0)) (M 1 0 0 2.666666666666666)))),triangle,blue,square,red,square,blue,balanced_data/dim_balanced/totems/dim3/var1/images/467.png
(C (C (color 0 0 1 (T (T (repeat (T l (M 3.0792014356780038 0 -1.5396007178390019 0.8888888888888891)) 3 (M 1 2.0943951023931953 0 0)) (M 1 0 0 0.4444444444444443)) (M 1 0 0 -2.666666666666667))) (color 0 1 0 (T (repeat (T l (M 2.666666666666666 0 -1.333333333333333 1.3333333333333333)) 4 (M 1 1.5707963267948966 0 0)) (M 1 0 0 -2.220446049250313e-16)))) (color 1 0 0 (T (repeat (T l (M 0.13975407808810986 0 -0.06987703904405493 1.3333333333333333)) 60 (M 1 0.10471975511965977 0 0)) (M 1 0 0 2.666666666666666)))),triangle,blue,square,green,circle,red,balanced_data/dim_balanced/totems/dim3/var1/images/468.png
(C (C (color 0 0 1 (T (T (repeat (T l (M 3.0792014356780038 0 -1.5396007178390019 0.8888888888888891)) 3 (M 1 2.0943951023931953 0 0)) (M 1 0 0 0.4444444444444443)) (M 1 0 0 -2.666666666666667))) (color 0 1 0 (T (repeat (T l (M 2.666666666666666 0 -1.333333333333333 1.3333333333333333)) 4 (M 1 1.5707963267948966 0 0)) (M 1 0 0 -2.220446049250313e-16)))) (color 0 1 0 (T (repeat (T l (M 0.13975407808810986 0 -0.06987703904405493 1.3333333333333333)) 60 (M 1 0.10471975511965977 0 0)) (M 1 0 0 2.666666666666666)))),triangle,blue,square,green,circle,green,balanced_data/dim_balanced/totems/dim3/var1/images/469.png
(C (C (color 0 0 1 (T (T (repeat (T l (M 3.0792014356780038 0 -1.5396007178390019 0.8888888888888891)) 3 (M 1 2.0943951023931953 0 0)) (M 1 0 0 0.4444444444444443)) (M 1 0 0 -2.666666666666667))) (color 0 1 0 (T (repeat (T l (M 2.666666666666666 0 -1.333333333333333 1.3333333333333333)) 4 (M 1 1.5707963267948966 0 0)) (M 1 0 0 -2.220446049250313e-16)))) (color 0 0 1 (T (repeat (T l (M 0.13975407808810986 0 -0.06987703904405493 1.3333333333333333)) 60 (M 1 0.10471975511965977 0 0)) (M 1 0 0 2.666666666666666)))),triangle,blue,square,green,circle,blue,balanced_data/dim_balanced/totems/dim3/var1/images/470.png
(C (C (color 0 0 1 (T (T (repeat (T l (M 3.0792014356780038 0 -1.5396007178390019 0.8888888888888891)) 3 (M 1 2.0943951023931953 0 0)) (M 1 0 0 0.4444444444444443)) (M 1 0 0 -2.666666666666667))) (color 0 1 0 (T (repeat (T l (M 2.666666666666666 0 -1.333333333333333 1.3333333333333333)) 4 (M 1 1.5707963267948966 0 0)) (M 1 0 0 -2.220446049250313e-16)))) (color 1 0 0 (T (T (repeat (T l (M 3.0792014356780038 0 -1.5396007178390019 0.8888888888888891)) 3 (M 1 2.0943951023931953 0 0)) (M 1 0 0 0.4444444444444443)) (M 1 0 0 2.666666666666666)))),triangle,blue,square,green,triangle,red,balanced_data/dim_balanced/totems/dim3/var1/images/471.png
(C (C (color 0 0 1 (T (T (repeat (T l (M 3.0792014356780038 0 -1.5396007178390019 0.8888888888888891)) 3 (M 1 2.0943951023931953 0 0)) (M 1 0 0 0.4444444444444443)) (M 1 0 0 -2.666666666666667))) (color 0 1 0 (T (repeat (T l (M 2.666666666666666 0 -1.333333333333333 1.3333333333333333)) 4 (M 1 1.5707963267948966 0 0)) (M 1 0 0 -2.220446049250313e-16)))) (color 0 1 0 (T (T (repeat (T l (M 3.0792014356780038 0 -1.5396007178390019 0.8888888888888891)) 3 (M 1 2.0943951023931953 0 0)) (M 1 0 0 0.4444444444444443)) (M 1 0 0 2.666666666666666)))),triangle,blue,square,green,triangle,green,balanced_data/dim_balanced/totems/dim3/var1/images/472.png
(C (C (color 0 0 1 (T (T (repeat (T l (M 3.0792014356780038 0 -1.5396007178390019 0.8888888888888891)) 3 (M 1 2.0943951023931953 0 0)) (M 1 0 0 0.4444444444444443)) (M 1 0 0 -2.666666666666667))) (color 0 1 0 (T (repeat (T l (M 2.666666666666666 0 -1.333333333333333 1.3333333333333333)) 4 (M 1 1.5707963267948966 0 0)) (M 1 0 0 -2.220446049250313e-16)))) (color 0 0 1 (T (T (repeat (T l (M 3.0792014356780038 0 -1.5396007178390019 0.8888888888888891)) 3 (M 1 2.0943951023931953 0 0)) (M 1 0 0 0.4444444444444443)) (M 1 0 0 2.666666666666666)))),triangle,blue,square,green,triangle,blue,balanced_data/dim_balanced/totems/dim3/var1/images/473.png
(C (C (color 0 0 1 (T (T (repeat (T l (M 3.0792014356780038 0 -1.5396007178390019 0.8888888888888891)) 3 (M 1 2.0943951023931953 0 0)) (M 1 0 0 0.4444444444444443)) (M 1 0 0 -2.666666666666667))) (color 0 1 0 (T (repeat (T l (M 2.666666666666666 0 -1.333333333333333 1.3333333333333333)) 4 (M 1 1.5707963267948966 0 0)) (M 1 0 0 -2.220446049250313e-16)))) (color 1 0 0 (T (repeat (T l (M 2.666666666666666 0 -1.333333333333333 1.3333333333333333)) 4 (M 1 1.5707963267948966 0 0)) (M 1 0 0 2.666666666666666)))),triangle,blue,square,green,square,red,balanced_data/dim_balanced/totems/dim3/var1/images/474.png
(C (C (color 0 0 1 (T (T (repeat (T l (M 3.0792014356780038 0 -1.5396007178390019 0.8888888888888891)) 3 (M 1 2.0943951023931953 0 0)) (M 1 0 0 0.4444444444444443)) (M 1 0 0 -2.666666666666667))) (color 0 1 0 (T (repeat (T l (M 2.666666666666666 0 -1.333333333333333 1.3333333333333333)) 4 (M 1 1.5707963267948966 0 0)) (M 1 0 0 -2.220446049250313e-16)))) (color 0 1 0 (T (repeat (T l (M 2.666666666666666 0 -1.333333333333333 1.3333333333333333)) 4 (M 1 1.5707963267948966 0 0)) (M 1 0 0 2.666666666666666)))),triangle,blue,square,green,square,green,balanced_data/dim_balanced/totems/dim3/var1/images/475.png
(C (C (color 0 0 1 (T (T (repeat (T l (M 3.0792014356780038 0 -1.5396007178390019 0.8888888888888891)) 3 (M 1 2.0943951023931953 0 0)) (M 1 0 0 0.4444444444444443)) (M 1 0 0 -2.666666666666667))) (color 0 1 0 (T (repeat (T l (M 2.666666666666666 0 -1.333333333333333 1.3333333333333333)) 4 (M 1 1.5707963267948966 0 0)) (M 1 0 0 -2.220446049250313e-16)))) (color 0 0 1 (T (repeat (T l (M 2.666666666666666 0 -1.333333333333333 1.3333333333333333)) 4 (M 1 1.5707963267948966 0 0)) (M 1 0 0 2.666666666666666)))),triangle,blue,square,green,square,blue,balanced_data/dim_balanced/totems/dim3/var1/images/476.png
(C (C (color 0 0 1 (T (T (repeat (T l (M 3.0792014356780038 0 -1.5396007178390019 0.8888888888888891)) 3 (M 1 2.0943951023931953 0 0)) (M 1 0 0 0.4444444444444443)) (M 1 0 0 -2.666666666666667))) (color 0 0 1 (T (repeat (T l (M 2.666666666666666 0 -1.333333333333333 1.3333333333333333)) 4 (M 1 1.5707963267948966 0 0)) (M 1 0 0 -2.220446049250313e-16)))) (color 1 0 0 (T (repeat (T l (M 0.13975407808810986 0 -0.06987703904405493 1.3333333333333333)) 60 (M 1 0.10471975511965977 0 0)) (M 1 0 0 2.666666666666666)))),triangle,blue,square,blue,circle,red,balanced_data/dim_balanced/totems/dim3/var1/images/477.png
(C (C (color 0 0 1 (T (T (repeat (T l (M 3.0792014356780038 0 -1.5396007178390019 0.8888888888888891)) 3 (M 1 2.0943951023931953 0 0)) (M 1 0 0 0.4444444444444443)) (M 1 0 0 -2.666666666666667))) (color 0 0 1 (T (repeat (T l (M 2.666666666666666 0 -1.333333333333333 1.3333333333333333)) 4 (M 1 1.5707963267948966 0 0)) (M 1 0 0 -2.220446049250313e-16)))) (color 0 1 0 (T (repeat (T l (M 0.13975407808810986 0 -0.06987703904405493 1.3333333333333333)) 60 (M 1 0.10471975511965977 0 0)) (M 1 0 0 2.666666666666666)))),triangle,blue,square,blue,circle,green,balanced_data/dim_balanced/totems/dim3/var1/images/478.png
(C (C (color 0 0 1 (T (T (repeat (T l (M 3.0792014356780038 0 -1.5396007178390019 0.8888888888888891)) 3 (M 1 2.0943951023931953 0 0)) (M 1 0 0 0.4444444444444443)) (M 1 0 0 -2.666666666666667))) (color 0 0 1 (T (repeat (T l (M 2.666666666666666 0 -1.333333333333333 1.3333333333333333)) 4 (M 1 1.5707963267948966 0 0)) (M 1 0 0 -2.220446049250313e-16)))) (color 0 0 1 (T (repeat (T l (M 0.13975407808810986 0 -0.06987703904405493 1.3333333333333333)) 60 (M 1 0.10471975511965977 0 0)) (M 1 0 0 2.666666666666666)))),triangle,blue,square,blue,circle,blue,balanced_data/dim_balanced/totems/dim3/var1/images/479.png
(C (C (color 0 0 1 (T (T (repeat (T l (M 3.0792014356780038 0 -1.5396007178390019 0.8888888888888891)) 3 (M 1 2.0943951023931953 0 0)) (M 1 0 0 0.4444444444444443)) (M 1 0 0 -2.666666666666667))) (color 0 0 1 (T (repeat (T l (M 2.666666666666666 0 -1.333333333333333 1.3333333333333333)) 4 (M 1 1.5707963267948966 0 0)) (M 1 0 0 -2.220446049250313e-16)))) (color 1 0 0 (T (T (repeat (T l (M 3.0792014356780038 0 -1.5396007178390019 0.8888888888888891)) 3 (M 1 2.0943951023931953 0 0)) (M 1 0 0 0.4444444444444443)) (M 1 0 0 2.666666666666666)))),triangle,blue,square,blue,triangle,red,balanced_data/dim_balanced/totems/dim3/var1/images/480.png
(C (C (color 0 0 1 (T (T (repeat (T l (M 3.0792014356780038 0 -1.5396007178390019 0.8888888888888891)) 3 (M 1 2.0943951023931953 0 0)) (M 1 0 0 0.4444444444444443)) (M 1 0 0 -2.666666666666667))) (color 0 0 1 (T (repeat (T l (M 2.666666666666666 0 -1.333333333333333 1.3333333333333333)) 4 (M 1 1.5707963267948966 0 0)) (M 1 0 0 -2.220446049250313e-16)))) (color 0 1 0 (T (T (repeat (T l (M 3.0792014356780038 0 -1.5396007178390019 0.8888888888888891)) 3 (M 1 2.0943951023931953 0 0)) (M 1 0 0 0.4444444444444443)) (M 1 0 0 2.666666666666666)))),triangle,blue,square,blue,triangle,green,balanced_data/dim_balanced/totems/dim3/var1/images/481.png
(C (C (color 0 0 1 (T (T (repeat (T l (M 3.0792014356780038 0 -1.5396007178390019 0.8888888888888891)) 3 (M 1 2.0943951023931953 0 0)) (M 1 0 0 0.4444444444444443)) (M 1 0 0 -2.666666666666667))) (color 0 0 1 (T (repeat (T l (M 2.666666666666666 0 -1.333333333333333 1.3333333333333333)) 4 (M 1 1.5707963267948966 0 0)) (M 1 0 0 -2.220446049250313e-16)))) (color 0 0 1 (T (T (repeat (T l (M 3.0792014356780038 0 -1.5396007178390019 0.8888888888888891)) 3 (M 1 2.0943951023931953 0 0)) (M 1 0 0 0.4444444444444443)) (M 1 0 0 2.666666666666666)))),triangle,blue,square,blue,triangle,blue,balanced_data/dim_balanced/totems/dim3/var1/images/482.png
(C (C (color 0 0 1 (T (T (repeat (T l (M 3.0792014356780038 0 -1.5396007178390019 0.8888888888888891)) 3 (M 1 2.0943951023931953 0 0)) (M 1 0 0 0.4444444444444443)) (M 1 0 0 -2.666666666666667))) (color 0 0 1 (T (repeat (T l (M 2.666666666666666 0 -1.333333333333333 1.3333333333333333)) 4 (M 1 1.5707963267948966 0 0)) (M 1 0 0 -2.220446049250313e-16)))) (color 1 0 0 (T (repeat (T l (M 2.666666666666666 0 -1.333333333333333 1.3333333333333333)) 4 (M 1 1.5707963267948966 0 0)) (M 1 0 0 2.666666666666666)))),triangle,blue,square,blue,square,red,balanced_data/dim_balanced/totems/dim3/var1/images/483.png
(C (C (color 0 0 1 (T (T (repeat (T l (M 3.0792014356780038 0 -1.5396007178390019 0.8888888888888891)) 3 (M 1 2.0943951023931953 0 0)) (M 1 0 0 0.4444444444444443)) (M 1 0 0 -2.666666666666667))) (color 0 0 1 (T (repeat (T l (M 2.666666666666666 0 -1.333333333333333 1.3333333333333333)) 4 (M 1 1.5707963267948966 0 0)) (M 1 0 0 -2.220446049250313e-16)))) (color 0 1 0 (T (repeat (T l (M 2.666666666666666 0 -1.333333333333333 1.3333333333333333)) 4 (M 1 1.5707963267948966 0 0)) (M 1 0 0 2.666666666666666)))),triangle,blue,square,blue,square,green,balanced_data/dim_balanced/totems/dim3/var1/images/484.png
(C (C (color 0 0 1 (T (T (repeat (T l (M 3.0792014356780038 0 -1.5396007178390019 0.8888888888888891)) 3 (M 1 2.0943951023931953 0 0)) (M 1 0 0 0.4444444444444443)) (M 1 0 0 -2.666666666666667))) (color 0 0 1 (T (repeat (T l (M 2.666666666666666 0 -1.333333333333333 1.3333333333333333)) 4 (M 1 1.5707963267948966 0 0)) (M 1 0 0 -2.220446049250313e-16)))) (color 0 0 1 (T (repeat (T l (M 2.666666666666666 0 -1.333333333333333 1.3333333333333333)) 4 (M 1 1.5707963267948966 0 0)) (M 1 0 0 2.666666666666666)))),triangle,blue,square,blue,square,blue,balanced_data/dim_balanced/totems/dim3/var1/images/485.png
(C (C (color 1 0 0 (T (repeat (T l (M 2.666666666666666 0 -1.333333333333333 1.3333333333333333)) 4 (M 1 1.5707963267948966 0 0)) (M 1 0 0 -2.666666666666667))) (color 1 0 0 (T (repeat (T l (M 0.13975407808810986 0 -0.06987703904405493 1.3333333333333333)) 60 (M 1 0.10471975511965977 0 0)) (M 1 0 0 -2.220446049250313e-16)))) (color 1 0 0 (T (repeat (T l (M 0.13975407808810986 0 -0.06987703904405493 1.3333333333333333)) 60 (M 1 0.10471975511965977 0 0)) (M 1 0 0 2.666666666666666)))),square,red,circle,red,circle,red,balanced_data/dim_balanced/totems/dim3/var1/images/486.png
(C (C (color 1 0 0 (T (repeat (T l (M 2.666666666666666 0 -1.333333333333333 1.3333333333333333)) 4 (M 1 1.5707963267948966 0 0)) (M 1 0 0 -2.666666666666667))) (color 1 0 0 (T (repeat (T l (M 0.13975407808810986 0 -0.06987703904405493 1.3333333333333333)) 60 (M 1 0.10471975511965977 0 0)) (M 1 0 0 -2.220446049250313e-16)))) (color 0 1 0 (T (repeat (T l (M 0.13975407808810986 0 -0.06987703904405493 1.3333333333333333)) 60 (M 1 0.10471975511965977 0 0)) (M 1 0 0 2.666666666666666)))),square,red,circle,red,circle,green,balanced_data/dim_balanced/totems/dim3/var1/images/487.png
(C (C (color 1 0 0 (T (repeat (T l (M 2.666666666666666 0 -1.333333333333333 1.3333333333333333)) 4 (M 1 1.5707963267948966 0 0)) (M 1 0 0 -2.666666666666667))) (color 1 0 0 (T (repeat (T l (M 0.13975407808810986 0 -0.06987703904405493 1.3333333333333333)) 60 (M 1 0.10471975511965977 0 0)) (M 1 0 0 -2.220446049250313e-16)))) (color 0 0 1 (T (repeat (T l (M 0.13975407808810986 0 -0.06987703904405493 1.3333333333333333)) 60 (M 1 0.10471975511965977 0 0)) (M 1 0 0 2.666666666666666)))),square,red,circle,red,circle,blue,balanced_data/dim_balanced/totems/dim3/var1/images/488.png
(C (C (color 1 0 0 (T (repeat (T l (M 2.666666666666666 0 -1.333333333333333 1.3333333333333333)) 4 (M 1 1.5707963267948966 0 0)) (M 1 0 0 -2.666666666666667))) (color 1 0 0 (T (repeat (T l (M 0.13975407808810986 0 -0.06987703904405493 1.3333333333333333)) 60 (M 1 0.10471975511965977 0 0)) (M 1 0 0 -2.220446049250313e-16)))) (color 1 0 0 (T (T (repeat (T l (M 3.0792014356780038 0 -1.5396007178390019 0.8888888888888891)) 3 (M 1 2.0943951023931953 0 0)) (M 1 0 0 0.4444444444444443)) (M 1 0 0 2.666666666666666)))),square,red,circle,red,triangle,red,balanced_data/dim_balanced/totems/dim3/var1/images/489.png
(C (C (color 1 0 0 (T (repeat (T l (M 2.666666666666666 0 -1.333333333333333 1.3333333333333333)) 4 (M 1 1.5707963267948966 0 0)) (M 1 0 0 -2.666666666666667))) (color 1 0 0 (T (repeat (T l (M 0.13975407808810986 0 -0.06987703904405493 1.3333333333333333)) 60 (M 1 0.10471975511965977 0 0)) (M 1 0 0 -2.220446049250313e-16)))) (color 0 1 0 (T (T (repeat (T l (M 3.0792014356780038 0 -1.5396007178390019 0.8888888888888891)) 3 (M 1 2.0943951023931953 0 0)) (M 1 0 0 0.4444444444444443)) (M 1 0 0 2.666666666666666)))),square,red,circle,red,triangle,green,balanced_data/dim_balanced/totems/dim3/var1/images/490.png
(C (C (color 1 0 0 (T (repeat (T l (M 2.666666666666666 0 -1.333333333333333 1.3333333333333333)) 4 (M 1 1.5707963267948966 0 0)) (M 1 0 0 -2.666666666666667))) (color 1 0 0 (T (repeat (T l (M 0.13975407808810986 0 -0.06987703904405493 1.3333333333333333)) 60 (M 1 0.10471975511965977 0 0)) (M 1 0 0 -2.220446049250313e-16)))) (color 0 0 1 (T (T (repeat (T l (M 3.0792014356780038 0 -1.5396007178390019 0.8888888888888891)) 3 (M 1 2.0943951023931953 0 0)) (M 1 0 0 0.4444444444444443)) (M 1 0 0 2.666666666666666)))),square,red,circle,red,triangle,blue,balanced_data/dim_balanced/totems/dim3/var1/images/491.png
(C (C (color 1 0 0 (T (repeat (T l (M 2.666666666666666 0 -1.333333333333333 1.3333333333333333)) 4 (M 1 1.5707963267948966 0 0)) (M 1 0 0 -2.666666666666667))) (color 1 0 0 (T (repeat (T l (M 0.13975407808810986 0 -0.06987703904405493 1.3333333333333333)) 60 (M 1 0.10471975511965977 0 0)) (M 1 0 0 -2.220446049250313e-16)))) (color 1 0 0 (T (repeat (T l (M 2.666666666666666 0 -1.333333333333333 1.3333333333333333)) 4 (M 1 1.5707963267948966 0 0)) (M 1 0 0 2.666666666666666)))),square,red,circle,red,square,red,balanced_data/dim_balanced/totems/dim3/var1/images/492.png
(C (C (color 1 0 0 (T (repeat (T l (M 2.666666666666666 0 -1.333333333333333 1.3333333333333333)) 4 (M 1 1.5707963267948966 0 0)) (M 1 0 0 -2.666666666666667))) (color 1 0 0 (T (repeat (T l (M 0.13975407808810986 0 -0.06987703904405493 1.3333333333333333)) 60 (M 1 0.10471975511965977 0 0)) (M 1 0 0 -2.220446049250313e-16)))) (color 0 1 0 (T (repeat (T l (M 2.666666666666666 0 -1.333333333333333 1.3333333333333333)) 4 (M 1 1.5707963267948966 0 0)) (M 1 0 0 2.666666666666666)))),square,red,circle,red,square,green,balanced_data/dim_balanced/totems/dim3/var1/images/493.png
(C (C (color 1 0 0 (T (repeat (T l (M 2.666666666666666 0 -1.333333333333333 1.3333333333333333)) 4 (M 1 1.5707963267948966 0 0)) (M 1 0 0 -2.666666666666667))) (color 1 0 0 (T (repeat (T l (M 0.13975407808810986 0 -0.06987703904405493 1.3333333333333333)) 60 (M 1 0.10471975511965977 0 0)) (M 1 0 0 -2.220446049250313e-16)))) (color 0 0 1 (T (repeat (T l (M 2.666666666666666 0 -1.333333333333333 1.3333333333333333)) 4 (M 1 1.5707963267948966 0 0)) (M 1 0 0 2.666666666666666)))),square,red,circle,red,square,blue,balanced_data/dim_balanced/totems/dim3/var1/images/494.png
(C (C (color 1 0 0 (T (repeat (T l (M 2.666666666666666 0 -1.333333333333333 1.3333333333333333)) 4 (M 1 1.5707963267948966 0 0)) (M 1 0 0 -2.666666666666667))) (color 0 1 0 (T (repeat (T l (M 0.13975407808810986 0 -0.06987703904405493 1.3333333333333333)) 60 (M 1 0.10471975511965977 0 0)) (M 1 0 0 -2.220446049250313e-16)))) (color 1 0 0 (T (repeat (T l (M 0.13975407808810986 0 -0.06987703904405493 1.3333333333333333)) 60 (M 1 0.10471975511965977 0 0)) (M 1 0 0 2.666666666666666)))),square,red,circle,green,circle,red,balanced_data/dim_balanced/totems/dim3/var1/images/495.png
(C (C (color 1 0 0 (T (repeat (T l (M 2.666666666666666 0 -1.333333333333333 1.3333333333333333)) 4 (M 1 1.5707963267948966 0 0)) (M 1 0 0 -2.666666666666667))) (color 0 1 0 (T (repeat (T l (M 0.13975407808810986 0 -0.06987703904405493 1.3333333333333333)) 60 (M 1 0.10471975511965977 0 0)) (M 1 0 0 -2.220446049250313e-16)))) (color 0 1 0 (T (repeat (T l (M 0.13975407808810986 0 -0.06987703904405493 1.3333333333333333)) 60 (M 1 0.10471975511965977 0 0)) (M 1 0 0 2.666666666666666)))),square,red,circle,green,circle,green,balanced_data/dim_balanced/totems/dim3/var1/images/496.png
(C (C (color 1 0 0 (T (repeat (T l (M 2.666666666666666 0 -1.333333333333333 1.3333333333333333)) 4 (M 1 1.5707963267948966 0 0)) (M 1 0 0 -2.666666666666667))) (color 0 1 0 (T (repeat (T l (M 0.13975407808810986 0 -0.06987703904405493 1.3333333333333333)) 60 (M 1 0.10471975511965977 0 0)) (M 1 0 0 -2.220446049250313e-16)))) (color 0 0 1 (T (repeat (T l (M 0.13975407808810986 0 -0.06987703904405493 1.3333333333333333)) 60 (M 1 0.10471975511965977 0 0)) (M 1 0 0 2.666666666666666)))),square,red,circle,green,circle,blue,balanced_data/dim_balanced/totems/dim3/var1/images/497.png
(C (C (color 1 0 0 (T (repeat (T l (M 2.666666666666666 0 -1.333333333333333 1.3333333333333333)) 4 (M 1 1.5707963267948966 0 0)) (M 1 0 0 -2.666666666666667))) (color 0 1 0 (T (repeat (T l (M 0.13975407808810986 0 -0.06987703904405493 1.3333333333333333)) 60 (M 1 0.10471975511965977 0 0)) (M 1 0 0 -2.220446049250313e-16)))) (color 1 0 0 (T (T (repeat (T l (M 3.0792014356780038 0 -1.5396007178390019 0.8888888888888891)) 3 (M 1 2.0943951023931953 0 0)) (M 1 0 0 0.4444444444444443)) (M 1 0 0 2.666666666666666)))),square,red,circle,green,triangle,red,balanced_data/dim_balanced/totems/dim3/var1/images/498.png
(C (C (color 1 0 0 (T (repeat (T l (M 2.666666666666666 0 -1.333333333333333 1.3333333333333333)) 4 (M 1 1.5707963267948966 0 0)) (M 1 0 0 -2.666666666666667))) (color 0 1 0 (T (repeat (T l (M 0.13975407808810986 0 -0.06987703904405493 1.3333333333333333)) 60 (M 1 0.10471975511965977 0 0)) (M 1 0 0 -2.220446049250313e-16)))) (color 0 1 0 (T (T (repeat (T l (M 3.0792014356780038 0 -1.5396007178390019 0.8888888888888891)) 3 (M 1 2.0943951023931953 0 0)) (M 1 0 0 0.4444444444444443)) (M 1 0 0 2.666666666666666)))),square,red,circle,green,triangle,green,balanced_data/dim_balanced/totems/dim3/var1/images/499.png
(C (C (color 1 0 0 (T (repeat (T l (M 2.666666666666666 0 -1.333333333333333 1.3333333333333333)) 4 (M 1 1.5707963267948966 0 0)) (M 1 0 0 -2.666666666666667))) (color 0 1 0 (T (repeat (T l (M 0.13975407808810986 0 -0.06987703904405493 1.3333333333333333)) 60 (M 1 0.10471975511965977 0 0)) (M 1 0 0 -2.220446049250313e-16)))) (color 0 0 1 (T (T (repeat (T l (M 3.0792014356780038 0 -1.5396007178390019 0.8888888888888891)) 3 (M 1 2.0943951023931953 0 0)) (M 1 0 0 0.4444444444444443)) (M 1 0 0 2.666666666666666)))),square,red,circle,green,triangle,blue,balanced_data/dim_balanced/totems/dim3/var1/images/500.png
(C (C (color 1 0 0 (T (repeat (T l (M 2.666666666666666 0 -1.333333333333333 1.3333333333333333)) 4 (M 1 1.5707963267948966 0 0)) (M 1 0 0 -2.666666666666667))) (color 0 1 0 (T (repeat (T l (M 0.13975407808810986 0 -0.06987703904405493 1.3333333333333333)) 60 (M 1 0.10471975511965977 0 0)) (M 1 0 0 -2.220446049250313e-16)))) (color 1 0 0 (T (repeat (T l (M 2.666666666666666 0 -1.333333333333333 1.3333333333333333)) 4 (M 1 1.5707963267948966 0 0)) (M 1 0 0 2.666666666666666)))),square,red,circle,green,square,red,balanced_data/dim_balanced/totems/dim3/var1/images/501.png
(C (C (color 1 0 0 (T (repeat (T l (M 2.666666666666666 0 -1.333333333333333 1.3333333333333333)) 4 (M 1 1.5707963267948966 0 0)) (M 1 0 0 -2.666666666666667))) (color 0 1 0 (T (repeat (T l (M 0.13975407808810986 0 -0.06987703904405493 1.3333333333333333)) 60 (M 1 0.10471975511965977 0 0)) (M 1 0 0 -2.220446049250313e-16)))) (color 0 1 0 (T (repeat (T l (M 2.666666666666666 0 -1.333333333333333 1.3333333333333333)) 4 (M 1 1.5707963267948966 0 0)) (M 1 0 0 2.666666666666666)))),square,red,circle,green,square,green,balanced_data/dim_balanced/totems/dim3/var1/images/502.png
(C (C (color 1 0 0 (T (repeat (T l (M 2.666666666666666 0 -1.333333333333333 1.3333333333333333)) 4 (M 1 1.5707963267948966 0 0)) (M 1 0 0 -2.666666666666667))) (color 0 1 0 (T (repeat (T l (M 0.13975407808810986 0 -0.06987703904405493 1.3333333333333333)) 60 (M 1 0.10471975511965977 0 0)) (M 1 0 0 -2.220446049250313e-16)))) (color 0 0 1 (T (repeat (T l (M 2.666666666666666 0 -1.333333333333333 1.3333333333333333)) 4 (M 1 1.5707963267948966 0 0)) (M 1 0 0 2.666666666666666)))),square,red,circle,green,square,blue,balanced_data/dim_balanced/totems/dim3/var1/images/503.png
(C (C (color 1 0 0 (T (repeat (T l (M 2.666666666666666 0 -1.333333333333333 1.3333333333333333)) 4 (M 1 1.5707963267948966 0 0)) (M 1 0 0 -2.666666666666667))) (color 0 0 1 (T (repeat (T l (M 0.13975407808810986 0 -0.06987703904405493 1.3333333333333333)) 60 (M 1 0.10471975511965977 0 0)) (M 1 0 0 -2.220446049250313e-16)))) (color 1 0 0 (T (repeat (T l (M 0.13975407808810986 0 -0.06987703904405493 1.3333333333333333)) 60 (M 1 0.10471975511965977 0 0)) (M 1 0 0 2.666666666666666)))),square,red,circle,blue,circle,red,balanced_data/dim_balanced/totems/dim3/var1/images/504.png
(C (C (color 1 0 0 (T (repeat (T l (M 2.666666666666666 0 -1.333333333333333 1.3333333333333333)) 4 (M 1 1.5707963267948966 0 0)) (M 1 0 0 -2.666666666666667))) (color 0 0 1 (T (repeat (T l (M 0.13975407808810986 0 -0.06987703904405493 1.3333333333333333)) 60 (M 1 0.10471975511965977 0 0)) (M 1 0 0 -2.220446049250313e-16)))) (color 0 1 0 (T (repeat (T l (M 0.13975407808810986 0 -0.06987703904405493 1.3333333333333333)) 60 (M 1 0.10471975511965977 0 0)) (M 1 0 0 2.666666666666666)))),square,red,circle,blue,circle,green,balanced_data/dim_balanced/totems/dim3/var1/images/505.png
(C (C (color 1 0 0 (T (repeat (T l (M 2.666666666666666 0 -1.333333333333333 1.3333333333333333)) 4 (M 1 1.5707963267948966 0 0)) (M 1 0 0 -2.666666666666667))) (color 0 0 1 (T (repeat (T l (M 0.13975407808810986 0 -0.06987703904405493 1.3333333333333333)) 60 (M 1 0.10471975511965977 0 0)) (M 1 0 0 -2.220446049250313e-16)))) (color 0 0 1 (T (repeat (T l (M 0.13975407808810986 0 -0.06987703904405493 1.3333333333333333)) 60 (M 1 0.10471975511965977 0 0)) (M 1 0 0 2.666666666666666)))),square,red,circle,blue,circle,blue,balanced_data/dim_balanced/totems/dim3/var1/images/506.png
(C (C (color 1 0 0 (T (repeat (T l (M 2.666666666666666 0 -1.333333333333333 1.3333333333333333)) 4 (M 1 1.5707963267948966 0 0)) (M 1 0 0 -2.666666666666667))) (color 0 0 1 (T (repeat (T l (M 0.13975407808810986 0 -0.06987703904405493 1.3333333333333333)) 60 (M 1 0.10471975511965977 0 0)) (M 1 0 0 -2.220446049250313e-16)))) (color 1 0 0 (T (T (repeat (T l (M 3.0792014356780038 0 -1.5396007178390019 0.8888888888888891)) 3 (M 1 2.0943951023931953 0 0)) (M 1 0 0 0.4444444444444443)) (M 1 0 0 2.666666666666666)))),square,red,circle,blue,triangle,red,balanced_data/dim_balanced/totems/dim3/var1/images/507.png
(C (C (color 1 0 0 (T (repeat (T l (M 2.666666666666666 0 -1.333333333333333 1.3333333333333333)) 4 (M 1 1.5707963267948966 0 0)) (M 1 0 0 -2.666666666666667))) (color 0 0 1 (T (repeat (T l (M 0.13975407808810986 0 -0.06987703904405493 1.3333333333333333)) 60 (M 1 0.10471975511965977 0 0)) (M 1 0 0 -2.220446049250313e-16)))) (color 0 1 0 (T (T (repeat (T l (M 3.0792014356780038 0 -1.5396007178390019 0.8888888888888891)) 3 (M 1 2.0943951023931953 0 0)) (M 1 0 0 0.4444444444444443)) (M 1 0 0 2.666666666666666)))),square,red,circle,blue,triangle,green,balanced_data/dim_balanced/totems/dim3/var1/images/508.png
(C (C (color 1 0 0 (T (repeat (T l (M 2.666666666666666 0 -1.333333333333333 1.3333333333333333)) 4 (M 1 1.5707963267948966 0 0)) (M 1 0 0 -2.666666666666667))) (color 0 0 1 (T (repeat (T l (M 0.13975407808810986 0 -0.06987703904405493 1.3333333333333333)) 60 (M 1 0.10471975511965977 0 0)) (M 1 0 0 -2.220446049250313e-16)))) (color 0 0 1 (T (T (repeat (T l (M 3.0792014356780038 0 -1.5396007178390019 0.8888888888888891)) 3 (M 1 2.0943951023931953 0 0)) (M 1 0 0 0.4444444444444443)) (M 1 0 0 2.666666666666666)))),square,red,circle,blue,triangle,blue,balanced_data/dim_balanced/totems/dim3/var1/images/509.png
(C (C (color 1 0 0 (T (repeat (T l (M 2.666666666666666 0 -1.333333333333333 1.3333333333333333)) 4 (M 1 1.5707963267948966 0 0)) (M 1 0 0 -2.666666666666667))) (color 0 0 1 (T (repeat (T l (M 0.13975407808810986 0 -0.06987703904405493 1.3333333333333333)) 60 (M 1 0.10471975511965977 0 0)) (M 1 0 0 -2.220446049250313e-16)))) (color 1 0 0 (T (repeat (T l (M 2.666666666666666 0 -1.333333333333333 1.3333333333333333)) 4 (M 1 1.5707963267948966 0 0)) (M 1 0 0 2.666666666666666)))),square,red,circle,blue,square,red,balanced_data/dim_balanced/totems/dim3/var1/images/510.png
(C (C (color 1 0 0 (T (repeat (T l (M 2.666666666666666 0 -1.333333333333333 1.3333333333333333)) 4 (M 1 1.5707963267948966 0 0)) (M 1 0 0 -2.666666666666667))) (color 0 0 1 (T (repeat (T l (M 0.13975407808810986 0 -0.06987703904405493 1.3333333333333333)) 60 (M 1 0.10471975511965977 0 0)) (M 1 0 0 -2.220446049250313e-16)))) (color 0 1 0 (T (repeat (T l (M 2.666666666666666 0 -1.333333333333333 1.3333333333333333)) 4 (M 1 1.5707963267948966 0 0)) (M 1 0 0 2.666666666666666)))),square,red,circle,blue,square,green,balanced_data/dim_balanced/totems/dim3/var1/images/511.png
(C (C (color 1 0 0 (T (repeat (T l (M 2.666666666666666 0 -1.333333333333333 1.3333333333333333)) 4 (M 1 1.5707963267948966 0 0)) (M 1 0 0 -2.666666666666667))) (color 0 0 1 (T (repeat (T l (M 0.13975407808810986 0 -0.06987703904405493 1.3333333333333333)) 60 (M 1 0.10471975511965977 0 0)) (M 1 0 0 -2.220446049250313e-16)))) (color 0 0 1 (T (repeat (T l (M 2.666666666666666 0 -1.333333333333333 1.3333333333333333)) 4 (M 1 1.5707963267948966 0 0)) (M 1 0 0 2.666666666666666)))),square,red,circle,blue,square,blue,balanced_data/dim_balanced/totems/dim3/var1/images/512.png
(C (C (color 1 0 0 (T (repeat (T l (M 2.666666666666666 0 -1.333333333333333 1.3333333333333333)) 4 (M 1 1.5707963267948966 0 0)) (M 1 0 0 -2.666666666666667))) (color 1 0 0 (T (T (repeat (T l (M 3.0792014356780038 0 -1.5396007178390019 0.8888888888888891)) 3 (M 1 2.0943951023931953 0 0)) (M 1 0 0 0.4444444444444443)) (M 1 0 0 -2.220446049250313e-16)))) (color 1 0 0 (T (repeat (T l (M 0.13975407808810986 0 -0.06987703904405493 1.3333333333333333)) 60 (M 1 0.10471975511965977 0 0)) (M 1 0 0 2.666666666666666)))),square,red,triangle,red,circle,red,balanced_data/dim_balanced/totems/dim3/var1/images/513.png
(C (C (color 1 0 0 (T (repeat (T l (M 2.666666666666666 0 -1.333333333333333 1.3333333333333333)) 4 (M 1 1.5707963267948966 0 0)) (M 1 0 0 -2.666666666666667))) (color 1 0 0 (T (T (repeat (T l (M 3.0792014356780038 0 -1.5396007178390019 0.8888888888888891)) 3 (M 1 2.0943951023931953 0 0)) (M 1 0 0 0.4444444444444443)) (M 1 0 0 -2.220446049250313e-16)))) (color 0 1 0 (T (repeat (T l (M 0.13975407808810986 0 -0.06987703904405493 1.3333333333333333)) 60 (M 1 0.10471975511965977 0 0)) (M 1 0 0 2.666666666666666)))),square,red,triangle,red,circle,green,balanced_data/dim_balanced/totems/dim3/var1/images/514.png
(C (C (color 1 0 0 (T (repeat (T l (M 2.666666666666666 0 -1.333333333333333 1.3333333333333333)) 4 (M 1 1.5707963267948966 0 0)) (M 1 0 0 -2.666666666666667))) (color 1 0 0 (T (T (repeat (T l (M 3.0792014356780038 0 -1.5396007178390019 0.8888888888888891)) 3 (M 1 2.0943951023931953 0 0)) (M 1 0 0 0.4444444444444443)) (M 1 0 0 -2.220446049250313e-16)))) (color 0 0 1 (T (repeat (T l (M 0.13975407808810986 0 -0.06987703904405493 1.3333333333333333)) 60 (M 1 0.10471975511965977 0 0)) (M 1 0 0 2.666666666666666)))),square,red,triangle,red,circle,blue,balanced_data/dim_balanced/totems/dim3/var1/images/515.png
(C (C (color 1 0 0 (T (repeat (T l (M 2.666666666666666 0 -1.333333333333333 1.3333333333333333)) 4 (M 1 1.5707963267948966 0 0)) (M 1 0 0 -2.666666666666667))) (color 1 0 0 (T (T (repeat (T l (M 3.0792014356780038 0 -1.5396007178390019 0.8888888888888891)) 3 (M 1 2.0943951023931953 0 0)) (M 1 0 0 0.4444444444444443)) (M 1 0 0 -2.220446049250313e-16)))) (color 1 0 0 (T (T (repeat (T l (M 3.0792014356780038 0 -1.5396007178390019 0.8888888888888891)) 3 (M 1 2.0943951023931953 0 0)) (M 1 0 0 0.4444444444444443)) (M 1 0 0 2.666666666666666)))),square,red,triangle,red,triangle,red,balanced_data/dim_balanced/totems/dim3/var1/images/516.png
(C (C (color 1 0 0 (T (repeat (T l (M 2.666666666666666 0 -1.333333333333333 1.3333333333333333)) 4 (M 1 1.5707963267948966 0 0)) (M 1 0 0 -2.666666666666667))) (color 1 0 0 (T (T (repeat (T l (M 3.0792014356780038 0 -1.5396007178390019 0.8888888888888891)) 3 (M 1 2.0943951023931953 0 0)) (M 1 0 0 0.4444444444444443)) (M 1 0 0 -2.220446049250313e-16)))) (color 0 1 0 (T (T (repeat (T l (M 3.0792014356780038 0 -1.5396007178390019 0.8888888888888891)) 3 (M 1 2.0943951023931953 0 0)) (M 1 0 0 0.4444444444444443)) (M 1 0 0 2.666666666666666)))),square,red,triangle,red,triangle,green,balanced_data/dim_balanced/totems/dim3/var1/images/517.png
(C (C (color 1 0 0 (T (repeat (T l (M 2.666666666666666 0 -1.333333333333333 1.3333333333333333)) 4 (M 1 1.5707963267948966 0 0)) (M 1 0 0 -2.666666666666667))) (color 1 0 0 (T (T (repeat (T l (M 3.0792014356780038 0 -1.5396007178390019 0.8888888888888891)) 3 (M 1 2.0943951023931953 0 0)) (M 1 0 0 0.4444444444444443)) (M 1 0 0 -2.220446049250313e-16)))) (color 0 0 1 (T (T (repeat (T l (M 3.0792014356780038 0 -1.5396007178390019 0.8888888888888891)) 3 (M 1 2.0943951023931953 0 0)) (M 1 0 0 0.4444444444444443)) (M 1 0 0 2.666666666666666)))),square,red,triangle,red,triangle,blue,balanced_data/dim_balanced/totems/dim3/var1/images/518.png
(C (C (color 1 0 0 (T (repeat (T l (M 2.666666666666666 0 -1.333333333333333 1.3333333333333333)) 4 (M 1 1.5707963267948966 0 0)) (M 1 0 0 -2.666666666666667))) (color 1 0 0 (T (T (repeat (T l (M 3.0792014356780038 0 -1.5396007178390019 0.8888888888888891)) 3 (M 1 2.0943951023931953 0 0)) (M 1 0 0 0.4444444444444443)) (M 1 0 0 -2.220446049250313e-16)))) (color 1 0 0 (T (repeat (T l (M 2.666666666666666 0 -1.333333333333333 1.3333333333333333)) 4 (M 1 1.5707963267948966 0 0)) (M 1 0 0 2.666666666666666)))),square,red,triangle,red,square,red,balanced_data/dim_balanced/totems/dim3/var1/images/519.png
(C (C (color 1 0 0 (T (repeat (T l (M 2.666666666666666 0 -1.333333333333333 1.3333333333333333)) 4 (M 1 1.5707963267948966 0 0)) (M 1 0 0 -2.666666666666667))) (color 1 0 0 (T (T (repeat (T l (M 3.0792014356780038 0 -1.5396007178390019 0.8888888888888891)) 3 (M 1 2.0943951023931953 0 0)) (M 1 0 0 0.4444444444444443)) (M 1 0 0 -2.220446049250313e-16)))) (color 0 1 0 (T (repeat (T l (M 2.666666666666666 0 -1.333333333333333 1.3333333333333333)) 4 (M 1 1.5707963267948966 0 0)) (M 1 0 0 2.666666666666666)))),square,red,triangle,red,square,green,balanced_data/dim_balanced/totems/dim3/var1/images/520.png
(C (C (color 1 0 0 (T (repeat (T l (M 2.666666666666666 0 -1.333333333333333 1.3333333333333333)) 4 (M 1 1.5707963267948966 0 0)) (M 1 0 0 -2.666666666666667))) (color 1 0 0 (T (T (repeat (T l (M 3.0792014356780038 0 -1.5396007178390019 0.8888888888888891)) 3 (M 1 2.0943951023931953 0 0)) (M 1 0 0 0.4444444444444443)) (M 1 0 0 -2.220446049250313e-16)))) (color 0 0 1 (T (repeat (T l (M 2.666666666666666 0 -1.333333333333333 1.3333333333333333)) 4 (M 1 1.5707963267948966 0 0)) (M 1 0 0 2.666666666666666)))),square,red,triangle,red,square,blue,balanced_data/dim_balanced/totems/dim3/var1/images/521.png
(C (C (color 1 0 0 (T (repeat (T l (M 2.666666666666666 0 -1.333333333333333 1.3333333333333333)) 4 (M 1 1.5707963267948966 0 0)) (M 1 0 0 -2.666666666666667))) (color 0 1 0 (T (T (repeat (T l (M 3.0792014356780038 0 -1.5396007178390019 0.8888888888888891)) 3 (M 1 2.0943951023931953 0 0)) (M 1 0 0 0.4444444444444443)) (M 1 0 0 -2.220446049250313e-16)))) (color 1 0 0 (T (repeat (T l (M 0.13975407808810986 0 -0.06987703904405493 1.3333333333333333)) 60 (M 1 0.10471975511965977 0 0)) (M 1 0 0 2.666666666666666)))),square,red,triangle,green,circle,red,balanced_data/dim_balanced/totems/dim3/var1/images/522.png
(C (C (color 1 0 0 (T (repeat (T l (M 2.666666666666666 0 -1.333333333333333 1.3333333333333333)) 4 (M 1 1.5707963267948966 0 0)) (M 1 0 0 -2.666666666666667))) (color 0 1 0 (T (T (repeat (T l (M 3.0792014356780038 0 -1.5396007178390019 0.8888888888888891)) 3 (M 1 2.0943951023931953 0 0)) (M 1 0 0 0.4444444444444443)) (M 1 0 0 -2.220446049250313e-16)))) (color 0 1 0 (T (repeat (T l (M 0.13975407808810986 0 -0.06987703904405493 1.3333333333333333)) 60 (M 1 0.10471975511965977 0 0)) (M 1 0 0 2.666666666666666)))),square,red,triangle,green,circle,green,balanced_data/dim_balanced/totems/dim3/var1/images/523.png
(C (C (color 1 0 0 (T (repeat (T l (M 2.666666666666666 0 -1.333333333333333 1.3333333333333333)) 4 (M 1 1.5707963267948966 0 0)) (M 1 0 0 -2.666666666666667))) (color 0 1 0 (T (T (repeat (T l (M 3.0792014356780038 0 -1.5396007178390019 0.8888888888888891)) 3 (M 1 2.0943951023931953 0 0)) (M 1 0 0 0.4444444444444443)) (M 1 0 0 -2.220446049250313e-16)))) (color 0 0 1 (T (repeat (T l (M 0.13975407808810986 0 -0.06987703904405493 1.3333333333333333)) 60 (M 1 0.10471975511965977 0 0)) (M 1 0 0 2.666666666666666)))),square,red,triangle,green,circle,blue,balanced_data/dim_balanced/totems/dim3/var1/images/524.png
(C (C (color 1 0 0 (T (repeat (T l (M 2.666666666666666 0 -1.333333333333333 1.3333333333333333)) 4 (M 1 1.5707963267948966 0 0)) (M 1 0 0 -2.666666666666667))) (color 0 1 0 (T (T (repeat (T l (M 3.0792014356780038 0 -1.5396007178390019 0.8888888888888891)) 3 (M 1 2.0943951023931953 0 0)) (M 1 0 0 0.4444444444444443)) (M 1 0 0 -2.220446049250313e-16)))) (color 1 0 0 (T (T (repeat (T l (M 3.0792014356780038 0 -1.5396007178390019 0.8888888888888891)) 3 (M 1 2.0943951023931953 0 0)) (M 1 0 0 0.4444444444444443)) (M 1 0 0 2.666666666666666)))),square,red,triangle,green,triangle,red,balanced_data/dim_balanced/totems/dim3/var1/images/525.png
(C (C (color 1 0 0 (T (repeat (T l (M 2.666666666666666 0 -1.333333333333333 1.3333333333333333)) 4 (M 1 1.5707963267948966 0 0)) (M 1 0 0 -2.666666666666667))) (color 0 1 0 (T (T (repeat (T l (M 3.0792014356780038 0 -1.5396007178390019 0.8888888888888891)) 3 (M 1 2.0943951023931953 0 0)) (M 1 0 0 0.4444444444444443)) (M 1 0 0 -2.220446049250313e-16)))) (color 0 1 0 (T (T (repeat (T l (M 3.0792014356780038 0 -1.5396007178390019 0.8888888888888891)) 3 (M 1 2.0943951023931953 0 0)) (M 1 0 0 0.4444444444444443)) (M 1 0 0 2.666666666666666)))),square,red,triangle,green,triangle,green,balanced_data/dim_balanced/totems/dim3/var1/images/526.png
(C (C (color 1 0 0 (T (repeat (T l (M 2.666666666666666 0 -1.333333333333333 1.3333333333333333)) 4 (M 1 1.5707963267948966 0 0)) (M 1 0 0 -2.666666666666667))) (color 0 1 0 (T (T (repeat (T l (M 3.0792014356780038 0 -1.5396007178390019 0.8888888888888891)) 3 (M 1 2.0943951023931953 0 0)) (M 1 0 0 0.4444444444444443)) (M 1 0 0 -2.220446049250313e-16)))) (color 0 0 1 (T (T (repeat (T l (M 3.0792014356780038 0 -1.5396007178390019 0.8888888888888891)) 3 (M 1 2.0943951023931953 0 0)) (M 1 0 0 0.4444444444444443)) (M 1 0 0 2.666666666666666)))),square,red,triangle,green,triangle,blue,balanced_data/dim_balanced/totems/dim3/var1/images/527.png
(C (C (color 1 0 0 (T (repeat (T l (M 2.666666666666666 0 -1.333333333333333 1.3333333333333333)) 4 (M 1 1.5707963267948966 0 0)) (M 1 0 0 -2.666666666666667))) (color 0 1 0 (T (T (repeat (T l (M 3.0792014356780038 0 -1.5396007178390019 0.8888888888888891)) 3 (M 1 2.0943951023931953 0 0)) (M 1 0 0 0.4444444444444443)) (M 1 0 0 -2.220446049250313e-16)))) (color 1 0 0 (T (repeat (T l (M 2.666666666666666 0 -1.333333333333333 1.3333333333333333)) 4 (M 1 1.5707963267948966 0 0)) (M 1 0 0 2.666666666666666)))),square,red,triangle,green,square,red,balanced_data/dim_balanced/totems/dim3/var1/images/528.png
(C (C (color 1 0 0 (T (repeat (T l (M 2.666666666666666 0 -1.333333333333333 1.3333333333333333)) 4 (M 1 1.5707963267948966 0 0)) (M 1 0 0 -2.666666666666667))) (color 0 1 0 (T (T (repeat (T l (M 3.0792014356780038 0 -1.5396007178390019 0.8888888888888891)) 3 (M 1 2.0943951023931953 0 0)) (M 1 0 0 0.4444444444444443)) (M 1 0 0 -2.220446049250313e-16)))) (color 0 1 0 (T (repeat (T l (M 2.666666666666666 0 -1.333333333333333 1.3333333333333333)) 4 (M 1 1.5707963267948966 0 0)) (M 1 0 0 2.666666666666666)))),square,red,triangle,green,square,green,balanced_data/dim_balanced/totems/dim3/var1/images/529.png
(C (C (color 1 0 0 (T (repeat (T l (M 2.666666666666666 0 -1.333333333333333 1.3333333333333333)) 4 (M 1 1.5707963267948966 0 0)) (M 1 0 0 -2.666666666666667))) (color 0 1 0 (T (T (repeat (T l (M 3.0792014356780038 0 -1.5396007178390019 0.8888888888888891)) 3 (M 1 2.0943951023931953 0 0)) (M 1 0 0 0.4444444444444443)) (M 1 0 0 -2.220446049250313e-16)))) (color 0 0 1 (T (repeat (T l (M 2.666666666666666 0 -1.333333333333333 1.3333333333333333)) 4 (M 1 1.5707963267948966 0 0)) (M 1 0 0 2.666666666666666)))),square,red,triangle,green,square,blue,balanced_data/dim_balanced/totems/dim3/var1/images/530.png
(C (C (color 1 0 0 (T (repeat (T l (M 2.666666666666666 0 -1.333333333333333 1.3333333333333333)) 4 (M 1 1.5707963267948966 0 0)) (M 1 0 0 -2.666666666666667))) (color 0 0 1 (T (T (repeat (T l (M 3.0792014356780038 0 -1.5396007178390019 0.8888888888888891)) 3 (M 1 2.0943951023931953 0 0)) (M 1 0 0 0.4444444444444443)) (M 1 0 0 -2.220446049250313e-16)))) (color 1 0 0 (T (repeat (T l (M 0.13975407808810986 0 -0.06987703904405493 1.3333333333333333)) 60 (M 1 0.10471975511965977 0 0)) (M 1 0 0 2.666666666666666)))),square,red,triangle,blue,circle,red,balanced_data/dim_balanced/totems/dim3/var1/images/531.png
(C (C (color 1 0 0 (T (repeat (T l (M 2.666666666666666 0 -1.333333333333333 1.3333333333333333)) 4 (M 1 1.5707963267948966 0 0)) (M 1 0 0 -2.666666666666667))) (color 0 0 1 (T (T (repeat (T l (M 3.0792014356780038 0 -1.5396007178390019 0.8888888888888891)) 3 (M 1 2.0943951023931953 0 0)) (M 1 0 0 0.4444444444444443)) (M 1 0 0 -2.220446049250313e-16)))) (color 0 1 0 (T (repeat (T l (M 0.13975407808810986 0 -0.06987703904405493 1.3333333333333333)) 60 (M 1 0.10471975511965977 0 0)) (M 1 0 0 2.666666666666666)))),square,red,triangle,blue,circle,green,balanced_data/dim_balanced/totems/dim3/var1/images/532.png
(C (C (color 1 0 0 (T (repeat (T l (M 2.666666666666666 0 -1.333333333333333 1.3333333333333333)) 4 (M 1 1.5707963267948966 0 0)) (M 1 0 0 -2.666666666666667))) (color 0 0 1 (T (T (repeat (T l (M 3.0792014356780038 0 -1.5396007178390019 0.8888888888888891)) 3 (M 1 2.0943951023931953 0 0)) (M 1 0 0 0.4444444444444443)) (M 1 0 0 -2.220446049250313e-16)))) (color 0 0 1 (T (repeat (T l (M 0.13975407808810986 0 -0.06987703904405493 1.3333333333333333)) 60 (M 1 0.10471975511965977 0 0)) (M 1 0 0 2.666666666666666)))),square,red,triangle,blue,circle,blue,balanced_data/dim_balanced/totems/dim3/var1/images/533.png
(C (C (color 1 0 0 (T (repeat (T l (M 2.666666666666666 0 -1.333333333333333 1.3333333333333333)) 4 (M 1 1.5707963267948966 0 0)) (M 1 0 0 -2.666666666666667))) (color 0 0 1 (T (T (repeat (T l (M 3.0792014356780038 0 -1.5396007178390019 0.8888888888888891)) 3 (M 1 2.0943951023931953 0 0)) (M 1 0 0 0.4444444444444443)) (M 1 0 0 -2.220446049250313e-16)))) (color 1 0 0 (T (T (repeat (T l (M 3.0792014356780038 0 -1.5396007178390019 0.8888888888888891)) 3 (M 1 2.0943951023931953 0 0)) (M 1 0 0 0.4444444444444443)) (M 1 0 0 2.666666666666666)))),square,red,triangle,blue,triangle,red,balanced_data/dim_balanced/totems/dim3/var1/images/534.png
(C (C (color 1 0 0 (T (repeat (T l (M 2.666666666666666 0 -1.333333333333333 1.3333333333333333)) 4 (M 1 1.5707963267948966 0 0)) (M 1 0 0 -2.666666666666667))) (color 0 0 1 (T (T (repeat (T l (M 3.0792014356780038 0 -1.5396007178390019 0.8888888888888891)) 3 (M 1 2.0943951023931953 0 0)) (M 1 0 0 0.4444444444444443)) (M 1 0 0 -2.220446049250313e-16)))) (color 0 1 0 (T (T (repeat (T l (M 3.0792014356780038 0 -1.5396007178390019 0.8888888888888891)) 3 (M 1 2.0943951023931953 0 0)) (M 1 0 0 0.4444444444444443)) (M 1 0 0 2.666666666666666)))),square,red,triangle,blue,triangle,green,balanced_data/dim_balanced/totems/dim3/var1/images/535.png
(C (C (color 1 0 0 (T (repeat (T l (M 2.666666666666666 0 -1.333333333333333 1.3333333333333333)) 4 (M 1 1.5707963267948966 0 0)) (M 1 0 0 -2.666666666666667))) (color 0 0 1 (T (T (repeat (T l (M 3.0792014356780038 0 -1.5396007178390019 0.8888888888888891)) 3 (M 1 2.0943951023931953 0 0)) (M 1 0 0 0.4444444444444443)) (M 1 0 0 -2.220446049250313e-16)))) (color 0 0 1 (T (T (repeat (T l (M 3.0792014356780038 0 -1.5396007178390019 0.8888888888888891)) 3 (M 1 2.0943951023931953 0 0)) (M 1 0 0 0.4444444444444443)) (M 1 0 0 2.666666666666666)))),square,red,triangle,blue,triangle,blue,balanced_data/dim_balanced/totems/dim3/var1/images/536.png
(C (C (color 1 0 0 (T (repeat (T l (M 2.666666666666666 0 -1.333333333333333 1.3333333333333333)) 4 (M 1 1.5707963267948966 0 0)) (M 1 0 0 -2.666666666666667))) (color 0 0 1 (T (T (repeat (T l (M 3.0792014356780038 0 -1.5396007178390019 0.8888888888888891)) 3 (M 1 2.0943951023931953 0 0)) (M 1 0 0 0.4444444444444443)) (M 1 0 0 -2.220446049250313e-16)))) (color 1 0 0 (T (repeat (T l (M 2.666666666666666 0 -1.333333333333333 1.3333333333333333)) 4 (M 1 1.5707963267948966 0 0)) (M 1 0 0 2.666666666666666)))),square,red,triangle,blue,square,red,balanced_data/dim_balanced/totems/dim3/var1/images/537.png
(C (C (color 1 0 0 (T (repeat (T l (M 2.666666666666666 0 -1.333333333333333 1.3333333333333333)) 4 (M 1 1.5707963267948966 0 0)) (M 1 0 0 -2.666666666666667))) (color 0 0 1 (T (T (repeat (T l (M 3.0792014356780038 0 -1.5396007178390019 0.8888888888888891)) 3 (M 1 2.0943951023931953 0 0)) (M 1 0 0 0.4444444444444443)) (M 1 0 0 -2.220446049250313e-16)))) (color 0 1 0 (T (repeat (T l (M 2.666666666666666 0 -1.333333333333333 1.3333333333333333)) 4 (M 1 1.5707963267948966 0 0)) (M 1 0 0 2.666666666666666)))),square,red,triangle,blue,square,green,balanced_data/dim_balanced/totems/dim3/var1/images/538.png
(C (C (color 1 0 0 (T (repeat (T l (M 2.666666666666666 0 -1.333333333333333 1.3333333333333333)) 4 (M 1 1.5707963267948966 0 0)) (M 1 0 0 -2.666666666666667))) (color 0 0 1 (T (T (repeat (T l (M 3.0792014356780038 0 -1.5396007178390019 0.8888888888888891)) 3 (M 1 2.0943951023931953 0 0)) (M 1 0 0 0.4444444444444443)) (M 1 0 0 -2.220446049250313e-16)))) (color 0 0 1 (T (repeat (T l (M 2.666666666666666 0 -1.333333333333333 1.3333333333333333)) 4 (M 1 1.5707963267948966 0 0)) (M 1 0 0 2.666666666666666)))),square,red,triangle,blue,square,blue,balanced_data/dim_balanced/totems/dim3/var1/images/539.png
(C (C (color 1 0 0 (T (repeat (T l (M 2.666666666666666 0 -1.333333333333333 1.3333333333333333)) 4 (M 1 1.5707963267948966 0 0)) (M 1 0 0 -2.666666666666667))) (color 1 0 0 (T (repeat (T l (M 2.666666666666666 0 -1.333333333333333 1.3333333333333333)) 4 (M 1 1.5707963267948966 0 0)) (M 1 0 0 -2.220446049250313e-16)))) (color 1 0 0 (T (repeat (T l (M 0.13975407808810986 0 -0.06987703904405493 1.3333333333333333)) 60 (M 1 0.10471975511965977 0 0)) (M 1 0 0 2.666666666666666)))),square,red,square,red,circle,red,balanced_data/dim_balanced/totems/dim3/var1/images/540.png
(C (C (color 1 0 0 (T (repeat (T l (M 2.666666666666666 0 -1.333333333333333 1.3333333333333333)) 4 (M 1 1.5707963267948966 0 0)) (M 1 0 0 -2.666666666666667))) (color 1 0 0 (T (repeat (T l (M 2.666666666666666 0 -1.333333333333333 1.3333333333333333)) 4 (M 1 1.5707963267948966 0 0)) (M 1 0 0 -2.220446049250313e-16)))) (color 0 1 0 (T (repeat (T l (M 0.13975407808810986 0 -0.06987703904405493 1.3333333333333333)) 60 (M 1 0.10471975511965977 0 0)) (M 1 0 0 2.666666666666666)))),square,red,square,red,circle,green,balanced_data/dim_balanced/totems/dim3/var1/images/541.png
(C (C (color 1 0 0 (T (repeat (T l (M 2.666666666666666 0 -1.333333333333333 1.3333333333333333)) 4 (M 1 1.5707963267948966 0 0)) (M 1 0 0 -2.666666666666667))) (color 1 0 0 (T (repeat (T l (M 2.666666666666666 0 -1.333333333333333 1.3333333333333333)) 4 (M 1 1.5707963267948966 0 0)) (M 1 0 0 -2.220446049250313e-16)))) (color 0 0 1 (T (repeat (T l (M 0.13975407808810986 0 -0.06987703904405493 1.3333333333333333)) 60 (M 1 0.10471975511965977 0 0)) (M 1 0 0 2.666666666666666)))),square,red,square,red,circle,blue,balanced_data/dim_balanced/totems/dim3/var1/images/542.png
(C (C (color 1 0 0 (T (repeat (T l (M 2.666666666666666 0 -1.333333333333333 1.3333333333333333)) 4 (M 1 1.5707963267948966 0 0)) (M 1 0 0 -2.666666666666667))) (color 1 0 0 (T (repeat (T l (M 2.666666666666666 0 -1.333333333333333 1.3333333333333333)) 4 (M 1 1.5707963267948966 0 0)) (M 1 0 0 -2.220446049250313e-16)))) (color 1 0 0 (T (T (repeat (T l (M 3.0792014356780038 0 -1.5396007178390019 0.8888888888888891)) 3 (M 1 2.0943951023931953 0 0)) (M 1 0 0 0.4444444444444443)) (M 1 0 0 2.666666666666666)))),square,red,square,red,triangle,red,balanced_data/dim_balanced/totems/dim3/var1/images/543.png
(C (C (color 1 0 0 (T (repeat (T l (M 2.666666666666666 0 -1.333333333333333 1.3333333333333333)) 4 (M 1 1.5707963267948966 0 0)) (M 1 0 0 -2.666666666666667))) (color 1 0 0 (T (repeat (T l (M 2.666666666666666 0 -1.333333333333333 1.3333333333333333)) 4 (M 1 1.5707963267948966 0 0)) (M 1 0 0 -2.220446049250313e-16)))) (color 0 1 0 (T (T (repeat (T l (M 3.0792014356780038 0 -1.5396007178390019 0.8888888888888891)) 3 (M 1 2.0943951023931953 0 0)) (M 1 0 0 0.4444444444444443)) (M 1 0 0 2.666666666666666)))),square,red,square,red,triangle,green,balanced_data/dim_balanced/totems/dim3/var1/images/544.png
(C (C (color 1 0 0 (T (repeat (T l (M 2.666666666666666 0 -1.333333333333333 1.3333333333333333)) 4 (M 1 1.5707963267948966 0 0)) (M 1 0 0 -2.666666666666667))) (color 1 0 0 (T (repeat (T l (M 2.666666666666666 0 -1.333333333333333 1.3333333333333333)) 4 (M 1 1.5707963267948966 0 0)) (M 1 0 0 -2.220446049250313e-16)))) (color 0 0 1 (T (T (repeat (T l (M 3.0792014356780038 0 -1.5396007178390019 0.8888888888888891)) 3 (M 1 2.0943951023931953 0 0)) (M 1 0 0 0.4444444444444443)) (M 1 0 0 2.666666666666666)))),square,red,square,red,triangle,blue,balanced_data/dim_balanced/totems/dim3/var1/images/545.png
(C (C (color 1 0 0 (T (repeat (T l (M 2.666666666666666 0 -1.333333333333333 1.3333333333333333)) 4 (M 1 1.5707963267948966 0 0)) (M 1 0 0 -2.666666666666667))) (color 1 0 0 (T (repeat (T l (M 2.666666666666666 0 -1.333333333333333 1.3333333333333333)) 4 (M 1 1.5707963267948966 0 0)) (M 1 0 0 -2.220446049250313e-16)))) (color 1 0 0 (T (repeat (T l (M 2.666666666666666 0 -1.333333333333333 1.3333333333333333)) 4 (M 1 1.5707963267948966 0 0)) (M 1 0 0 2.666666666666666)))),square,red,square,red,square,red,balanced_data/dim_balanced/totems/dim3/var1/images/546.png
(C (C (color 1 0 0 (T (repeat (T l (M 2.666666666666666 0 -1.333333333333333 1.3333333333333333)) 4 (M 1 1.5707963267948966 0 0)) (M 1 0 0 -2.666666666666667))) (color 1 0 0 (T (repeat (T l (M 2.666666666666666 0 -1.333333333333333 1.3333333333333333)) 4 (M 1 1.5707963267948966 0 0)) (M 1 0 0 -2.220446049250313e-16)))) (color 0 1 0 (T (repeat (T l (M 2.666666666666666 0 -1.333333333333333 1.3333333333333333)) 4 (M 1 1.5707963267948966 0 0)) (M 1 0 0 2.666666666666666)))),square,red,square,red,square,green,balanced_data/dim_balanced/totems/dim3/var1/images/547.png
(C (C (color 1 0 0 (T (repeat (T l (M 2.666666666666666 0 -1.333333333333333 1.3333333333333333)) 4 (M 1 1.5707963267948966 0 0)) (M 1 0 0 -2.666666666666667))) (color 1 0 0 (T (repeat (T l (M 2.666666666666666 0 -1.333333333333333 1.3333333333333333)) 4 (M 1 1.5707963267948966 0 0)) (M 1 0 0 -2.220446049250313e-16)))) (color 0 0 1 (T (repeat (T l (M 2.666666666666666 0 -1.333333333333333 1.3333333333333333)) 4 (M 1 1.5707963267948966 0 0)) (M 1 0 0 2.666666666666666)))),square,red,square,red,square,blue,balanced_data/dim_balanced/totems/dim3/var1/images/548.png
(C (C (color 1 0 0 (T (repeat (T l (M 2.666666666666666 0 -1.333333333333333 1.3333333333333333)) 4 (M 1 1.5707963267948966 0 0)) (M 1 0 0 -2.666666666666667))) (color 0 1 0 (T (repeat (T l (M 2.666666666666666 0 -1.333333333333333 1.3333333333333333)) 4 (M 1 1.5707963267948966 0 0)) (M 1 0 0 -2.220446049250313e-16)))) (color 1 0 0 (T (repeat (T l (M 0.13975407808810986 0 -0.06987703904405493 1.3333333333333333)) 60 (M 1 0.10471975511965977 0 0)) (M 1 0 0 2.666666666666666)))),square,red,square,green,circle,red,balanced_data/dim_balanced/totems/dim3/var1/images/549.png
(C (C (color 1 0 0 (T (repeat (T l (M 2.666666666666666 0 -1.333333333333333 1.3333333333333333)) 4 (M 1 1.5707963267948966 0 0)) (M 1 0 0 -2.666666666666667))) (color 0 1 0 (T (repeat (T l (M 2.666666666666666 0 -1.333333333333333 1.3333333333333333)) 4 (M 1 1.5707963267948966 0 0)) (M 1 0 0 -2.220446049250313e-16)))) (color 0 1 0 (T (repeat (T l (M 0.13975407808810986 0 -0.06987703904405493 1.3333333333333333)) 60 (M 1 0.10471975511965977 0 0)) (M 1 0 0 2.666666666666666)))),square,red,square,green,circle,green,balanced_data/dim_balanced/totems/dim3/var1/images/550.png
(C (C (color 1 0 0 (T (repeat (T l (M 2.666666666666666 0 -1.333333333333333 1.3333333333333333)) 4 (M 1 1.5707963267948966 0 0)) (M 1 0 0 -2.666666666666667))) (color 0 1 0 (T (repeat (T l (M 2.666666666666666 0 -1.333333333333333 1.3333333333333333)) 4 (M 1 1.5707963267948966 0 0)) (M 1 0 0 -2.220446049250313e-16)))) (color 0 0 1 (T (repeat (T l (M 0.13975407808810986 0 -0.06987703904405493 1.3333333333333333)) 60 (M 1 0.10471975511965977 0 0)) (M 1 0 0 2.666666666666666)))),square,red,square,green,circle,blue,balanced_data/dim_balanced/totems/dim3/var1/images/551.png
(C (C (color 1 0 0 (T (repeat (T l (M 2.666666666666666 0 -1.333333333333333 1.3333333333333333)) 4 (M 1 1.5707963267948966 0 0)) (M 1 0 0 -2.666666666666667))) (color 0 1 0 (T (repeat (T l (M 2.666666666666666 0 -1.333333333333333 1.3333333333333333)) 4 (M 1 1.5707963267948966 0 0)) (M 1 0 0 -2.220446049250313e-16)))) (color 1 0 0 (T (T (repeat (T l (M 3.0792014356780038 0 -1.5396007178390019 0.8888888888888891)) 3 (M 1 2.0943951023931953 0 0)) (M 1 0 0 0.4444444444444443)) (M 1 0 0 2.666666666666666)))),square,red,square,green,triangle,red,balanced_data/dim_balanced/totems/dim3/var1/images/552.png
(C (C (color 1 0 0 (T (repeat (T l (M 2.666666666666666 0 -1.333333333333333 1.3333333333333333)) 4 (M 1 1.5707963267948966 0 0)) (M 1 0 0 -2.666666666666667))) (color 0 1 0 (T (repeat (T l (M 2.666666666666666 0 -1.333333333333333 1.3333333333333333)) 4 (M 1 1.5707963267948966 0 0)) (M 1 0 0 -2.220446049250313e-16)))) (color 0 1 0 (T (T (repeat (T l (M 3.0792014356780038 0 -1.5396007178390019 0.8888888888888891)) 3 (M 1 2.0943951023931953 0 0)) (M 1 0 0 0.4444444444444443)) (M 1 0 0 2.666666666666666)))),square,red,square,green,triangle,green,balanced_data/dim_balanced/totems/dim3/var1/images/553.png
(C (C (color 1 0 0 (T (repeat (T l (M 2.666666666666666 0 -1.333333333333333 1.3333333333333333)) 4 (M 1 1.5707963267948966 0 0)) (M 1 0 0 -2.666666666666667))) (color 0 1 0 (T (repeat (T l (M 2.666666666666666 0 -1.333333333333333 1.3333333333333333)) 4 (M 1 1.5707963267948966 0 0)) (M 1 0 0 -2.220446049250313e-16)))) (color 0 0 1 (T (T (repeat (T l (M 3.0792014356780038 0 -1.5396007178390019 0.8888888888888891)) 3 (M 1 2.0943951023931953 0 0)) (M 1 0 0 0.4444444444444443)) (M 1 0 0 2.666666666666666)))),square,red,square,green,triangle,blue,balanced_data/dim_balanced/totems/dim3/var1/images/554.png
(C (C (color 1 0 0 (T (repeat (T l (M 2.666666666666666 0 -1.333333333333333 1.3333333333333333)) 4 (M 1 1.5707963267948966 0 0)) (M 1 0 0 -2.666666666666667))) (color 0 1 0 (T (repeat (T l (M 2.666666666666666 0 -1.333333333333333 1.3333333333333333)) 4 (M 1 1.5707963267948966 0 0)) (M 1 0 0 -2.220446049250313e-16)))) (color 1 0 0 (T (repeat (T l (M 2.666666666666666 0 -1.333333333333333 1.3333333333333333)) 4 (M 1 1.5707963267948966 0 0)) (M 1 0 0 2.666666666666666)))),square,red,square,green,square,red,balanced_data/dim_balanced/totems/dim3/var1/images/555.png
(C (C (color 1 0 0 (T (repeat (T l (M 2.666666666666666 0 -1.333333333333333 1.3333333333333333)) 4 (M 1 1.5707963267948966 0 0)) (M 1 0 0 -2.666666666666667))) (color 0 1 0 (T (repeat (T l (M 2.666666666666666 0 -1.333333333333333 1.3333333333333333)) 4 (M 1 1.5707963267948966 0 0)) (M 1 0 0 -2.220446049250313e-16)))) (color 0 1 0 (T (repeat (T l (M 2.666666666666666 0 -1.333333333333333 1.3333333333333333)) 4 (M 1 1.5707963267948966 0 0)) (M 1 0 0 2.666666666666666)))),square,red,square,green,square,green,balanced_data/dim_balanced/totems/dim3/var1/images/556.png
(C (C (color 1 0 0 (T (repeat (T l (M 2.666666666666666 0 -1.333333333333333 1.3333333333333333)) 4 (M 1 1.5707963267948966 0 0)) (M 1 0 0 -2.666666666666667))) (color 0 1 0 (T (repeat (T l (M 2.666666666666666 0 -1.333333333333333 1.3333333333333333)) 4 (M 1 1.5707963267948966 0 0)) (M 1 0 0 -2.220446049250313e-16)))) (color 0 0 1 (T (repeat (T l (M 2.666666666666666 0 -1.333333333333333 1.3333333333333333)) 4 (M 1 1.5707963267948966 0 0)) (M 1 0 0 2.666666666666666)))),square,red,square,green,square,blue,balanced_data/dim_balanced/totems/dim3/var1/images/557.png
(C (C (color 1 0 0 (T (repeat (T l (M 2.666666666666666 0 -1.333333333333333 1.3333333333333333)) 4 (M 1 1.5707963267948966 0 0)) (M 1 0 0 -2.666666666666667))) (color 0 0 1 (T (repeat (T l (M 2.666666666666666 0 -1.333333333333333 1.3333333333333333)) 4 (M 1 1.5707963267948966 0 0)) (M 1 0 0 -2.220446049250313e-16)))) (color 1 0 0 (T (repeat (T l (M 0.13975407808810986 0 -0.06987703904405493 1.3333333333333333)) 60 (M 1 0.10471975511965977 0 0)) (M 1 0 0 2.666666666666666)))),square,red,square,blue,circle,red,balanced_data/dim_balanced/totems/dim3/var1/images/558.png
(C (C (color 1 0 0 (T (repeat (T l (M 2.666666666666666 0 -1.333333333333333 1.3333333333333333)) 4 (M 1 1.5707963267948966 0 0)) (M 1 0 0 -2.666666666666667))) (color 0 0 1 (T (repeat (T l (M 2.666666666666666 0 -1.333333333333333 1.3333333333333333)) 4 (M 1 1.5707963267948966 0 0)) (M 1 0 0 -2.220446049250313e-16)))) (color 0 1 0 (T (repeat (T l (M 0.13975407808810986 0 -0.06987703904405493 1.3333333333333333)) 60 (M 1 0.10471975511965977 0 0)) (M 1 0 0 2.666666666666666)))),square,red,square,blue,circle,green,balanced_data/dim_balanced/totems/dim3/var1/images/559.png
(C (C (color 1 0 0 (T (repeat (T l (M 2.666666666666666 0 -1.333333333333333 1.3333333333333333)) 4 (M 1 1.5707963267948966 0 0)) (M 1 0 0 -2.666666666666667))) (color 0 0 1 (T (repeat (T l (M 2.666666666666666 0 -1.333333333333333 1.3333333333333333)) 4 (M 1 1.5707963267948966 0 0)) (M 1 0 0 -2.220446049250313e-16)))) (color 0 0 1 (T (repeat (T l (M 0.13975407808810986 0 -0.06987703904405493 1.3333333333333333)) 60 (M 1 0.10471975511965977 0 0)) (M 1 0 0 2.666666666666666)))),square,red,square,blue,circle,blue,balanced_data/dim_balanced/totems/dim3/var1/images/560.png
(C (C (color 1 0 0 (T (repeat (T l (M 2.666666666666666 0 -1.333333333333333 1.3333333333333333)) 4 (M 1 1.5707963267948966 0 0)) (M 1 0 0 -2.666666666666667))) (color 0 0 1 (T (repeat (T l (M 2.666666666666666 0 -1.333333333333333 1.3333333333333333)) 4 (M 1 1.5707963267948966 0 0)) (M 1 0 0 -2.220446049250313e-16)))) (color 1 0 0 (T (T (repeat (T l (M 3.0792014356780038 0 -1.5396007178390019 0.8888888888888891)) 3 (M 1 2.0943951023931953 0 0)) (M 1 0 0 0.4444444444444443)) (M 1 0 0 2.666666666666666)))),square,red,square,blue,triangle,red,balanced_data/dim_balanced/totems/dim3/var1/images/561.png
(C (C (color 1 0 0 (T (repeat (T l (M 2.666666666666666 0 -1.333333333333333 1.3333333333333333)) 4 (M 1 1.5707963267948966 0 0)) (M 1 0 0 -2.666666666666667))) (color 0 0 1 (T (repeat (T l (M 2.666666666666666 0 -1.333333333333333 1.3333333333333333)) 4 (M 1 1.5707963267948966 0 0)) (M 1 0 0 -2.220446049250313e-16)))) (color 0 1 0 (T (T (repeat (T l (M 3.0792014356780038 0 -1.5396007178390019 0.8888888888888891)) 3 (M 1 2.0943951023931953 0 0)) (M 1 0 0 0.4444444444444443)) (M 1 0 0 2.666666666666666)))),square,red,square,blue,triangle,green,balanced_data/dim_balanced/totems/dim3/var1/images/562.png
(C (C (color 1 0 0 (T (repeat (T l (M 2.666666666666666 0 -1.333333333333333 1.3333333333333333)) 4 (M 1 1.5707963267948966 0 0)) (M 1 0 0 -2.666666666666667))) (color 0 0 1 (T (repeat (T l (M 2.666666666666666 0 -1.333333333333333 1.3333333333333333)) 4 (M 1 1.5707963267948966 0 0)) (M 1 0 0 -2.220446049250313e-16)))) (color 0 0 1 (T (T (repeat (T l (M 3.0792014356780038 0 -1.5396007178390019 0.8888888888888891)) 3 (M 1 2.0943951023931953 0 0)) (M 1 0 0 0.4444444444444443)) (M 1 0 0 2.666666666666666)))),square,red,square,blue,triangle,blue,balanced_data/dim_balanced/totems/dim3/var1/images/563.png
(C (C (color 1 0 0 (T (repeat (T l (M 2.666666666666666 0 -1.333333333333333 1.3333333333333333)) 4 (M 1 1.5707963267948966 0 0)) (M 1 0 0 -2.666666666666667))) (color 0 0 1 (T (repeat (T l (M 2.666666666666666 0 -1.333333333333333 1.3333333333333333)) 4 (M 1 1.5707963267948966 0 0)) (M 1 0 0 -2.220446049250313e-16)))) (color 1 0 0 (T (repeat (T l (M 2.666666666666666 0 -1.333333333333333 1.3333333333333333)) 4 (M 1 1.5707963267948966 0 0)) (M 1 0 0 2.666666666666666)))),square,red,square,blue,square,red,balanced_data/dim_balanced/totems/dim3/var1/images/564.png
(C (C (color 1 0 0 (T (repeat (T l (M 2.666666666666666 0 -1.333333333333333 1.3333333333333333)) 4 (M 1 1.5707963267948966 0 0)) (M 1 0 0 -2.666666666666667))) (color 0 0 1 (T (repeat (T l (M 2.666666666666666 0 -1.333333333333333 1.3333333333333333)) 4 (M 1 1.5707963267948966 0 0)) (M 1 0 0 -2.220446049250313e-16)))) (color 0 1 0 (T (repeat (T l (M 2.666666666666666 0 -1.333333333333333 1.3333333333333333)) 4 (M 1 1.5707963267948966 0 0)) (M 1 0 0 2.666666666666666)))),square,red,square,blue,square,green,balanced_data/dim_balanced/totems/dim3/var1/images/565.png
(C (C (color 1 0 0 (T (repeat (T l (M 2.666666666666666 0 -1.333333333333333 1.3333333333333333)) 4 (M 1 1.5707963267948966 0 0)) (M 1 0 0 -2.666666666666667))) (color 0 0 1 (T (repeat (T l (M 2.666666666666666 0 -1.333333333333333 1.3333333333333333)) 4 (M 1 1.5707963267948966 0 0)) (M 1 0 0 -2.220446049250313e-16)))) (color 0 0 1 (T (repeat (T l (M 2.666666666666666 0 -1.333333333333333 1.3333333333333333)) 4 (M 1 1.5707963267948966 0 0)) (M 1 0 0 2.666666666666666)))),square,red,square,blue,square,blue,balanced_data/dim_balanced/totems/dim3/var1/images/566.png
(C (C (color 0 1 0 (T (repeat (T l (M 2.666666666666666 0 -1.333333333333333 1.3333333333333333)) 4 (M 1 1.5707963267948966 0 0)) (M 1 0 0 -2.666666666666667))) (color 1 0 0 (T (repeat (T l (M 0.13975407808810986 0 -0.06987703904405493 1.3333333333333333)) 60 (M 1 0.10471975511965977 0 0)) (M 1 0 0 -2.220446049250313e-16)))) (color 1 0 0 (T (repeat (T l (M 0.13975407808810986 0 -0.06987703904405493 1.3333333333333333)) 60 (M 1 0.10471975511965977 0 0)) (M 1 0 0 2.666666666666666)))),square,green,circle,red,circle,red,balanced_data/dim_balanced/totems/dim3/var1/images/567.png
(C (C (color 0 1 0 (T (repeat (T l (M 2.666666666666666 0 -1.333333333333333 1.3333333333333333)) 4 (M 1 1.5707963267948966 0 0)) (M 1 0 0 -2.666666666666667))) (color 1 0 0 (T (repeat (T l (M 0.13975407808810986 0 -0.06987703904405493 1.3333333333333333)) 60 (M 1 0.10471975511965977 0 0)) (M 1 0 0 -2.220446049250313e-16)))) (color 0 1 0 (T (repeat (T l (M 0.13975407808810986 0 -0.06987703904405493 1.3333333333333333)) 60 (M 1 0.10471975511965977 0 0)) (M 1 0 0 2.666666666666666)))),square,green,circle,red,circle,green,balanced_data/dim_balanced/totems/dim3/var1/images/568.png
(C (C (color 0 1 0 (T (repeat (T l (M 2.666666666666666 0 -1.333333333333333 1.3333333333333333)) 4 (M 1 1.5707963267948966 0 0)) (M 1 0 0 -2.666666666666667))) (color 1 0 0 (T (repeat (T l (M 0.13975407808810986 0 -0.06987703904405493 1.3333333333333333)) 60 (M 1 0.10471975511965977 0 0)) (M 1 0 0 -2.220446049250313e-16)))) (color 0 0 1 (T (repeat (T l (M 0.13975407808810986 0 -0.06987703904405493 1.3333333333333333)) 60 (M 1 0.10471975511965977 0 0)) (M 1 0 0 2.666666666666666)))),square,green,circle,red,circle,blue,balanced_data/dim_balanced/totems/dim3/var1/images/569.png
(C (C (color 0 1 0 (T (repeat (T l (M 2.666666666666666 0 -1.333333333333333 1.3333333333333333)) 4 (M 1 1.5707963267948966 0 0)) (M 1 0 0 -2.666666666666667))) (color 1 0 0 (T (repeat (T l (M 0.13975407808810986 0 -0.06987703904405493 1.3333333333333333)) 60 (M 1 0.10471975511965977 0 0)) (M 1 0 0 -2.220446049250313e-16)))) (color 1 0 0 (T (T (repeat (T l (M 3.0792014356780038 0 -1.5396007178390019 0.8888888888888891)) 3 (M 1 2.0943951023931953 0 0)) (M 1 0 0 0.4444444444444443)) (M 1 0 0 2.666666666666666)))),square,green,circle,red,triangle,red,balanced_data/dim_balanced/totems/dim3/var1/images/570.png
(C (C (color 0 1 0 (T (repeat (T l (M 2.666666666666666 0 -1.333333333333333 1.3333333333333333)) 4 (M 1 1.5707963267948966 0 0)) (M 1 0 0 -2.666666666666667))) (color 1 0 0 (T (repeat (T l (M 0.13975407808810986 0 -0.06987703904405493 1.3333333333333333)) 60 (M 1 0.10471975511965977 0 0)) (M 1 0 0 -2.220446049250313e-16)))) (color 0 1 0 (T (T (repeat (T l (M 3.0792014356780038 0 -1.5396007178390019 0.8888888888888891)) 3 (M 1 2.0943951023931953 0 0)) (M 1 0 0 0.4444444444444443)) (M 1 0 0 2.666666666666666)))),square,green,circle,red,triangle,green,balanced_data/dim_balanced/totems/dim3/var1/images/571.png
(C (C (color 0 1 0 (T (repeat (T l (M 2.666666666666666 0 -1.333333333333333 1.3333333333333333)) 4 (M 1 1.5707963267948966 0 0)) (M 1 0 0 -2.666666666666667))) (color 1 0 0 (T (repeat (T l (M 0.13975407808810986 0 -0.06987703904405493 1.3333333333333333)) 60 (M 1 0.10471975511965977 0 0)) (M 1 0 0 -2.220446049250313e-16)))) (color 0 0 1 (T (T (repeat (T l (M 3.0792014356780038 0 -1.5396007178390019 0.8888888888888891)) 3 (M 1 2.0943951023931953 0 0)) (M 1 0 0 0.4444444444444443)) (M 1 0 0 2.666666666666666)))),square,green,circle,red,triangle,blue,balanced_data/dim_balanced/totems/dim3/var1/images/572.png
(C (C (color 0 1 0 (T (repeat (T l (M 2.666666666666666 0 -1.333333333333333 1.3333333333333333)) 4 (M 1 1.5707963267948966 0 0)) (M 1 0 0 -2.666666666666667))) (color 1 0 0 (T (repeat (T l (M 0.13975407808810986 0 -0.06987703904405493 1.3333333333333333)) 60 (M 1 0.10471975511965977 0 0)) (M 1 0 0 -2.220446049250313e-16)))) (color 1 0 0 (T (repeat (T l (M 2.666666666666666 0 -1.333333333333333 1.3333333333333333)) 4 (M 1 1.5707963267948966 0 0)) (M 1 0 0 2.666666666666666)))),square,green,circle,red,square,red,balanced_data/dim_balanced/totems/dim3/var1/images/573.png
(C (C (color 0 1 0 (T (repeat (T l (M 2.666666666666666 0 -1.333333333333333 1.3333333333333333)) 4 (M 1 1.5707963267948966 0 0)) (M 1 0 0 -2.666666666666667))) (color 1 0 0 (T (repeat (T l (M 0.13975407808810986 0 -0.06987703904405493 1.3333333333333333)) 60 (M 1 0.10471975511965977 0 0)) (M 1 0 0 -2.220446049250313e-16)))) (color 0 1 0 (T (repeat (T l (M 2.666666666666666 0 -1.333333333333333 1.3333333333333333)) 4 (M 1 1.5707963267948966 0 0)) (M 1 0 0 2.666666666666666)))),square,green,circle,red,square,green,balanced_data/dim_balanced/totems/dim3/var1/images/574.png
(C (C (color 0 1 0 (T (repeat (T l (M 2.666666666666666 0 -1.333333333333333 1.3333333333333333)) 4 (M 1 1.5707963267948966 0 0)) (M 1 0 0 -2.666666666666667))) (color 1 0 0 (T (repeat (T l (M 0.13975407808810986 0 -0.06987703904405493 1.3333333333333333)) 60 (M 1 0.10471975511965977 0 0)) (M 1 0 0 -2.220446049250313e-16)))) (color 0 0 1 (T (repeat (T l (M 2.666666666666666 0 -1.333333333333333 1.3333333333333333)) 4 (M 1 1.5707963267948966 0 0)) (M 1 0 0 2.666666666666666)))),square,green,circle,red,square,blue,balanced_data/dim_balanced/totems/dim3/var1/images/575.png
(C (C (color 0 1 0 (T (repeat (T l (M 2.666666666666666 0 -1.333333333333333 1.3333333333333333)) 4 (M 1 1.5707963267948966 0 0)) (M 1 0 0 -2.666666666666667))) (color 0 1 0 (T (repeat (T l (M 0.13975407808810986 0 -0.06987703904405493 1.3333333333333333)) 60 (M 1 0.10471975511965977 0 0)) (M 1 0 0 -2.220446049250313e-16)))) (color 1 0 0 (T (repeat (T l (M 0.13975407808810986 0 -0.06987703904405493 1.3333333333333333)) 60 (M 1 0.10471975511965977 0 0)) (M 1 0 0 2.666666666666666)))),square,green,circle,green,circle,red,balanced_data/dim_balanced/totems/dim3/var1/images/576.png
(C (C (color 0 1 0 (T (repeat (T l (M 2.666666666666666 0 -1.333333333333333 1.3333333333333333)) 4 (M 1 1.5707963267948966 0 0)) (M 1 0 0 -2.666666666666667))) (color 0 1 0 (T (repeat (T l (M 0.13975407808810986 0 -0.06987703904405493 1.3333333333333333)) 60 (M 1 0.10471975511965977 0 0)) (M 1 0 0 -2.220446049250313e-16)))) (color 0 1 0 (T (repeat (T l (M 0.13975407808810986 0 -0.06987703904405493 1.3333333333333333)) 60 (M 1 0.10471975511965977 0 0)) (M 1 0 0 2.666666666666666)))),square,green,circle,green,circle,green,balanced_data/dim_balanced/totems/dim3/var1/images/577.png
(C (C (color 0 1 0 (T (repeat (T l (M 2.666666666666666 0 -1.333333333333333 1.3333333333333333)) 4 (M 1 1.5707963267948966 0 0)) (M 1 0 0 -2.666666666666667))) (color 0 1 0 (T (repeat (T l (M 0.13975407808810986 0 -0.06987703904405493 1.3333333333333333)) 60 (M 1 0.10471975511965977 0 0)) (M 1 0 0 -2.220446049250313e-16)))) (color 0 0 1 (T (repeat (T l (M 0.13975407808810986 0 -0.06987703904405493 1.3333333333333333)) 60 (M 1 0.10471975511965977 0 0)) (M 1 0 0 2.666666666666666)))),square,green,circle,green,circle,blue,balanced_data/dim_balanced/totems/dim3/var1/images/578.png
(C (C (color 0 1 0 (T (repeat (T l (M 2.666666666666666 0 -1.333333333333333 1.3333333333333333)) 4 (M 1 1.5707963267948966 0 0)) (M 1 0 0 -2.666666666666667))) (color 0 1 0 (T (repeat (T l (M 0.13975407808810986 0 -0.06987703904405493 1.3333333333333333)) 60 (M 1 0.10471975511965977 0 0)) (M 1 0 0 -2.220446049250313e-16)))) (color 1 0 0 (T (T (repeat (T l (M 3.0792014356780038 0 -1.5396007178390019 0.8888888888888891)) 3 (M 1 2.0943951023931953 0 0)) (M 1 0 0 0.4444444444444443)) (M 1 0 0 2.666666666666666)))),square,green,circle,green,triangle,red,balanced_data/dim_balanced/totems/dim3/var1/images/579.png
(C (C (color 0 1 0 (T (repeat (T l (M 2.666666666666666 0 -1.333333333333333 1.3333333333333333)) 4 (M 1 1.5707963267948966 0 0)) (M 1 0 0 -2.666666666666667))) (color 0 1 0 (T (repeat (T l (M 0.13975407808810986 0 -0.06987703904405493 1.3333333333333333)) 60 (M 1 0.10471975511965977 0 0)) (M 1 0 0 -2.220446049250313e-16)))) (color 0 1 0 (T (T (repeat (T l (M 3.0792014356780038 0 -1.5396007178390019 0.8888888888888891)) 3 (M 1 2.0943951023931953 0 0)) (M 1 0 0 0.4444444444444443)) (M 1 0 0 2.666666666666666)))),square,green,circle,green,triangle,green,balanced_data/dim_balanced/totems/dim3/var1/images/580.png
(C (C (color 0 1 0 (T (repeat (T l (M 2.666666666666666 0 -1.333333333333333 1.3333333333333333)) 4 (M 1 1.5707963267948966 0 0)) (M 1 0 0 -2.666666666666667))) (color 0 1 0 (T (repeat (T l (M 0.13975407808810986 0 -0.06987703904405493 1.3333333333333333)) 60 (M 1 0.10471975511965977 0 0)) (M 1 0 0 -2.220446049250313e-16)))) (color 0 0 1 (T (T (repeat (T l (M 3.0792014356780038 0 -1.5396007178390019 0.8888888888888891)) 3 (M 1 2.0943951023931953 0 0)) (M 1 0 0 0.4444444444444443)) (M 1 0 0 2.666666666666666)))),square,green,circle,green,triangle,blue,balanced_data/dim_balanced/totems/dim3/var1/images/581.png
(C (C (color 0 1 0 (T (repeat (T l (M 2.666666666666666 0 -1.333333333333333 1.3333333333333333)) 4 (M 1 1.5707963267948966 0 0)) (M 1 0 0 -2.666666666666667))) (color 0 1 0 (T (repeat (T l (M 0.13975407808810986 0 -0.06987703904405493 1.3333333333333333)) 60 (M 1 0.10471975511965977 0 0)) (M 1 0 0 -2.220446049250313e-16)))) (color 1 0 0 (T (repeat (T l (M 2.666666666666666 0 -1.333333333333333 1.3333333333333333)) 4 (M 1 1.5707963267948966 0 0)) (M 1 0 0 2.666666666666666)))),square,green,circle,green,square,red,balanced_data/dim_balanced/totems/dim3/var1/images/582.png
(C (C (color 0 1 0 (T (repeat (T l (M 2.666666666666666 0 -1.333333333333333 1.3333333333333333)) 4 (M 1 1.5707963267948966 0 0)) (M 1 0 0 -2.666666666666667))) (color 0 1 0 (T (repeat (T l (M 0.13975407808810986 0 -0.06987703904405493 1.3333333333333333)) 60 (M 1 0.10471975511965977 0 0)) (M 1 0 0 -2.220446049250313e-16)))) (color 0 1 0 (T (repeat (T l (M 2.666666666666666 0 -1.333333333333333 1.3333333333333333)) 4 (M 1 1.5707963267948966 0 0)) (M 1 0 0 2.666666666666666)))),square,green,circle,green,square,green,balanced_data/dim_balanced/totems/dim3/var1/images/583.png
(C (C (color 0 1 0 (T (repeat (T l (M 2.666666666666666 0 -1.333333333333333 1.3333333333333333)) 4 (M 1 1.5707963267948966 0 0)) (M 1 0 0 -2.666666666666667))) (color 0 1 0 (T (repeat (T l (M 0.13975407808810986 0 -0.06987703904405493 1.3333333333333333)) 60 (M 1 0.10471975511965977 0 0)) (M 1 0 0 -2.220446049250313e-16)))) (color 0 0 1 (T (repeat (T l (M 2.666666666666666 0 -1.333333333333333 1.3333333333333333)) 4 (M 1 1.5707963267948966 0 0)) (M 1 0 0 2.666666666666666)))),square,green,circle,green,square,blue,balanced_data/dim_balanced/totems/dim3/var1/images/584.png
(C (C (color 0 1 0 (T (repeat (T l (M 2.666666666666666 0 -1.333333333333333 1.3333333333333333)) 4 (M 1 1.5707963267948966 0 0)) (M 1 0 0 -2.666666666666667))) (color 0 0 1 (T (repeat (T l (M 0.13975407808810986 0 -0.06987703904405493 1.3333333333333333)) 60 (M 1 0.10471975511965977 0 0)) (M 1 0 0 -2.220446049250313e-16)))) (color 1 0 0 (T (repeat (T l (M 0.13975407808810986 0 -0.06987703904405493 1.3333333333333333)) 60 (M 1 0.10471975511965977 0 0)) (M 1 0 0 2.666666666666666)))),square,green,circle,blue,circle,red,balanced_data/dim_balanced/totems/dim3/var1/images/585.png
(C (C (color 0 1 0 (T (repeat (T l (M 2.666666666666666 0 -1.333333333333333 1.3333333333333333)) 4 (M 1 1.5707963267948966 0 0)) (M 1 0 0 -2.666666666666667))) (color 0 0 1 (T (repeat (T l (M 0.13975407808810986 0 -0.06987703904405493 1.3333333333333333)) 60 (M 1 0.10471975511965977 0 0)) (M 1 0 0 -2.220446049250313e-16)))) (color 0 1 0 (T (repeat (T l (M 0.13975407808810986 0 -0.06987703904405493 1.3333333333333333)) 60 (M 1 0.10471975511965977 0 0)) (M 1 0 0 2.666666666666666)))),square,green,circle,blue,circle,green,balanced_data/dim_balanced/totems/dim3/var1/images/586.png
(C (C (color 0 1 0 (T (repeat (T l (M 2.666666666666666 0 -1.333333333333333 1.3333333333333333)) 4 (M 1 1.5707963267948966 0 0)) (M 1 0 0 -2.666666666666667))) (color 0 0 1 (T (repeat (T l (M 0.13975407808810986 0 -0.06987703904405493 1.3333333333333333)) 60 (M 1 0.10471975511965977 0 0)) (M 1 0 0 -2.220446049250313e-16)))) (color 0 0 1 (T (repeat (T l (M 0.13975407808810986 0 -0.06987703904405493 1.3333333333333333)) 60 (M 1 0.10471975511965977 0 0)) (M 1 0 0 2.666666666666666)))),square,green,circle,blue,circle,blue,balanced_data/dim_balanced/totems/dim3/var1/images/587.png
(C (C (color 0 1 0 (T (repeat (T l (M 2.666666666666666 0 -1.333333333333333 1.3333333333333333)) 4 (M 1 1.5707963267948966 0 0)) (M 1 0 0 -2.666666666666667))) (color 0 0 1 (T (repeat (T l (M 0.13975407808810986 0 -0.06987703904405493 1.3333333333333333)) 60 (M 1 0.10471975511965977 0 0)) (M 1 0 0 -2.220446049250313e-16)))) (color 1 0 0 (T (T (repeat (T l (M 3.0792014356780038 0 -1.5396007178390019 0.8888888888888891)) 3 (M 1 2.0943951023931953 0 0)) (M 1 0 0 0.4444444444444443)) (M 1 0 0 2.666666666666666)))),square,green,circle,blue,triangle,red,balanced_data/dim_balanced/totems/dim3/var1/images/588.png
(C (C (color 0 1 0 (T (repeat (T l (M 2.666666666666666 0 -1.333333333333333 1.3333333333333333)) 4 (M 1 1.5707963267948966 0 0)) (M 1 0 0 -2.666666666666667))) (color 0 0 1 (T (repeat (T l (M 0.13975407808810986 0 -0.06987703904405493 1.3333333333333333)) 60 (M 1 0.10471975511965977 0 0)) (M 1 0 0 -2.220446049250313e-16)))) (color 0 1 0 (T (T (repeat (T l (M 3.0792014356780038 0 -1.5396007178390019 0.8888888888888891)) 3 (M 1 2.0943951023931953 0 0)) (M 1 0 0 0.4444444444444443)) (M 1 0 0 2.666666666666666)))),square,green,circle,blue,triangle,green,balanced_data/dim_balanced/totems/dim3/var1/images/589.png
(C (C (color 0 1 0 (T (repeat (T l (M 2.666666666666666 0 -1.333333333333333 1.3333333333333333)) 4 (M 1 1.5707963267948966 0 0)) (M 1 0 0 -2.666666666666667))) (color 0 0 1 (T (repeat (T l (M 0.13975407808810986 0 -0.06987703904405493 1.3333333333333333)) 60 (M 1 0.10471975511965977 0 0)) (M 1 0 0 -2.220446049250313e-16)))) (color 0 0 1 (T (T (repeat (T l (M 3.0792014356780038 0 -1.5396007178390019 0.8888888888888891)) 3 (M 1 2.0943951023931953 0 0)) (M 1 0 0 0.4444444444444443)) (M 1 0 0 2.666666666666666)))),square,green,circle,blue,triangle,blue,balanced_data/dim_balanced/totems/dim3/var1/images/590.png
(C (C (color 0 1 0 (T (repeat (T l (M 2.666666666666666 0 -1.333333333333333 1.3333333333333333)) 4 (M 1 1.5707963267948966 0 0)) (M 1 0 0 -2.666666666666667))) (color 0 0 1 (T (repeat (T l (M 0.13975407808810986 0 -0.06987703904405493 1.3333333333333333)) 60 (M 1 0.10471975511965977 0 0)) (M 1 0 0 -2.220446049250313e-16)))) (color 1 0 0 (T (repeat (T l (M 2.666666666666666 0 -1.333333333333333 1.3333333333333333)) 4 (M 1 1.5707963267948966 0 0)) (M 1 0 0 2.666666666666666)))),square,green,circle,blue,square,red,balanced_data/dim_balanced/totems/dim3/var1/images/591.png
(C (C (color 0 1 0 (T (repeat (T l (M 2.666666666666666 0 -1.333333333333333 1.3333333333333333)) 4 (M 1 1.5707963267948966 0 0)) (M 1 0 0 -2.666666666666667))) (color 0 0 1 (T (repeat (T l (M 0.13975407808810986 0 -0.06987703904405493 1.3333333333333333)) 60 (M 1 0.10471975511965977 0 0)) (M 1 0 0 -2.220446049250313e-16)))) (color 0 1 0 (T (repeat (T l (M 2.666666666666666 0 -1.333333333333333 1.3333333333333333)) 4 (M 1 1.5707963267948966 0 0)) (M 1 0 0 2.666666666666666)))),square,green,circle,blue,square,green,balanced_data/dim_balanced/totems/dim3/var1/images/592.png
(C (C (color 0 1 0 (T (repeat (T l (M 2.666666666666666 0 -1.333333333333333 1.3333333333333333)) 4 (M 1 1.5707963267948966 0 0)) (M 1 0 0 -2.666666666666667))) (color 0 0 1 (T (repeat (T l (M 0.13975407808810986 0 -0.06987703904405493 1.3333333333333333)) 60 (M 1 0.10471975511965977 0 0)) (M 1 0 0 -2.220446049250313e-16)))) (color 0 0 1 (T (repeat (T l (M 2.666666666666666 0 -1.333333333333333 1.3333333333333333)) 4 (M 1 1.5707963267948966 0 0)) (M 1 0 0 2.666666666666666)))),square,green,circle,blue,square,blue,balanced_data/dim_balanced/totems/dim3/var1/images/593.png
(C (C (color 0 1 0 (T (repeat (T l (M 2.666666666666666 0 -1.333333333333333 1.3333333333333333)) 4 (M 1 1.5707963267948966 0 0)) (M 1 0 0 -2.666666666666667))) (color 1 0 0 (T (T (repeat (T l (M 3.0792014356780038 0 -1.5396007178390019 0.8888888888888891)) 3 (M 1 2.0943951023931953 0 0)) (M 1 0 0 0.4444444444444443)) (M 1 0 0 -2.220446049250313e-16)))) (color 1 0 0 (T (repeat (T l (M 0.13975407808810986 0 -0.06987703904405493 1.3333333333333333)) 60 (M 1 0.10471975511965977 0 0)) (M 1 0 0 2.666666666666666)))),square,green,triangle,red,circle,red,balanced_data/dim_balanced/totems/dim3/var1/images/594.png
(C (C (color 0 1 0 (T (repeat (T l (M 2.666666666666666 0 -1.333333333333333 1.3333333333333333)) 4 (M 1 1.5707963267948966 0 0)) (M 1 0 0 -2.666666666666667))) (color 1 0 0 (T (T (repeat (T l (M 3.0792014356780038 0 -1.5396007178390019 0.8888888888888891)) 3 (M 1 2.0943951023931953 0 0)) (M 1 0 0 0.4444444444444443)) (M 1 0 0 -2.220446049250313e-16)))) (color 0 1 0 (T (repeat (T l (M 0.13975407808810986 0 -0.06987703904405493 1.3333333333333333)) 60 (M 1 0.10471975511965977 0 0)) (M 1 0 0 2.666666666666666)))),square,green,triangle,red,circle,green,balanced_data/dim_balanced/totems/dim3/var1/images/595.png
(C (C (color 0 1 0 (T (repeat (T l (M 2.666666666666666 0 -1.333333333333333 1.3333333333333333)) 4 (M 1 1.5707963267948966 0 0)) (M 1 0 0 -2.666666666666667))) (color 1 0 0 (T (T (repeat (T l (M 3.0792014356780038 0 -1.5396007178390019 0.8888888888888891)) 3 (M 1 2.0943951023931953 0 0)) (M 1 0 0 0.4444444444444443)) (M 1 0 0 -2.220446049250313e-16)))) (color 0 0 1 (T (repeat (T l (M 0.13975407808810986 0 -0.06987703904405493 1.3333333333333333)) 60 (M 1 0.10471975511965977 0 0)) (M 1 0 0 2.666666666666666)))),square,green,triangle,red,circle,blue,balanced_data/dim_balanced/totems/dim3/var1/images/596.png
(C (C (color 0 1 0 (T (repeat (T l (M 2.666666666666666 0 -1.333333333333333 1.3333333333333333)) 4 (M 1 1.5707963267948966 0 0)) (M 1 0 0 -2.666666666666667))) (color 1 0 0 (T (T (repeat (T l (M 3.0792014356780038 0 -1.5396007178390019 0.8888888888888891)) 3 (M 1 2.0943951023931953 0 0)) (M 1 0 0 0.4444444444444443)) (M 1 0 0 -2.220446049250313e-16)))) (color 1 0 0 (T (T (repeat (T l (M 3.0792014356780038 0 -1.5396007178390019 0.8888888888888891)) 3 (M 1 2.0943951023931953 0 0)) (M 1 0 0 0.4444444444444443)) (M 1 0 0 2.666666666666666)))),square,green,triangle,red,triangle,red,balanced_data/dim_balanced/totems/dim3/var1/images/597.png
(C (C (color 0 1 0 (T (repeat (T l (M 2.666666666666666 0 -1.333333333333333 1.3333333333333333)) 4 (M 1 1.5707963267948966 0 0)) (M 1 0 0 -2.666666666666667))) (color 1 0 0 (T (T (repeat (T l (M 3.0792014356780038 0 -1.5396007178390019 0.8888888888888891)) 3 (M 1 2.0943951023931953 0 0)) (M 1 0 0 0.4444444444444443)) (M 1 0 0 -2.220446049250313e-16)))) (color 0 1 0 (T (T (repeat (T l (M 3.0792014356780038 0 -1.5396007178390019 0.8888888888888891)) 3 (M 1 2.0943951023931953 0 0)) (M 1 0 0 0.4444444444444443)) (M 1 0 0 2.666666666666666)))),square,green,triangle,red,triangle,green,balanced_data/dim_balanced/totems/dim3/var1/images/598.png
(C (C (color 0 1 0 (T (repeat (T l (M 2.666666666666666 0 -1.333333333333333 1.3333333333333333)) 4 (M 1 1.5707963267948966 0 0)) (M 1 0 0 -2.666666666666667))) (color 1 0 0 (T (T (repeat (T l (M 3.0792014356780038 0 -1.5396007178390019 0.8888888888888891)) 3 (M 1 2.0943951023931953 0 0)) (M 1 0 0 0.4444444444444443)) (M 1 0 0 -2.220446049250313e-16)))) (color 0 0 1 (T (T (repeat (T l (M 3.0792014356780038 0 -1.5396007178390019 0.8888888888888891)) 3 (M 1 2.0943951023931953 0 0)) (M 1 0 0 0.4444444444444443)) (M 1 0 0 2.666666666666666)))),square,green,triangle,red,triangle,blue,balanced_data/dim_balanced/totems/dim3/var1/images/599.png
(C (C (color 0 1 0 (T (repeat (T l (M 2.666666666666666 0 -1.333333333333333 1.3333333333333333)) 4 (M 1 1.5707963267948966 0 0)) (M 1 0 0 -2.666666666666667))) (color 1 0 0 (T (T (repeat (T l (M 3.0792014356780038 0 -1.5396007178390019 0.8888888888888891)) 3 (M 1 2.0943951023931953 0 0)) (M 1 0 0 0.4444444444444443)) (M 1 0 0 -2.220446049250313e-16)))) (color 1 0 0 (T (repeat (T l (M 2.666666666666666 0 -1.333333333333333 1.3333333333333333)) 4 (M 1 1.5707963267948966 0 0)) (M 1 0 0 2.666666666666666)))),square,green,triangle,red,square,red,balanced_data/dim_balanced/totems/dim3/var1/images/600.png
(C (C (color 0 1 0 (T (repeat (T l (M 2.666666666666666 0 -1.333333333333333 1.3333333333333333)) 4 (M 1 1.5707963267948966 0 0)) (M 1 0 0 -2.666666666666667))) (color 1 0 0 (T (T (repeat (T l (M 3.0792014356780038 0 -1.5396007178390019 0.8888888888888891)) 3 (M 1 2.0943951023931953 0 0)) (M 1 0 0 0.4444444444444443)) (M 1 0 0 -2.220446049250313e-16)))) (color 0 1 0 (T (repeat (T l (M 2.666666666666666 0 -1.333333333333333 1.3333333333333333)) 4 (M 1 1.5707963267948966 0 0)) (M 1 0 0 2.666666666666666)))),square,green,triangle,red,square,green,balanced_data/dim_balanced/totems/dim3/var1/images/601.png
(C (C (color 0 1 0 (T (repeat (T l (M 2.666666666666666 0 -1.333333333333333 1.3333333333333333)) 4 (M 1 1.5707963267948966 0 0)) (M 1 0 0 -2.666666666666667))) (color 1 0 0 (T (T (repeat (T l (M 3.0792014356780038 0 -1.5396007178390019 0.8888888888888891)) 3 (M 1 2.0943951023931953 0 0)) (M 1 0 0 0.4444444444444443)) (M 1 0 0 -2.220446049250313e-16)))) (color 0 0 1 (T (repeat (T l (M 2.666666666666666 0 -1.333333333333333 1.3333333333333333)) 4 (M 1 1.5707963267948966 0 0)) (M 1 0 0 2.666666666666666)))),square,green,triangle,red,square,blue,balanced_data/dim_balanced/totems/dim3/var1/images/602.png
(C (C (color 0 1 0 (T (repeat (T l (M 2.666666666666666 0 -1.333333333333333 1.3333333333333333)) 4 (M 1 1.5707963267948966 0 0)) (M 1 0 0 -2.666666666666667))) (color 0 1 0 (T (T (repeat (T l (M 3.0792014356780038 0 -1.5396007178390019 0.8888888888888891)) 3 (M 1 2.0943951023931953 0 0)) (M 1 0 0 0.4444444444444443)) (M 1 0 0 -2.220446049250313e-16)))) (color 1 0 0 (T (repeat (T l (M 0.13975407808810986 0 -0.06987703904405493 1.3333333333333333)) 60 (M 1 0.10471975511965977 0 0)) (M 1 0 0 2.666666666666666)))),square,green,triangle,green,circle,red,balanced_data/dim_balanced/totems/dim3/var1/images/603.png
(C (C (color 0 1 0 (T (repeat (T l (M 2.666666666666666 0 -1.333333333333333 1.3333333333333333)) 4 (M 1 1.5707963267948966 0 0)) (M 1 0 0 -2.666666666666667))) (color 0 1 0 (T (T (repeat (T l (M 3.0792014356780038 0 -1.5396007178390019 0.8888888888888891)) 3 (M 1 2.0943951023931953 0 0)) (M 1 0 0 0.4444444444444443)) (M 1 0 0 -2.220446049250313e-16)))) (color 0 1 0 (T (repeat (T l (M 0.13975407808810986 0 -0.06987703904405493 1.3333333333333333)) 60 (M 1 0.10471975511965977 0 0)) (M 1 0 0 2.666666666666666)))),square,green,triangle,green,circle,green,balanced_data/dim_balanced/totems/dim3/var1/images/604.png
(C (C (color 0 1 0 (T (repeat (T l (M 2.666666666666666 0 -1.333333333333333 1.3333333333333333)) 4 (M 1 1.5707963267948966 0 0)) (M 1 0 0 -2.666666666666667))) (color 0 1 0 (T (T (repeat (T l (M 3.0792014356780038 0 -1.5396007178390019 0.8888888888888891)) 3 (M 1 2.0943951023931953 0 0)) (M 1 0 0 0.4444444444444443)) (M 1 0 0 -2.220446049250313e-16)))) (color 0 0 1 (T (repeat (T l (M 0.13975407808810986 0 -0.06987703904405493 1.3333333333333333)) 60 (M 1 0.10471975511965977 0 0)) (M 1 0 0 2.666666666666666)))),square,green,triangle,green,circle,blue,balanced_data/dim_balanced/totems/dim3/var1/images/605.png
(C (C (color 0 1 0 (T (repeat (T l (M 2.666666666666666 0 -1.333333333333333 1.3333333333333333)) 4 (M 1 1.5707963267948966 0 0)) (M 1 0 0 -2.666666666666667))) (color 0 1 0 (T (T (repeat (T l (M 3.0792014356780038 0 -1.5396007178390019 0.8888888888888891)) 3 (M 1 2.0943951023931953 0 0)) (M 1 0 0 0.4444444444444443)) (M 1 0 0 -2.220446049250313e-16)))) (color 1 0 0 (T (T (repeat (T l (M 3.0792014356780038 0 -1.5396007178390019 0.8888888888888891)) 3 (M 1 2.0943951023931953 0 0)) (M 1 0 0 0.4444444444444443)) (M 1 0 0 2.666666666666666)))),square,green,triangle,green,triangle,red,balanced_data/dim_balanced/totems/dim3/var1/images/606.png
(C (C (color 0 1 0 (T (repeat (T l (M 2.666666666666666 0 -1.333333333333333 1.3333333333333333)) 4 (M 1 1.5707963267948966 0 0)) (M 1 0 0 -2.666666666666667))) (color 0 1 0 (T (T (repeat (T l (M 3.0792014356780038 0 -1.5396007178390019 0.8888888888888891)) 3 (M 1 2.0943951023931953 0 0)) (M 1 0 0 0.4444444444444443)) (M 1 0 0 -2.220446049250313e-16)))) (color 0 1 0 (T (T (repeat (T l (M 3.0792014356780038 0 -1.5396007178390019 0.8888888888888891)) 3 (M 1 2.0943951023931953 0 0)) (M 1 0 0 0.4444444444444443)) (M 1 0 0 2.666666666666666)))),square,green,triangle,green,triangle,green,balanced_data/dim_balanced/totems/dim3/var1/images/607.png
(C (C (color 0 1 0 (T (repeat (T l (M 2.666666666666666 0 -1.333333333333333 1.3333333333333333)) 4 (M 1 1.5707963267948966 0 0)) (M 1 0 0 -2.666666666666667))) (color 0 1 0 (T (T (repeat (T l (M 3.0792014356780038 0 -1.5396007178390019 0.8888888888888891)) 3 (M 1 2.0943951023931953 0 0)) (M 1 0 0 0.4444444444444443)) (M 1 0 0 -2.220446049250313e-16)))) (color 0 0 1 (T (T (repeat (T l (M 3.0792014356780038 0 -1.5396007178390019 0.8888888888888891)) 3 (M 1 2.0943951023931953 0 0)) (M 1 0 0 0.4444444444444443)) (M 1 0 0 2.666666666666666)))),square,green,triangle,green,triangle,blue,balanced_data/dim_balanced/totems/dim3/var1/images/608.png
(C (C (color 0 1 0 (T (repeat (T l (M 2.666666666666666 0 -1.333333333333333 1.3333333333333333)) 4 (M 1 1.5707963267948966 0 0)) (M 1 0 0 -2.666666666666667))) (color 0 1 0 (T (T (repeat (T l (M 3.0792014356780038 0 -1.5396007178390019 0.8888888888888891)) 3 (M 1 2.0943951023931953 0 0)) (M 1 0 0 0.4444444444444443)) (M 1 0 0 -2.220446049250313e-16)))) (color 1 0 0 (T (repeat (T l (M 2.666666666666666 0 -1.333333333333333 1.3333333333333333)) 4 (M 1 1.5707963267948966 0 0)) (M 1 0 0 2.666666666666666)))),square,green,triangle,green,square,red,balanced_data/dim_balanced/totems/dim3/var1/images/609.png
(C (C (color 0 1 0 (T (repeat (T l (M 2.666666666666666 0 -1.333333333333333 1.3333333333333333)) 4 (M 1 1.5707963267948966 0 0)) (M 1 0 0 -2.666666666666667))) (color 0 1 0 (T (T (repeat (T l (M 3.0792014356780038 0 -1.5396007178390019 0.8888888888888891)) 3 (M 1 2.0943951023931953 0 0)) (M 1 0 0 0.4444444444444443)) (M 1 0 0 -2.220446049250313e-16)))) (color 0 1 0 (T (repeat (T l (M 2.666666666666666 0 -1.333333333333333 1.3333333333333333)) 4 (M 1 1.5707963267948966 0 0)) (M 1 0 0 2.666666666666666)))),square,green,triangle,green,square,green,balanced_data/dim_balanced/totems/dim3/var1/images/610.png
(C (C (color 0 1 0 (T (repeat (T l (M 2.666666666666666 0 -1.333333333333333 1.3333333333333333)) 4 (M 1 1.5707963267948966 0 0)) (M 1 0 0 -2.666666666666667))) (color 0 1 0 (T (T (repeat (T l (M 3.0792014356780038 0 -1.5396007178390019 0.8888888888888891)) 3 (M 1 2.0943951023931953 0 0)) (M 1 0 0 0.4444444444444443)) (M 1 0 0 -2.220446049250313e-16)))) (color 0 0 1 (T (repeat (T l (M 2.666666666666666 0 -1.333333333333333 1.3333333333333333)) 4 (M 1 1.5707963267948966 0 0)) (M 1 0 0 2.666666666666666)))),square,green,triangle,green,square,blue,balanced_data/dim_balanced/totems/dim3/var1/images/611.png
(C (C (color 0 1 0 (T (repeat (T l (M 2.666666666666666 0 -1.333333333333333 1.3333333333333333)) 4 (M 1 1.5707963267948966 0 0)) (M 1 0 0 -2.666666666666667))) (color 0 0 1 (T (T (repeat (T l (M 3.0792014356780038 0 -1.5396007178390019 0.8888888888888891)) 3 (M 1 2.0943951023931953 0 0)) (M 1 0 0 0.4444444444444443)) (M 1 0 0 -2.220446049250313e-16)))) (color 1 0 0 (T (repeat (T l (M 0.13975407808810986 0 -0.06987703904405493 1.3333333333333333)) 60 (M 1 0.10471975511965977 0 0)) (M 1 0 0 2.666666666666666)))),square,green,triangle,blue,circle,red,balanced_data/dim_balanced/totems/dim3/var1/images/612.png
(C (C (color 0 1 0 (T (repeat (T l (M 2.666666666666666 0 -1.333333333333333 1.3333333333333333)) 4 (M 1 1.5707963267948966 0 0)) (M 1 0 0 -2.666666666666667))) (color 0 0 1 (T (T (repeat (T l (M 3.0792014356780038 0 -1.5396007178390019 0.8888888888888891)) 3 (M 1 2.0943951023931953 0 0)) (M 1 0 0 0.4444444444444443)) (M 1 0 0 -2.220446049250313e-16)))) (color 0 1 0 (T (repeat (T l (M 0.13975407808810986 0 -0.06987703904405493 1.3333333333333333)) 60 (M 1 0.10471975511965977 0 0)) (M 1 0 0 2.666666666666666)))),square,green,triangle,blue,circle,green,balanced_data/dim_balanced/totems/dim3/var1/images/613.png
(C (C (color 0 1 0 (T (repeat (T l (M 2.666666666666666 0 -1.333333333333333 1.3333333333333333)) 4 (M 1 1.5707963267948966 0 0)) (M 1 0 0 -2.666666666666667))) (color 0 0 1 (T (T (repeat (T l (M 3.0792014356780038 0 -1.5396007178390019 0.8888888888888891)) 3 (M 1 2.0943951023931953 0 0)) (M 1 0 0 0.4444444444444443)) (M 1 0 0 -2.220446049250313e-16)))) (color 0 0 1 (T (repeat (T l (M 0.13975407808810986 0 -0.06987703904405493 1.3333333333333333)) 60 (M 1 0.10471975511965977 0 0)) (M 1 0 0 2.666666666666666)))),square,green,triangle,blue,circle,blue,balanced_data/dim_balanced/totems/dim3/var1/images/614.png
(C (C (color 0 1 0 (T (repeat (T l (M 2.666666666666666 0 -1.333333333333333 1.3333333333333333)) 4 (M 1 1.5707963267948966 0 0)) (M 1 0 0 -2.666666666666667))) (color 0 0 1 (T (T (repeat (T l (M 3.0792014356780038 0 -1.5396007178390019 0.8888888888888891)) 3 (M 1 2.0943951023931953 0 0)) (M 1 0 0 0.4444444444444443)) (M 1 0 0 -2.220446049250313e-16)))) (color 1 0 0 (T (T (repeat (T l (M 3.0792014356780038 0 -1.5396007178390019 0.8888888888888891)) 3 (M 1 2.0943951023931953 0 0)) (M 1 0 0 0.4444444444444443)) (M 1 0 0 2.666666666666666)))),square,green,triangle,blue,triangle,red,balanced_data/dim_balanced/totems/dim3/var1/images/615.png
(C (C (color 0 1 0 (T (repeat (T l (M 2.666666666666666 0 -1.333333333333333 1.3333333333333333)) 4 (M 1 1.5707963267948966 0 0)) (M 1 0 0 -2.666666666666667))) (color 0 0 1 (T (T (repeat (T l (M 3.0792014356780038 0 -1.5396007178390019 0.8888888888888891)) 3 (M 1 2.0943951023931953 0 0)) (M 1 0 0 0.4444444444444443)) (M 1 0 0 -2.220446049250313e-16)))) (color 0 1 0 (T (T (repeat (T l (M 3.0792014356780038 0 -1.5396007178390019 0.8888888888888891)) 3 (M 1 2.0943951023931953 0 0)) (M 1 0 0 0.4444444444444443)) (M 1 0 0 2.666666666666666)))),square,green,triangle,blue,triangle,green,balanced_data/dim_balanced/totems/dim3/var1/images/616.png
(C (C (color 0 1 0 (T (repeat (T l (M 2.666666666666666 0 -1.333333333333333 1.3333333333333333)) 4 (M 1 1.5707963267948966 0 0)) (M 1 0 0 -2.666666666666667))) (color 0 0 1 (T (T (repeat (T l (M 3.0792014356780038 0 -1.5396007178390019 0.8888888888888891)) 3 (M 1 2.0943951023931953 0 0)) (M 1 0 0 0.4444444444444443)) (M 1 0 0 -2.220446049250313e-16)))) (color 0 0 1 (T (T (repeat (T l (M 3.0792014356780038 0 -1.5396007178390019 0.8888888888888891)) 3 (M 1 2.0943951023931953 0 0)) (M 1 0 0 0.4444444444444443)) (M 1 0 0 2.666666666666666)))),square,green,triangle,blue,triangle,blue,balanced_data/dim_balanced/totems/dim3/var1/images/617.png
(C (C (color 0 1 0 (T (repeat (T l (M 2.666666666666666 0 -1.333333333333333 1.3333333333333333)) 4 (M 1 1.5707963267948966 0 0)) (M 1 0 0 -2.666666666666667))) (color 0 0 1 (T (T (repeat (T l (M 3.0792014356780038 0 -1.5396007178390019 0.8888888888888891)) 3 (M 1 2.0943951023931953 0 0)) (M 1 0 0 0.4444444444444443)) (M 1 0 0 -2.220446049250313e-16)))) (color 1 0 0 (T (repeat (T l (M 2.666666666666666 0 -1.333333333333333 1.3333333333333333)) 4 (M 1 1.5707963267948966 0 0)) (M 1 0 0 2.666666666666666)))),square,green,triangle,blue,square,red,balanced_data/dim_balanced/totems/dim3/var1/images/618.png
(C (C (color 0 1 0 (T (repeat (T l (M 2.666666666666666 0 -1.333333333333333 1.3333333333333333)) 4 (M 1 1.5707963267948966 0 0)) (M 1 0 0 -2.666666666666667))) (color 0 0 1 (T (T (repeat (T l (M 3.0792014356780038 0 -1.5396007178390019 0.8888888888888891)) 3 (M 1 2.0943951023931953 0 0)) (M 1 0 0 0.4444444444444443)) (M 1 0 0 -2.220446049250313e-16)))) (color 0 1 0 (T (repeat (T l (M 2.666666666666666 0 -1.333333333333333 1.3333333333333333)) 4 (M 1 1.5707963267948966 0 0)) (M 1 0 0 2.666666666666666)))),square,green,triangle,blue,square,green,balanced_data/dim_balanced/totems/dim3/var1/images/619.png
(C (C (color 0 1 0 (T (repeat (T l (M 2.666666666666666 0 -1.333333333333333 1.3333333333333333)) 4 (M 1 1.5707963267948966 0 0)) (M 1 0 0 -2.666666666666667))) (color 0 0 1 (T (T (repeat (T l (M 3.0792014356780038 0 -1.5396007178390019 0.8888888888888891)) 3 (M 1 2.0943951023931953 0 0)) (M 1 0 0 0.4444444444444443)) (M 1 0 0 -2.220446049250313e-16)))) (color 0 0 1 (T (repeat (T l (M 2.666666666666666 0 -1.333333333333333 1.3333333333333333)) 4 (M 1 1.5707963267948966 0 0)) (M 1 0 0 2.666666666666666)))),square,green,triangle,blue,square,blue,balanced_data/dim_balanced/totems/dim3/var1/images/620.png
(C (C (color 0 1 0 (T (repeat (T l (M 2.666666666666666 0 -1.333333333333333 1.3333333333333333)) 4 (M 1 1.5707963267948966 0 0)) (M 1 0 0 -2.666666666666667))) (color 1 0 0 (T (repeat (T l (M 2.666666666666666 0 -1.333333333333333 1.3333333333333333)) 4 (M 1 1.5707963267948966 0 0)) (M 1 0 0 -2.220446049250313e-16)))) (color 1 0 0 (T (repeat (T l (M 0.13975407808810986 0 -0.06987703904405493 1.3333333333333333)) 60 (M 1 0.10471975511965977 0 0)) (M 1 0 0 2.666666666666666)))),square,green,square,red,circle,red,balanced_data/dim_balanced/totems/dim3/var1/images/621.png
(C (C (color 0 1 0 (T (repeat (T l (M 2.666666666666666 0 -1.333333333333333 1.3333333333333333)) 4 (M 1 1.5707963267948966 0 0)) (M 1 0 0 -2.666666666666667))) (color 1 0 0 (T (repeat (T l (M 2.666666666666666 0 -1.333333333333333 1.3333333333333333)) 4 (M 1 1.5707963267948966 0 0)) (M 1 0 0 -2.220446049250313e-16)))) (color 0 1 0 (T (repeat (T l (M 0.13975407808810986 0 -0.06987703904405493 1.3333333333333333)) 60 (M 1 0.10471975511965977 0 0)) (M 1 0 0 2.666666666666666)))),square,green,square,red,circle,green,balanced_data/dim_balanced/totems/dim3/var1/images/622.png
(C (C (color 0 1 0 (T (repeat (T l (M 2.666666666666666 0 -1.333333333333333 1.3333333333333333)) 4 (M 1 1.5707963267948966 0 0)) (M 1 0 0 -2.666666666666667))) (color 1 0 0 (T (repeat (T l (M 2.666666666666666 0 -1.333333333333333 1.3333333333333333)) 4 (M 1 1.5707963267948966 0 0)) (M 1 0 0 -2.220446049250313e-16)))) (color 0 0 1 (T (repeat (T l (M 0.13975407808810986 0 -0.06987703904405493 1.3333333333333333)) 60 (M 1 0.10471975511965977 0 0)) (M 1 0 0 2.666666666666666)))),square,green,square,red,circle,blue,balanced_data/dim_balanced/totems/dim3/var1/images/623.png
(C (C (color 0 1 0 (T (repeat (T l (M 2.666666666666666 0 -1.333333333333333 1.3333333333333333)) 4 (M 1 1.5707963267948966 0 0)) (M 1 0 0 -2.666666666666667))) (color 1 0 0 (T (repeat (T l (M 2.666666666666666 0 -1.333333333333333 1.3333333333333333)) 4 (M 1 1.5707963267948966 0 0)) (M 1 0 0 -2.220446049250313e-16)))) (color 1 0 0 (T (T (repeat (T l (M 3.0792014356780038 0 -1.5396007178390019 0.8888888888888891)) 3 (M 1 2.0943951023931953 0 0)) (M 1 0 0 0.4444444444444443)) (M 1 0 0 2.666666666666666)))),square,green,square,red,triangle,red,balanced_data/dim_balanced/totems/dim3/var1/images/624.png
(C (C (color 0 1 0 (T (repeat (T l (M 2.666666666666666 0 -1.333333333333333 1.3333333333333333)) 4 (M 1 1.5707963267948966 0 0)) (M 1 0 0 -2.666666666666667))) (color 1 0 0 (T (repeat (T l (M 2.666666666666666 0 -1.333333333333333 1.3333333333333333)) 4 (M 1 1.5707963267948966 0 0)) (M 1 0 0 -2.220446049250313e-16)))) (color 0 1 0 (T (T (repeat (T l (M 3.0792014356780038 0 -1.5396007178390019 0.8888888888888891)) 3 (M 1 2.0943951023931953 0 0)) (M 1 0 0 0.4444444444444443)) (M 1 0 0 2.666666666666666)))),square,green,square,red,triangle,green,balanced_data/dim_balanced/totems/dim3/var1/images/625.png
(C (C (color 0 1 0 (T (repeat (T l (M 2.666666666666666 0 -1.333333333333333 1.3333333333333333)) 4 (M 1 1.5707963267948966 0 0)) (M 1 0 0 -2.666666666666667))) (color 1 0 0 (T (repeat (T l (M 2.666666666666666 0 -1.333333333333333 1.3333333333333333)) 4 (M 1 1.5707963267948966 0 0)) (M 1 0 0 -2.220446049250313e-16)))) (color 0 0 1 (T (T (repeat (T l (M 3.0792014356780038 0 -1.5396007178390019 0.8888888888888891)) 3 (M 1 2.0943951023931953 0 0)) (M 1 0 0 0.4444444444444443)) (M 1 0 0 2.666666666666666)))),square,green,square,red,triangle,blue,balanced_data/dim_balanced/totems/dim3/var1/images/626.png
(C (C (color 0 1 0 (T (repeat (T l (M 2.666666666666666 0 -1.333333333333333 1.3333333333333333)) 4 (M 1 1.5707963267948966 0 0)) (M 1 0 0 -2.666666666666667))) (color 1 0 0 (T (repeat (T l (M 2.666666666666666 0 -1.333333333333333 1.3333333333333333)) 4 (M 1 1.5707963267948966 0 0)) (M 1 0 0 -2.220446049250313e-16)))) (color 1 0 0 (T (repeat (T l (M 2.666666666666666 0 -1.333333333333333 1.3333333333333333)) 4 (M 1 1.5707963267948966 0 0)) (M 1 0 0 2.666666666666666)))),square,green,square,red,square,red,balanced_data/dim_balanced/totems/dim3/var1/images/627.png
(C (C (color 0 1 0 (T (repeat (T l (M 2.666666666666666 0 -1.333333333333333 1.3333333333333333)) 4 (M 1 1.5707963267948966 0 0)) (M 1 0 0 -2.666666666666667))) (color 1 0 0 (T (repeat (T l (M 2.666666666666666 0 -1.333333333333333 1.3333333333333333)) 4 (M 1 1.5707963267948966 0 0)) (M 1 0 0 -2.220446049250313e-16)))) (color 0 1 0 (T (repeat (T l (M 2.666666666666666 0 -1.333333333333333 1.3333333333333333)) 4 (M 1 1.5707963267948966 0 0)) (M 1 0 0 2.666666666666666)))),square,green,square,red,square,green,balanced_data/dim_balanced/totems/dim3/var1/images/628.png
(C (C (color 0 1 0 (T (repeat (T l (M 2.666666666666666 0 -1.333333333333333 1.3333333333333333)) 4 (M 1 1.5707963267948966 0 0)) (M 1 0 0 -2.666666666666667))) (color 1 0 0 (T (repeat (T l (M 2.666666666666666 0 -1.333333333333333 1.3333333333333333)) 4 (M 1 1.5707963267948966 0 0)) (M 1 0 0 -2.220446049250313e-16)))) (color 0 0 1 (T (repeat (T l (M 2.666666666666666 0 -1.333333333333333 1.3333333333333333)) 4 (M 1 1.5707963267948966 0 0)) (M 1 0 0 2.666666666666666)))),square,green,square,red,square,blue,balanced_data/dim_balanced/totems/dim3/var1/images/629.png
(C (C (color 0 1 0 (T (repeat (T l (M 2.666666666666666 0 -1.333333333333333 1.3333333333333333)) 4 (M 1 1.5707963267948966 0 0)) (M 1 0 0 -2.666666666666667))) (color 0 1 0 (T (repeat (T l (M 2.666666666666666 0 -1.333333333333333 1.3333333333333333)) 4 (M 1 1.5707963267948966 0 0)) (M 1 0 0 -2.220446049250313e-16)))) (color 1 0 0 (T (repeat (T l (M 0.13975407808810986 0 -0.06987703904405493 1.3333333333333333)) 60 (M 1 0.10471975511965977 0 0)) (M 1 0 0 2.666666666666666)))),square,green,square,green,circle,red,balanced_data/dim_balanced/totems/dim3/var1/images/630.png
(C (C (color 0 1 0 (T (repeat (T l (M 2.666666666666666 0 -1.333333333333333 1.3333333333333333)) 4 (M 1 1.5707963267948966 0 0)) (M 1 0 0 -2.666666666666667))) (color 0 1 0 (T (repeat (T l (M 2.666666666666666 0 -1.333333333333333 1.3333333333333333)) 4 (M 1 1.5707963267948966 0 0)) (M 1 0 0 -2.220446049250313e-16)))) (color 0 1 0 (T (repeat (T l (M 0.13975407808810986 0 -0.06987703904405493 1.3333333333333333)) 60 (M 1 0.10471975511965977 0 0)) (M 1 0 0 2.666666666666666)))),square,green,square,green,circle,green,balanced_data/dim_balanced/totems/dim3/var1/images/631.png
(C (C (color 0 1 0 (T (repeat (T l (M 2.666666666666666 0 -1.333333333333333 1.3333333333333333)) 4 (M 1 1.5707963267948966 0 0)) (M 1 0 0 -2.666666666666667))) (color 0 1 0 (T (repeat (T l (M 2.666666666666666 0 -1.333333333333333 1.3333333333333333)) 4 (M 1 1.5707963267948966 0 0)) (M 1 0 0 -2.220446049250313e-16)))) (color 0 0 1 (T (repeat (T l (M 0.13975407808810986 0 -0.06987703904405493 1.3333333333333333)) 60 (M 1 0.10471975511965977 0 0)) (M 1 0 0 2.666666666666666)))),square,green,square,green,circle,blue,balanced_data/dim_balanced/totems/dim3/var1/images/632.png
(C (C (color 0 1 0 (T (repeat (T l (M 2.666666666666666 0 -1.333333333333333 1.3333333333333333)) 4 (M 1 1.5707963267948966 0 0)) (M 1 0 0 -2.666666666666667))) (color 0 1 0 (T (repeat (T l (M 2.666666666666666 0 -1.333333333333333 1.3333333333333333)) 4 (M 1 1.5707963267948966 0 0)) (M 1 0 0 -2.220446049250313e-16)))) (color 1 0 0 (T (T (repeat (T l (M 3.0792014356780038 0 -1.5396007178390019 0.8888888888888891)) 3 (M 1 2.0943951023931953 0 0)) (M 1 0 0 0.4444444444444443)) (M 1 0 0 2.666666666666666)))),square,green,square,green,triangle,red,balanced_data/dim_balanced/totems/dim3/var1/images/633.png
(C (C (color 0 1 0 (T (repeat (T l (M 2.666666666666666 0 -1.333333333333333 1.3333333333333333)) 4 (M 1 1.5707963267948966 0 0)) (M 1 0 0 -2.666666666666667))) (color 0 1 0 (T (repeat (T l (M 2.666666666666666 0 -1.333333333333333 1.3333333333333333)) 4 (M 1 1.5707963267948966 0 0)) (M 1 0 0 -2.220446049250313e-16)))) (color 0 1 0 (T (T (repeat (T l (M 3.0792014356780038 0 -1.5396007178390019 0.8888888888888891)) 3 (M 1 2.0943951023931953 0 0)) (M 1 0 0 0.4444444444444443)) (M 1 0 0 2.666666666666666)))),square,green,square,green,triangle,green,balanced_data/dim_balanced/totems/dim3/var1/images/634.png
(C (C (color 0 1 0 (T (repeat (T l (M 2.666666666666666 0 -1.333333333333333 1.3333333333333333)) 4 (M 1 1.5707963267948966 0 0)) (M 1 0 0 -2.666666666666667))) (color 0 1 0 (T (repeat (T l (M 2.666666666666666 0 -1.333333333333333 1.3333333333333333)) 4 (M 1 1.5707963267948966 0 0)) (M 1 0 0 -2.220446049250313e-16)))) (color 0 0 1 (T (T (repeat (T l (M 3.0792014356780038 0 -1.5396007178390019 0.8888888888888891)) 3 (M 1 2.0943951023931953 0 0)) (M 1 0 0 0.4444444444444443)) (M 1 0 0 2.666666666666666)))),square,green,square,green,triangle,blue,balanced_data/dim_balanced/totems/dim3/var1/images/635.png
(C (C (color 0 1 0 (T (repeat (T l (M 2.666666666666666 0 -1.333333333333333 1.3333333333333333)) 4 (M 1 1.5707963267948966 0 0)) (M 1 0 0 -2.666666666666667))) (color 0 1 0 (T (repeat (T l (M 2.666666666666666 0 -1.333333333333333 1.3333333333333333)) 4 (M 1 1.5707963267948966 0 0)) (M 1 0 0 -2.220446049250313e-16)))) (color 1 0 0 (T (repeat (T l (M 2.666666666666666 0 -1.333333333333333 1.3333333333333333)) 4 (M 1 1.5707963267948966 0 0)) (M 1 0 0 2.666666666666666)))),square,green,square,green,square,red,balanced_data/dim_balanced/totems/dim3/var1/images/636.png
(C (C (color 0 1 0 (T (repeat (T l (M 2.666666666666666 0 -1.333333333333333 1.3333333333333333)) 4 (M 1 1.5707963267948966 0 0)) (M 1 0 0 -2.666666666666667))) (color 0 1 0 (T (repeat (T l (M 2.666666666666666 0 -1.333333333333333 1.3333333333333333)) 4 (M 1 1.5707963267948966 0 0)) (M 1 0 0 -2.220446049250313e-16)))) (color 0 1 0 (T (repeat (T l (M 2.666666666666666 0 -1.333333333333333 1.3333333333333333)) 4 (M 1 1.5707963267948966 0 0)) (M 1 0 0 2.666666666666666)))),square,green,square,green,square,green,balanced_data/dim_balanced/totems/dim3/var1/images/637.png
(C (C (color 0 1 0 (T (repeat (T l (M 2.666666666666666 0 -1.333333333333333 1.3333333333333333)) 4 (M 1 1.5707963267948966 0 0)) (M 1 0 0 -2.666666666666667))) (color 0 1 0 (T (repeat (T l (M 2.666666666666666 0 -1.333333333333333 1.3333333333333333)) 4 (M 1 1.5707963267948966 0 0)) (M 1 0 0 -2.220446049250313e-16)))) (color 0 0 1 (T (repeat (T l (M 2.666666666666666 0 -1.333333333333333 1.3333333333333333)) 4 (M 1 1.5707963267948966 0 0)) (M 1 0 0 2.666666666666666)))),square,green,square,green,square,blue,balanced_data/dim_balanced/totems/dim3/var1/images/638.png
(C (C (color 0 1 0 (T (repeat (T l (M 2.666666666666666 0 -1.333333333333333 1.3333333333333333)) 4 (M 1 1.5707963267948966 0 0)) (M 1 0 0 -2.666666666666667))) (color 0 0 1 (T (repeat (T l (M 2.666666666666666 0 -1.333333333333333 1.3333333333333333)) 4 (M 1 1.5707963267948966 0 0)) (M 1 0 0 -2.220446049250313e-16)))) (color 1 0 0 (T (repeat (T l (M 0.13975407808810986 0 -0.06987703904405493 1.3333333333333333)) 60 (M 1 0.10471975511965977 0 0)) (M 1 0 0 2.666666666666666)))),square,green,square,blue,circle,red,balanced_data/dim_balanced/totems/dim3/var1/images/639.png
(C (C (color 0 1 0 (T (repeat (T l (M 2.666666666666666 0 -1.333333333333333 1.3333333333333333)) 4 (M 1 1.5707963267948966 0 0)) (M 1 0 0 -2.666666666666667))) (color 0 0 1 (T (repeat (T l (M 2.666666666666666 0 -1.333333333333333 1.3333333333333333)) 4 (M 1 1.5707963267948966 0 0)) (M 1 0 0 -2.220446049250313e-16)))) (color 0 1 0 (T (repeat (T l (M 0.13975407808810986 0 -0.06987703904405493 1.3333333333333333)) 60 (M 1 0.10471975511965977 0 0)) (M 1 0 0 2.666666666666666)))),square,green,square,blue,circle,green,balanced_data/dim_balanced/totems/dim3/var1/images/640.png
(C (C (color 0 1 0 (T (repeat (T l (M 2.666666666666666 0 -1.333333333333333 1.3333333333333333)) 4 (M 1 1.5707963267948966 0 0)) (M 1 0 0 -2.666666666666667))) (color 0 0 1 (T (repeat (T l (M 2.666666666666666 0 -1.333333333333333 1.3333333333333333)) 4 (M 1 1.5707963267948966 0 0)) (M 1 0 0 -2.220446049250313e-16)))) (color 0 0 1 (T (repeat (T l (M 0.13975407808810986 0 -0.06987703904405493 1.3333333333333333)) 60 (M 1 0.10471975511965977 0 0)) (M 1 0 0 2.666666666666666)))),square,green,square,blue,circle,blue,balanced_data/dim_balanced/totems/dim3/var1/images/641.png
(C (C (color 0 1 0 (T (repeat (T l (M 2.666666666666666 0 -1.333333333333333 1.3333333333333333)) 4 (M 1 1.5707963267948966 0 0)) (M 1 0 0 -2.666666666666667))) (color 0 0 1 (T (repeat (T l (M 2.666666666666666 0 -1.333333333333333 1.3333333333333333)) 4 (M 1 1.5707963267948966 0 0)) (M 1 0 0 -2.220446049250313e-16)))) (color 1 0 0 (T (T (repeat (T l (M 3.0792014356780038 0 -1.5396007178390019 0.8888888888888891)) 3 (M 1 2.0943951023931953 0 0)) (M 1 0 0 0.4444444444444443)) (M 1 0 0 2.666666666666666)))),square,green,square,blue,triangle,red,balanced_data/dim_balanced/totems/dim3/var1/images/642.png
(C (C (color 0 1 0 (T (repeat (T l (M 2.666666666666666 0 -1.333333333333333 1.3333333333333333)) 4 (M 1 1.5707963267948966 0 0)) (M 1 0 0 -2.666666666666667))) (color 0 0 1 (T (repeat (T l (M 2.666666666666666 0 -1.333333333333333 1.3333333333333333)) 4 (M 1 1.5707963267948966 0 0)) (M 1 0 0 -2.220446049250313e-16)))) (color 0 1 0 (T (T (repeat (T l (M 3.0792014356780038 0 -1.5396007178390019 0.8888888888888891)) 3 (M 1 2.0943951023931953 0 0)) (M 1 0 0 0.4444444444444443)) (M 1 0 0 2.666666666666666)))),square,green,square,blue,triangle,green,balanced_data/dim_balanced/totems/dim3/var1/images/643.png
(C (C (color 0 1 0 (T (repeat (T l (M 2.666666666666666 0 -1.333333333333333 1.3333333333333333)) 4 (M 1 1.5707963267948966 0 0)) (M 1 0 0 -2.666666666666667))) (color 0 0 1 (T (repeat (T l (M 2.666666666666666 0 -1.333333333333333 1.3333333333333333)) 4 (M 1 1.5707963267948966 0 0)) (M 1 0 0 -2.220446049250313e-16)))) (color 0 0 1 (T (T (repeat (T l (M 3.0792014356780038 0 -1.5396007178390019 0.8888888888888891)) 3 (M 1 2.0943951023931953 0 0)) (M 1 0 0 0.4444444444444443)) (M 1 0 0 2.666666666666666)))),square,green,square,blue,triangle,blue,balanced_data/dim_balanced/totems/dim3/var1/images/644.png
(C (C (color 0 1 0 (T (repeat (T l (M 2.666666666666666 0 -1.333333333333333 1.3333333333333333)) 4 (M 1 1.5707963267948966 0 0)) (M 1 0 0 -2.666666666666667))) (color 0 0 1 (T (repeat (T l (M 2.666666666666666 0 -1.333333333333333 1.3333333333333333)) 4 (M 1 1.5707963267948966 0 0)) (M 1 0 0 -2.220446049250313e-16)))) (color 1 0 0 (T (repeat (T l (M 2.666666666666666 0 -1.333333333333333 1.3333333333333333)) 4 (M 1 1.5707963267948966 0 0)) (M 1 0 0 2.666666666666666)))),square,green,square,blue,square,red,balanced_data/dim_balanced/totems/dim3/var1/images/645.png
(C (C (color 0 1 0 (T (repeat (T l (M 2.666666666666666 0 -1.333333333333333 1.3333333333333333)) 4 (M 1 1.5707963267948966 0 0)) (M 1 0 0 -2.666666666666667))) (color 0 0 1 (T (repeat (T l (M 2.666666666666666 0 -1.333333333333333 1.3333333333333333)) 4 (M 1 1.5707963267948966 0 0)) (M 1 0 0 -2.220446049250313e-16)))) (color 0 1 0 (T (repeat (T l (M 2.666666666666666 0 -1.333333333333333 1.3333333333333333)) 4 (M 1 1.5707963267948966 0 0)) (M 1 0 0 2.666666666666666)))),square,green,square,blue,square,green,balanced_data/dim_balanced/totems/dim3/var1/images/646.png
(C (C (color 0 1 0 (T (repeat (T l (M 2.666666666666666 0 -1.333333333333333 1.3333333333333333)) 4 (M 1 1.5707963267948966 0 0)) (M 1 0 0 -2.666666666666667))) (color 0 0 1 (T (repeat (T l (M 2.666666666666666 0 -1.333333333333333 1.3333333333333333)) 4 (M 1 1.5707963267948966 0 0)) (M 1 0 0 -2.220446049250313e-16)))) (color 0 0 1 (T (repeat (T l (M 2.666666666666666 0 -1.333333333333333 1.3333333333333333)) 4 (M 1 1.5707963267948966 0 0)) (M 1 0 0 2.666666666666666)))),square,green,square,blue,square,blue,balanced_data/dim_balanced/totems/dim3/var1/images/647.png
(C (C (color 0 0 1 (T (repeat (T l (M 2.666666666666666 0 -1.333333333333333 1.3333333333333333)) 4 (M 1 1.5707963267948966 0 0)) (M 1 0 0 -2.666666666666667))) (color 1 0 0 (T (repeat (T l (M 0.13975407808810986 0 -0.06987703904405493 1.3333333333333333)) 60 (M 1 0.10471975511965977 0 0)) (M 1 0 0 -2.220446049250313e-16)))) (color 1 0 0 (T (repeat (T l (M 0.13975407808810986 0 -0.06987703904405493 1.3333333333333333)) 60 (M 1 0.10471975511965977 0 0)) (M 1 0 0 2.666666666666666)))),square,blue,circle,red,circle,red,balanced_data/dim_balanced/totems/dim3/var1/images/648.png
(C (C (color 0 0 1 (T (repeat (T l (M 2.666666666666666 0 -1.333333333333333 1.3333333333333333)) 4 (M 1 1.5707963267948966 0 0)) (M 1 0 0 -2.666666666666667))) (color 1 0 0 (T (repeat (T l (M 0.13975407808810986 0 -0.06987703904405493 1.3333333333333333)) 60 (M 1 0.10471975511965977 0 0)) (M 1 0 0 -2.220446049250313e-16)))) (color 0 1 0 (T (repeat (T l (M 0.13975407808810986 0 -0.06987703904405493 1.3333333333333333)) 60 (M 1 0.10471975511965977 0 0)) (M 1 0 0 2.666666666666666)))),square,blue,circle,red,circle,green,balanced_data/dim_balanced/totems/dim3/var1/images/649.png
(C (C (color 0 0 1 (T (repeat (T l (M 2.666666666666666 0 -1.333333333333333 1.3333333333333333)) 4 (M 1 1.5707963267948966 0 0)) (M 1 0 0 -2.666666666666667))) (color 1 0 0 (T (repeat (T l (M 0.13975407808810986 0 -0.06987703904405493 1.3333333333333333)) 60 (M 1 0.10471975511965977 0 0)) (M 1 0 0 -2.220446049250313e-16)))) (color 0 0 1 (T (repeat (T l (M 0.13975407808810986 0 -0.06987703904405493 1.3333333333333333)) 60 (M 1 0.10471975511965977 0 0)) (M 1 0 0 2.666666666666666)))),square,blue,circle,red,circle,blue,balanced_data/dim_balanced/totems/dim3/var1/images/650.png
(C (C (color 0 0 1 (T (repeat (T l (M 2.666666666666666 0 -1.333333333333333 1.3333333333333333)) 4 (M 1 1.5707963267948966 0 0)) (M 1 0 0 -2.666666666666667))) (color 1 0 0 (T (repeat (T l (M 0.13975407808810986 0 -0.06987703904405493 1.3333333333333333)) 60 (M 1 0.10471975511965977 0 0)) (M 1 0 0 -2.220446049250313e-16)))) (color 1 0 0 (T (T (repeat (T l (M 3.0792014356780038 0 -1.5396007178390019 0.8888888888888891)) 3 (M 1 2.0943951023931953 0 0)) (M 1 0 0 0.4444444444444443)) (M 1 0 0 2.666666666666666)))),square,blue,circle,red,triangle,red,balanced_data/dim_balanced/totems/dim3/var1/images/651.png
(C (C (color 0 0 1 (T (repeat (T l (M 2.666666666666666 0 -1.333333333333333 1.3333333333333333)) 4 (M 1 1.5707963267948966 0 0)) (M 1 0 0 -2.666666666666667))) (color 1 0 0 (T (repeat (T l (M 0.13975407808810986 0 -0.06987703904405493 1.3333333333333333)) 60 (M 1 0.10471975511965977 0 0)) (M 1 0 0 -2.220446049250313e-16)))) (color 0 1 0 (T (T (repeat (T l (M 3.0792014356780038 0 -1.5396007178390019 0.8888888888888891)) 3 (M 1 2.0943951023931953 0 0)) (M 1 0 0 0.4444444444444443)) (M 1 0 0 2.666666666666666)))),square,blue,circle,red,triangle,green,balanced_data/dim_balanced/totems/dim3/var1/images/652.png
(C (C (color 0 0 1 (T (repeat (T l (M 2.666666666666666 0 -1.333333333333333 1.3333333333333333)) 4 (M 1 1.5707963267948966 0 0)) (M 1 0 0 -2.666666666666667))) (color 1 0 0 (T (repeat (T l (M 0.13975407808810986 0 -0.06987703904405493 1.3333333333333333)) 60 (M 1 0.10471975511965977 0 0)) (M 1 0 0 -2.220446049250313e-16)))) (color 0 0 1 (T (T (repeat (T l (M 3.0792014356780038 0 -1.5396007178390019 0.8888888888888891)) 3 (M 1 2.0943951023931953 0 0)) (M 1 0 0 0.4444444444444443)) (M 1 0 0 2.666666666666666)))),square,blue,circle,red,triangle,blue,balanced_data/dim_balanced/totems/dim3/var1/images/653.png
(C (C (color 0 0 1 (T (repeat (T l (M 2.666666666666666 0 -1.333333333333333 1.3333333333333333)) 4 (M 1 1.5707963267948966 0 0)) (M 1 0 0 -2.666666666666667))) (color 1 0 0 (T (repeat (T l (M 0.13975407808810986 0 -0.06987703904405493 1.3333333333333333)) 60 (M 1 0.10471975511965977 0 0)) (M 1 0 0 -2.220446049250313e-16)))) (color 1 0 0 (T (repeat (T l (M 2.666666666666666 0 -1.333333333333333 1.3333333333333333)) 4 (M 1 1.5707963267948966 0 0)) (M 1 0 0 2.666666666666666)))),square,blue,circle,red,square,red,balanced_data/dim_balanced/totems/dim3/var1/images/654.png
(C (C (color 0 0 1 (T (repeat (T l (M 2.666666666666666 0 -1.333333333333333 1.3333333333333333)) 4 (M 1 1.5707963267948966 0 0)) (M 1 0 0 -2.666666666666667))) (color 1 0 0 (T (repeat (T l (M 0.13975407808810986 0 -0.06987703904405493 1.3333333333333333)) 60 (M 1 0.10471975511965977 0 0)) (M 1 0 0 -2.220446049250313e-16)))) (color 0 1 0 (T (repeat (T l (M 2.666666666666666 0 -1.333333333333333 1.3333333333333333)) 4 (M 1 1.5707963267948966 0 0)) (M 1 0 0 2.666666666666666)))),square,blue,circle,red,square,green,balanced_data/dim_balanced/totems/dim3/var1/images/655.png
(C (C (color 0 0 1 (T (repeat (T l (M 2.666666666666666 0 -1.333333333333333 1.3333333333333333)) 4 (M 1 1.5707963267948966 0 0)) (M 1 0 0 -2.666666666666667))) (color 1 0 0 (T (repeat (T l (M 0.13975407808810986 0 -0.06987703904405493 1.3333333333333333)) 60 (M 1 0.10471975511965977 0 0)) (M 1 0 0 -2.220446049250313e-16)))) (color 0 0 1 (T (repeat (T l (M 2.666666666666666 0 -1.333333333333333 1.3333333333333333)) 4 (M 1 1.5707963267948966 0 0)) (M 1 0 0 2.666666666666666)))),square,blue,circle,red,square,blue,balanced_data/dim_balanced/totems/dim3/var1/images/656.png
(C (C (color 0 0 1 (T (repeat (T l (M 2.666666666666666 0 -1.333333333333333 1.3333333333333333)) 4 (M 1 1.5707963267948966 0 0)) (M 1 0 0 -2.666666666666667))) (color 0 1 0 (T (repeat (T l (M 0.13975407808810986 0 -0.06987703904405493 1.3333333333333333)) 60 (M 1 0.10471975511965977 0 0)) (M 1 0 0 -2.220446049250313e-16)))) (color 1 0 0 (T (repeat (T l (M 0.13975407808810986 0 -0.06987703904405493 1.3333333333333333)) 60 (M 1 0.10471975511965977 0 0)) (M 1 0 0 2.666666666666666)))),square,blue,circle,green,circle,red,balanced_data/dim_balanced/totems/dim3/var1/images/657.png
(C (C (color 0 0 1 (T (repeat (T l (M 2.666666666666666 0 -1.333333333333333 1.3333333333333333)) 4 (M 1 1.5707963267948966 0 0)) (M 1 0 0 -2.666666666666667))) (color 0 1 0 (T (repeat (T l (M 0.13975407808810986 0 -0.06987703904405493 1.3333333333333333)) 60 (M 1 0.10471975511965977 0 0)) (M 1 0 0 -2.220446049250313e-16)))) (color 0 1 0 (T (repeat (T l (M 0.13975407808810986 0 -0.06987703904405493 1.3333333333333333)) 60 (M 1 0.10471975511965977 0 0)) (M 1 0 0 2.666666666666666)))),square,blue,circle,green,circle,green,balanced_data/dim_balanced/totems/dim3/var1/images/658.png
(C (C (color 0 0 1 (T (repeat (T l (M 2.666666666666666 0 -1.333333333333333 1.3333333333333333)) 4 (M 1 1.5707963267948966 0 0)) (M 1 0 0 -2.666666666666667))) (color 0 1 0 (T (repeat (T l (M 0.13975407808810986 0 -0.06987703904405493 1.3333333333333333)) 60 (M 1 0.10471975511965977 0 0)) (M 1 0 0 -2.220446049250313e-16)))) (color 0 0 1 (T (repeat (T l (M 0.13975407808810986 0 -0.06987703904405493 1.3333333333333333)) 60 (M 1 0.10471975511965977 0 0)) (M 1 0 0 2.666666666666666)))),square,blue,circle,green,circle,blue,balanced_data/dim_balanced/totems/dim3/var1/images/659.png
(C (C (color 0 0 1 (T (repeat (T l (M 2.666666666666666 0 -1.333333333333333 1.3333333333333333)) 4 (M 1 1.5707963267948966 0 0)) (M 1 0 0 -2.666666666666667))) (color 0 1 0 (T (repeat (T l (M 0.13975407808810986 0 -0.06987703904405493 1.3333333333333333)) 60 (M 1 0.10471975511965977 0 0)) (M 1 0 0 -2.220446049250313e-16)))) (color 1 0 0 (T (T (repeat (T l (M 3.0792014356780038 0 -1.5396007178390019 0.8888888888888891)) 3 (M 1 2.0943951023931953 0 0)) (M 1 0 0 0.4444444444444443)) (M 1 0 0 2.666666666666666)))),square,blue,circle,green,triangle,red,balanced_data/dim_balanced/totems/dim3/var1/images/660.png
(C (C (color 0 0 1 (T (repeat (T l (M 2.666666666666666 0 -1.333333333333333 1.3333333333333333)) 4 (M 1 1.5707963267948966 0 0)) (M 1 0 0 -2.666666666666667))) (color 0 1 0 (T (repeat (T l (M 0.13975407808810986 0 -0.06987703904405493 1.3333333333333333)) 60 (M 1 0.10471975511965977 0 0)) (M 1 0 0 -2.220446049250313e-16)))) (color 0 1 0 (T (T (repeat (T l (M 3.0792014356780038 0 -1.5396007178390019 0.8888888888888891)) 3 (M 1 2.0943951023931953 0 0)) (M 1 0 0 0.4444444444444443)) (M 1 0 0 2.666666666666666)))),square,blue,circle,green,triangle,green,balanced_data/dim_balanced/totems/dim3/var1/images/661.png
(C (C (color 0 0 1 (T (repeat (T l (M 2.666666666666666 0 -1.333333333333333 1.3333333333333333)) 4 (M 1 1.5707963267948966 0 0)) (M 1 0 0 -2.666666666666667))) (color 0 1 0 (T (repeat (T l (M 0.13975407808810986 0 -0.06987703904405493 1.3333333333333333)) 60 (M 1 0.10471975511965977 0 0)) (M 1 0 0 -2.220446049250313e-16)))) (color 0 0 1 (T (T (repeat (T l (M 3.0792014356780038 0 -1.5396007178390019 0.8888888888888891)) 3 (M 1 2.0943951023931953 0 0)) (M 1 0 0 0.4444444444444443)) (M 1 0 0 2.666666666666666)))),square,blue,circle,green,triangle,blue,balanced_data/dim_balanced/totems/dim3/var1/images/662.png
(C (C (color 0 0 1 (T (repeat (T l (M 2.666666666666666 0 -1.333333333333333 1.3333333333333333)) 4 (M 1 1.5707963267948966 0 0)) (M 1 0 0 -2.666666666666667))) (color 0 1 0 (T (repeat (T l (M 0.13975407808810986 0 -0.06987703904405493 1.3333333333333333)) 60 (M 1 0.10471975511965977 0 0)) (M 1 0 0 -2.220446049250313e-16)))) (color 1 0 0 (T (repeat (T l (M 2.666666666666666 0 -1.333333333333333 1.3333333333333333)) 4 (M 1 1.5707963267948966 0 0)) (M 1 0 0 2.666666666666666)))),square,blue,circle,green,square,red,balanced_data/dim_balanced/totems/dim3/var1/images/663.png
(C (C (color 0 0 1 (T (repeat (T l (M 2.666666666666666 0 -1.333333333333333 1.3333333333333333)) 4 (M 1 1.5707963267948966 0 0)) (M 1 0 0 -2.666666666666667))) (color 0 1 0 (T (repeat (T l (M 0.13975407808810986 0 -0.06987703904405493 1.3333333333333333)) 60 (M 1 0.10471975511965977 0 0)) (M 1 0 0 -2.220446049250313e-16)))) (color 0 1 0 (T (repeat (T l (M 2.666666666666666 0 -1.333333333333333 1.3333333333333333)) 4 (M 1 1.5707963267948966 0 0)) (M 1 0 0 2.666666666666666)))),square,blue,circle,green,square,green,balanced_data/dim_balanced/totems/dim3/var1/images/664.png
(C (C (color 0 0 1 (T (repeat (T l (M 2.666666666666666 0 -1.333333333333333 1.3333333333333333)) 4 (M 1 1.5707963267948966 0 0)) (M 1 0 0 -2.666666666666667))) (color 0 1 0 (T (repeat (T l (M 0.13975407808810986 0 -0.06987703904405493 1.3333333333333333)) 60 (M 1 0.10471975511965977 0 0)) (M 1 0 0 -2.220446049250313e-16)))) (color 0 0 1 (T (repeat (T l (M 2.666666666666666 0 -1.333333333333333 1.3333333333333333)) 4 (M 1 1.5707963267948966 0 0)) (M 1 0 0 2.666666666666666)))),square,blue,circle,green,square,blue,balanced_data/dim_balanced/totems/dim3/var1/images/665.png
(C (C (color 0 0 1 (T (repeat (T l (M 2.666666666666666 0 -1.333333333333333 1.3333333333333333)) 4 (M 1 1.5707963267948966 0 0)) (M 1 0 0 -2.666666666666667))) (color 0 0 1 (T (repeat (T l (M 0.13975407808810986 0 -0.06987703904405493 1.3333333333333333)) 60 (M 1 0.10471975511965977 0 0)) (M 1 0 0 -2.220446049250313e-16)))) (color 1 0 0 (T (repeat (T l (M 0.13975407808810986 0 -0.06987703904405493 1.3333333333333333)) 60 (M 1 0.10471975511965977 0 0)) (M 1 0 0 2.666666666666666)))),square,blue,circle,blue,circle,red,balanced_data/dim_balanced/totems/dim3/var1/images/666.png
(C (C (color 0 0 1 (T (repeat (T l (M 2.666666666666666 0 -1.333333333333333 1.3333333333333333)) 4 (M 1 1.5707963267948966 0 0)) (M 1 0 0 -2.666666666666667))) (color 0 0 1 (T (repeat (T l (M 0.13975407808810986 0 -0.06987703904405493 1.3333333333333333)) 60 (M 1 0.10471975511965977 0 0)) (M 1 0 0 -2.220446049250313e-16)))) (color 0 1 0 (T (repeat (T l (M 0.13975407808810986 0 -0.06987703904405493 1.3333333333333333)) 60 (M 1 0.10471975511965977 0 0)) (M 1 0 0 2.666666666666666)))),square,blue,circle,blue,circle,green,balanced_data/dim_balanced/totems/dim3/var1/images/667.png
(C (C (color 0 0 1 (T (repeat (T l (M 2.666666666666666 0 -1.333333333333333 1.3333333333333333)) 4 (M 1 1.5707963267948966 0 0)) (M 1 0 0 -2.666666666666667))) (color 0 0 1 (T (repeat (T l (M 0.13975407808810986 0 -0.06987703904405493 1.3333333333333333)) 60 (M 1 0.10471975511965977 0 0)) (M 1 0 0 -2.220446049250313e-16)))) (color 0 0 1 (T (repeat (T l (M 0.13975407808810986 0 -0.06987703904405493 1.3333333333333333)) 60 (M 1 0.10471975511965977 0 0)) (M 1 0 0 2.666666666666666)))),square,blue,circle,blue,circle,blue,balanced_data/dim_balanced/totems/dim3/var1/images/668.png
(C (C (color 0 0 1 (T (repeat (T l (M 2.666666666666666 0 -1.333333333333333 1.3333333333333333)) 4 (M 1 1.5707963267948966 0 0)) (M 1 0 0 -2.666666666666667))) (color 0 0 1 (T (repeat (T l (M 0.13975407808810986 0 -0.06987703904405493 1.3333333333333333)) 60 (M 1 0.10471975511965977 0 0)) (M 1 0 0 -2.220446049250313e-16)))) (color 1 0 0 (T (T (repeat (T l (M 3.0792014356780038 0 -1.5396007178390019 0.8888888888888891)) 3 (M 1 2.0943951023931953 0 0)) (M 1 0 0 0.4444444444444443)) (M 1 0 0 2.666666666666666)))),square,blue,circle,blue,triangle,red,balanced_data/dim_balanced/totems/dim3/var1/images/669.png
(C (C (color 0 0 1 (T (repeat (T l (M 2.666666666666666 0 -1.333333333333333 1.3333333333333333)) 4 (M 1 1.5707963267948966 0 0)) (M 1 0 0 -2.666666666666667))) (color 0 0 1 (T (repeat (T l (M 0.13975407808810986 0 -0.06987703904405493 1.3333333333333333)) 60 (M 1 0.10471975511965977 0 0)) (M 1 0 0 -2.220446049250313e-16)))) (color 0 1 0 (T (T (repeat (T l (M 3.0792014356780038 0 -1.5396007178390019 0.8888888888888891)) 3 (M 1 2.0943951023931953 0 0)) (M 1 0 0 0.4444444444444443)) (M 1 0 0 2.666666666666666)))),square,blue,circle,blue,triangle,green,balanced_data/dim_balanced/totems/dim3/var1/images/670.png
(C (C (color 0 0 1 (T (repeat (T l (M 2.666666666666666 0 -1.333333333333333 1.3333333333333333)) 4 (M 1 1.5707963267948966 0 0)) (M 1 0 0 -2.666666666666667))) (color 0 0 1 (T (repeat (T l (M 0.13975407808810986 0 -0.06987703904405493 1.3333333333333333)) 60 (M 1 0.10471975511965977 0 0)) (M 1 0 0 -2.220446049250313e-16)))) (color 0 0 1 (T (T (repeat (T l (M 3.0792014356780038 0 -1.5396007178390019 0.8888888888888891)) 3 (M 1 2.0943951023931953 0 0)) (M 1 0 0 0.4444444444444443)) (M 1 0 0 2.666666666666666)))),square,blue,circle,blue,triangle,blue,balanced_data/dim_balanced/totems/dim3/var1/images/671.png
(C (C (color 0 0 1 (T (repeat (T l (M 2.666666666666666 0 -1.333333333333333 1.3333333333333333)) 4 (M 1 1.5707963267948966 0 0)) (M 1 0 0 -2.666666666666667))) (color 0 0 1 (T (repeat (T l (M 0.13975407808810986 0 -0.06987703904405493 1.3333333333333333)) 60 (M 1 0.10471975511965977 0 0)) (M 1 0 0 -2.220446049250313e-16)))) (color 1 0 0 (T (repeat (T l (M 2.666666666666666 0 -1.333333333333333 1.3333333333333333)) 4 (M 1 1.5707963267948966 0 0)) (M 1 0 0 2.666666666666666)))),square,blue,circle,blue,square,red,balanced_data/dim_balanced/totems/dim3/var1/images/672.png
(C (C (color 0 0 1 (T (repeat (T l (M 2.666666666666666 0 -1.333333333333333 1.3333333333333333)) 4 (M 1 1.5707963267948966 0 0)) (M 1 0 0 -2.666666666666667))) (color 0 0 1 (T (repeat (T l (M 0.13975407808810986 0 -0.06987703904405493 1.3333333333333333)) 60 (M 1 0.10471975511965977 0 0)) (M 1 0 0 -2.220446049250313e-16)))) (color 0 1 0 (T (repeat (T l (M 2.666666666666666 0 -1.333333333333333 1.3333333333333333)) 4 (M 1 1.5707963267948966 0 0)) (M 1 0 0 2.666666666666666)))),square,blue,circle,blue,square,green,balanced_data/dim_balanced/totems/dim3/var1/images/673.png
(C (C (color 0 0 1 (T (repeat (T l (M 2.666666666666666 0 -1.333333333333333 1.3333333333333333)) 4 (M 1 1.5707963267948966 0 0)) (M 1 0 0 -2.666666666666667))) (color 0 0 1 (T (repeat (T l (M 0.13975407808810986 0 -0.06987703904405493 1.3333333333333333)) 60 (M 1 0.10471975511965977 0 0)) (M 1 0 0 -2.220446049250313e-16)))) (color 0 0 1 (T (repeat (T l (M 2.666666666666666 0 -1.333333333333333 1.3333333333333333)) 4 (M 1 1.5707963267948966 0 0)) (M 1 0 0 2.666666666666666)))),square,blue,circle,blue,square,blue,balanced_data/dim_balanced/totems/dim3/var1/images/674.png
(C (C (color 0 0 1 (T (repeat (T l (M 2.666666666666666 0 -1.333333333333333 1.3333333333333333)) 4 (M 1 1.5707963267948966 0 0)) (M 1 0 0 -2.666666666666667))) (color 1 0 0 (T (T (repeat (T l (M 3.0792014356780038 0 -1.5396007178390019 0.8888888888888891)) 3 (M 1 2.0943951023931953 0 0)) (M 1 0 0 0.4444444444444443)) (M 1 0 0 -2.220446049250313e-16)))) (color 1 0 0 (T (repeat (T l (M 0.13975407808810986 0 -0.06987703904405493 1.3333333333333333)) 60 (M 1 0.10471975511965977 0 0)) (M 1 0 0 2.666666666666666)))),square,blue,triangle,red,circle,red,balanced_data/dim_balanced/totems/dim3/var1/images/675.png
(C (C (color 0 0 1 (T (repeat (T l (M 2.666666666666666 0 -1.333333333333333 1.3333333333333333)) 4 (M 1 1.5707963267948966 0 0)) (M 1 0 0 -2.666666666666667))) (color 1 0 0 (T (T (repeat (T l (M 3.0792014356780038 0 -1.5396007178390019 0.8888888888888891)) 3 (M 1 2.0943951023931953 0 0)) (M 1 0 0 0.4444444444444443)) (M 1 0 0 -2.220446049250313e-16)))) (color 0 1 0 (T (repeat (T l (M 0.13975407808810986 0 -0.06987703904405493 1.3333333333333333)) 60 (M 1 0.10471975511965977 0 0)) (M 1 0 0 2.666666666666666)))),square,blue,triangle,red,circle,green,balanced_data/dim_balanced/totems/dim3/var1/images/676.png
(C (C (color 0 0 1 (T (repeat (T l (M 2.666666666666666 0 -1.333333333333333 1.3333333333333333)) 4 (M 1 1.5707963267948966 0 0)) (M 1 0 0 -2.666666666666667))) (color 1 0 0 (T (T (repeat (T l (M 3.0792014356780038 0 -1.5396007178390019 0.8888888888888891)) 3 (M 1 2.0943951023931953 0 0)) (M 1 0 0 0.4444444444444443)) (M 1 0 0 -2.220446049250313e-16)))) (color 0 0 1 (T (repeat (T l (M 0.13975407808810986 0 -0.06987703904405493 1.3333333333333333)) 60 (M 1 0.10471975511965977 0 0)) (M 1 0 0 2.666666666666666)))),square,blue,triangle,red,circle,blue,balanced_data/dim_balanced/totems/dim3/var1/images/677.png
(C (C (color 0 0 1 (T (repeat (T l (M 2.666666666666666 0 -1.333333333333333 1.3333333333333333)) 4 (M 1 1.5707963267948966 0 0)) (M 1 0 0 -2.666666666666667))) (color 1 0 0 (T (T (repeat (T l (M 3.0792014356780038 0 -1.5396007178390019 0.8888888888888891)) 3 (M 1 2.0943951023931953 0 0)) (M 1 0 0 0.4444444444444443)) (M 1 0 0 -2.220446049250313e-16)))) (color 1 0 0 (T (T (repeat (T l (M 3.0792014356780038 0 -1.5396007178390019 0.8888888888888891)) 3 (M 1 2.0943951023931953 0 0)) (M 1 0 0 0.4444444444444443)) (M 1 0 0 2.666666666666666)))),square,blue,triangle,red,triangle,red,balanced_data/dim_balanced/totems/dim3/var1/images/678.png
(C (C (color 0 0 1 (T (repeat (T l (M 2.666666666666666 0 -1.333333333333333 1.3333333333333333)) 4 (M 1 1.5707963267948966 0 0)) (M 1 0 0 -2.666666666666667))) (color 1 0 0 (T (T (repeat (T l (M 3.0792014356780038 0 -1.5396007178390019 0.8888888888888891)) 3 (M 1 2.0943951023931953 0 0)) (M 1 0 0 0.4444444444444443)) (M 1 0 0 -2.220446049250313e-16)))) (color 0 1 0 (T (T (repeat (T l (M 3.0792014356780038 0 -1.5396007178390019 0.8888888888888891)) 3 (M 1 2.0943951023931953 0 0)) (M 1 0 0 0.4444444444444443)) (M 1 0 0 2.666666666666666)))),square,blue,triangle,red,triangle,green,balanced_data/dim_balanced/totems/dim3/var1/images/679.png
(C (C (color 0 0 1 (T (repeat (T l (M 2.666666666666666 0 -1.333333333333333 1.3333333333333333)) 4 (M 1 1.5707963267948966 0 0)) (M 1 0 0 -2.666666666666667))) (color 1 0 0 (T (T (repeat (T l (M 3.0792014356780038 0 -1.5396007178390019 0.8888888888888891)) 3 (M 1 2.0943951023931953 0 0)) (M 1 0 0 0.4444444444444443)) (M 1 0 0 -2.220446049250313e-16)))) (color 0 0 1 (T (T (repeat (T l (M 3.0792014356780038 0 -1.5396007178390019 0.8888888888888891)) 3 (M 1 2.0943951023931953 0 0)) (M 1 0 0 0.4444444444444443)) (M 1 0 0 2.666666666666666)))),square,blue,triangle,red,triangle,blue,balanced_data/dim_balanced/totems/dim3/var1/images/680.png
(C (C (color 0 0 1 (T (repeat (T l (M 2.666666666666666 0 -1.333333333333333 1.3333333333333333)) 4 (M 1 1.5707963267948966 0 0)) (M 1 0 0 -2.666666666666667))) (color 1 0 0 (T (T (repeat (T l (M 3.0792014356780038 0 -1.5396007178390019 0.8888888888888891)) 3 (M 1 2.0943951023931953 0 0)) (M 1 0 0 0.4444444444444443)) (M 1 0 0 -2.220446049250313e-16)))) (color 1 0 0 (T (repeat (T l (M 2.666666666666666 0 -1.333333333333333 1.3333333333333333)) 4 (M 1 1.5707963267948966 0 0)) (M 1 0 0 2.666666666666666)))),square,blue,triangle,red,square,red,balanced_data/dim_balanced/totems/dim3/var1/images/681.png
(C (C (color 0 0 1 (T (repeat (T l (M 2.666666666666666 0 -1.333333333333333 1.3333333333333333)) 4 (M 1 1.5707963267948966 0 0)) (M 1 0 0 -2.666666666666667))) (color 1 0 0 (T (T (repeat (T l (M 3.0792014356780038 0 -1.5396007178390019 0.8888888888888891)) 3 (M 1 2.0943951023931953 0 0)) (M 1 0 0 0.4444444444444443)) (M 1 0 0 -2.220446049250313e-16)))) (color 0 1 0 (T (repeat (T l (M 2.666666666666666 0 -1.333333333333333 1.3333333333333333)) 4 (M 1 1.5707963267948966 0 0)) (M 1 0 0 2.666666666666666)))),square,blue,triangle,red,square,green,balanced_data/dim_balanced/totems/dim3/var1/images/682.png
(C (C (color 0 0 1 (T (repeat (T l (M 2.666666666666666 0 -1.333333333333333 1.3333333333333333)) 4 (M 1 1.5707963267948966 0 0)) (M 1 0 0 -2.666666666666667))) (color 1 0 0 (T (T (repeat (T l (M 3.0792014356780038 0 -1.5396007178390019 0.8888888888888891)) 3 (M 1 2.0943951023931953 0 0)) (M 1 0 0 0.4444444444444443)) (M 1 0 0 -2.220446049250313e-16)))) (color 0 0 1 (T (repeat (T l (M 2.666666666666666 0 -1.333333333333333 1.3333333333333333)) 4 (M 1 1.5707963267948966 0 0)) (M 1 0 0 2.666666666666666)))),square,blue,triangle,red,square,blue,balanced_data/dim_balanced/totems/dim3/var1/images/683.png
(C (C (color 0 0 1 (T (repeat (T l (M 2.666666666666666 0 -1.333333333333333 1.3333333333333333)) 4 (M 1 1.5707963267948966 0 0)) (M 1 0 0 -2.666666666666667))) (color 0 1 0 (T (T (repeat (T l (M 3.0792014356780038 0 -1.5396007178390019 0.8888888888888891)) 3 (M 1 2.0943951023931953 0 0)) (M 1 0 0 0.4444444444444443)) (M 1 0 0 -2.220446049250313e-16)))) (color 1 0 0 (T (repeat (T l (M 0.13975407808810986 0 -0.06987703904405493 1.3333333333333333)) 60 (M 1 0.10471975511965977 0 0)) (M 1 0 0 2.666666666666666)))),square,blue,triangle,green,circle,red,balanced_data/dim_balanced/totems/dim3/var1/images/684.png
(C (C (color 0 0 1 (T (repeat (T l (M 2.666666666666666 0 -1.333333333333333 1.3333333333333333)) 4 (M 1 1.5707963267948966 0 0)) (M 1 0 0 -2.666666666666667))) (color 0 1 0 (T (T (repeat (T l (M 3.0792014356780038 0 -1.5396007178390019 0.8888888888888891)) 3 (M 1 2.0943951023931953 0 0)) (M 1 0 0 0.4444444444444443)) (M 1 0 0 -2.220446049250313e-16)))) (color 0 1 0 (T (repeat (T l (M 0.13975407808810986 0 -0.06987703904405493 1.3333333333333333)) 60 (M 1 0.10471975511965977 0 0)) (M 1 0 0 2.666666666666666)))),square,blue,triangle,green,circle,green,balanced_data/dim_balanced/totems/dim3/var1/images/685.png
(C (C (color 0 0 1 (T (repeat (T l (M 2.666666666666666 0 -1.333333333333333 1.3333333333333333)) 4 (M 1 1.5707963267948966 0 0)) (M 1 0 0 -2.666666666666667))) (color 0 1 0 (T (T (repeat (T l (M 3.0792014356780038 0 -1.5396007178390019 0.8888888888888891)) 3 (M 1 2.0943951023931953 0 0)) (M 1 0 0 0.4444444444444443)) (M 1 0 0 -2.220446049250313e-16)))) (color 0 0 1 (T (repeat (T l (M 0.13975407808810986 0 -0.06987703904405493 1.3333333333333333)) 60 (M 1 0.10471975511965977 0 0)) (M 1 0 0 2.666666666666666)))),square,blue,triangle,green,circle,blue,balanced_data/dim_balanced/totems/dim3/var1/images/686.png
(C (C (color 0 0 1 (T (repeat (T l (M 2.666666666666666 0 -1.333333333333333 1.3333333333333333)) 4 (M 1 1.5707963267948966 0 0)) (M 1 0 0 -2.666666666666667))) (color 0 1 0 (T (T (repeat (T l (M 3.0792014356780038 0 -1.5396007178390019 0.8888888888888891)) 3 (M 1 2.0943951023931953 0 0)) (M 1 0 0 0.4444444444444443)) (M 1 0 0 -2.220446049250313e-16)))) (color 1 0 0 (T (T (repeat (T l (M 3.0792014356780038 0 -1.5396007178390019 0.8888888888888891)) 3 (M 1 2.0943951023931953 0 0)) (M 1 0 0 0.4444444444444443)) (M 1 0 0 2.666666666666666)))),square,blue,triangle,green,triangle,red,balanced_data/dim_balanced/totems/dim3/var1/images/687.png
(C (C (color 0 0 1 (T (repeat (T l (M 2.666666666666666 0 -1.333333333333333 1.3333333333333333)) 4 (M 1 1.5707963267948966 0 0)) (M 1 0 0 -2.666666666666667))) (color 0 1 0 (T (T (repeat (T l (M 3.0792014356780038 0 -1.5396007178390019 0.8888888888888891)) 3 (M 1 2.0943951023931953 0 0)) (M 1 0 0 0.4444444444444443)) (M 1 0 0 -2.220446049250313e-16)))) (color 0 1 0 (T (T (repeat (T l (M 3.0792014356780038 0 -1.5396007178390019 0.8888888888888891)) 3 (M 1 2.0943951023931953 0 0)) (M 1 0 0 0.4444444444444443)) (M 1 0 0 2.666666666666666)))),square,blue,triangle,green,triangle,green,balanced_data/dim_balanced/totems/dim3/var1/images/688.png
(C (C (color 0 0 1 (T (repeat (T l (M 2.666666666666666 0 -1.333333333333333 1.3333333333333333)) 4 (M 1 1.5707963267948966 0 0)) (M 1 0 0 -2.666666666666667))) (color 0 1 0 (T (T (repeat (T l (M 3.0792014356780038 0 -1.5396007178390019 0.8888888888888891)) 3 (M 1 2.0943951023931953 0 0)) (M 1 0 0 0.4444444444444443)) (M 1 0 0 -2.220446049250313e-16)))) (color 0 0 1 (T (T (repeat (T l (M 3.0792014356780038 0 -1.5396007178390019 0.8888888888888891)) 3 (M 1 2.0943951023931953 0 0)) (M 1 0 0 0.4444444444444443)) (M 1 0 0 2.666666666666666)))),square,blue,triangle,green,triangle,blue,balanced_data/dim_balanced/totems/dim3/var1/images/689.png
(C (C (color 0 0 1 (T (repeat (T l (M 2.666666666666666 0 -1.333333333333333 1.3333333333333333)) 4 (M 1 1.5707963267948966 0 0)) (M 1 0 0 -2.666666666666667))) (color 0 1 0 (T (T (repeat (T l (M 3.0792014356780038 0 -1.5396007178390019 0.8888888888888891)) 3 (M 1 2.0943951023931953 0 0)) (M 1 0 0 0.4444444444444443)) (M 1 0 0 -2.220446049250313e-16)))) (color 1 0 0 (T (repeat (T l (M 2.666666666666666 0 -1.333333333333333 1.3333333333333333)) 4 (M 1 1.5707963267948966 0 0)) (M 1 0 0 2.666666666666666)))),square,blue,triangle,green,square,red,balanced_data/dim_balanced/totems/dim3/var1/images/690.png
(C (C (color 0 0 1 (T (repeat (T l (M 2.666666666666666 0 -1.333333333333333 1.3333333333333333)) 4 (M 1 1.5707963267948966 0 0)) (M 1 0 0 -2.666666666666667))) (color 0 1 0 (T (T (repeat (T l (M 3.0792014356780038 0 -1.5396007178390019 0.8888888888888891)) 3 (M 1 2.0943951023931953 0 0)) (M 1 0 0 0.4444444444444443)) (M 1 0 0 -2.220446049250313e-16)))) (color 0 1 0 (T (repeat (T l (M 2.666666666666666 0 -1.333333333333333 1.3333333333333333)) 4 (M 1 1.5707963267948966 0 0)) (M 1 0 0 2.666666666666666)))),square,blue,triangle,green,square,green,balanced_data/dim_balanced/totems/dim3/var1/images/691.png
(C (C (color 0 0 1 (T (repeat (T l (M 2.666666666666666 0 -1.333333333333333 1.3333333333333333)) 4 (M 1 1.5707963267948966 0 0)) (M 1 0 0 -2.666666666666667))) (color 0 1 0 (T (T (repeat (T l (M 3.0792014356780038 0 -1.5396007178390019 0.8888888888888891)) 3 (M 1 2.0943951023931953 0 0)) (M 1 0 0 0.4444444444444443)) (M 1 0 0 -2.220446049250313e-16)))) (color 0 0 1 (T (repeat (T l (M 2.666666666666666 0 -1.333333333333333 1.3333333333333333)) 4 (M 1 1.5707963267948966 0 0)) (M 1 0 0 2.666666666666666)))),square,blue,triangle,green,square,blue,balanced_data/dim_balanced/totems/dim3/var1/images/692.png
(C (C (color 0 0 1 (T (repeat (T l (M 2.666666666666666 0 -1.333333333333333 1.3333333333333333)) 4 (M 1 1.5707963267948966 0 0)) (M 1 0 0 -2.666666666666667))) (color 0 0 1 (T (T (repeat (T l (M 3.0792014356780038 0 -1.5396007178390019 0.8888888888888891)) 3 (M 1 2.0943951023931953 0 0)) (M 1 0 0 0.4444444444444443)) (M 1 0 0 -2.220446049250313e-16)))) (color 1 0 0 (T (repeat (T l (M 0.13975407808810986 0 -0.06987703904405493 1.3333333333333333)) 60 (M 1 0.10471975511965977 0 0)) (M 1 0 0 2.666666666666666)))),square,blue,triangle,blue,circle,red,balanced_data/dim_balanced/totems/dim3/var1/images/693.png
(C (C (color 0 0 1 (T (repeat (T l (M 2.666666666666666 0 -1.333333333333333 1.3333333333333333)) 4 (M 1 1.5707963267948966 0 0)) (M 1 0 0 -2.666666666666667))) (color 0 0 1 (T (T (repeat (T l (M 3.0792014356780038 0 -1.5396007178390019 0.8888888888888891)) 3 (M 1 2.0943951023931953 0 0)) (M 1 0 0 0.4444444444444443)) (M 1 0 0 -2.220446049250313e-16)))) (color 0 1 0 (T (repeat (T l (M 0.13975407808810986 0 -0.06987703904405493 1.3333333333333333)) 60 (M 1 0.10471975511965977 0 0)) (M 1 0 0 2.666666666666666)))),square,blue,triangle,blue,circle,green,balanced_data/dim_balanced/totems/dim3/var1/images/694.png
(C (C (color 0 0 1 (T (repeat (T l (M 2.666666666666666 0 -1.333333333333333 1.3333333333333333)) 4 (M 1 1.5707963267948966 0 0)) (M 1 0 0 -2.666666666666667))) (color 0 0 1 (T (T (repeat (T l (M 3.0792014356780038 0 -1.5396007178390019 0.8888888888888891)) 3 (M 1 2.0943951023931953 0 0)) (M 1 0 0 0.4444444444444443)) (M 1 0 0 -2.220446049250313e-16)))) (color 0 0 1 (T (repeat (T l (M 0.13975407808810986 0 -0.06987703904405493 1.3333333333333333)) 60 (M 1 0.10471975511965977 0 0)) (M 1 0 0 2.666666666666666)))),square,blue,triangle,blue,circle,blue,balanced_data/dim_balanced/totems/dim3/var1/images/695.png
(C (C (color 0 0 1 (T (repeat (T l (M 2.666666666666666 0 -1.333333333333333 1.3333333333333333)) 4 (M 1 1.5707963267948966 0 0)) (M 1 0 0 -2.666666666666667))) (color 0 0 1 (T (T (repeat (T l (M 3.0792014356780038 0 -1.5396007178390019 0.8888888888888891)) 3 (M 1 2.0943951023931953 0 0)) (M 1 0 0 0.4444444444444443)) (M 1 0 0 -2.220446049250313e-16)))) (color 1 0 0 (T (T (repeat (T l (M 3.0792014356780038 0 -1.5396007178390019 0.8888888888888891)) 3 (M 1 2.0943951023931953 0 0)) (M 1 0 0 0.4444444444444443)) (M 1 0 0 2.666666666666666)))),square,blue,triangle,blue,triangle,red,balanced_data/dim_balanced/totems/dim3/var1/images/696.png
(C (C (color 0 0 1 (T (repeat (T l (M 2.666666666666666 0 -1.333333333333333 1.3333333333333333)) 4 (M 1 1.5707963267948966 0 0)) (M 1 0 0 -2.666666666666667))) (color 0 0 1 (T (T (repeat (T l (M 3.0792014356780038 0 -1.5396007178390019 0.8888888888888891)) 3 (M 1 2.0943951023931953 0 0)) (M 1 0 0 0.4444444444444443)) (M 1 0 0 -2.220446049250313e-16)))) (color 0 1 0 (T (T (repeat (T l (M 3.0792014356780038 0 -1.5396007178390019 0.8888888888888891)) 3 (M 1 2.0943951023931953 0 0)) (M 1 0 0 0.4444444444444443)) (M 1 0 0 2.666666666666666)))),square,blue,triangle,blue,triangle,green,balanced_data/dim_balanced/totems/dim3/var1/images/697.png
(C (C (color 0 0 1 (T (repeat (T l (M 2.666666666666666 0 -1.333333333333333 1.3333333333333333)) 4 (M 1 1.5707963267948966 0 0)) (M 1 0 0 -2.666666666666667))) (color 0 0 1 (T (T (repeat (T l (M 3.0792014356780038 0 -1.5396007178390019 0.8888888888888891)) 3 (M 1 2.0943951023931953 0 0)) (M 1 0 0 0.4444444444444443)) (M 1 0 0 -2.220446049250313e-16)))) (color 0 0 1 (T (T (repeat (T l (M 3.0792014356780038 0 -1.5396007178390019 0.8888888888888891)) 3 (M 1 2.0943951023931953 0 0)) (M 1 0 0 0.4444444444444443)) (M 1 0 0 2.666666666666666)))),square,blue,triangle,blue,triangle,blue,balanced_data/dim_balanced/totems/dim3/var1/images/698.png
(C (C (color 0 0 1 (T (repeat (T l (M 2.666666666666666 0 -1.333333333333333 1.3333333333333333)) 4 (M 1 1.5707963267948966 0 0)) (M 1 0 0 -2.666666666666667))) (color 0 0 1 (T (T (repeat (T l (M 3.0792014356780038 0 -1.5396007178390019 0.8888888888888891)) 3 (M 1 2.0943951023931953 0 0)) (M 1 0 0 0.4444444444444443)) (M 1 0 0 -2.220446049250313e-16)))) (color 1 0 0 (T (repeat (T l (M 2.666666666666666 0 -1.333333333333333 1.3333333333333333)) 4 (M 1 1.5707963267948966 0 0)) (M 1 0 0 2.666666666666666)))),square,blue,triangle,blue,square,red,balanced_data/dim_balanced/totems/dim3/var1/images/699.png
(C (C (color 0 0 1 (T (repeat (T l (M 2.666666666666666 0 -1.333333333333333 1.3333333333333333)) 4 (M 1 1.5707963267948966 0 0)) (M 1 0 0 -2.666666666666667))) (color 0 0 1 (T (T (repeat (T l (M 3.0792014356780038 0 -1.5396007178390019 0.8888888888888891)) 3 (M 1 2.0943951023931953 0 0)) (M 1 0 0 0.4444444444444443)) (M 1 0 0 -2.220446049250313e-16)))) (color 0 1 0 (T (repeat (T l (M 2.666666666666666 0 -1.333333333333333 1.3333333333333333)) 4 (M 1 1.5707963267948966 0 0)) (M 1 0 0 2.666666666666666)))),square,blue,triangle,blue,square,green,balanced_data/dim_balanced/totems/dim3/var1/images/700.png
(C (C (color 0 0 1 (T (repeat (T l (M 2.666666666666666 0 -1.333333333333333 1.3333333333333333)) 4 (M 1 1.5707963267948966 0 0)) (M 1 0 0 -2.666666666666667))) (color 0 0 1 (T (T (repeat (T l (M 3.0792014356780038 0 -1.5396007178390019 0.8888888888888891)) 3 (M 1 2.0943951023931953 0 0)) (M 1 0 0 0.4444444444444443)) (M 1 0 0 -2.220446049250313e-16)))) (color 0 0 1 (T (repeat (T l (M 2.666666666666666 0 -1.333333333333333 1.3333333333333333)) 4 (M 1 1.5707963267948966 0 0)) (M 1 0 0 2.666666666666666)))),square,blue,triangle,blue,square,blue,balanced_data/dim_balanced/totems/dim3/var1/images/701.png
(C (C (color 0 0 1 (T (repeat (T l (M 2.666666666666666 0 -1.333333333333333 1.3333333333333333)) 4 (M 1 1.5707963267948966 0 0)) (M 1 0 0 -2.666666666666667))) (color 1 0 0 (T (repeat (T l (M 2.666666666666666 0 -1.333333333333333 1.3333333333333333)) 4 (M 1 1.5707963267948966 0 0)) (M 1 0 0 -2.220446049250313e-16)))) (color 1 0 0 (T (repeat (T l (M 0.13975407808810986 0 -0.06987703904405493 1.3333333333333333)) 60 (M 1 0.10471975511965977 0 0)) (M 1 0 0 2.666666666666666)))),square,blue,square,red,circle,red,balanced_data/dim_balanced/totems/dim3/var1/images/702.png
(C (C (color 0 0 1 (T (repeat (T l (M 2.666666666666666 0 -1.333333333333333 1.3333333333333333)) 4 (M 1 1.5707963267948966 0 0)) (M 1 0 0 -2.666666666666667))) (color 1 0 0 (T (repeat (T l (M 2.666666666666666 0 -1.333333333333333 1.3333333333333333)) 4 (M 1 1.5707963267948966 0 0)) (M 1 0 0 -2.220446049250313e-16)))) (color 0 1 0 (T (repeat (T l (M 0.13975407808810986 0 -0.06987703904405493 1.3333333333333333)) 60 (M 1 0.10471975511965977 0 0)) (M 1 0 0 2.666666666666666)))),square,blue,square,red,circle,green,balanced_data/dim_balanced/totems/dim3/var1/images/703.png
(C (C (color 0 0 1 (T (repeat (T l (M 2.666666666666666 0 -1.333333333333333 1.3333333333333333)) 4 (M 1 1.5707963267948966 0 0)) (M 1 0 0 -2.666666666666667))) (color 1 0 0 (T (repeat (T l (M 2.666666666666666 0 -1.333333333333333 1.3333333333333333)) 4 (M 1 1.5707963267948966 0 0)) (M 1 0 0 -2.220446049250313e-16)))) (color 0 0 1 (T (repeat (T l (M 0.13975407808810986 0 -0.06987703904405493 1.3333333333333333)) 60 (M 1 0.10471975511965977 0 0)) (M 1 0 0 2.666666666666666)))),square,blue,square,red,circle,blue,balanced_data/dim_balanced/totems/dim3/var1/images/704.png
(C (C (color 0 0 1 (T (repeat (T l (M 2.666666666666666 0 -1.333333333333333 1.3333333333333333)) 4 (M 1 1.5707963267948966 0 0)) (M 1 0 0 -2.666666666666667))) (color 1 0 0 (T (repeat (T l (M 2.666666666666666 0 -1.333333333333333 1.3333333333333333)) 4 (M 1 1.5707963267948966 0 0)) (M 1 0 0 -2.220446049250313e-16)))) (color 1 0 0 (T (T (repeat (T l (M 3.0792014356780038 0 -1.5396007178390019 0.8888888888888891)) 3 (M 1 2.0943951023931953 0 0)) (M 1 0 0 0.4444444444444443)) (M 1 0 0 2.666666666666666)))),square,blue,square,red,triangle,red,balanced_data/dim_balanced/totems/dim3/var1/images/705.png
(C (C (color 0 0 1 (T (repeat (T l (M 2.666666666666666 0 -1.333333333333333 1.3333333333333333)) 4 (M 1 1.5707963267948966 0 0)) (M 1 0 0 -2.666666666666667))) (color 1 0 0 (T (repeat (T l (M 2.666666666666666 0 -1.333333333333333 1.3333333333333333)) 4 (M 1 1.5707963267948966 0 0)) (M 1 0 0 -2.220446049250313e-16)))) (color 0 1 0 (T (T (repeat (T l (M 3.0792014356780038 0 -1.5396007178390019 0.8888888888888891)) 3 (M 1 2.0943951023931953 0 0)) (M 1 0 0 0.4444444444444443)) (M 1 0 0 2.666666666666666)))),square,blue,square,red,triangle,green,balanced_data/dim_balanced/totems/dim3/var1/images/706.png
(C (C (color 0 0 1 (T (repeat (T l (M 2.666666666666666 0 -1.333333333333333 1.3333333333333333)) 4 (M 1 1.5707963267948966 0 0)) (M 1 0 0 -2.666666666666667))) (color 1 0 0 (T (repeat (T l (M 2.666666666666666 0 -1.333333333333333 1.3333333333333333)) 4 (M 1 1.5707963267948966 0 0)) (M 1 0 0 -2.220446049250313e-16)))) (color 0 0 1 (T (T (repeat (T l (M 3.0792014356780038 0 -1.5396007178390019 0.8888888888888891)) 3 (M 1 2.0943951023931953 0 0)) (M 1 0 0 0.4444444444444443)) (M 1 0 0 2.666666666666666)))),square,blue,square,red,triangle,blue,balanced_data/dim_balanced/totems/dim3/var1/images/707.png
(C (C (color 0 0 1 (T (repeat (T l (M 2.666666666666666 0 -1.333333333333333 1.3333333333333333)) 4 (M 1 1.5707963267948966 0 0)) (M 1 0 0 -2.666666666666667))) (color 1 0 0 (T (repeat (T l (M 2.666666666666666 0 -1.333333333333333 1.3333333333333333)) 4 (M 1 1.5707963267948966 0 0)) (M 1 0 0 -2.220446049250313e-16)))) (color 1 0 0 (T (repeat (T l (M 2.666666666666666 0 -1.333333333333333 1.3333333333333333)) 4 (M 1 1.5707963267948966 0 0)) (M 1 0 0 2.666666666666666)))),square,blue,square,red,square,red,balanced_data/dim_balanced/totems/dim3/var1/images/708.png
(C (C (color 0 0 1 (T (repeat (T l (M 2.666666666666666 0 -1.333333333333333 1.3333333333333333)) 4 (M 1 1.5707963267948966 0 0)) (M 1 0 0 -2.666666666666667))) (color 1 0 0 (T (repeat (T l (M 2.666666666666666 0 -1.333333333333333 1.3333333333333333)) 4 (M 1 1.5707963267948966 0 0)) (M 1 0 0 -2.220446049250313e-16)))) (color 0 1 0 (T (repeat (T l (M 2.666666666666666 0 -1.333333333333333 1.3333333333333333)) 4 (M 1 1.5707963267948966 0 0)) (M 1 0 0 2.666666666666666)))),square,blue,square,red,square,green,balanced_data/dim_balanced/totems/dim3/var1/images/709.png
(C (C (color 0 0 1 (T (repeat (T l (M 2.666666666666666 0 -1.333333333333333 1.3333333333333333)) 4 (M 1 1.5707963267948966 0 0)) (M 1 0 0 -2.666666666666667))) (color 1 0 0 (T (repeat (T l (M 2.666666666666666 0 -1.333333333333333 1.3333333333333333)) 4 (M 1 1.5707963267948966 0 0)) (M 1 0 0 -2.220446049250313e-16)))) (color 0 0 1 (T (repeat (T l (M 2.666666666666666 0 -1.333333333333333 1.3333333333333333)) 4 (M 1 1.5707963267948966 0 0)) (M 1 0 0 2.666666666666666)))),square,blue,square,red,square,blue,balanced_data/dim_balanced/totems/dim3/var1/images/710.png
(C (C (color 0 0 1 (T (repeat (T l (M 2.666666666666666 0 -1.333333333333333 1.3333333333333333)) 4 (M 1 1.5707963267948966 0 0)) (M 1 0 0 -2.666666666666667))) (color 0 1 0 (T (repeat (T l (M 2.666666666666666 0 -1.333333333333333 1.3333333333333333)) 4 (M 1 1.5707963267948966 0 0)) (M 1 0 0 -2.220446049250313e-16)))) (color 1 0 0 (T (repeat (T l (M 0.13975407808810986 0 -0.06987703904405493 1.3333333333333333)) 60 (M 1 0.10471975511965977 0 0)) (M 1 0 0 2.666666666666666)))),square,blue,square,green,circle,red,balanced_data/dim_balanced/totems/dim3/var1/images/711.png
(C (C (color 0 0 1 (T (repeat (T l (M 2.666666666666666 0 -1.333333333333333 1.3333333333333333)) 4 (M 1 1.5707963267948966 0 0)) (M 1 0 0 -2.666666666666667))) (color 0 1 0 (T (repeat (T l (M 2.666666666666666 0 -1.333333333333333 1.3333333333333333)) 4 (M 1 1.5707963267948966 0 0)) (M 1 0 0 -2.220446049250313e-16)))) (color 0 1 0 (T (repeat (T l (M 0.13975407808810986 0 -0.06987703904405493 1.3333333333333333)) 60 (M 1 0.10471975511965977 0 0)) (M 1 0 0 2.666666666666666)))),square,blue,square,green,circle,green,balanced_data/dim_balanced/totems/dim3/var1/images/712.png
(C (C (color 0 0 1 (T (repeat (T l (M 2.666666666666666 0 -1.333333333333333 1.3333333333333333)) 4 (M 1 1.5707963267948966 0 0)) (M 1 0 0 -2.666666666666667))) (color 0 1 0 (T (repeat (T l (M 2.666666666666666 0 -1.333333333333333 1.3333333333333333)) 4 (M 1 1.5707963267948966 0 0)) (M 1 0 0 -2.220446049250313e-16)))) (color 0 0 1 (T (repeat (T l (M 0.13975407808810986 0 -0.06987703904405493 1.3333333333333333)) 60 (M 1 0.10471975511965977 0 0)) (M 1 0 0 2.666666666666666)))),square,blue,square,green,circle,blue,balanced_data/dim_balanced/totems/dim3/var1/images/713.png
(C (C (color 0 0 1 (T (repeat (T l (M 2.666666666666666 0 -1.333333333333333 1.3333333333333333)) 4 (M 1 1.5707963267948966 0 0)) (M 1 0 0 -2.666666666666667))) (color 0 1 0 (T (repeat (T l (M 2.666666666666666 0 -1.333333333333333 1.3333333333333333)) 4 (M 1 1.5707963267948966 0 0)) (M 1 0 0 -2.220446049250313e-16)))) (color 1 0 0 (T (T (repeat (T l (M 3.0792014356780038 0 -1.5396007178390019 0.8888888888888891)) 3 (M 1 2.0943951023931953 0 0)) (M 1 0 0 0.4444444444444443)) (M 1 0 0 2.666666666666666)))),square,blue,square,green,triangle,red,balanced_data/dim_balanced/totems/dim3/var1/images/714.png
(C (C (color 0 0 1 (T (repeat (T l (M 2.666666666666666 0 -1.333333333333333 1.3333333333333333)) 4 (M 1 1.5707963267948966 0 0)) (M 1 0 0 -2.666666666666667))) (color 0 1 0 (T (repeat (T l (M 2.666666666666666 0 -1.333333333333333 1.3333333333333333)) 4 (M 1 1.5707963267948966 0 0)) (M 1 0 0 -2.220446049250313e-16)))) (color 0 1 0 (T (T (repeat (T l (M 3.0792014356780038 0 -1.5396007178390019 0.8888888888888891)) 3 (M 1 2.0943951023931953 0 0)) (M 1 0 0 0.4444444444444443)) (M 1 0 0 2.666666666666666)))),square,blue,square,green,triangle,green,balanced_data/dim_balanced/totems/dim3/var1/images/715.png
(C (C (color 0 0 1 (T (repeat (T l (M 2.666666666666666 0 -1.333333333333333 1.3333333333333333)) 4 (M 1 1.5707963267948966 0 0)) (M 1 0 0 -2.666666666666667))) (color 0 1 0 (T (repeat (T l (M 2.666666666666666 0 -1.333333333333333 1.3333333333333333)) 4 (M 1 1.5707963267948966 0 0)) (M 1 0 0 -2.220446049250313e-16)))) (color 0 0 1 (T (T (repeat (T l (M 3.0792014356780038 0 -1.5396007178390019 0.8888888888888891)) 3 (M 1 2.0943951023931953 0 0)) (M 1 0 0 0.4444444444444443)) (M 1 0 0 2.666666666666666)))),square,blue,square,green,triangle,blue,balanced_data/dim_balanced/totems/dim3/var1/images/716.png
(C (C (color 0 0 1 (T (repeat (T l (M 2.666666666666666 0 -1.333333333333333 1.3333333333333333)) 4 (M 1 1.5707963267948966 0 0)) (M 1 0 0 -2.666666666666667))) (color 0 1 0 (T (repeat (T l (M 2.666666666666666 0 -1.333333333333333 1.3333333333333333)) 4 (M 1 1.5707963267948966 0 0)) (M 1 0 0 -2.220446049250313e-16)))) (color 1 0 0 (T (repeat (T l (M 2.666666666666666 0 -1.333333333333333 1.3333333333333333)) 4 (M 1 1.5707963267948966 0 0)) (M 1 0 0 2.666666666666666)))),square,blue,square,green,square,red,balanced_data/dim_balanced/totems/dim3/var1/images/717.png
(C (C (color 0 0 1 (T (repeat (T l (M 2.666666666666666 0 -1.333333333333333 1.3333333333333333)) 4 (M 1 1.5707963267948966 0 0)) (M 1 0 0 -2.666666666666667))) (color 0 1 0 (T (repeat (T l (M 2.666666666666666 0 -1.333333333333333 1.3333333333333333)) 4 (M 1 1.5707963267948966 0 0)) (M 1 0 0 -2.220446049250313e-16)))) (color 0 1 0 (T (repeat (T l (M 2.666666666666666 0 -1.333333333333333 1.3333333333333333)) 4 (M 1 1.5707963267948966 0 0)) (M 1 0 0 2.666666666666666)))),square,blue,square,green,square,green,balanced_data/dim_balanced/totems/dim3/var1/images/718.png
(C (C (color 0 0 1 (T (repeat (T l (M 2.666666666666666 0 -1.333333333333333 1.3333333333333333)) 4 (M 1 1.5707963267948966 0 0)) (M 1 0 0 -2.666666666666667))) (color 0 1 0 (T (repeat (T l (M 2.666666666666666 0 -1.333333333333333 1.3333333333333333)) 4 (M 1 1.5707963267948966 0 0)) (M 1 0 0 -2.220446049250313e-16)))) (color 0 0 1 (T (repeat (T l (M 2.666666666666666 0 -1.333333333333333 1.3333333333333333)) 4 (M 1 1.5707963267948966 0 0)) (M 1 0 0 2.666666666666666)))),square,blue,square,green,square,blue,balanced_data/dim_balanced/totems/dim3/var1/images/719.png
(C (C (color 0 0 1 (T (repeat (T l (M 2.666666666666666 0 -1.333333333333333 1.3333333333333333)) 4 (M 1 1.5707963267948966 0 0)) (M 1 0 0 -2.666666666666667))) (color 0 0 1 (T (repeat (T l (M 2.666666666666666 0 -1.333333333333333 1.3333333333333333)) 4 (M 1 1.5707963267948966 0 0)) (M 1 0 0 -2.220446049250313e-16)))) (color 1 0 0 (T (repeat (T l (M 0.13975407808810986 0 -0.06987703904405493 1.3333333333333333)) 60 (M 1 0.10471975511965977 0 0)) (M 1 0 0 2.666666666666666)))),square,blue,square,blue,circle,red,balanced_data/dim_balanced/totems/dim3/var1/images/720.png
(C (C (color 0 0 1 (T (repeat (T l (M 2.666666666666666 0 -1.333333333333333 1.3333333333333333)) 4 (M 1 1.5707963267948966 0 0)) (M 1 0 0 -2.666666666666667))) (color 0 0 1 (T (repeat (T l (M 2.666666666666666 0 -1.333333333333333 1.3333333333333333)) 4 (M 1 1.5707963267948966 0 0)) (M 1 0 0 -2.220446049250313e-16)))) (color 0 1 0 (T (repeat (T l (M 0.13975407808810986 0 -0.06987703904405493 1.3333333333333333)) 60 (M 1 0.10471975511965977 0 0)) (M 1 0 0 2.666666666666666)))),square,blue,square,blue,circle,green,balanced_data/dim_balanced/totems/dim3/var1/images/721.png
(C (C (color 0 0 1 (T (repeat (T l (M 2.666666666666666 0 -1.333333333333333 1.3333333333333333)) 4 (M 1 1.5707963267948966 0 0)) (M 1 0 0 -2.666666666666667))) (color 0 0 1 (T (repeat (T l (M 2.666666666666666 0 -1.333333333333333 1.3333333333333333)) 4 (M 1 1.5707963267948966 0 0)) (M 1 0 0 -2.220446049250313e-16)))) (color 0 0 1 (T (repeat (T l (M 0.13975407808810986 0 -0.06987703904405493 1.3333333333333333)) 60 (M 1 0.10471975511965977 0 0)) (M 1 0 0 2.666666666666666)))),square,blue,square,blue,circle,blue,balanced_data/dim_balanced/totems/dim3/var1/images/722.png
(C (C (color 0 0 1 (T (repeat (T l (M 2.666666666666666 0 -1.333333333333333 1.3333333333333333)) 4 (M 1 1.5707963267948966 0 0)) (M 1 0 0 -2.666666666666667))) (color 0 0 1 (T (repeat (T l (M 2.666666666666666 0 -1.333333333333333 1.3333333333333333)) 4 (M 1 1.5707963267948966 0 0)) (M 1 0 0 -2.220446049250313e-16)))) (color 1 0 0 (T (T (repeat (T l (M 3.0792014356780038 0 -1.5396007178390019 0.8888888888888891)) 3 (M 1 2.0943951023931953 0 0)) (M 1 0 0 0.4444444444444443)) (M 1 0 0 2.666666666666666)))),square,blue,square,blue,triangle,red,balanced_data/dim_balanced/totems/dim3/var1/images/723.png
(C (C (color 0 0 1 (T (repeat (T l (M 2.666666666666666 0 -1.333333333333333 1.3333333333333333)) 4 (M 1 1.5707963267948966 0 0)) (M 1 0 0 -2.666666666666667))) (color 0 0 1 (T (repeat (T l (M 2.666666666666666 0 -1.333333333333333 1.3333333333333333)) 4 (M 1 1.5707963267948966 0 0)) (M 1 0 0 -2.220446049250313e-16)))) (color 0 1 0 (T (T (repeat (T l (M 3.0792014356780038 0 -1.5396007178390019 0.8888888888888891)) 3 (M 1 2.0943951023931953 0 0)) (M 1 0 0 0.4444444444444443)) (M 1 0 0 2.666666666666666)))),square,blue,square,blue,triangle,green,balanced_data/dim_balanced/totems/dim3/var1/images/724.png
(C (C (color 0 0 1 (T (repeat (T l (M 2.666666666666666 0 -1.333333333333333 1.3333333333333333)) 4 (M 1 1.5707963267948966 0 0)) (M 1 0 0 -2.666666666666667))) (color 0 0 1 (T (repeat (T l (M 2.666666666666666 0 -1.333333333333333 1.3333333333333333)) 4 (M 1 1.5707963267948966 0 0)) (M 1 0 0 -2.220446049250313e-16)))) (color 0 0 1 (T (T (repeat (T l (M 3.0792014356780038 0 -1.5396007178390019 0.8888888888888891)) 3 (M 1 2.0943951023931953 0 0)) (M 1 0 0 0.4444444444444443)) (M 1 0 0 2.666666666666666)))),square,blue,square,blue,triangle,blue,balanced_data/dim_balanced/totems/dim3/var1/images/725.png
(C (C (color 0 0 1 (T (repeat (T l (M 2.666666666666666 0 -1.333333333333333 1.3333333333333333)) 4 (M 1 1.5707963267948966 0 0)) (M 1 0 0 -2.666666666666667))) (color 0 0 1 (T (repeat (T l (M 2.666666666666666 0 -1.333333333333333 1.3333333333333333)) 4 (M 1 1.5707963267948966 0 0)) (M 1 0 0 -2.220446049250313e-16)))) (color 1 0 0 (T (repeat (T l (M 2.666666666666666 0 -1.333333333333333 1.3333333333333333)) 4 (M 1 1.5707963267948966 0 0)) (M 1 0 0 2.666666666666666)))),square,blue,square,blue,square,red,balanced_data/dim_balanced/totems/dim3/var1/images/726.png
(C (C (color 0 0 1 (T (repeat (T l (M 2.666666666666666 0 -1.333333333333333 1.3333333333333333)) 4 (M 1 1.5707963267948966 0 0)) (M 1 0 0 -2.666666666666667))) (color 0 0 1 (T (repeat (T l (M 2.666666666666666 0 -1.333333333333333 1.3333333333333333)) 4 (M 1 1.5707963267948966 0 0)) (M 1 0 0 -2.220446049250313e-16)))) (color 0 1 0 (T (repeat (T l (M 2.666666666666666 0 -1.333333333333333 1.3333333333333333)) 4 (M 1 1.5707963267948966 0 0)) (M 1 0 0 2.666666666666666)))),square,blue,square,blue,square,green,balanced_data/dim_balanced/totems/dim3/var1/images/727.png
(C (C (color 0 0 1 (T (repeat (T l (M 2.666666666666666 0 -1.333333333333333 1.3333333333333333)) 4 (M 1 1.5707963267948966 0 0)) (M 1 0 0 -2.666666666666667))) (color 0 0 1 (T (repeat (T l (M 2.666666666666666 0 -1.333333333333333 1.3333333333333333)) 4 (M 1 1.5707963267948966 0 0)) (M 1 0 0 -2.220446049250313e-16)))) (color 0 0 1 (T (repeat (T l (M 2.666666666666666 0 -1.333333333333333 1.3333333333333333)) 4 (M 1 1.5707963267948966 0 0)) (M 1 0 0 2.666666666666666)))),square,blue,square,blue,square,blue,balanced_data/dim_balanced/totems/dim3/var1/images/728.png
