mode	domain	dim	var	trial_idx	n_tiles	oddball_idx	saved_avg	recomp_avg	len_saved	len_recomp	multiset_match	avg_match	audit_status
data	glyphs	3	0	0	6	3	2.0	2.0	5	5	1	1	ok
data	glyphs	3	0	1	6	3	29.0	29.0	5	5	1	1	ok
data	glyphs	3	0	2	6	6	29.0	29.0	5	5	1	1	ok
data	glyphs	3	0	3	6	3	2.0	2.0	5	5	1	1	ok
data	glyphs	3	0	4	6	3	2.0	2.0	5	5	1	1	ok
data	glyphs	3	0	5	6	5	37.0	37.0	5	5	1	1	ok
data	glyphs	3	0	6	6	4	2.0	2.0	5	5	1	1	ok
data	glyphs	3	0	7	6	4	37.0	37.0	5	5	1	1	ok
data	glyphs	3	0	8	6	4	29.0	29.0	5	5	1	1	ok
data	glyphs	3	0	9	6	6	2.0	2.0	5	5	1	1	ok
data	glyphs	3	0	10	6	5	29.0	29.0	5	5	1	1	ok
data	glyphs	3	0	11	6	4	29.0	29.0	5	5	1	1	ok
data	glyphs	3	0	12	6	4	14.0	14.0	5	5	1	1	ok
data	glyphs	3	0	13	6	6	2.0	2.0	5	5	1	1	ok
data	glyphs	3	0	14	6	6	2.0	2.0	5	5	1	1	ok
data	glyphs	3	0	15	6	3	29.0	29.0	5	5	1	1	ok
data	glyphs	3	0	16	6	5	29.0	29.0	5	5	1	1	ok
data	glyphs	3	0	17	6	6	2.0	2.0	5	5	1	1	ok
data	glyphs	3	0	18	6	1	2.0	2.0	5	5	1	1	ok
data	glyphs	3	0	19	6	4	2.0	2.0	5	5	1	1	ok
data	glyphs	3	0	20	6	3	14.0	14.0	5	5	1	1	ok
data	glyphs	3	0	21	6	1	29.0	29.0	5	5	1	1	ok
data	glyphs	3	0	22	6	3	2.0	2.0	5	5	1	1	ok
data	glyphs	3	0	23	6	3	14.0	14.0	5	5	1	1	ok
data	glyphs	3	0	24	6	4	2.0	2.0	5	5	1	1	ok
data	glyphs	3	1	0	6	3	10.4	10.4	5	5	1	1	ok
data	glyphs	3	1	1	6	3	30.2	30.2	5	5	1	1	ok
data	glyphs	3	1	2	6	4	43.4	43.4	5	5	1	1	ok
data	glyphs	3	1	3	6	5	3.2	3.2	5	5	1	1	ok
data	glyphs	3	1	4	6	3	3.2	3.2	5	5	1	1	ok
data	glyphs	3	1	5	6	2	30.2	30.2	5	5	1	1	ok
data	glyphs	3	1	6	6	1	3.2	3.2	5	5	1	1	ok
data	glyphs	3	1	7	6	2	15.2	15.2	5	5	1	1	ok
data	glyphs	3	1	8	6	5	38.2	38.2	5	5	1	1	ok
data	glyphs	3	1	9	6	5	10.4	10.4	5	5	1	1	ok
data	glyphs	3	1	10	6	3	30.2	30.2	5	5	1	1	ok
data	glyphs	3	1	11	6	6	30.2	30.2	5	5	1	1	ok
data	glyphs	3	1	12	6	4	30.2	30.2	5	5	1	1	ok
data	glyphs	3	1	13	6	5	19.4	19.4	5	5	1	1	ok
data	glyphs	3	1	14	6	5	19.4	19.4	5	5	1	1	ok
data	glyphs	3	1	15	6	5	38.2	38.2	5	5	1	1	ok
data	glyphs	3	1	16	6	1	36.4	36.4	5	5	1	1	ok
data	glyphs	3	1	17	6	1	3.2	3.2	5	5	1	1	ok
data	glyphs	3	1	18	6	4	3.2	3.2	5	5	1	1	ok
data	glyphs	3	1	19	6	3	3.2	3.2	5	5	1	1	ok
data	glyphs	3	1	20	6	1	33.2	33.2	5	5	1	1	ok
data	glyphs	3	1	21	6	2	37.4	37.4	5	5	1	1	ok
data	glyphs	3	1	22	6	3	3.2	3.2	5	5	1	1	ok
data	glyphs	3	1	23	6	1	33.2	33.2	5	5	1	1	ok
data	glyphs	3	1	24	6	4	3.2	3.2	5	5	1	1	ok
data	glyphs	3	2	0	6	4	25.4	25.4	5	5	1	1	ok
data	glyphs	3	2	1	6	6	47.6	47.6	5	5	1	1	ok
data	glyphs	3	2	2	6	1	44.2	44.2	5	5	1	1	ok
data	glyphs	3	2	3	6	1	27.8	27.8	5	5	1	1	ok
data	glyphs	3	2	4	6	5	4.4	4.4	5	5	1	1	ok
data	glyphs	3	2	5	6	6	35.0	35.0	5	5	1	1	ok
data	glyphs	3	2	6	6	3	20.6	20.6	5	5	1	1	ok
data	glyphs	3	2	7	6	3	39.4	39.4	5	5	1	1	ok
data	glyphs	3	2	8	6	6	47.0	47.0	5	5	1	1	ok
data	glyphs	3	2	9	6	1	18.8	18.8	5	5	1	1	ok
data	glyphs	3	2	10	6	4	60.4	60.4	5	5	1	1	ok
data	glyphs	3	2	11	6	1	46.8	46.8	5	5	1	1	ok
data	glyphs	3	2	12	6	5	31.4	31.4	5	5	1	1	ok
data	glyphs	3	2	13	6	4	39.6	39.6	5	5	1	1	ok
data	glyphs	3	2	14	6	6	4.4	4.4	5	5	1	1	ok
data	glyphs	3	2	15	6	5	37.4	37.4	5	5	1	1	ok
data	glyphs	3	2	16	6	6	39.4	39.4	5	5	1	1	ok
data	glyphs	3	2	17	6	4	27.8	27.8	5	5	1	1	ok
data	glyphs	3	2	18	6	2	25.4	25.4	5	5	1	1	ok
data	glyphs	3	2	19	6	1	20.6	20.6	5	5	1	1	ok
data	glyphs	3	2	20	6	5	39.4	39.4	5	5	1	1	ok
data	glyphs	3	2	21	6	5	23.6	23.6	5	5	1	1	ok
data	glyphs	3	2	22	6	6	11.6	11.6	5	5	1	1	ok
data	glyphs	3	2	23	6	1	52.4	52.4	5	5	1	1	ok
data	glyphs	3	2	24	6	5	25.4	25.4	5	5	1	1	ok
data	glyphs	3	3	0	6	4	26.6	26.6	5	5	1	1	ok
data	glyphs	3	3	1	6	3	36.0	36.0	5	5	1	1	ok
data	glyphs	3	3	2	6	5	17.6	17.6	5	5	1	1	ok
data	glyphs	3	3	3	6	5	27.6	27.6	5	5	1	1	ok
data	glyphs	3	3	4	6	5	21.8	21.8	5	5	1	1	ok
data	glyphs	3	3	5	6	5	32.6	32.6	5	5	1	1	ok
data	glyphs	3	3	6	6	1	42.8	42.8	5	5	1	1	ok
data	glyphs	3	3	7	6	2	42.2	42.2	5	5	1	1	ok
data	glyphs	3	3	8	6	3	32.6	32.6	5	5	1	1	ok
data	glyphs	3	3	9	6	2	29.0	29.0	5	5	1	1	ok
data	glyphs	3	3	10	6	6	74.6	74.6	5	5	1	1	ok
data	glyphs	3	3	11	6	4	45.6	45.6	5	5	1	1	ok
data	glyphs	3	3	12	6	5	41.6	41.6	5	5	1	1	ok
data	glyphs	3	3	13	6	4	33.8	33.8	5	5	1	1	ok
data	glyphs	3	3	14	6	6	24.2	24.2	5	5	1	1	ok
data	glyphs	3	3	15	6	5	53.6	53.6	5	5	1	1	ok
data	glyphs	3	3	16	6	6	56.8	56.8	5	5	1	1	ok
data	glyphs	3	3	17	6	1	42.8	42.8	5	5	1	1	ok
data	glyphs	3	3	18	6	3	33.8	33.8	5	5	1	1	ok
data	glyphs	3	3	19	6	1	21.8	21.8	5	5	1	1	ok
data	glyphs	3	3	20	6	5	38.2	38.2	5	5	1	1	ok
data	glyphs	3	3	21	6	4	33.8	33.8	5	5	1	1	ok
data	glyphs	3	3	22	6	5	27.4	27.4	5	5	1	1	ok
data	glyphs	3	3	23	6	4	31.0	31.0	5	5	1	1	ok
data	glyphs	3	3	24	6	4	26.6	26.6	5	5	1	1	ok
data	glyphs	3	4	0	6	2	37.8	37.8	5	5	1	1	ok
data	glyphs	3	4	1	6	2	43.2	43.2	5	5	1	1	ok
data	glyphs	3	4	2	6	2	45.0	45.0	5	5	1	1	ok
data	glyphs	3	4	3	6	1	29.0	29.0	5	5	1	1	ok
data	glyphs	3	4	4	6	1	46.2	46.2	5	5	1	1	ok
data	glyphs	3	4	5	6	2	39.8	39.8	5	5	1	1	ok
data	glyphs	3	4	6	6	1	55.4	55.4	5	5	1	1	ok
data	glyphs	3	4	7	6	6	46.8	46.8	5	5	1	1	ok
data	glyphs	3	4	8	6	4	67.4	67.4	5	5	1	1	ok
data	glyphs	3	4	9	6	6	46.0	46.0	5	5	1	1	ok
data	glyphs	3	4	10	6	5	48.2	48.2	5	5	1	1	ok
data	glyphs	3	4	11	6	6	50.8	50.8	5	5	1	1	ok
data	glyphs	3	4	12	6	6	47.0	47.0	5	5	1	1	ok
data	glyphs	3	4	13	6	5	31.6	31.6	5	5	1	1	ok
data	glyphs	3	4	14	6	3	35.0	35.0	5	5	1	1	ok
data	glyphs	3	4	15	6	5	39.4	39.4	5	5	1	1	ok
data	glyphs	3	4	16	6	5	52.6	52.6	5	5	1	1	ok
data	glyphs	3	4	17	6	6	60.2	60.2	5	5	1	1	ok
data	glyphs	3	4	18	6	4	35.0	35.0	5	5	1	1	ok
data	glyphs	3	4	19	6	6	48.8	48.8	5	5	1	1	ok
data	glyphs	3	4	20	6	6	44.6	44.6	5	5	1	1	ok
data	glyphs	3	4	21	6	5	48.8	48.8	5	5	1	1	ok
data	glyphs	3	4	22	6	6	32.2	32.2	5	5	1	1	ok
data	glyphs	3	4	23	6	1	71.0	71.0	5	5	1	1	ok
data	glyphs	3	4	24	6	5	34.6	34.6	5	5	1	1	ok
data	glyphs	3	5	0	6	3	46.4	46.4	5	5	1	1	ok
data	glyphs	3	5	1	6	2	48.4	48.4	5	5	1	1	ok
data	glyphs	3	5	2	6	6	45.8	45.8	5	5	1	1	ok
data	glyphs	3	5	3	6	6	45.2	45.2	5	5	1	1	ok
data	glyphs	3	5	4	6	2	41.2	41.2	5	5	1	1	ok
data	glyphs	3	5	5	6	2	44.6	44.6	5	5	1	1	ok
data	glyphs	3	5	6	6	1	61.4	61.4	5	5	1	1	ok
data	glyphs	3	5	7	6	5	57.0	57.0	5	5	1	1	ok
data	glyphs	3	5	8	6	1	53.6	53.6	5	5	1	1	ok
data	glyphs	3	5	9	6	1	47.2	47.2	5	5	1	1	ok
data	glyphs	3	5	10	6	1	63.2	63.2	5	5	1	1	ok
data	glyphs	3	5	11	6	2	46.2	46.2	5	5	1	1	ok
data	glyphs	3	5	12	6	6	44.4	44.4	5	5	1	1	ok
data	glyphs	3	5	13	6	5	47.6	47.6	5	5	1	1	ok
data	glyphs	3	5	14	6	5	47.4	47.4	5	5	1	1	ok
data	glyphs	3	5	15	6	6	54.2	54.2	5	5	1	1	ok
data	glyphs	3	5	16	6	2	56.6	56.6	5	5	1	1	ok
data	glyphs	3	5	17	6	1	61.4	61.4	5	5	1	1	ok
data	glyphs	3	5	18	6	2	40.0	40.0	5	5	1	1	ok
data	glyphs	3	5	19	6	1	52.4	52.4	5	5	1	1	ok
data	glyphs	3	5	20	6	1	45.6	45.6	5	5	1	1	ok
data	glyphs	3	5	21	6	1	40.0	40.0	5	5	1	1	ok
data	glyphs	3	5	22	6	6	55.6	55.6	5	5	1	1	ok
data	glyphs	3	5	23	6	5	72.2	72.2	5	5	1	1	ok
data	glyphs	3	5	24	6	5	44.8	44.8	5	5	1	1	ok
data	nuts_and_bolts	3	0	0	6	6	6.0	6.0	5	5	1	1	ok
data	nuts_and_bolts	3	0	1	6	3	2.0	2.0	5	5	1	1	ok
data	nuts_and_bolts	3	0	2	6	3	7.0	7.0	5	5	1	1	ok
data	nuts_and_bolts	3	0	3	6	6	10.0	10.0	5	5	1	1	ok
data	nuts_and_bolts	3	0	4	6	6	6.0	6.0	5	5	1	1	ok
data	nuts_and_bolts	3	0	5	6	3	7.0	7.0	5	5	1	1	ok
data	nuts_and_bolts	3	0	6	6	3	4.0	4.0	5	5	1	1	ok
data	nuts_and_bolts	3	0	7	6	2	7.0	7.0	5	5	1	1	ok
data	nuts_and_bolts	3	0	8	6	1	16.0	16.0	5	5	1	1	ok
data	nuts_and_bolts	3	0	9	6	3	35.0	35.0	5	5	1	1	ok
data	nuts_and_bolts	3	0	10	6	3	10.0	10.0	5	5	1	1	ok
data	nuts_and_bolts	3	0	11	6	4	6.0	6.0	5	5	1	1	ok
data	nuts_and_bolts	3	0	12	6	5	35.0	35.0	5	5	1	1	ok
data	nuts_and_bolts	3	0	13	6	4	6.0	6.0	5	5	1	1	ok
data	nuts_and_bolts	3	0	14	6	4	6.0	6.0	5	5	1	1	ok
data	nuts_and_bolts	3	0	15	6	6	16.0	16.0	5	5	1	1	ok
data	nuts_and_bolts	3	0	16	6	6	7.0	7.0	5	5	1	1	ok
data	nuts_and_bolts	3	0	17	6	3	13.0	13.0	5	5	1	1	ok
data	nuts_and_bolts	3	0	18	6	6	16.0	16.0	5	5	1	1	ok
data	nuts_and_bolts	3	0	19	6	5	2.0	2.0	5	5	1	1	ok
data	nuts_and_bolts	3	0	20	6	6	6.0	6.0	5	5	1	1	ok
data	nuts_and_bolts	3	0	21	6	1	35.0	35.0	5	5	1	1	ok
data	nuts_and_bolts	3	0	22	6	4	4.0	4.0	5	5	1	1	ok
data	nuts_and_bolts	3	0	23	6	3	6.0	6.0	5	5	1	1	ok
data	nuts_and_bolts	3	0	24	6	6	6.0	6.0	5	5	1	1	ok
data	nuts_and_bolts	3	1	0	6	5	27.0	27.0	5	5	1	1	ok
data	nuts_and_bolts	3	1	1	6	4	5.6	5.6	5	5	1	1	ok
data	nuts_and_bolts	3	1	2	6	4	8.2	8.2	5	5	1	1	ok
data	nuts_and_bolts	3	1	3	6	5	11.8	11.8	5	5	1	1	ok
data	nuts_and_bolts	3	1	4	6	3	7.2	7.2	5	5	1	1	ok
data	nuts_and_bolts	3	1	5	6	2	28.0	28.0	5	5	1	1	ok
data	nuts_and_bolts	3	1	6	6	1	11.2	11.2	5	5	1	1	ok
data	nuts_and_bolts	3	1	7	6	2	31.0	31.0	5	5	1	1	ok
data	nuts_and_bolts	3	1	8	6	5	33.4	33.4	5	5	1	1	ok
data	nuts_and_bolts	3	1	9	6	5	36.2	36.2	5	5	1	1	ok
data	nuts_and_bolts	3	1	10	6	4	11.8	11.8	5	5	1	1	ok
data	nuts_and_bolts	3	1	11	6	4	7.2	7.2	5	5	1	1	ok
data	nuts_and_bolts	3	1	12	6	4	38.6	38.6	5	5	1	1	ok
data	nuts_and_bolts	3	1	13	6	5	27.0	27.0	5	5	1	1	ok
data	nuts_and_bolts	3	1	14	6	5	7.2	7.2	5	5	1	1	ok
data	nuts_and_bolts	3	1	15	6	5	33.4	33.4	5	5	1	1	ok
data	nuts_and_bolts	3	1	16	6	1	8.8	8.8	5	5	1	1	ok
data	nuts_and_bolts	3	1	17	6	1	14.8	14.8	5	5	1	1	ok
data	nuts_and_bolts	3	1	18	6	4	17.8	17.8	5	5	1	1	ok
data	nuts_and_bolts	3	1	19	6	3	23.0	23.0	5	5	1	1	ok
data	nuts_and_bolts	3	1	20	6	1	13.8	13.8	5	5	1	1	ok
data	nuts_and_bolts	3	1	21	6	2	38.6	38.6	5	5	1	1	ok
data	nuts_and_bolts	3	1	22	6	3	7.6	7.6	5	5	1	1	ok
data	nuts_and_bolts	3	1	23	6	1	13.8	13.8	5	5	1	1	ok
data	nuts_and_bolts	3	1	24	6	2	9.6	9.6	5	5	1	1	ok
data	nuts_and_bolts	3	2	0	6	1	29.4	29.4	5	5	1	1	ok
data	nuts_and_bolts	3	2	1	6	6	9.8	9.8	5	5	1	1	ok
data	nuts_and_bolts	3	2	2	6	3	10.0	10.0	5	5	1	1	ok
data	nuts_and_bolts	3	2	3	6	6	32.8	32.8	5	5	1	1	ok
data	nuts_and_bolts	3	2	4	6	3	9.6	9.6	5	5	1	1	ok
data	nuts_and_bolts	3	2	5	6	2	10.6	10.6	5	5	1	1	ok
data	nuts_and_bolts	3	2	6	6	1	8.8	8.8	5	5	1	1	ok
data	nuts_and_bolts	3	2	7	6	1	13.0	13.0	5	5	1	1	ok
data	nuts_and_bolts	3	2	8	6	5	21.4	21.4	5	5	1	1	ok
data	nuts_and_bolts	3	2	9	6	2	42.2	42.2	5	5	1	1	ok
data	nuts_and_bolts	3	2	10	6	4	13.6	13.6	5	5	1	1	ok
data	nuts_and_bolts	3	2	11	6	1	27.6	27.6	5	5	1	1	ok
data	nuts_and_bolts	3	2	12	6	1	39.8	39.8	5	5	1	1	ok
data	nuts_and_bolts	3	2	13	6	4	15.0	15.0	5	5	1	1	ok
data	nuts_and_bolts	3	2	14	6	6	29.4	29.4	5	5	1	1	ok
data	nuts_and_bolts	3	2	15	6	6	19.6	19.6	5	5	1	1	ok
data	nuts_and_bolts	3	2	16	6	2	13.6	13.6	5	5	1	1	ok
data	nuts_and_bolts	3	2	17	6	4	34.0	34.0	5	5	1	1	ok
data	nuts_and_bolts	3	2	18	6	2	19.0	19.0	5	5	1	1	ok
data	nuts_and_bolts	3	2	19	6	1	7.4	7.4	5	5	1	1	ok
data	nuts_and_bolts	3	2	20	6	3	10.8	10.8	5	5	1	1	ok
data	nuts_and_bolts	3	2	21	6	5	40.4	40.4	5	5	1	1	ok
data	nuts_and_bolts	3	2	22	6	6	8.8	8.8	5	5	1	1	ok
data	nuts_and_bolts	3	2	23	6	3	15.8	15.8	5	5	1	1	ok
data	nuts_and_bolts	3	2	24	6	3	17.4	17.4	5	5	1	1	ok
data	nuts_and_bolts	3	3	0	6	4	33.2	33.2	5	5	1	1	ok
data	nuts_and_bolts	3	3	1	6	3	30.8	30.8	5	5	1	1	ok
data	nuts_and_bolts	3	3	2	6	5	31.0	31.0	5	5	1	1	ok
data	nuts_and_bolts	3	3	3	6	2	16.6	16.6	5	5	1	1	ok
data	nuts_and_bolts	3	3	4	6	3	30.6	30.6	5	5	1	1	ok
data	nuts_and_bolts	3	3	5	6	2	31.0	31.0	5	5	1	1	ok
data	nuts_and_bolts	3	3	6	6	2	16.6	16.6	5	5	1	1	ok
data	nuts_and_bolts	3	3	7	6	2	13.6	13.6	5	5	1	1	ok
data	nuts_and_bolts	3	3	8	6	2	20.2	20.2	5	5	1	1	ok
data	nuts_and_bolts	3	3	9	6	2	44.0	44.0	5	5	1	1	ok
data	nuts_and_bolts	3	3	10	6	2	33.4	33.4	5	5	1	1	ok
data	nuts_and_bolts	3	3	11	6	5	15.0	15.0	5	5	1	1	ok
data	nuts_and_bolts	3	3	12	6	5	44.6	44.6	5	5	1	1	ok
data	nuts_and_bolts	3	3	13	6	3	35.4	35.4	5	5	1	1	ok
data	nuts_and_bolts	3	3	14	6	2	18.4	18.4	5	5	1	1	ok
data	nuts_and_bolts	3	3	15	6	2	20.2	20.2	5	5	1	1	ok
data	nuts_and_bolts	3	3	16	6	5	17.2	17.2	5	5	1	1	ok
data	nuts_and_bolts	3	3	17	6	5	35.2	35.2	5	5	1	1	ok
data	nuts_and_bolts	3	3	18	6	1	22.0	22.0	5	5	1	1	ok
data	nuts_and_bolts	3	3	19	6	4	10.4	10.4	5	5	1	1	ok
data	nuts_and_bolts	3	3	20	6	6	11.4	11.4	5	5	1	1	ok
data	nuts_and_bolts	3	3	21	6	5	44.0	44.0	5	5	1	1	ok
data	nuts_and_bolts	3	3	22	6	4	28.0	28.0	5	5	1	1	ok
data	nuts_and_bolts	3	3	23	6	1	31.8	31.8	5	5	1	1	ok
data	nuts_and_bolts	3	3	24	6	1	33.6	33.6	5	5	1	1	ok
data	nuts_and_bolts	3	4	0	6	2	34.6	34.6	5	5	1	1	ok
data	nuts_and_bolts	3	4	1	6	2	33.4	33.4	5	5	1	1	ok
data	nuts_and_bolts	3	4	2	6	5	34.6	34.6	5	5	1	1	ok
data	nuts_and_bolts	3	4	3	6	2	37.6	37.6	5	5	1	1	ok
data	nuts_and_bolts	3	4	4	6	5	36.8	36.8	5	5	1	1	ok
data	nuts_and_bolts	3	4	5	6	4	17.8	17.8	5	5	1	1	ok
data	nuts_and_bolts	3	4	6	6	6	35.2	35.2	5	5	1	1	ok
data	nuts_and_bolts	3	4	7	6	2	37.6	37.6	5	5	1	1	ok
data	nuts_and_bolts	3	4	8	6	6	37.0	37.0	5	5	1	1	ok
data	nuts_and_bolts	3	4	9	6	4	45.6	45.6	5	5	1	1	ok
data	nuts_and_bolts	3	4	10	6	2	35.2	35.2	5	5	1	1	ok
data	nuts_and_bolts	3	4	11	6	6	15.2	15.2	5	5	1	1	ok
data	nuts_and_bolts	3	4	12	6	3	47.2	47.2	5	5	1	1	ok
data	nuts_and_bolts	3	4	13	6	4	16.6	16.6	5	5	1	1	ok
data	nuts_and_bolts	3	4	14	6	4	37.2	37.2	5	5	1	1	ok
data	nuts_and_bolts	3	4	15	6	4	22.6	22.6	5	5	1	1	ok
data	nuts_and_bolts	3	4	16	6	6	35.8	35.8	5	5	1	1	ok
data	nuts_and_bolts	3	4	17	6	1	38.8	38.8	5	5	1	1	ok
data	nuts_and_bolts	3	4	18	6	3	38.2	38.2	5	5	1	1	ok
data	nuts_and_bolts	3	4	19	6	4	35.6	35.6	5	5	1	1	ok
data	nuts_and_bolts	3	4	20	6	1	35.6	35.6	5	5	1	1	ok
data	nuts_and_bolts	3	4	21	6	6	44.6	44.6	5	5	1	1	ok
data	nuts_and_bolts	3	4	22	6	6	34.0	34.0	5	5	1	1	ok
data	nuts_and_bolts	3	4	23	6	3	37.2	37.2	5	5	1	1	ok
data	nuts_and_bolts	3	4	24	6	5	38.4	38.4	5	5	1	1	ok
data	nuts_and_bolts	3	5	0	6	4	37.6	37.6	5	5	1	1	ok
data	nuts_and_bolts	3	5	1	6	1	36.6	36.6	5	5	1	1	ok
data	nuts_and_bolts	3	5	2	6	6	35.8	35.8	5	5	1	1	ok
data	nuts_and_bolts	3	5	3	6	5	37.6	37.6	5	5	1	1	ok
data	nuts_and_bolts	3	5	4	6	2	38.0	38.0	5	5	1	1	ok
data	nuts_and_bolts	3	5	5	6	1	37.0	37.0	5	5	1	1	ok
data	nuts_and_bolts	3	5	6	6	3	36.4	36.4	5	5	1	1	ok
data	nuts_and_bolts	3	5	7	6	2	38.2	38.2	5	5	1	1	ok
data	nuts_and_bolts	3	5	8	6	1	40.0	40.0	5	5	1	1	ok
data	nuts_and_bolts	3	5	9	6	1	47.8	47.8	5	5	1	1	ok
data	nuts_and_bolts	3	5	10	6	5	37.0	37.0	5	5	1	1	ok
data	nuts_and_bolts	3	5	11	6	5	36.2	36.2	5	5	1	1	ok
data	nuts_and_bolts	3	5	12	6	1	49.2	49.2	5	5	1	1	ok
data	nuts_and_bolts	3	5	13	6	1	37.4	37.4	5	5	1	1	ok
data	nuts_and_bolts	3	5	14	6	5	36.8	36.8	5	5	1	1	ok
data	nuts_and_bolts	3	5	15	6	6	40.6	40.6	5	5	1	1	ok
data	nuts_and_bolts	3	5	16	6	2	36.4	36.4	5	5	1	1	ok
data	nuts_and_bolts	3	5	17	6	2	39.4	39.4	5	5	1	1	ok
data	nuts_and_bolts	3	5	18	6	1	40.6	40.6	5	5	1	1	ok
data	nuts_and_bolts	3	5	19	6	2	37.0	37.0	5	5	1	1	ok
data	nuts_and_bolts	3	5	20	6	4	37.0	37.0	5	5	1	1	ok
data	nuts_and_bolts	3	5	21	6	3	48.6	48.6	5	5	1	1	ok
data	nuts_and_bolts	3	5	22	6	1	35.2	35.2	5	5	1	1	ok
data	nuts_and_bolts	3	5	23	6	6	38.0	38.0	5	5	1	1	ok
data	nuts_and_bolts	3	5	24	6	6	38.2	38.2	5	5	1	1	ok
data	totems	3	0	0	6	3	2.0	2.0	5	5	1	1	ok
data	totems	3	0	1	6	3	15.0	15.0	5	5	1	1	ok
data	totems	3	0	2	6	6	15.0	15.0	5	5	1	1	ok
data	totems	3	0	3	6	3	2.0	2.0	5	5	1	1	ok
data	totems	3	0	4	6	3	2.0	2.0	5	5	1	1	ok
data	totems	3	0	5	6	5	4.0	4.0	5	5	1	1	ok
data	totems	3	0	6	6	4	2.0	2.0	5	5	1	1	ok
data	totems	3	0	7	6	4	4.0	4.0	5	5	1	1	ok
data	totems	3	0	8	6	4	15.0	15.0	5	5	1	1	ok
data	totems	3	0	9	6	6	2.0	2.0	5	5	1	1	ok
data	totems	3	0	10	6	5	15.0	15.0	5	5	1	1	ok
data	totems	3	0	11	6	4	15.0	15.0	5	5	1	1	ok
data	totems	3	0	12	6	4	15.0	15.0	5	5	1	1	ok
data	totems	3	0	13	6	6	2.0	2.0	5	5	1	1	ok
data	totems	3	0	14	6	6	2.0	2.0	5	5	1	1	ok
data	totems	3	0	15	6	3	15.0	15.0	5	5	1	1	ok
data	totems	3	0	16	6	5	15.0	15.0	5	5	1	1	ok
data	totems	3	0	17	6	6	2.0	2.0	5	5	1	1	ok
data	totems	3	0	18	6	1	2.0	2.0	5	5	1	1	ok
data	totems	3	0	19	6	4	2.0	2.0	5	5	1	1	ok
data	totems	3	0	20	6	3	15.0	15.0	5	5	1	1	ok
data	totems	3	0	21	6	1	15.0	15.0	5	5	1	1	ok
data	totems	3	0	22	6	3	2.0	2.0	5	5	1	1	ok
data	totems	3	0	23	6	3	15.0	15.0	5	5	1	1	ok
data	totems	3	0	24	6	4	2.0	2.0	5	5	1	1	ok
data	totems	3	1	0	6	3	10.4	10.4	5	5	1	1	ok
data	totems	3	1	1	6	3	16.2	16.2	5	5	1	1	ok
data	totems	3	1	2	6	4	17.4	17.4	5	5	1	1	ok
data	totems	3	1	3	6	5	3.2	3.2	5	5	1	1	ok
data	totems	3	1	4	6	3	3.2	3.2	5	5	1	1	ok
data	totems	3	1	5	6	2	16.2	16.2	5	5	1	1	ok
data	totems	3	1	6	6	1	3.2	3.2	5	5	1	1	ok
data	totems	3	1	7	6	2	15.6	15.6	5	5	1	1	ok
data	totems	3	1	8	6	5	5.2	5.2	5	5	1	1	ok
data	totems	3	1	9	6	5	11.0	11.0	5	5	1	1	ok
data	totems	3	1	10	6	3	16.2	16.2	5	5	1	1	ok
data	totems	3	1	11	6	6	16.2	16.2	5	5	1	1	ok
data	totems	3	1	12	6	4	15.6	15.6	5	5	1	1	ok
data	totems	3	1	13	6	5	11.0	11.0	5	5	1	1	ok
data	totems	3	1	14	6	5	11.0	11.0	5	5	1	1	ok
data	totems	3	1	15	6	5	5.2	5.2	5	5	1	1	ok
data	totems	3	1	16	6	1	13.0	13.0	5	5	1	1	ok
data	totems	3	1	17	6	1	3.2	3.2	5	5	1	1	ok
data	totems	3	1	18	6	4	3.2	3.2	5	5	1	1	ok
data	totems	3	1	19	6	3	3.2	3.2	5	5	1	1	ok
data	totems	3	1	20	6	1	17.4	17.4	5	5	1	1	ok
data	totems	3	1	21	6	2	24.0	24.0	5	5	1	1	ok
data	totems	3	1	22	6	3	3.2	3.2	5	5	1	1	ok
data	totems	3	1	23	6	1	17.4	17.4	5	5	1	1	ok
data	totems	3	1	24	6	4	3.2	3.2	5	5	1	1	ok
data	totems	3	2	0	6	4	5.6	5.6	5	5	1	1	ok
data	totems	3	2	1	6	6	25.2	25.2	5	5	1	1	ok
data	totems	3	2	2	6	1	18.6	18.6	5	5	1	1	ok
data	totems	3	2	3	6	1	20.0	20.0	5	5	1	1	ok
data	totems	3	2	4	6	5	4.4	4.4	5	5	1	1	ok
data	totems	3	2	5	6	6	18.6	18.6	5	5	1	1	ok
data	totems	3	2	6	6	3	12.2	12.2	5	5	1	1	ok
data	totems	3	2	7	6	3	6.4	6.4	5	5	1	1	ok
data	totems	3	2	8	6	6	18.6	18.6	5	5	1	1	ok
data	totems	3	2	9	6	1	19.4	19.4	5	5	1	1	ok
data	totems	3	2	10	6	4	7.6	7.6	5	5	1	1	ok
data	totems	3	2	11	6	1	18.6	18.6	5	5	1	1	ok
data	totems	3	2	12	6	5	16.8	16.8	5	5	1	1	ok
data	totems	3	2	13	6	4	13.4	13.4	5	5	1	1	ok
data	totems	3	2	14	6	6	4.4	4.4	5	5	1	1	ok
data	totems	3	2	15	6	5	25.2	25.2	5	5	1	1	ok
data	totems	3	2	16	6	6	6.4	6.4	5	5	1	1	ok
data	totems	3	2	17	6	4	19.4	19.4	5	5	1	1	ok
data	totems	3	2	18	6	2	5.6	5.6	5	5	1	1	ok
data	totems	3	2	19	6	1	12.0	12.0	5	5	1	1	ok
data	totems	3	2	20	6	5	6.4	6.4	5	5	1	1	ok
data	totems	3	2	21	6	5	25.2	25.2	5	5	1	1	ok
data	totems	3	2	22	6	6	11.6	11.6	5	5	1	1	ok
data	totems	3	2	23	6	1	18.6	18.6	5	5	1	1	ok
data	totems	3	2	24	6	5	5.6	5.6	5	5	1	1	ok
data	totems	3	3	0	6	4	6.8	6.8	5	5	1	1	ok
data	totems	3	3	1	6	3	19.8	19.8	5	5	1	1	ok
data	totems	3	3	2	6	5	18.0	18.0	5	5	1	1	ok
data	totems	3	3	3	6	5	20.8	20.8	5	5	1	1	ok
data	totems	3	3	4	6	5	13.2	13.2	5	5	1	1	ok
data	totems	3	3	5	6	5	18.0	18.0	5	5	1	1	ok
data	totems	3	3	6	6	1	14.2	14.2	5	5	1	1	ok
data	totems	3	3	7	6	2	27.0	27.0	5	5	1	1	ok
data	totems	3	3	8	6	3	18.0	18.0	5	5	1	1	ok
data	totems	3	3	9	6	2	20.6	20.6	5	5	1	1	ok
data	totems	3	3	10	6	6	21.0	21.0	5	5	1	1	ok
data	totems	3	3	11	6	4	8.8	8.8	5	5	1	1	ok
data	totems	3	3	12	6	5	27.0	27.0	5	5	1	1	ok
data	totems	3	3	13	6	4	14.6	14.6	5	5	1	1	ok
data	totems	3	3	14	6	6	8.0	8.0	5	5	1	1	ok
data	totems	3	3	15	6	5	19.2	19.2	5	5	1	1	ok
data	totems	3	3	16	6	6	15.0	15.0	5	5	1	1	ok
data	totems	3	3	17	6	1	14.4	14.4	5	5	1	1	ok
data	totems	3	3	18	6	3	14.2	14.2	5	5	1	1	ok
data	totems	3	3	19	6	1	13.2	13.2	5	5	1	1	ok
data	totems	3	3	20	6	5	8.8	8.8	5	5	1	1	ok
data	totems	3	3	21	6	4	25.8	25.8	5	5	1	1	ok
data	totems	3	3	22	6	5	20.6	20.6	5	5	1	1	ok
data	totems	3	3	23	6	4	26.4	26.4	5	5	1	1	ok
data	totems	3	3	24	6	4	6.8	6.8	5	5	1	1	ok
data	totems	3	4	0	6	2	15.6	15.6	5	5	1	1	ok
data	totems	3	4	1	6	2	35.2	35.2	5	5	1	1	ok
data	totems	3	4	2	6	2	28.6	28.6	5	5	1	1	ok
data	totems	3	4	3	6	1	22.0	22.0	5	5	1	1	ok
data	totems	3	4	4	6	1	29.8	29.8	5	5	1	1	ok
data	totems	3	4	5	6	2	10.0	10.0	5	5	1	1	ok
data	totems	3	4	6	6	1	30.0	30.0	5	5	1	1	ok
data	totems	3	4	7	6	6	17.6	17.6	5	5	1	1	ok
data	totems	3	4	8	6	4	11.2	11.2	5	5	1	1	ok
data	totems	3	4	9	6	6	29.2	29.2	5	5	1	1	ok
data	totems	3	4	10	6	5	35.4	35.4	5	5	1	1	ok
data	totems	3	4	11	6	6	16.4	16.4	5	5	1	1	ok
data	totems	3	4	12	6	6	27.8	27.8	5	5	1	1	ok
data	totems	3	4	13	6	5	15.4	15.4	5	5	1	1	ok
data	totems	3	4	14	6	3	15.2	15.2	5	5	1	1	ok
data	totems	3	4	15	6	5	26.8	26.8	5	5	1	1	ok
data	totems	3	4	16	6	5	34.6	34.6	5	5	1	1	ok
data	totems	3	4	17	6	6	23.0	23.0	5	5	1	1	ok
data	totems	3	4	18	6	4	15.4	15.4	5	5	1	1	ok
data	totems	3	4	19	6	6	9.2	9.2	5	5	1	1	ok
data	totems	3	4	20	6	6	16.6	16.6	5	5	1	1	ok
data	totems	3	4	21	6	5	27.2	27.2	5	5	1	1	ok
data	totems	3	4	22	6	6	15.2	15.2	5	5	1	1	ok
data	totems	3	4	23	6	1	28.2	28.2	5	5	1	1	ok
data	totems	3	4	24	6	5	29.4	29.4	5	5	1	1	ok
data	totems	3	5	0	6	3	24.4	24.4	5	5	1	1	ok
data	totems	3	5	1	6	2	35.8	35.8	5	5	1	1	ok
data	totems	3	5	2	6	6	35.4	35.4	5	5	1	1	ok
data	totems	3	5	3	6	6	30.2	30.2	5	5	1	1	ok
data	totems	3	5	4	6	2	24.0	24.0	5	5	1	1	ok
data	totems	3	5	5	6	2	35.4	35.4	5	5	1	1	ok
data	totems	3	5	6	6	1	24.4	24.4	5	5	1	1	ok
data	totems	3	5	7	6	5	19.0	19.0	5	5	1	1	ok
data	totems	3	5	8	6	1	22.8	22.8	5	5	1	1	ok
data	totems	3	5	9	6	1	31.4	31.4	5	5	1	1	ok
data	totems	3	5	10	6	1	29.0	29.0	5	5	1	1	ok
data	totems	3	5	11	6	2	12.4	12.4	5	5	1	1	ok
data	totems	3	5	12	6	6	29.4	29.4	5	5	1	1	ok
data	totems	3	5	13	6	5	31.0	31.0	5	5	1	1	ok
data	totems	3	5	14	6	5	17.8	17.8	5	5	1	1	ok
data	totems	3	5	15	6	6	25.0	25.0	5	5	1	1	ok
data	totems	3	5	16	6	2	25.2	25.2	5	5	1	1	ok
data	totems	3	5	17	6	1	23.8	23.8	5	5	1	1	ok
data	totems	3	5	18	6	2	23.8	23.8	5	5	1	1	ok
data	totems	3	5	19	6	1	24.0	24.0	5	5	1	1	ok
data	totems	3	5	20	6	1	18.6	18.6	5	5	1	1	ok
data	totems	3	5	21	6	1	36.2	36.2	5	5	1	1	ok
data	totems	3	5	22	6	6	11.6	11.6	5	5	1	1	ok
data	totems	3	5	23	6	5	30.0	30.0	5	5	1	1	ok
data	totems	3	5	24	6	5	24.4	24.4	5	5	1	1	ok
dim_balanced	glyphs	3	0	0	6	1	2.0	2.0	5	5	1	1	ok
dim_balanced	glyphs	3	0	1	6	2	37.0	37.0	5	5	1	1	ok
dim_balanced	glyphs	3	0	2	6	2	2.0	2.0	5	5	1	1	ok
dim_balanced	glyphs	3	0	3	6	6	2.0	2.0	5	5	1	1	ok
dim_balanced	glyphs	3	0	4	6	5	14.0	14.0	5	5	1	1	ok
dim_balanced	glyphs	3	0	5	6	1	2.0	2.0	5	5	1	1	ok
dim_balanced	glyphs	3	0	6	6	1	14.0	14.0	5	5	1	1	ok
dim_balanced	glyphs	3	0	7	6	2	37.0	37.0	5	5	1	1	ok
dim_balanced	glyphs	3	0	8	6	5	14.0	14.0	5	5	1	1	ok
dim_balanced	glyphs	3	0	9	6	6	2.0	2.0	5	5	1	1	ok
dim_balanced	glyphs	3	0	10	6	2	37.0	37.0	5	5	1	1	ok
dim_balanced	glyphs	3	0	11	6	5	2.0	2.0	5	5	1	1	ok
dim_balanced	glyphs	3	0	12	6	1	29.0	29.0	5	5	1	1	ok
dim_balanced	glyphs	3	0	13	6	6	2.0	2.0	5	5	1	1	ok
dim_balanced	glyphs	3	0	14	6	3	2.0	2.0	5	5	1	1	ok
dim_balanced	glyphs	3	0	15	6	2	37.0	37.0	5	5	1	1	ok
dim_balanced	glyphs	3	0	16	6	3	2.0	2.0	5	5	1	1	ok
dim_balanced	glyphs	3	0	17	6	1	2.0	2.0	5	5	1	1	ok
dim_balanced	glyphs	3	0	18	6	1	29.0	29.0	5	5	1	1	ok
dim_balanced	glyphs	3	0	19	6	3	37.0	37.0	5	5	1	1	ok
dim_balanced	glyphs	3	0	20	6	1	2.0	2.0	5	5	1	1	ok
dim_balanced	glyphs	3	1	0	6	6	24.2	24.2	5	5	1	1	ok
dim_balanced	glyphs	3	1	1	6	2	15.2	15.2	5	5	1	1	ok
dim_balanced	glyphs	3	1	2	6	4	10.4	10.4	5	5	1	1	ok
dim_balanced	glyphs	3	1	3	6	3	24.2	24.2	5	5	1	1	ok
dim_balanced	glyphs	3	1	4	6	3	15.2	15.2	5	5	1	1	ok
dim_balanced	glyphs	3	1	5	6	1	3.2	3.2	5	5	1	1	ok
dim_balanced	glyphs	3	1	6	6	1	15.2	15.2	5	5	1	1	ok
dim_balanced	glyphs	3	1	7	6	4	30.2	30.2	5	5	1	1	ok
dim_balanced	glyphs	3	1	8	6	5	22.4	22.4	5	5	1	1	ok
dim_balanced	glyphs	3	1	9	6	6	3.2	3.2	5	5	1	1	ok
dim_balanced	glyphs	3	1	10	6	1	38.2	38.2	5	5	1	1	ok
dim_balanced	glyphs	3	1	11	6	3	19.4	19.4	5	5	1	1	ok
dim_balanced	glyphs	3	1	12	6	3	30.2	30.2	5	5	1	1	ok
dim_balanced	glyphs	3	1	13	6	2	3.2	3.2	5	5	1	1	ok
dim_balanced	glyphs	3	1	14	6	5	3.2	3.2	5	5	1	1	ok
dim_balanced	glyphs	3	1	15	6	3	15.2	15.2	5	5	1	1	ok
dim_balanced	glyphs	3	1	16	6	5	3.2	3.2	5	5	1	1	ok
dim_balanced	glyphs	3	1	17	6	5	19.4	19.4	5	5	1	1	ok
dim_balanced	glyphs	3	1	18	6	3	15.2	15.2	5	5	1	1	ok
dim_balanced	glyphs	3	1	19	6	6	22.4	22.4	5	5	1	1	ok
dim_balanced	glyphs	3	1	20	6	3	10.4	10.4	5	5	1	1	ok
dim_balanced	glyphs	3	2	0	6	2	20.6	20.6	5	5	1	1	ok
dim_balanced	glyphs	3	2	1	6	3	43.6	43.6	5	5	1	1	ok
dim_balanced	glyphs	3	2	2	6	4	25.4	25.4	5	5	1	1	ok
dim_balanced	glyphs	3	2	3	6	4	26.6	26.6	5	5	1	1	ok
dim_balanced	glyphs	3	2	4	6	4	32.6	32.6	5	5	1	1	ok
dim_balanced	glyphs	3	2	5	6	2	11.6	11.6	5	5	1	1	ok
dim_balanced	glyphs	3	2	6	6	2	38.4	38.4	5	5	1	1	ok
dim_balanced	glyphs	3	2	7	6	5	31.4	31.4	5	5	1	1	ok
dim_balanced	glyphs	3	2	8	6	6	30.8	30.8	5	5	1	1	ok
dim_balanced	glyphs	3	2	9	6	1	11.6	11.6	5	5	1	1	ok
dim_balanced	glyphs	3	2	10	6	6	34.0	34.0	5	5	1	1	ok
dim_balanced	glyphs	3	2	11	6	2	36.8	36.8	5	5	1	1	ok
dim_balanced	glyphs	3	2	12	6	3	45.6	45.6	5	5	1	1	ok
dim_balanced	glyphs	3	2	13	6	1	20.6	20.6	5	5	1	1	ok
dim_balanced	glyphs	3	2	14	6	2	25.4	25.4	5	5	1	1	ok
dim_balanced	glyphs	3	2	15	6	6	16.4	16.4	5	5	1	1	ok
dim_balanced	glyphs	3	2	16	6	1	32.6	32.6	5	5	1	1	ok
dim_balanced	glyphs	3	2	17	6	6	25.4	25.4	5	5	1	1	ok
dim_balanced	glyphs	3	2	18	6	6	41.4	41.4	5	5	1	1	ok
dim_balanced	glyphs	3	2	19	6	2	39.4	39.4	5	5	1	1	ok
dim_balanced	glyphs	3	2	20	6	2	11.6	11.6	5	5	1	1	ok
dim_balanced	glyphs	3	3	0	6	6	21.8	21.8	5	5	1	1	ok
dim_balanced	glyphs	3	3	1	6	3	56.8	56.8	5	5	1	1	ok
dim_balanced	glyphs	3	3	2	6	1	26.6	26.6	5	5	1	1	ok
dim_balanced	glyphs	3	3	3	6	1	26.6	26.6	5	5	1	1	ok
dim_balanced	glyphs	3	3	4	6	5	53.6	53.6	5	5	1	1	ok
dim_balanced	glyphs	3	3	5	6	5	20.0	20.0	5	5	1	1	ok
dim_balanced	glyphs	3	3	6	6	2	34.8	34.8	5	5	1	1	ok
dim_balanced	glyphs	3	3	7	6	5	44.0	44.0	5	5	1	1	ok
dim_balanced	glyphs	3	3	8	6	2	38.6	38.6	5	5	1	1	ok
dim_balanced	glyphs	3	3	9	6	6	20.0	20.0	5	5	1	1	ok
dim_balanced	glyphs	3	3	10	6	1	24.8	24.8	5	5	1	1	ok
dim_balanced	glyphs	3	3	11	6	6	20.0	20.0	5	5	1	1	ok
dim_balanced	glyphs	3	3	12	6	6	47.8	47.8	5	5	1	1	ok
dim_balanced	glyphs	3	3	13	6	6	36.4	36.4	5	5	1	1	ok
dim_balanced	glyphs	3	3	14	6	4	21.8	21.8	5	5	1	1	ok
dim_balanced	glyphs	3	3	15	6	6	46.8	46.8	5	5	1	1	ok
dim_balanced	glyphs	3	3	16	6	1	33.8	33.8	5	5	1	1	ok
dim_balanced	glyphs	3	3	17	6	5	40.2	40.2	5	5	1	1	ok
dim_balanced	glyphs	3	3	18	6	2	17.6	17.6	5	5	1	1	ok
dim_balanced	glyphs	3	3	19	6	2	49.4	49.4	5	5	1	1	ok
dim_balanced	glyphs	3	3	20	6	1	29.0	29.0	5	5	1	1	ok
dim_balanced	glyphs	3	4	0	6	1	32.2	32.2	5	5	1	1	ok
dim_balanced	glyphs	3	4	1	6	1	39.0	39.0	5	5	1	1	ok
dim_balanced	glyphs	3	4	2	6	1	37.8	37.8	5	5	1	1	ok
dim_balanced	glyphs	3	4	3	6	5	31.8	31.8	5	5	1	1	ok
dim_balanced	glyphs	3	4	4	6	6	39.6	39.6	5	5	1	1	ok
dim_balanced	glyphs	3	4	5	6	6	31.8	31.8	5	5	1	1	ok
dim_balanced	glyphs	3	4	6	6	5	33.2	33.2	5	5	1	1	ok
dim_balanced	glyphs	3	4	7	6	1	74.2	74.2	5	5	1	1	ok
dim_balanced	glyphs	3	4	8	6	6	39.8	39.8	5	5	1	1	ok
dim_balanced	glyphs	3	4	9	6	5	51.2	51.2	5	5	1	1	ok
dim_balanced	glyphs	3	4	10	6	2	45.0	45.0	5	5	1	1	ok
dim_balanced	glyphs	3	4	11	6	6	29.0	29.0	5	5	1	1	ok
dim_balanced	glyphs	3	4	12	6	2	51.2	51.2	5	5	1	1	ok
dim_balanced	glyphs	3	4	13	6	3	28.6	28.6	5	5	1	1	ok
dim_balanced	glyphs	3	4	14	6	2	43.0	43.0	5	5	1	1	ok
dim_balanced	glyphs	3	4	15	6	5	46.8	46.8	5	5	1	1	ok
dim_balanced	glyphs	3	4	16	6	2	44.0	44.0	5	5	1	1	ok
dim_balanced	glyphs	3	4	17	6	2	35.0	35.0	5	5	1	1	ok
dim_balanced	glyphs	3	4	18	6	4	43.4	43.4	5	5	1	1	ok
dim_balanced	glyphs	3	4	19	6	3	33.0	33.0	5	5	1	1	ok
dim_balanced	glyphs	3	4	20	6	1	44.0	44.0	5	5	1	1	ok
dim_balanced	glyphs	3	5	0	6	2	40.4	40.4	5	5	1	1	ok
dim_balanced	glyphs	3	5	1	6	3	41.0	41.0	5	5	1	1	ok
dim_balanced	glyphs	3	5	2	6	3	60.2	60.2	5	5	1	1	ok
dim_balanced	glyphs	3	5	3	6	3	40.0	40.0	5	5	1	1	ok
dim_balanced	glyphs	3	5	4	6	6	41.2	41.2	5	5	1	1	ok
dim_balanced	glyphs	3	5	5	6	3	35.8	35.8	5	5	1	1	ok
dim_balanced	glyphs	3	5	6	6	2	47.4	47.4	5	5	1	1	ok
dim_balanced	glyphs	3	5	7	6	6	49.8	49.8	5	5	1	1	ok
dim_balanced	glyphs	3	5	8	6	1	34.4	34.4	5	5	1	1	ok
dim_balanced	glyphs	3	5	9	6	6	38.6	38.6	5	5	1	1	ok
dim_balanced	glyphs	3	5	10	6	3	34.4	34.4	5	5	1	1	ok
dim_balanced	glyphs	3	5	11	6	6	56.6	56.6	5	5	1	1	ok
dim_balanced	glyphs	3	5	12	6	4	53.0	53.0	5	5	1	1	ok
dim_balanced	glyphs	3	5	13	6	6	46.4	46.4	5	5	1	1	ok
dim_balanced	glyphs	3	5	14	6	4	53.2	53.2	5	5	1	1	ok
dim_balanced	glyphs	3	5	15	6	3	48.2	48.2	5	5	1	1	ok
dim_balanced	glyphs	3	5	16	6	5	39.6	39.6	5	5	1	1	ok
dim_balanced	glyphs	3	5	17	6	4	46.2	46.2	5	5	1	1	ok
dim_balanced	glyphs	3	5	18	6	5	52.4	52.4	5	5	1	1	ok
dim_balanced	glyphs	3	5	19	6	4	57.4	57.4	5	5	1	1	ok
dim_balanced	nuts_and_bolts	3	0	0	6	1	35.0	35.0	5	5	1	1	ok
dim_balanced	nuts_and_bolts	3	0	1	6	2	4.0	4.0	5	5	1	1	ok
dim_balanced	nuts_and_bolts	3	0	2	6	2	16.0	16.0	5	5	1	1	ok
dim_balanced	nuts_and_bolts	3	0	3	6	6	7.0	7.0	5	5	1	1	ok
dim_balanced	nuts_and_bolts	3	0	4	6	5	6.0	6.0	5	5	1	1	ok
dim_balanced	nuts_and_bolts	3	0	5	6	5	6.0	6.0	5	5	1	1	ok
dim_balanced	nuts_and_bolts	3	0	6	6	1	6.0	6.0	5	5	1	1	ok
dim_balanced	nuts_and_bolts	3	0	7	6	1	35.0	35.0	5	5	1	1	ok
dim_balanced	nuts_and_bolts	3	0	8	6	2	35.0	35.0	5	5	1	1	ok
dim_balanced	nuts_and_bolts	3	0	9	6	5	6.0	6.0	5	5	1	1	ok
dim_balanced	nuts_and_bolts	3	0	10	6	5	2.0	2.0	5	5	1	1	ok
dim_balanced	nuts_and_bolts	3	0	11	6	6	2.0	2.0	5	5	1	1	ok
dim_balanced	nuts_and_bolts	3	0	12	6	2	35.0	35.0	5	5	1	1	ok
dim_balanced	nuts_and_bolts	3	0	13	6	5	6.0	6.0	5	5	1	1	ok
dim_balanced	nuts_and_bolts	3	0	14	6	1	2.0	2.0	5	5	1	1	ok
dim_balanced	nuts_and_bolts	3	0	15	6	6	35.0	35.0	5	5	1	1	ok
dim_balanced	nuts_and_bolts	3	0	16	6	3	6.0	6.0	5	5	1	1	ok
dim_balanced	nuts_and_bolts	3	0	17	6	2	6.0	6.0	5	5	1	1	ok
dim_balanced	nuts_and_bolts	3	0	18	6	3	6.0	6.0	5	5	1	1	ok
dim_balanced	nuts_and_bolts	3	0	19	6	1	35.0	35.0	5	5	1	1	ok
dim_balanced	nuts_and_bolts	3	0	20	6	1	6.0	6.0	5	5	1	1	ok
dim_balanced	nuts_and_bolts	3	1	0	6	6	38.6	38.6	5	5	1	1	ok
dim_balanced	nuts_and_bolts	3	1	1	6	2	25.0	25.0	5	5	1	1	ok
dim_balanced	nuts_and_bolts	3	1	2	6	4	16.0	16.0	5	5	1	1	ok
dim_balanced	nuts_and_bolts	3	1	3	6	3	28.0	28.0	5	5	1	1	ok
dim_balanced	nuts_and_bolts	3	1	4	6	3	8.4	8.4	5	5	1	1	ok
dim_balanced	nuts_and_bolts	3	1	5	6	1	7.2	7.2	5	5	1	1	ok
dim_balanced	nuts_and_bolts	3	1	6	6	1	27.0	27.0	5	5	1	1	ok
dim_balanced	nuts_and_bolts	3	1	7	6	4	38.6	38.6	5	5	1	1	ok
dim_balanced	nuts_and_bolts	3	1	8	6	6	38.6	38.6	5	5	1	1	ok
dim_balanced	nuts_and_bolts	3	1	9	6	4	7.2	7.2	5	5	1	1	ok
dim_balanced	nuts_and_bolts	3	1	10	6	2	6.2	6.2	5	5	1	1	ok
dim_balanced	nuts_and_bolts	3	1	11	6	2	5.6	5.6	5	5	1	1	ok
dim_balanced	nuts_and_bolts	3	1	12	6	6	36.2	36.2	5	5	1	1	ok
dim_balanced	nuts_and_bolts	3	1	13	6	2	27.0	27.0	5	5	1	1	ok
dim_balanced	nuts_and_bolts	3	1	14	6	6	4.4	4.4	5	5	1	1	ok
dim_balanced	nuts_and_bolts	3	1	15	6	5	36.2	36.2	5	5	1	1	ok
dim_balanced	nuts_and_bolts	3	1	16	6	3	8.4	8.4	5	5	1	1	ok
dim_balanced	nuts_and_bolts	3	1	17	6	2	13.8	13.8	5	5	1	1	ok
dim_balanced	nuts_and_bolts	3	1	18	6	5	27.0	27.0	5	5	1	1	ok
dim_balanced	nuts_and_bolts	3	1	19	6	3	39.2	39.2	5	5	1	1	ok
dim_balanced	nuts_and_bolts	3	1	20	6	6	7.2	7.2	5	5	1	1	ok
dim_balanced	nuts_and_bolts	3	2	0	6	1	42.8	42.8	5	5	1	1	ok
dim_balanced	nuts_and_bolts	3	2	1	6	1	9.4	9.4	5	5	1	1	ok
dim_balanced	nuts_and_bolts	3	2	2	6	5	19.0	19.0	5	5	1	1	ok
dim_balanced	nuts_and_bolts	3	2	3	6	1	10.0	10.0	5	5	1	1	ok
dim_balanced	nuts_and_bolts	3	2	4	6	6	9.6	9.6	5	5	1	1	ok
dim_balanced	nuts_and_bolts	3	2	5	6	2	9.6	9.6	5	5	1	1	ok
dim_balanced	nuts_and_bolts	3	2	6	6	3	10.8	10.8	5	5	1	1	ok
dim_balanced	nuts_and_bolts	3	2	7	6	1	41.8	41.8	5	5	1	1	ok
dim_balanced	nuts_and_bolts	3	2	8	6	6	41.6	41.6	5	5	1	1	ok
dim_balanced	nuts_and_bolts	3	2	9	6	2	10.8	10.8	5	5	1	1	ok
dim_balanced	nuts_and_bolts	3	2	10	6	1	26.6	26.6	5	5	1	1	ok
dim_balanced	nuts_and_bolts	3	2	11	6	6	9.2	9.2	5	5	1	1	ok
dim_balanced	nuts_and_bolts	3	2	12	6	2	38.6	38.6	5	5	1	1	ok
dim_balanced	nuts_and_bolts	3	2	13	6	3	10.2	10.2	5	5	1	1	ok
dim_balanced	nuts_and_bolts	3	2	14	6	1	7.4	7.4	5	5	1	1	ok
dim_balanced	nuts_and_bolts	3	2	15	6	2	39.8	39.8	5	5	1	1	ok
dim_balanced	nuts_and_bolts	3	2	16	6	1	30.6	30.6	5	5	1	1	ok
dim_balanced	nuts_and_bolts	3	2	17	6	1	30.6	30.6	5	5	1	1	ok
dim_balanced	nuts_and_bolts	3	2	18	6	6	15.0	15.0	5	5	1	1	ok
dim_balanced	nuts_and_bolts	3	2	19	6	1	42.8	42.8	5	5	1	1	ok
dim_balanced	nuts_and_bolts	3	2	20	6	6	30.6	30.6	5	5	1	1	ok
dim_balanced	nuts_and_bolts	3	3	0	6	5	46.4	46.4	5	5	1	1	ok
dim_balanced	nuts_and_bolts	3	3	1	6	3	16.6	16.6	5	5	1	1	ok
dim_balanced	nuts_and_bolts	3	3	2	6	1	38.8	38.8	5	5	1	1	ok
dim_balanced	nuts_and_bolts	3	3	3	6	3	31.6	31.6	5	5	1	1	ok
dim_balanced	nuts_and_bolts	3	3	4	6	3	30.6	30.6	5	5	1	1	ok
dim_balanced	nuts_and_bolts	3	3	5	6	4	31.8	31.8	5	5	1	1	ok
dim_balanced	nuts_and_bolts	3	3	6	6	1	31.8	31.8	5	5	1	1	ok
dim_balanced	nuts_and_bolts	3	3	7	6	1	44.8	44.8	5	5	1	1	ok
dim_balanced	nuts_and_bolts	3	3	8	6	6	42.2	42.2	5	5	1	1	ok
dim_balanced	nuts_and_bolts	3	3	9	6	3	34.8	34.8	5	5	1	1	ok
dim_balanced	nuts_and_bolts	3	3	10	6	4	11.8	11.8	5	5	1	1	ok
dim_balanced	nuts_and_bolts	3	3	11	6	5	33.8	33.8	5	5	1	1	ok
dim_balanced	nuts_and_bolts	3	3	12	6	4	46.4	46.4	5	5	1	1	ok
dim_balanced	nuts_and_bolts	3	3	13	6	5	32.4	32.4	5	5	1	1	ok
dim_balanced	nuts_and_bolts	3	3	14	6	2	27.8	27.8	5	5	1	1	ok
dim_balanced	nuts_and_bolts	3	3	15	6	3	43.4	43.4	5	5	1	1	ok
dim_balanced	nuts_and_bolts	3	3	16	6	2	19.2	19.2	5	5	1	1	ok
dim_balanced	nuts_and_bolts	3	3	17	6	6	30.6	30.6	5	5	1	1	ok
dim_balanced	nuts_and_bolts	3	3	18	6	1	36.0	36.0	5	5	1	1	ok
dim_balanced	nuts_and_bolts	3	3	19	6	1	44.0	44.0	5	5	1	1	ok
dim_balanced	nuts_and_bolts	3	3	20	6	5	17.6	17.6	5	5	1	1	ok
dim_balanced	nuts_and_bolts	3	4	0	6	4	47.8	47.8	5	5	1	1	ok
dim_balanced	nuts_and_bolts	3	4	1	6	5	32.8	32.8	5	5	1	1	ok
dim_balanced	nuts_and_bolts	3	4	2	6	3	23.8	23.8	5	5	1	1	ok
dim_balanced	nuts_and_bolts	3	4	3	6	5	35.8	35.8	5	5	1	1	ok
dim_balanced	nuts_and_bolts	3	4	4	6	3	36.0	36.0	5	5	1	1	ok
dim_balanced	nuts_and_bolts	3	4	5	6	1	35.6	35.6	5	5	1	1	ok
dim_balanced	nuts_and_bolts	3	4	6	6	2	35.4	35.4	5	5	1	1	ok
dim_balanced	nuts_and_bolts	3	4	7	6	4	45.4	45.4	5	5	1	1	ok
dim_balanced	nuts_and_bolts	3	4	8	6	1	45.8	45.8	5	5	1	1	ok
dim_balanced	nuts_and_bolts	3	4	9	6	2	37.2	37.2	5	5	1	1	ok
dim_balanced	nuts_and_bolts	3	4	10	6	6	32.0	32.0	5	5	1	1	ok
dim_balanced	nuts_and_bolts	3	4	11	6	3	32.6	32.6	5	5	1	1	ok
dim_balanced	nuts_and_bolts	3	4	12	6	3	46.6	46.6	5	5	1	1	ok
dim_balanced	nuts_and_bolts	3	4	13	6	2	32.4	32.4	5	5	1	1	ok
dim_balanced	nuts_and_bolts	3	4	14	6	2	31.4	31.4	5	5	1	1	ok
dim_balanced	nuts_and_bolts	3	4	15	6	1	46.0	46.0	5	5	1	1	ok
dim_balanced	nuts_and_bolts	3	4	16	6	3	39.0	39.0	5	5	1	1	ok
dim_balanced	nuts_and_bolts	3	4	17	6	4	19.4	19.4	5	5	1	1	ok
dim_balanced	nuts_and_bolts	3	4	18	6	6	36.8	36.8	5	5	1	1	ok
dim_balanced	nuts_and_bolts	3	4	19	6	6	45.4	45.4	5	5	1	1	ok
dim_balanced	nuts_and_bolts	3	4	20	6	2	38.0	38.0	5	5	1	1	ok
dim_balanced	nuts_and_bolts	3	5	0	6	2	48.6	48.6	5	5	1	1	ok
dim_balanced	nuts_and_bolts	3	5	1	6	4	36.4	36.4	5	5	1	1	ok
dim_balanced	nuts_and_bolts	3	5	2	6	6	40.6	40.6	5	5	1	1	ok
dim_balanced	nuts_and_bolts	3	5	3	6	6	37.0	37.0	5	5	1	1	ok
dim_balanced	nuts_and_bolts	3	5	4	6	1	36.8	36.8	5	5	1	1	ok
dim_balanced	nuts_and_bolts	3	5	5	6	2	36.8	36.8	5	5	1	1	ok
dim_balanced	nuts_and_bolts	3	5	6	6	4	37.0	37.0	5	5	1	1	ok
dim_balanced	nuts_and_bolts	3	5	7	6	3	49.2	49.2	5	5	1	1	ok
dim_balanced	nuts_and_bolts	3	5	8	6	6	49.6	49.6	5	5	1	1	ok
dim_balanced	nuts_and_bolts	3	5	9	6	6	38.0	38.0	5	5	1	1	ok
dim_balanced	nuts_and_bolts	3	5	10	6	5	36.4	36.4	5	5	1	1	ok
dim_balanced	nuts_and_bolts	3	5	11	6	6	37.6	37.6	5	5	1	1	ok
dim_balanced	nuts_and_bolts	3	5	12	6	2	49.4	49.4	5	5	1	1	ok
dim_balanced	nuts_and_bolts	3	5	13	6	4	36.2	36.2	5	5	1	1	ok
dim_balanced	nuts_and_bolts	3	5	14	6	2	37.2	37.2	5	5	1	1	ok
dim_balanced	nuts_and_bolts	3	5	15	6	4	47.8	47.8	5	5	1	1	ok
dim_balanced	nuts_and_bolts	3	5	16	6	2	38.6	38.6	5	5	1	1	ok
dim_balanced	nuts_and_bolts	3	5	17	6	2	39.2	39.2	5	5	1	1	ok
dim_balanced	nuts_and_bolts	3	5	18	6	2	37.4	37.4	5	5	1	1	ok
dim_balanced	nuts_and_bolts	3	5	19	6	6	49.0	49.0	5	5	1	1	ok
dim_balanced	regular_polygons	3	0	0	6	1	2.0	2.0	5	5	1	1	ok
dim_balanced	regular_polygons	3	0	1	6	6	243.0	243.0	5	5	1	1	ok
dim_balanced	regular_polygons	3	0	2	6	2	109.0	109.0	5	5	1	1	ok
dim_balanced	regular_polygons	3	0	3	6	2	690.0	690.0	5	5	1	1	ok
dim_balanced	regular_polygons	3	0	4	6	1	86.0	86.0	5	5	1	1	ok
dim_balanced	regular_polygons	3	0	5	6	6	138.0	138.0	5	5	1	1	ok
dim_balanced	regular_polygons	3	0	6	6	1	1.0	1.0	5	5	1	1	ok
dim_balanced	regular_polygons	3	0	7	6	4	241.0	241.0	5	5	1	1	ok
dim_balanced	regular_polygons	3	0	8	6	1	45.0	45.0	5	5	1	1	ok
dim_balanced	regular_polygons	3	0	9	6	2	48.0	48.0	5	5	1	1	ok
dim_balanced	regular_polygons	3	0	10	6	5	48.0	48.0	5	5	1	1	ok
dim_balanced	regular_polygons	3	0	11	6	1	631.0	631.0	5	5	1	1	ok
dim_balanced	regular_polygons	3	0	12	6	6	37.0	37.0	5	5	1	1	ok
dim_balanced	regular_polygons	3	0	13	6	2	46.0	46.0	5	5	1	1	ok
dim_balanced	regular_polygons	3	0	14	6	5	168.0	168.0	5	5	1	1	ok
dim_balanced	regular_polygons	3	0	15	6	1	160.0	160.0	5	5	1	1	ok
dim_balanced	regular_polygons	3	0	16	6	6	230.0	230.0	5	5	1	1	ok
dim_balanced	regular_polygons	3	0	17	6	3	37.0	37.0	5	5	1	1	ok
dim_balanced	regular_polygons	3	0	18	6	2	45.0	45.0	5	5	1	1	ok
dim_balanced	regular_polygons	3	0	19	6	3	162.0	162.0	5	5	1	1	ok
dim_balanced	regular_polygons	3	0	20	6	1	138.0	138.0	5	5	1	1	ok
dim_balanced	regular_polygons	3	1	0	6	1	88.4	88.4	5	5	1	1	ok
dim_balanced	regular_polygons	3	1	1	6	5	722.4	722.4	5	5	1	1	ok
dim_balanced	regular_polygons	3	1	2	6	1	110.2	110.2	5	5	1	1	ok
dim_balanced	regular_polygons	3	1	3	6	1	760.2	760.2	5	5	1	1	ok
dim_balanced	regular_polygons	3	1	4	6	1	169.4	169.4	5	5	1	1	ok
dim_balanced	regular_polygons	3	1	5	6	1	119.4	119.4	5	5	1	1	ok
dim_balanced	regular_polygons	3	1	6	6	4	19.0	19.0	5	5	1	1	ok
dim_balanced	regular_polygons	3	1	7	6	6	246.4	246.4	5	5	1	1	ok
dim_balanced	regular_polygons	3	1	8	6	3	47.2	47.2	5	5	1	1	ok
dim_balanced	regular_polygons	3	1	9	6	3	303.6	303.6	5	5	1	1	ok
dim_balanced	regular_polygons	3	1	10	6	3	458.4	458.4	5	5	1	1	ok
dim_balanced	regular_polygons	3	1	11	6	2	325.0	325.0	5	5	1	1	ok
dim_balanced	regular_polygons	3	1	12	6	5	614.2	614.2	5	5	1	1	ok
dim_balanced	regular_polygons	3	1	13	6	6	45.4	45.4	5	5	1	1	ok
dim_balanced	regular_polygons	3	1	14	6	4	145.6	145.6	5	5	1	1	ok
dim_balanced	regular_polygons	3	1	15	6	5	224.0	224.0	5	5	1	1	ok
dim_balanced	regular_polygons	3	1	16	6	1	233.6	233.6	5	5	1	1	ok
dim_balanced	regular_polygons	3	1	17	6	6	146.4	146.4	5	5	1	1	ok
dim_balanced	regular_polygons	3	1	18	6	3	1274.4	1274.4	5	5	1	1	ok
dim_balanced	regular_polygons	3	1	19	6	6	186.6	186.6	5	5	1	1	ok
dim_balanced	regular_polygons	3	1	20	6	3	139.2	139.2	5	5	1	1	ok
dim_balanced	regular_polygons	3	2	0	6	5	289.0	289.0	5	5	1	1	ok
dim_balanced	regular_polygons	3	2	1	6	2	77.6	77.6	5	5	1	1	ok
dim_balanced	regular_polygons	3	2	2	6	6	423.6	423.6	5	5	1	1	ok
dim_balanced	regular_polygons	3	2	3	6	4	702.0	702.0	5	5	1	1	ok
dim_balanced	regular_polygons	3	2	4	6	6	294.0	294.0	5	5	1	1	ok
dim_balanced	regular_polygons	3	2	5	6	6	202.8	202.8	5	5	1	1	ok
dim_balanced	regular_polygons	3	2	6	6	1	314.2	314.2	5	5	1	1	ok
dim_balanced	regular_polygons	3	2	7	6	6	241.2	241.2	5	5	1	1	ok
dim_balanced	regular_polygons	3	2	8	6	6	1065.6	1065.6	5	5	1	1	ok
dim_balanced	regular_polygons	3	2	9	6	1	528.4	528.4	5	5	1	1	ok
dim_balanced	regular_polygons	3	2	10	6	5	108.4	108.4	5	5	1	1	ok
dim_balanced	regular_polygons	3	2	11	6	2	807.4	807.4	5	5	1	1	ok
dim_balanced	regular_polygons	3	2	12	6	2	457.0	457.0	5	5	1	1	ok
dim_balanced	regular_polygons	3	2	13	6	1	1081.0	1081.0	5	5	1	1	ok
dim_balanced	regular_polygons	3	2	14	6	6	150.4	150.4	5	5	1	1	ok
dim_balanced	regular_polygons	3	2	15	6	4	163.0	163.0	5	5	1	1	ok
dim_balanced	regular_polygons	3	2	16	6	1	149.2	149.2	5	5	1	1	ok
dim_balanced	regular_polygons	3	2	17	6	6	471.4	471.4	5	5	1	1	ok
dim_balanced	regular_polygons	3	2	18	6	4	298.6	298.6	5	5	1	1	ok
dim_balanced	regular_polygons	3	2	19	6	6	443.6	443.6	5	5	1	1	ok
dim_balanced	regular_polygons	3	2	20	6	2	125.6	125.6	5	5	1	1	ok
dim_balanced	regular_polygons	3	3	0	6	4	286.8	286.8	5	5	1	1	ok
dim_balanced	regular_polygons	3	3	1	6	6	327.8	327.8	5	5	1	1	ok
dim_balanced	regular_polygons	3	3	2	6	5	375.4	375.4	5	5	1	1	ok
dim_balanced	regular_polygons	3	3	3	6	1	735.6	735.6	5	5	1	1	ok
dim_balanced	regular_polygons	3	3	4	6	4	359.0	359.0	5	5	1	1	ok
dim_balanced	regular_polygons	3	3	5	6	3	240.8	240.8	5	5	1	1	ok
dim_balanced	regular_polygons	3	3	6	6	1	615.6	615.6	5	5	1	1	ok
dim_balanced	regular_polygons	3	3	7	6	6	309.6	309.6	5	5	1	1	ok
dim_balanced	regular_polygons	3	3	8	6	1	875.0	875.0	5	5	1	1	ok
dim_balanced	regular_polygons	3	3	9	6	6	175.6	175.6	5	5	1	1	ok
dim_balanced	regular_polygons	3	3	10	6	4	86.2	86.2	5	5	1	1	ok
dim_balanced	regular_polygons	3	3	11	6	3	388.0	388.0	5	5	1	1	ok
dim_balanced	regular_polygons	3	3	12	6	1	448.0	448.0	5	5	1	1	ok
dim_balanced	regular_polygons	3	3	13	6	6	383.6	383.6	5	5	1	1	ok
dim_balanced	regular_polygons	3	3	14	6	6	641.8	641.8	5	5	1	1	ok
dim_balanced	regular_polygons	3	3	15	6	1	637.0	637.0	5	5	1	1	ok
dim_balanced	regular_polygons	3	3	16	6	3	254.2	254.2	5	5	1	1	ok
dim_balanced	regular_polygons	3	3	17	6	1	640.0	640.0	5	5	1	1	ok
dim_balanced	regular_polygons	3	3	18	6	1	597.8	597.8	5	5	1	1	ok
dim_balanced	regular_polygons	3	3	19	6	4	602.4	602.4	5	5	1	1	ok
dim_balanced	regular_polygons	3	3	20	6	5	175.6	175.6	5	5	1	1	ok
dim_balanced	regular_polygons	3	4	0	6	3	466.2	466.2	5	5	1	1	ok
dim_balanced	regular_polygons	3	4	1	6	1	605.4	605.4	5	5	1	1	ok
dim_balanced	regular_polygons	3	4	2	6	1	629.8	629.8	5	5	1	1	ok
dim_balanced	regular_polygons	3	4	3	6	6	870.0	870.0	5	5	1	1	ok
dim_balanced	regular_polygons	3	4	4	6	3	857.6	857.6	5	5	1	1	ok
dim_balanced	regular_polygons	3	4	5	6	6	141.0	141.0	5	5	1	1	ok
dim_balanced	regular_polygons	3	4	6	6	5	668.4	668.4	5	5	1	1	ok
dim_balanced	regular_polygons	3	4	7	6	1	396.2	396.2	5	5	1	1	ok
dim_balanced	regular_polygons	3	4	8	6	2	830.2	830.2	5	5	1	1	ok
dim_balanced	regular_polygons	3	4	9	6	2	542.6	542.6	5	5	1	1	ok
dim_balanced	regular_polygons	3	4	10	6	5	123.4	123.4	5	5	1	1	ok
dim_balanced	regular_polygons	3	4	11	6	6	557.0	557.0	5	5	1	1	ok
dim_balanced	regular_polygons	3	4	12	6	2	703.0	703.0	5	5	1	1	ok
dim_balanced	regular_polygons	3	4	13	6	6	553.6	553.6	5	5	1	1	ok
dim_balanced	regular_polygons	3	4	14	6	3	405.8	405.8	5	5	1	1	ok
dim_balanced	regular_polygons	3	4	15	6	4	805.8	805.8	5	5	1	1	ok
dim_balanced	regular_polygons	3	4	16	6	4	185.4	185.4	5	5	1	1	ok
dim_balanced	regular_polygons	3	4	17	6	6	812.6	812.6	5	5	1	1	ok
dim_balanced	regular_polygons	3	4	18	6	5	638.4	638.4	5	5	1	1	ok
dim_balanced	regular_polygons	3	4	19	6	4	244.0	244.0	5	5	1	1	ok
dim_balanced	regular_polygons	3	4	20	6	2	141.6	141.6	5	5	1	1	ok
dim_balanced	regular_polygons	3	5	0	6	2	108.8	108.8	5	5	1	1	ok
dim_balanced	regular_polygons	3	5	1	6	4	241.4	241.4	5	5	1	1	ok
dim_balanced	regular_polygons	3	5	2	6	3	369.8	369.8	5	5	1	1	ok
dim_balanced	regular_polygons	3	5	3	6	1	801.6	801.6	5	5	1	1	ok
dim_balanced	regular_polygons	3	5	4	6	6	189.8	189.8	5	5	1	1	ok
dim_balanced	regular_polygons	3	5	5	6	1	200.8	200.8	5	5	1	1	ok
dim_balanced	regular_polygons	3	5	6	6	2	433.2	433.2	5	5	1	1	ok
dim_balanced	regular_polygons	3	5	7	6	3	364.8	364.8	5	5	1	1	ok
dim_balanced	regular_polygons	3	5	8	6	4	809.6	809.6	5	5	1	1	ok
dim_balanced	regular_polygons	3	5	9	6	5	534.8	534.8	5	5	1	1	ok
dim_balanced	regular_polygons	3	5	10	6	5	366.4	366.4	5	5	1	1	ok
dim_balanced	regular_polygons	3	5	11	6	6	670.4	670.4	5	5	1	1	ok
dim_balanced	regular_polygons	3	5	12	6	1	588.6	588.6	5	5	1	1	ok
dim_balanced	regular_polygons	3	5	13	6	5	850.6	850.6	5	5	1	1	ok
dim_balanced	regular_polygons	3	5	14	6	4	604.6	604.6	5	5	1	1	ok
dim_balanced	regular_polygons	3	5	15	6	4	515.0	515.0	5	5	1	1	ok
dim_balanced	regular_polygons	3	5	16	6	6	204.0	204.0	5	5	1	1	ok
dim_balanced	regular_polygons	3	5	17	6	4	400.8	400.8	5	5	1	1	ok
dim_balanced	regular_polygons	3	5	18	6	3	467.8	467.8	5	5	1	1	ok
dim_balanced	regular_polygons	3	5	19	6	2	386.0	386.0	5	5	1	1	ok
dim_balanced	totems	3	0	0	6	1	2.0	2.0	5	5	1	1	ok
dim_balanced	totems	3	0	1	6	2	4.0	4.0	5	5	1	1	ok
dim_balanced	totems	3	0	2	6	2	2.0	2.0	5	5	1	1	ok
dim_balanced	totems	3	0	3	6	6	2.0	2.0	5	5	1	1	ok
dim_balanced	totems	3	0	4	6	5	15.0	15.0	5	5	1	1	ok
dim_balanced	totems	3	0	5	6	1	2.0	2.0	5	5	1	1	ok
dim_balanced	totems	3	0	6	6	1	15.0	15.0	5	5	1	1	ok
dim_balanced	totems	3	0	7	6	2	4.0	4.0	5	5	1	1	ok
dim_balanced	totems	3	0	8	6	5	15.0	15.0	5	5	1	1	ok
dim_balanced	totems	3	0	9	6	6	2.0	2.0	5	5	1	1	ok
dim_balanced	totems	3	0	10	6	2	4.0	4.0	5	5	1	1	ok
dim_balanced	totems	3	0	11	6	5	2.0	2.0	5	5	1	1	ok
dim_balanced	totems	3	0	12	6	1	15.0	15.0	5	5	1	1	ok
dim_balanced	totems	3	0	13	6	6	2.0	2.0	5	5	1	1	ok
dim_balanced	totems	3	0	14	6	3	2.0	2.0	5	5	1	1	ok
dim_balanced	totems	3	0	15	6	2	4.0	4.0	5	5	1	1	ok
dim_balanced	totems	3	0	16	6	3	2.0	2.0	5	5	1	1	ok
dim_balanced	totems	3	0	17	6	1	2.0	2.0	5	5	1	1	ok
dim_balanced	totems	3	0	18	6	1	15.0	15.0	5	5	1	1	ok
dim_balanced	totems	3	0	19	6	3	4.0	4.0	5	5	1	1	ok
dim_balanced	totems	3	0	20	6	1	2.0	2.0	5	5	1	1	ok
dim_balanced	totems	3	1	0	6	6	4.4	4.4	5	5	1	1	ok
dim_balanced	totems	3	1	1	6	2	16.2	16.2	5	5	1	1	ok
dim_balanced	totems	3	1	2	6	4	11.0	11.0	5	5	1	1	ok
dim_balanced	totems	3	1	3	6	3	4.4	4.4	5	5	1	1	ok
dim_balanced	totems	3	1	4	6	3	16.2	16.2	5	5	1	1	ok
dim_balanced	totems	3	1	5	6	1	3.2	3.2	5	5	1	1	ok
dim_balanced	totems	3	1	6	6	1	16.2	16.2	5	5	1	1	ok
dim_balanced	totems	3	1	7	6	4	16.2	16.2	5	5	1	1	ok
dim_balanced	totems	3	1	8	6	5	24.0	24.0	5	5	1	1	ok
dim_balanced	totems	3	1	9	6	6	3.2	3.2	5	5	1	1	ok
dim_balanced	totems	3	1	10	6	1	5.2	5.2	5	5	1	1	ok
dim_balanced	totems	3	1	11	6	3	11.0	11.0	5	5	1	1	ok
dim_balanced	totems	3	1	12	6	3	16.2	16.2	5	5	1	1	ok
dim_balanced	totems	3	1	13	6	2	3.2	3.2	5	5	1	1	ok
dim_balanced	totems	3	1	14	6	5	3.2	3.2	5	5	1	1	ok
dim_balanced	totems	3	1	15	6	3	16.2	16.2	5	5	1	1	ok
dim_balanced	totems	3	1	16	6	5	3.2	3.2	5	5	1	1	ok
dim_balanced	totems	3	1	17	6	5	11.0	11.0	5	5	1	1	ok
dim_balanced	totems	3	1	18	6	3	15.6	15.6	5	5	1	1	ok
dim_balanced	totems	3	1	19	6	6	24.0	24.0	5	5	1	1	ok
dim_balanced	totems	3	1	20	6	3	11.0	11.0	5	5	1	1	ok
dim_balanced	totems	3	2	0	6	2	12.2	12.2	5	5	1	1	ok
dim_balanced	totems	3	2	1	6	3	14.2	14.2	5	5	1	1	ok
dim_balanced	totems	3	2	2	6	4	5.6	5.6	5	5	1	1	ok
dim_balanced	totems	3	2	3	6	4	20.0	20.0	5	5	1	1	ok
dim_balanced	totems	3	2	4	6	4	25.2	25.2	5	5	1	1	ok
dim_balanced	totems	3	2	5	6	2	12.2	12.2	5	5	1	1	ok
dim_balanced	totems	3	2	6	6	2	14.0	14.0	5	5	1	1	ok
dim_balanced	totems	3	2	7	6	5	17.4	17.4	5	5	1	1	ok
dim_balanced	totems	3	2	8	6	6	33.0	33.0	5	5	1	1	ok
dim_balanced	totems	3	2	9	6	1	12.2	12.2	5	5	1	1	ok
dim_balanced	totems	3	2	10	6	6	18.6	18.6	5	5	1	1	ok
dim_balanced	totems	3	2	11	6	2	20.0	20.0	5	5	1	1	ok
dim_balanced	totems	3	2	12	6	3	7.6	7.6	5	5	1	1	ok
dim_balanced	totems	3	2	13	6	1	12.2	12.2	5	5	1	1	ok
dim_balanced	totems	3	2	14	6	2	5.6	5.6	5	5	1	1	ok
dim_balanced	totems	3	2	15	6	6	17.4	17.4	5	5	1	1	ok
dim_balanced	totems	3	2	16	6	1	13.4	13.4	5	5	1	1	ok
dim_balanced	totems	3	2	17	6	6	5.6	5.6	5	5	1	1	ok
dim_balanced	totems	3	2	18	6	6	26.4	26.4	5	5	1	1	ok
dim_balanced	totems	3	2	19	6	2	6.4	6.4	5	5	1	1	ok
dim_balanced	totems	3	2	20	6	2	12.2	12.2	5	5	1	1	ok
dim_balanced	totems	3	3	0	6	6	13.4	13.4	5	5	1	1	ok
dim_balanced	totems	3	3	1	6	3	15.0	15.0	5	5	1	1	ok
dim_balanced	totems	3	3	2	6	1	6.8	6.8	5	5	1	1	ok
dim_balanced	totems	3	3	3	6	1	6.8	6.8	5	5	1	1	ok
dim_balanced	totems	3	3	4	6	5	19.8	19.8	5	5	1	1	ok
dim_balanced	totems	3	3	5	6	5	20.6	20.6	5	5	1	1	ok
dim_balanced	totems	3	3	6	6	2	19.8	19.8	5	5	1	1	ok
dim_balanced	totems	3	3	7	6	5	15.4	15.4	5	5	1	1	ok
dim_balanced	totems	3	3	8	6	2	19.2	19.2	5	5	1	1	ok
dim_balanced	totems	3	3	9	6	6	20.6	20.6	5	5	1	1	ok
dim_balanced	totems	3	3	10	6	1	25.8	25.8	5	5	1	1	ok
dim_balanced	totems	3	3	11	6	6	20.6	20.6	5	5	1	1	ok
dim_balanced	totems	3	3	12	6	6	19.8	19.8	5	5	1	1	ok
dim_balanced	totems	3	3	13	6	6	8.0	8.0	5	5	1	1	ok
dim_balanced	totems	3	3	14	6	4	13.2	13.2	5	5	1	1	ok
dim_balanced	totems	3	3	15	6	6	33.6	33.6	5	5	1	1	ok
dim_balanced	totems	3	3	16	6	1	14.6	14.6	5	5	1	1	ok
dim_balanced	totems	3	3	17	6	5	21.8	21.8	5	5	1	1	ok
dim_balanced	totems	3	3	18	6	2	18.0	18.0	5	5	1	1	ok
dim_balanced	totems	3	3	19	6	2	15.4	15.4	5	5	1	1	ok
dim_balanced	totems	3	3	20	6	1	20.2	20.2	5	5	1	1	ok
dim_balanced	totems	3	4	0	6	1	15.4	15.4	5	5	1	1	ok
dim_balanced	totems	3	4	1	6	1	34.8	34.8	5	5	1	1	ok
dim_balanced	totems	3	4	2	6	1	23.4	23.4	5	5	1	1	ok
dim_balanced	totems	3	4	3	6	5	17.0	17.0	5	5	1	1	ok
dim_balanced	totems	3	4	4	6	6	34.8	34.8	5	5	1	1	ok
dim_balanced	totems	3	4	5	6	6	15.8	15.8	5	5	1	1	ok
dim_balanced	totems	3	4	6	6	5	34.8	34.8	5	5	1	1	ok
dim_balanced	totems	3	4	7	6	1	24.4	24.4	5	5	1	1	ok
dim_balanced	totems	3	4	8	6	6	20.4	20.4	5	5	1	1	ok
dim_balanced	totems	3	4	9	6	5	23.6	23.6	5	5	1	1	ok
dim_balanced	totems	3	4	10	6	2	16.6	16.6	5	5	1	1	ok
dim_balanced	totems	3	4	11	6	6	22.0	22.0	5	5	1	1	ok
dim_balanced	totems	3	4	12	6	2	28.6	28.6	5	5	1	1	ok
dim_balanced	totems	3	4	13	6	3	22.4	22.4	5	5	1	1	ok
dim_balanced	totems	3	4	14	6	2	23.2	23.2	5	5	1	1	ok
dim_balanced	totems	3	4	15	6	5	24.0	24.0	5	5	1	1	ok
dim_balanced	totems	3	4	16	6	2	15.2	15.2	5	5	1	1	ok
dim_balanced	totems	3	4	17	6	2	15.2	15.2	5	5	1	1	ok
dim_balanced	totems	3	4	18	6	4	28.0	28.0	5	5	1	1	ok
dim_balanced	totems	3	4	19	6	3	26.4	26.4	5	5	1	1	ok
dim_balanced	totems	3	4	20	6	1	15.8	15.8	5	5	1	1	ok
dim_balanced	totems	3	5	0	6	2	17.6	17.6	5	5	1	1	ok
dim_balanced	totems	3	5	1	6	3	35.8	35.8	5	5	1	1	ok
dim_balanced	totems	3	5	2	6	3	11.6	11.6	5	5	1	1	ok
dim_balanced	totems	3	5	3	6	3	18.2	18.2	5	5	1	1	ok
dim_balanced	totems	3	5	4	6	6	35.2	35.2	5	5	1	1	ok
dim_balanced	totems	3	5	5	6	3	31.0	31.0	5	5	1	1	ok
dim_balanced	totems	3	5	6	6	2	18.6	18.6	5	5	1	1	ok
dim_balanced	totems	3	5	7	6	6	25.2	25.2	5	5	1	1	ok
dim_balanced	totems	3	5	8	6	1	35.2	35.2	5	5	1	1	ok
dim_balanced	totems	3	5	9	6	6	30.6	30.6	5	5	1	1	ok
dim_balanced	totems	3	5	10	6	3	35.2	35.2	5	5	1	1	ok
dim_balanced	totems	3	5	11	6	6	30.2	30.2	5	5	1	1	ok
dim_balanced	totems	3	5	12	6	4	35.8	35.8	5	5	1	1	ok
dim_balanced	totems	3	5	13	6	6	30.4	30.4	5	5	1	1	ok
dim_balanced	totems	3	5	14	6	4	24.2	24.2	5	5	1	1	ok
dim_balanced	totems	3	5	15	6	3	36.0	36.0	5	5	1	1	ok
dim_balanced	totems	3	5	16	6	5	18.2	18.2	5	5	1	1	ok
dim_balanced	totems	3	5	17	6	4	24.0	24.0	5	5	1	1	ok
dim_balanced	totems	3	5	18	6	5	22.8	22.8	5	5	1	1	ok
dim_balanced	totems	3	5	19	6	4	25.0	25.0	5	5	1	1	ok
var_balanced	glyphs	3	0	0	6	1	2.0	2.0	5	5	1	1	ok
var_balanced	glyphs	3	0	1	6	2	37.0	37.0	5	5	1	1	ok
var_balanced	glyphs	3	0	2	6	2	2.0	2.0	5	5	1	1	ok
var_balanced	glyphs	3	0	3	6	6	2.0	2.0	5	5	1	1	ok
var_balanced	glyphs	3	0	4	6	5	14.0	14.0	5	5	1	1	ok
var_balanced	glyphs	3	0	5	6	1	2.0	2.0	5	5	1	1	ok
var_balanced	glyphs	3	0	6	6	1	14.0	14.0	5	5	1	1	ok
var_balanced	glyphs	3	0	7	6	2	37.0	37.0	5	5	1	1	ok
var_balanced	glyphs	3	0	8	6	5	14.0	14.0	5	5	1	1	ok
var_balanced	glyphs	3	0	9	6	6	2.0	2.0	5	5	1	1	ok
var_balanced	glyphs	3	0	10	6	2	37.0	37.0	5	5	1	1	ok
var_balanced	glyphs	3	0	11	6	5	2.0	2.0	5	5	1	1	ok
var_balanced	glyphs	3	0	12	6	1	29.0	29.0	5	5	1	1	ok
var_balanced	glyphs	3	0	13	6	6	2.0	2.0	5	5	1	1	ok
var_balanced	glyphs	3	0	14	6	3	2.0	2.0	5	5	1	1	ok
var_balanced	glyphs	3	0	15	6	2	37.0	37.0	5	5	1	1	ok
var_balanced	glyphs	3	0	16	6	3	2.0	2.0	5	5	1	1	ok
var_balanced	glyphs	3	0	17	6	1	2.0	2.0	5	5	1	1	ok
var_balanced	glyphs	3	0	18	6	1	29.0	29.0	5	5	1	1	ok
var_balanced	glyphs	3	0	19	6	3	37.0	37.0	5	5	1	1	ok
var_balanced	glyphs	3	0	20	6	1	2.0	2.0	5	5	1	1	ok
var_balanced	glyphs	3	0	21	6	5	29.0	29.0	5	5	1	1	ok
var_balanced	glyphs	3	0	22	6	4	2.0	2.0	5	5	1	1	ok
var_balanced	glyphs	3	0	23	6	5	14.0	14.0	5	5	1	1	ok
var_balanced	glyphs	3	0	24	6	6	2.0	2.0	5	5	1	1	ok
var_balanced	glyphs	3	0	25	6	5	37.0	37.0	5	5	1	1	ok
var_balanced	glyphs	3	0	26	6	6	2.0	2.0	5	5	1	1	ok
var_balanced	glyphs	3	0	27	6	1	37.0	37.0	5	5	1	1	ok
var_balanced	glyphs	3	0	28	6	3	14.0	14.0	5	5	1	1	ok
var_balanced	glyphs	3	0	29	6	2	2.0	2.0	5	5	1	1	ok
var_balanced	glyphs	3	0	30	6	4	14.0	14.0	5	5	1	1	ok
var_balanced	glyphs	3	0	31	6	4	2.0	2.0	5	5	1	1	ok
var_balanced	glyphs	3	0	32	6	2	2.0	2.0	5	5	1	1	ok
var_balanced	glyphs	3	0	33	6	3	37.0	37.0	5	5	1	1	ok
var_balanced	glyphs	3	0	34	6	6	14.0	14.0	5	5	1	1	ok
var_balanced	glyphs	3	0	35	6	6	37.0	37.0	5	5	1	1	ok
var_balanced	glyphs	3	0	36	6	5	2.0	2.0	5	5	1	1	ok
var_balanced	glyphs	3	0	37	6	5	2.0	2.0	5	5	1	1	ok
var_balanced	glyphs	3	0	38	6	2	2.0	2.0	5	5	1	1	ok
var_balanced	glyphs	3	0	39	6	4	29.0	29.0	5	5	1	1	ok
var_balanced	glyphs	3	0	40	6	6	2.0	2.0	5	5	1	1	ok
var_balanced	glyphs	3	0	41	6	6	2.0	2.0	5	5	1	1	ok
var_balanced	glyphs	3	1	0	6	6	24.2	24.2	5	5	1	1	ok
var_balanced	glyphs	3	1	1	6	2	15.2	15.2	5	5	1	1	ok
var_balanced	glyphs	3	1	2	6	4	10.4	10.4	5	5	1	1	ok
var_balanced	glyphs	3	1	3	6	3	24.2	24.2	5	5	1	1	ok
var_balanced	glyphs	3	1	4	6	3	15.2	15.2	5	5	1	1	ok
var_balanced	glyphs	3	1	5	6	1	3.2	3.2	5	5	1	1	ok
var_balanced	glyphs	3	1	6	6	1	15.2	15.2	5	5	1	1	ok
var_balanced	glyphs	3	1	7	6	4	30.2	30.2	5	5	1	1	ok
var_balanced	glyphs	3	1	8	6	5	22.4	22.4	5	5	1	1	ok
var_balanced	glyphs	3	1	9	6	6	3.2	3.2	5	5	1	1	ok
var_balanced	glyphs	3	1	10	6	1	38.2	38.2	5	5	1	1	ok
var_balanced	glyphs	3	1	11	6	3	19.4	19.4	5	5	1	1	ok
var_balanced	glyphs	3	1	12	6	3	30.2	30.2	5	5	1	1	ok
var_balanced	glyphs	3	1	13	6	2	3.2	3.2	5	5	1	1	ok
var_balanced	glyphs	3	1	14	6	5	3.2	3.2	5	5	1	1	ok
var_balanced	glyphs	3	1	15	6	3	15.2	15.2	5	5	1	1	ok
var_balanced	glyphs	3	1	16	6	5	3.2	3.2	5	5	1	1	ok
var_balanced	glyphs	3	1	17	6	5	19.4	19.4	5	5	1	1	ok
var_balanced	glyphs	3	1	18	6	3	15.2	15.2	5	5	1	1	ok
var_balanced	glyphs	3	1	19	6	6	22.4	22.4	5	5	1	1	ok
var_balanced	glyphs	3	1	20	6	3	10.4	10.4	5	5	1	1	ok
var_balanced	glyphs	3	1	21	6	6	30.2	30.2	5	5	1	1	ok
var_balanced	glyphs	3	1	22	6	1	19.4	19.4	5	5	1	1	ok
var_balanced	glyphs	3	1	23	6	1	15.2	15.2	5	5	1	1	ok
var_balanced	glyphs	3	1	24	6	3	10.4	10.4	5	5	1	1	ok
var_balanced	glyphs	3	1	25	6	4	22.4	22.4	5	5	1	1	ok
var_balanced	glyphs	3	1	26	6	4	10.4	10.4	5	5	1	1	ok
var_balanced	glyphs	3	1	27	6	1	46.4	46.4	5	5	1	1	ok
var_balanced	glyphs	3	1	28	6	3	15.2	15.2	5	5	1	1	ok
var_balanced	glyphs	3	1	29	6	6	10.4	10.4	5	5	1	1	ok
var_balanced	glyphs	3	1	30	6	4	38.2	38.2	5	5	1	1	ok
var_balanced	glyphs	3	1	31	6	3	24.2	24.2	5	5	1	1	ok
var_balanced	glyphs	3	1	32	6	2	19.4	19.4	5	5	1	1	ok
var_balanced	glyphs	3	1	33	6	1	36.2	36.2	5	5	1	1	ok
var_balanced	glyphs	3	1	34	6	4	15.2	15.2	5	5	1	1	ok
var_balanced	glyphs	3	1	35	6	6	38.2	38.2	5	5	1	1	ok
var_balanced	glyphs	3	1	36	6	3	3.2	3.2	5	5	1	1	ok
var_balanced	glyphs	3	1	37	6	4	24.2	24.2	5	5	1	1	ok
var_balanced	glyphs	3	1	38	6	3	10.4	10.4	5	5	1	1	ok
var_balanced	glyphs	3	1	39	6	5	30.2	30.2	5	5	1	1	ok
var_balanced	glyphs	3	1	40	6	3	10.4	10.4	5	5	1	1	ok
var_balanced	glyphs	3	1	41	6	6	10.4	10.4	5	5	1	1	ok
var_balanced	glyphs	3	2	0	6	2	20.6	20.6	5	5	1	1	ok
var_balanced	glyphs	3	2	1	6	3	43.6	43.6	5	5	1	1	ok
var_balanced	glyphs	3	2	2	6	4	25.4	25.4	5	5	1	1	ok
var_balanced	glyphs	3	2	3	6	4	26.6	26.6	5	5	1	1	ok
var_balanced	glyphs	3	2	4	6	4	32.6	32.6	5	5	1	1	ok
var_balanced	glyphs	3	2	5	6	2	11.6	11.6	5	5	1	1	ok
var_balanced	glyphs	3	2	6	6	2	38.4	38.4	5	5	1	1	ok
var_balanced	glyphs	3	2	7	6	5	31.4	31.4	5	5	1	1	ok
var_balanced	glyphs	3	2	8	6	6	30.8	30.8	5	5	1	1	ok
var_balanced	glyphs	3	2	9	6	1	11.6	11.6	5	5	1	1	ok
var_balanced	glyphs	3	2	10	6	6	34.0	34.0	5	5	1	1	ok
var_balanced	glyphs	3	2	11	6	2	36.8	36.8	5	5	1	1	ok
var_balanced	glyphs	3	2	12	6	3	45.6	45.6	5	5	1	1	ok
var_balanced	glyphs	3	2	13	6	1	20.6	20.6	5	5	1	1	ok
var_balanced	glyphs	3	2	14	6	2	25.4	25.4	5	5	1	1	ok
var_balanced	glyphs	3	2	15	6	6	16.4	16.4	5	5	1	1	ok
var_balanced	glyphs	3	2	16	6	1	32.6	32.6	5	5	1	1	ok
var_balanced	glyphs	3	2	17	6	6	25.4	25.4	5	5	1	1	ok
var_balanced	glyphs	3	2	18	6	6	41.4	41.4	5	5	1	1	ok
var_balanced	glyphs	3	2	19	6	2	39.4	39.4	5	5	1	1	ok
var_balanced	glyphs	3	2	20	6	2	11.6	11.6	5	5	1	1	ok
var_balanced	glyphs	3	2	21	6	2	51.2	51.2	5	5	1	1	ok
var_balanced	glyphs	3	2	22	6	3	18.8	18.8	5	5	1	1	ok
var_balanced	glyphs	3	2	23	6	5	39.4	39.4	5	5	1	1	ok
var_balanced	glyphs	3	2	24	6	3	32.6	32.6	5	5	1	1	ok
var_balanced	glyphs	3	2	25	6	6	16.4	16.4	5	5	1	1	ok
var_balanced	glyphs	3	2	26	6	3	25.4	25.4	5	5	1	1	ok
var_balanced	glyphs	3	2	27	6	1	52.4	52.4	5	5	1	1	ok
var_balanced	glyphs	3	2	28	6	5	43.2	43.2	5	5	1	1	ok
var_balanced	glyphs	3	2	29	6	6	25.4	25.4	5	5	1	1	ok
var_balanced	glyphs	3	2	30	6	5	39.4	39.4	5	5	1	1	ok
var_balanced	glyphs	3	2	31	6	6	4.4	4.4	5	5	1	1	ok
var_balanced	glyphs	3	2	32	6	1	25.4	25.4	5	5	1	1	ok
var_balanced	glyphs	3	2	33	6	6	32.6	32.6	5	5	1	1	ok
var_balanced	glyphs	3	2	34	6	4	16.4	16.4	5	5	1	1	ok
var_balanced	glyphs	3	2	35	6	5	39.4	39.4	5	5	1	1	ok
var_balanced	glyphs	3	2	36	6	2	20.6	20.6	5	5	1	1	ok
var_balanced	glyphs	3	2	37	6	4	20.6	20.6	5	5	1	1	ok
var_balanced	glyphs	3	2	38	6	4	25.4	25.4	5	5	1	1	ok
var_balanced	glyphs	3	2	39	6	6	32.6	32.6	5	5	1	1	ok
var_balanced	glyphs	3	2	40	6	3	4.4	4.4	5	5	1	1	ok
var_balanced	glyphs	3	2	41	6	2	32.6	32.6	5	5	1	1	ok
var_balanced	glyphs	3	2	42	6	2	23.6	23.6	5	5	1	1	ok
var_balanced	glyphs	3	2	43	6	5	16.4	16.4	5	5	1	1	ok
var_balanced	glyphs	3	2	44	6	6	25.4	25.4	5	5	1	1	ok
var_balanced	glyphs	3	2	45	6	3	34.4	34.4	5	5	1	1	ok
var_balanced	glyphs	3	2	46	6	3	4.4	4.4	5	5	1	1	ok
var_balanced	glyphs	3	2	47	6	6	31.4	31.4	5	5	1	1	ok
var_balanced	glyphs	3	2	48	6	6	47.2	47.2	5	5	1	1	ok
var_balanced	glyphs	3	2	49	6	2	16.4	16.4	5	5	1	1	ok
var_balanced	glyphs	3	2	50	6	6	4.4	4.4	5	5	1	1	ok
var_balanced	glyphs	3	2	51	6	4	39.4	39.4	5	5	1	1	ok
var_balanced	glyphs	3	2	52	6	2	46.6	46.6	5	5	1	1	ok
var_balanced	glyphs	3	2	53	6	5	31.4	31.4	5	5	1	1	ok
var_balanced	glyphs	3	2	54	6	2	34.4	34.4	5	5	1	1	ok
var_balanced	glyphs	3	2	55	6	6	32.6	32.6	5	5	1	1	ok
var_balanced	glyphs	3	2	56	6	3	25.4	25.4	5	5	1	1	ok
var_balanced	glyphs	3	2	57	6	4	25.4	25.4	5	5	1	1	ok
var_balanced	glyphs	3	2	58	6	3	31.4	31.4	5	5	1	1	ok
var_balanced	glyphs	3	2	59	6	6	35.0	35.0	5	5	1	1	ok
var_balanced	glyphs	3	2	60	6	6	60.4	60.4	5	5	1	1	ok
var_balanced	glyphs	3	2	61	6	3	25.4	25.4	5	5	1	1	ok
var_balanced	glyphs	3	2	62	6	2	25.4	25.4	5	5	1	1	ok
var_balanced	glyphs	3	3	0	6	6	21.8	21.8	5	5	1	1	ok
var_balanced	glyphs	3	3	1	6	3	56.8	56.8	5	5	1	1	ok
var_balanced	glyphs	3	3	2	6	1	26.6	26.6	5	5	1	1	ok
var_balanced	glyphs	3	3	3	6	1	26.6	26.6	5	5	1	1	ok
var_balanced	glyphs	3	3	4	6	5	53.6	53.6	5	5	1	1	ok
var_balanced	glyphs	3	3	5	6	5	20.0	20.0	5	5	1	1	ok
var_balanced	glyphs	3	3	6	6	2	34.8	34.8	5	5	1	1	ok
var_balanced	glyphs	3	3	7	6	5	44.0	44.0	5	5	1	1	ok
var_balanced	glyphs	3	3	8	6	2	38.6	38.6	5	5	1	1	ok
var_balanced	glyphs	3	3	9	6	6	20.0	20.0	5	5	1	1	ok
var_balanced	glyphs	3	3	10	6	1	24.8	24.8	5	5	1	1	ok
var_balanced	glyphs	3	3	11	6	6	20.0	20.0	5	5	1	1	ok
var_balanced	glyphs	3	3	12	6	6	47.8	47.8	5	5	1	1	ok
var_balanced	glyphs	3	3	13	6	6	36.4	36.4	5	5	1	1	ok
var_balanced	glyphs	3	3	14	6	4	21.8	21.8	5	5	1	1	ok
var_balanced	glyphs	3	3	15	6	6	46.8	46.8	5	5	1	1	ok
var_balanced	glyphs	3	3	16	6	1	33.8	33.8	5	5	1	1	ok
var_balanced	glyphs	3	3	17	6	5	40.2	40.2	5	5	1	1	ok
var_balanced	glyphs	3	3	18	6	2	17.6	17.6	5	5	1	1	ok
var_balanced	glyphs	3	3	19	6	2	49.4	49.4	5	5	1	1	ok
var_balanced	glyphs	3	3	20	6	1	29.0	29.0	5	5	1	1	ok
var_balanced	glyphs	3	3	21	6	6	32.6	32.6	5	5	1	1	ok
var_balanced	glyphs	3	3	22	6	3	27.4	27.4	5	5	1	1	ok
var_balanced	glyphs	3	3	23	6	1	50.0	50.0	5	5	1	1	ok
var_balanced	glyphs	3	3	24	6	1	12.8	12.8	5	5	1	1	ok
var_balanced	glyphs	3	3	25	6	5	47.8	47.8	5	5	1	1	ok
var_balanced	glyphs	3	3	26	6	4	30.8	30.8	5	5	1	1	ok
var_balanced	glyphs	3	3	27	6	5	48.8	48.8	5	5	1	1	ok
var_balanced	glyphs	3	3	28	6	6	17.6	17.6	5	5	1	1	ok
var_balanced	glyphs	3	3	29	6	6	31.4	31.4	5	5	1	1	ok
var_balanced	glyphs	3	3	30	6	2	45.8	45.8	5	5	1	1	ok
var_balanced	glyphs	3	3	31	6	5	42.8	42.8	5	5	1	1	ok
var_balanced	glyphs	3	3	32	6	4	44.6	44.6	5	5	1	1	ok
var_balanced	glyphs	3	3	33	6	3	40.6	40.6	5	5	1	1	ok
var_balanced	glyphs	3	3	34	6	2	56.8	56.8	5	5	1	1	ok
var_balanced	glyphs	3	3	35	6	2	34.4	34.4	5	5	1	1	ok
var_balanced	glyphs	3	3	36	6	6	21.8	21.8	5	5	1	1	ok
var_balanced	glyphs	3	3	37	6	2	29.0	29.0	5	5	1	1	ok
var_balanced	glyphs	3	3	38	6	6	50.0	50.0	5	5	1	1	ok
var_balanced	glyphs	3	3	39	6	1	48.0	48.0	5	5	1	1	ok
var_balanced	glyphs	3	3	40	6	6	26.6	26.6	5	5	1	1	ok
var_balanced	glyphs	3	3	41	6	2	47.6	47.6	5	5	1	1	ok
var_balanced	glyphs	3	3	42	6	3	46.0	46.0	5	5	1	1	ok
var_balanced	glyphs	3	3	43	6	6	53.8	53.8	5	5	1	1	ok
var_balanced	glyphs	3	3	44	6	2	42.8	42.8	5	5	1	1	ok
var_balanced	glyphs	3	3	45	6	3	37.6	37.6	5	5	1	1	ok
var_balanced	glyphs	3	3	46	6	6	24.8	24.8	5	5	1	1	ok
var_balanced	glyphs	3	3	47	6	5	77.8	77.8	5	5	1	1	ok
var_balanced	glyphs	3	3	48	6	5	46.0	46.0	5	5	1	1	ok
var_balanced	glyphs	3	3	49	6	3	47.8	47.8	5	5	1	1	ok
var_balanced	glyphs	3	3	50	6	4	21.8	21.8	5	5	1	1	ok
var_balanced	glyphs	3	3	51	6	1	50.4	50.4	5	5	1	1	ok
var_balanced	glyphs	3	3	52	6	6	61.6	61.6	5	5	1	1	ok
var_balanced	glyphs	3	3	53	6	2	35.6	35.6	5	5	1	1	ok
var_balanced	glyphs	3	3	54	6	3	35.6	35.6	5	5	1	1	ok
var_balanced	glyphs	3	3	55	6	1	39.8	39.8	5	5	1	1	ok
var_balanced	glyphs	3	3	56	6	1	48.0	48.0	5	5	1	1	ok
var_balanced	glyphs	3	3	57	6	1	32.2	32.2	5	5	1	1	ok
var_balanced	glyphs	3	3	58	6	1	44.0	44.0	5	5	1	1	ok
var_balanced	glyphs	3	3	59	6	4	32.0	32.0	5	5	1	1	ok
var_balanced	glyphs	3	3	60	6	1	40.6	40.6	5	5	1	1	ok
var_balanced	glyphs	3	3	61	6	6	26.6	26.6	5	5	1	1	ok
var_balanced	glyphs	3	3	62	6	6	27.8	27.8	5	5	1	1	ok
var_balanced	glyphs	3	4	0	6	1	32.2	32.2	5	5	1	1	ok
var_balanced	glyphs	3	4	1	6	1	39.0	39.0	5	5	1	1	ok
var_balanced	glyphs	3	4	2	6	1	37.8	37.8	5	5	1	1	ok
var_balanced	glyphs	3	4	3	6	5	31.8	31.8	5	5	1	1	ok
var_balanced	glyphs	3	4	4	6	6	39.6	39.6	5	5	1	1	ok
var_balanced	glyphs	3	4	5	6	6	31.8	31.8	5	5	1	1	ok
var_balanced	glyphs	3	4	6	6	5	33.2	33.2	5	5	1	1	ok
var_balanced	glyphs	3	4	7	6	1	74.2	74.2	5	5	1	1	ok
var_balanced	glyphs	3	4	8	6	6	39.8	39.8	5	5	1	1	ok
var_balanced	glyphs	3	4	9	6	5	51.2	51.2	5	5	1	1	ok
var_balanced	glyphs	3	4	10	6	2	45.0	45.0	5	5	1	1	ok
var_balanced	glyphs	3	4	11	6	6	29.0	29.0	5	5	1	1	ok
var_balanced	glyphs	3	4	12	6	2	51.2	51.2	5	5	1	1	ok
var_balanced	glyphs	3	4	13	6	3	28.6	28.6	5	5	1	1	ok
var_balanced	glyphs	3	4	14	6	2	43.0	43.0	5	5	1	1	ok
var_balanced	glyphs	3	4	15	6	5	46.8	46.8	5	5	1	1	ok
var_balanced	glyphs	3	4	16	6	2	44.0	44.0	5	5	1	1	ok
var_balanced	glyphs	3	4	17	6	2	35.0	35.0	5	5	1	1	ok
var_balanced	glyphs	3	4	18	6	4	43.4	43.4	5	5	1	1	ok
var_balanced	glyphs	3	4	19	6	3	33.0	33.0	5	5	1	1	ok
var_balanced	glyphs	3	4	20	6	1	44.0	44.0	5	5	1	1	ok
var_balanced	glyphs	3	4	21	6	4	37.0	37.0	5	5	1	1	ok
var_balanced	glyphs	3	4	22	6	5	47.8	47.8	5	5	1	1	ok
var_balanced	glyphs	3	4	23	6	6	56.0	56.0	5	5	1	1	ok
var_balanced	glyphs	3	4	24	6	4	52.8	52.8	5	5	1	1	ok
var_balanced	glyphs	3	4	25	6	1	40.0	40.0	5	5	1	1	ok
var_balanced	glyphs	3	4	26	6	3	45.6	45.6	5	5	1	1	ok
var_balanced	glyphs	3	4	27	6	5	62.8	62.8	5	5	1	1	ok
var_balanced	glyphs	3	4	28	6	1	49.0	49.0	5	5	1	1	ok
var_balanced	glyphs	3	4	29	6	1	25.2	25.2	5	5	1	1	ok
var_balanced	glyphs	3	4	30	6	5	39.8	39.8	5	5	1	1	ok
var_balanced	glyphs	3	4	31	6	3	31.6	31.6	5	5	1	1	ok
var_balanced	glyphs	3	4	32	6	4	30.8	30.8	5	5	1	1	ok
var_balanced	glyphs	3	4	33	6	5	58.0	58.0	5	5	1	1	ok
var_balanced	glyphs	3	4	34	6	3	58.0	58.0	5	5	1	1	ok
var_balanced	glyphs	3	4	35	6	6	58.0	58.0	5	5	1	1	ok
var_balanced	glyphs	3	4	36	6	3	39.6	39.6	5	5	1	1	ok
var_balanced	glyphs	3	4	37	6	2	41.4	41.4	5	5	1	1	ok
var_balanced	glyphs	3	4	38	6	5	44.0	44.0	5	5	1	1	ok
var_balanced	glyphs	3	4	39	6	2	43.6	43.6	5	5	1	1	ok
var_balanced	glyphs	3	4	40	6	2	38.2	38.2	5	5	1	1	ok
var_balanced	glyphs	3	4	41	6	6	35.0	35.0	5	5	1	1	ok
var_balanced	glyphs	3	4	42	6	4	38.8	38.8	5	5	1	1	ok
var_balanced	glyphs	3	4	43	6	1	39.0	39.0	5	5	1	1	ok
var_balanced	glyphs	3	4	44	6	2	35.0	35.0	5	5	1	1	ok
var_balanced	glyphs	3	4	45	6	4	45.4	45.4	5	5	1	1	ok
var_balanced	glyphs	3	4	46	6	4	27.4	27.4	5	5	1	1	ok
var_balanced	glyphs	3	4	47	6	4	65.2	65.2	5	5	1	1	ok
var_balanced	glyphs	3	4	48	6	2	46.0	46.0	5	5	1	1	ok
var_balanced	glyphs	3	4	49	6	2	41.4	41.4	5	5	1	1	ok
var_balanced	glyphs	3	4	50	6	2	31.6	31.6	5	5	1	1	ok
var_balanced	glyphs	3	4	51	6	5	53.0	53.0	5	5	1	1	ok
var_balanced	glyphs	3	4	52	6	1	62.8	62.8	5	5	1	1	ok
var_balanced	glyphs	3	4	53	6	4	71.0	71.0	5	5	1	1	ok
var_balanced	glyphs	3	4	54	6	1	52.2	52.2	5	5	1	1	ok
var_balanced	glyphs	3	4	55	6	3	47.0	47.0	5	5	1	1	ok
var_balanced	glyphs	3	4	56	6	3	42.2	42.2	5	5	1	1	ok
var_balanced	glyphs	3	4	57	6	5	38.2	38.2	5	5	1	1	ok
var_balanced	glyphs	3	4	58	6	1	46.8	46.8	5	5	1	1	ok
var_balanced	glyphs	3	4	59	6	2	36.0	36.0	5	5	1	1	ok
var_balanced	glyphs	3	4	60	6	1	62.8	62.8	5	5	1	1	ok
var_balanced	glyphs	3	4	61	6	1	49.6	49.6	5	5	1	1	ok
var_balanced	glyphs	3	4	62	6	5	35.4	35.4	5	5	1	1	ok
var_balanced	glyphs	3	4	63	6	4	39.2	39.2	5	5	1	1	ok
var_balanced	glyphs	3	4	64	6	5	39.2	39.2	5	5	1	1	ok
var_balanced	glyphs	3	4	65	6	2	46.6	46.6	5	5	1	1	ok
var_balanced	glyphs	3	4	66	6	6	48.8	48.8	5	5	1	1	ok
var_balanced	glyphs	3	4	67	6	4	28.4	28.4	5	5	1	1	ok
var_balanced	glyphs	3	4	68	6	3	49.0	49.0	5	5	1	1	ok
var_balanced	glyphs	3	4	69	6	6	41.0	41.0	5	5	1	1	ok
var_balanced	glyphs	3	4	70	6	5	34.8	34.8	5	5	1	1	ok
var_balanced	glyphs	3	4	71	6	3	21.2	21.2	5	5	1	1	ok
var_balanced	glyphs	3	4	72	6	4	34.6	34.6	5	5	1	1	ok
var_balanced	glyphs	3	4	73	6	6	40.2	40.2	5	5	1	1	ok
var_balanced	glyphs	3	4	74	6	5	36.6	36.6	5	5	1	1	ok
var_balanced	glyphs	3	4	75	6	6	33.2	33.2	5	5	1	1	ok
var_balanced	glyphs	3	4	76	6	6	50.0	50.0	5	5	1	1	ok
var_balanced	glyphs	3	4	77	6	2	26.4	26.4	5	5	1	1	ok
var_balanced	glyphs	3	4	78	6	1	42.2	42.2	5	5	1	1	ok
var_balanced	glyphs	3	4	79	6	2	36.0	36.0	5	5	1	1	ok
var_balanced	glyphs	3	4	80	6	1	45.0	45.0	5	5	1	1	ok
var_balanced	glyphs	3	4	81	6	2	60.2	60.2	5	5	1	1	ok
var_balanced	glyphs	3	4	82	6	6	44.0	44.0	5	5	1	1	ok
var_balanced	glyphs	3	4	83	6	6	50.0	50.0	5	5	1	1	ok
var_balanced	glyphs	3	4	84	6	1	47.0	47.0	5	5	1	1	ok
var_balanced	glyphs	3	4	85	6	6	45.0	45.0	5	5	1	1	ok
var_balanced	glyphs	3	4	86	6	5	30.2	30.2	5	5	1	1	ok
var_balanced	glyphs	3	4	87	6	2	48.8	48.8	5	5	1	1	ok
var_balanced	glyphs	3	4	88	6	2	27.6	27.6	5	5	1	1	ok
var_balanced	glyphs	3	4	89	6	1	39.8	39.8	5	5	1	1	ok
var_balanced	glyphs	3	4	90	6	1	21.2	21.2	5	5	1	1	ok
var_balanced	glyphs	3	4	91	6	5	35.0	35.0	5	5	1	1	ok
var_balanced	glyphs	3	4	92	6	4	38.0	38.0	5	5	1	1	ok
var_balanced	glyphs	3	4	93	6	6	34.6	34.6	5	5	1	1	ok
var_balanced	glyphs	3	4	94	6	4	52.6	52.6	5	5	1	1	ok
var_balanced	glyphs	3	4	95	6	3	32.4	32.4	5	5	1	1	ok
var_balanced	glyphs	3	4	96	6	2	47.8	47.8	5	5	1	1	ok
var_balanced	glyphs	3	4	97	6	4	30.2	30.2	5	5	1	1	ok
var_balanced	glyphs	3	4	98	6	5	26.0	26.0	5	5	1	1	ok
var_balanced	glyphs	3	4	99	6	5	48.8	48.8	5	5	1	1	ok
var_balanced	glyphs	3	4	100	6	4	43.8	43.8	5	5	1	1	ok
var_balanced	glyphs	3	4	101	6	1	40.4	40.4	5	5	1	1	ok
var_balanced	glyphs	3	4	102	6	1	71.0	71.0	5	5	1	1	ok
var_balanced	glyphs	3	4	103	6	5	35.0	35.0	5	5	1	1	ok
var_balanced	glyphs	3	4	104	6	4	51.0	51.0	5	5	1	1	ok
var_balanced	glyphs	3	4	105	6	3	46.2	46.2	5	5	1	1	ok
var_balanced	glyphs	3	4	106	6	1	38.8	38.8	5	5	1	1	ok
var_balanced	glyphs	3	4	107	6	4	32.0	32.0	5	5	1	1	ok
var_balanced	glyphs	3	4	108	6	4	33.2	33.2	5	5	1	1	ok
var_balanced	glyphs	3	4	109	6	1	44.4	44.4	5	5	1	1	ok
var_balanced	glyphs	3	4	110	6	6	52.2	52.2	5	5	1	1	ok
var_balanced	glyphs	3	4	111	6	3	26.0	26.0	5	5	1	1	ok
var_balanced	glyphs	3	4	112	6	4	21.2	21.2	5	5	1	1	ok
var_balanced	glyphs	3	4	113	6	3	38.2	38.2	5	5	1	1	ok
var_balanced	glyphs	3	4	114	6	1	30.4	30.4	5	5	1	1	ok
var_balanced	glyphs	3	4	115	6	2	62.8	62.8	5	5	1	1	ok
var_balanced	glyphs	3	4	116	6	2	30.2	30.2	5	5	1	1	ok
var_balanced	glyphs	3	4	117	6	1	39.8	39.8	5	5	1	1	ok
var_balanced	glyphs	3	4	118	6	2	51.0	51.0	5	5	1	1	ok
var_balanced	glyphs	3	4	119	6	1	47.4	47.4	5	5	1	1	ok
var_balanced	glyphs	3	4	120	6	2	39.8	39.8	5	5	1	1	ok
var_balanced	glyphs	3	4	121	6	1	48.8	48.8	5	5	1	1	ok
var_balanced	glyphs	3	4	122	6	5	37.6	37.6	5	5	1	1	ok
var_balanced	glyphs	3	4	123	6	3	35.0	35.0	5	5	1	1	ok
var_balanced	glyphs	3	4	124	6	6	32.0	32.0	5	5	1	1	ok
var_balanced	glyphs	3	5	0	6	2	40.4	40.4	5	5	1	1	ok
var_balanced	glyphs	3	5	1	6	3	41.0	41.0	5	5	1	1	ok
var_balanced	glyphs	3	5	2	6	3	60.2	60.2	5	5	1	1	ok
var_balanced	glyphs	3	5	3	6	3	40.0	40.0	5	5	1	1	ok
var_balanced	glyphs	3	5	4	6	6	41.2	41.2	5	5	1	1	ok
var_balanced	glyphs	3	5	5	6	3	35.8	35.8	5	5	1	1	ok
var_balanced	glyphs	3	5	6	6	2	47.4	47.4	5	5	1	1	ok
var_balanced	glyphs	3	5	7	6	6	49.8	49.8	5	5	1	1	ok
var_balanced	glyphs	3	5	8	6	1	34.4	34.4	5	5	1	1	ok
var_balanced	glyphs	3	5	9	6	6	38.6	38.6	5	5	1	1	ok
var_balanced	glyphs	3	5	10	6	3	34.4	34.4	5	5	1	1	ok
var_balanced	glyphs	3	5	11	6	6	56.6	56.6	5	5	1	1	ok
var_balanced	glyphs	3	5	12	6	4	53.0	53.0	5	5	1	1	ok
var_balanced	glyphs	3	5	13	6	6	46.4	46.4	5	5	1	1	ok
var_balanced	glyphs	3	5	14	6	4	53.2	53.2	5	5	1	1	ok
var_balanced	glyphs	3	5	15	6	3	48.2	48.2	5	5	1	1	ok
var_balanced	glyphs	3	5	16	6	5	39.6	39.6	5	5	1	1	ok
var_balanced	glyphs	3	5	17	6	4	46.2	46.2	5	5	1	1	ok
var_balanced	glyphs	3	5	18	6	5	52.4	52.4	5	5	1	1	ok
var_balanced	glyphs	3	5	19	6	4	57.4	57.4	5	5	1	1	ok
var_balanced	glyphs	3	5	20	6	5	66.2	66.2	5	5	1	1	ok
var_balanced	glyphs	3	5	21	6	2	55.2	55.2	5	5	1	1	ok
var_balanced	glyphs	3	5	22	6	3	47.6	47.6	5	5	1	1	ok
var_balanced	glyphs	3	5	23	6	2	57.2	57.2	5	5	1	1	ok
var_balanced	glyphs	3	5	24	6	5	55.4	55.4	5	5	1	1	ok
var_balanced	glyphs	3	5	25	6	1	50.8	50.8	5	5	1	1	ok
var_balanced	glyphs	3	5	26	6	1	52.0	52.0	5	5	1	1	ok
var_balanced	glyphs	3	5	27	6	4	69.0	69.0	5	5	1	1	ok
var_balanced	glyphs	3	5	28	6	6	48.2	48.2	5	5	1	1	ok
var_balanced	glyphs	3	5	29	6	5	34.0	34.0	5	5	1	1	ok
var_balanced	glyphs	3	5	30	6	4	41.4	41.4	5	5	1	1	ok
var_balanced	glyphs	3	5	31	6	6	45.4	45.4	5	5	1	1	ok
var_balanced	glyphs	3	5	32	6	2	42.6	42.6	5	5	1	1	ok
var_balanced	glyphs	3	5	33	6	6	44.2	44.2	5	5	1	1	ok
var_balanced	glyphs	3	5	34	6	2	85.0	85.0	5	5	1	1	ok
var_balanced	glyphs	3	5	35	6	2	68.8	68.8	5	5	1	1	ok
var_balanced	glyphs	3	5	36	6	4	48.6	48.6	5	5	1	1	ok
var_balanced	glyphs	3	5	37	6	4	30.0	30.0	5	5	1	1	ok
var_balanced	glyphs	3	5	38	6	2	66.2	66.2	5	5	1	1	ok
var_balanced	glyphs	3	5	39	6	3	44.4	44.4	5	5	1	1	ok
var_balanced	glyphs	3	5	40	6	2	48.2	48.2	5	5	1	1	ok
var_balanced	glyphs	3	5	41	6	5	40.2	40.2	5	5	1	1	ok
var_balanced	glyphs	3	5	42	6	3	47.6	47.6	5	5	1	1	ok
var_balanced	glyphs	3	5	43	6	1	55.4	55.4	5	5	1	1	ok
var_balanced	glyphs	3	5	44	6	4	52.4	52.4	5	5	1	1	ok
var_balanced	glyphs	3	5	45	6	1	54.2	54.2	5	5	1	1	ok
var_balanced	glyphs	3	5	46	6	5	50.0	50.0	5	5	1	1	ok
var_balanced	glyphs	3	5	47	6	4	80.2	80.2	5	5	1	1	ok
var_balanced	glyphs	3	5	48	6	1	45.8	45.8	5	5	1	1	ok
var_balanced	glyphs	3	5	49	6	1	71.2	71.2	5	5	1	1	ok
var_balanced	glyphs	3	5	50	6	1	45.2	45.2	5	5	1	1	ok
var_balanced	glyphs	3	5	51	6	4	58.4	58.4	5	5	1	1	ok
var_balanced	glyphs	3	5	52	6	1	77.0	77.0	5	5	1	1	ok
var_balanced	glyphs	3	5	53	6	3	72.2	72.2	5	5	1	1	ok
var_balanced	glyphs	3	5	54	6	4	59.2	59.2	5	5	1	1	ok
var_balanced	glyphs	3	5	55	6	3	34.4	34.4	5	5	1	1	ok
var_balanced	glyphs	3	5	56	6	6	51.0	51.0	5	5	1	1	ok
var_balanced	glyphs	3	5	57	6	1	47.6	47.6	5	5	1	1	ok
var_balanced	glyphs	3	5	58	6	1	57.4	57.4	5	5	1	1	ok
var_balanced	glyphs	3	5	59	6	5	61.6	61.6	5	5	1	1	ok
var_balanced	glyphs	3	5	60	6	4	85.0	85.0	5	5	1	1	ok
var_balanced	glyphs	3	5	61	6	5	43.4	43.4	5	5	1	1	ok
var_balanced	glyphs	3	5	62	6	4	61.4	61.4	5	5	1	1	ok
var_balanced	glyphs	3	5	63	6	6	29.6	29.6	5	5	1	1	ok
var_balanced	glyphs	3	5	64	6	3	47.6	47.6	5	5	1	1	ok
var_balanced	glyphs	3	5	65	6	1	58.0	58.0	5	5	1	1	ok
var_balanced	glyphs	3	5	66	6	6	35.6	35.6	5	5	1	1	ok
var_balanced	glyphs	3	5	67	6	5	29.6	29.6	5	5	1	1	ok
var_balanced	glyphs	3	5	68	6	6	71.2	71.2	5	5	1	1	ok
var_balanced	glyphs	3	5	69	6	2	71.2	71.2	5	5	1	1	ok
var_balanced	glyphs	3	5	70	6	5	42.6	42.6	5	5	1	1	ok
var_balanced	glyphs	3	5	71	6	3	34.8	34.8	5	5	1	1	ok
var_balanced	glyphs	3	5	72	6	3	37.4	37.4	5	5	1	1	ok
var_balanced	glyphs	3	5	73	6	4	54.0	54.0	5	5	1	1	ok
var_balanced	glyphs	3	5	74	6	1	45.0	45.0	5	5	1	1	ok
var_balanced	glyphs	3	5	75	6	1	46.2	46.2	5	5	1	1	ok
var_balanced	glyphs	3	5	76	6	6	61.6	61.6	5	5	1	1	ok
var_balanced	glyphs	3	5	77	6	3	38.4	38.4	5	5	1	1	ok
var_balanced	glyphs	3	5	78	6	4	62.6	62.6	5	5	1	1	ok
var_balanced	glyphs	3	5	79	6	4	45.4	45.4	5	5	1	1	ok
var_balanced	glyphs	3	5	80	6	6	47.6	47.6	5	5	1	1	ok
var_balanced	glyphs	3	5	81	6	2	61.4	61.4	5	5	1	1	ok
var_balanced	glyphs	3	5	82	6	2	52.4	52.4	5	5	1	1	ok
var_balanced	glyphs	3	5	83	6	1	67.4	67.4	5	5	1	1	ok
var_balanced	glyphs	3	5	84	6	5	61.6	61.6	5	5	1	1	ok
var_balanced	glyphs	3	5	85	6	2	48.8	48.8	5	5	1	1	ok
var_balanced	glyphs	3	5	86	6	5	57.2	57.2	5	5	1	1	ok
var_balanced	glyphs	3	5	87	6	2	50.6	50.6	5	5	1	1	ok
var_balanced	glyphs	3	5	88	6	6	44.6	44.6	5	5	1	1	ok
var_balanced	glyphs	3	5	89	6	2	52.0	52.0	5	5	1	1	ok
var_balanced	glyphs	3	5	90	6	4	49.8	49.8	5	5	1	1	ok
var_balanced	glyphs	3	5	91	6	4	40.6	40.6	5	5	1	1	ok
var_balanced	glyphs	3	5	92	6	3	36.2	36.2	5	5	1	1	ok
var_balanced	glyphs	3	5	93	6	6	44.6	44.6	5	5	1	1	ok
var_balanced	glyphs	3	5	94	6	3	48.8	48.8	5	5	1	1	ok
var_balanced	glyphs	3	5	95	6	3	43.4	43.4	5	5	1	1	ok
var_balanced	glyphs	3	5	96	6	1	47.6	47.6	5	5	1	1	ok
var_balanced	glyphs	3	5	97	6	6	49.0	49.0	5	5	1	1	ok
var_balanced	glyphs	3	5	98	6	1	34.4	34.4	5	5	1	1	ok
var_balanced	glyphs	3	5	99	6	4	48.6	48.6	5	5	1	1	ok
var_balanced	glyphs	3	5	100	6	4	53.0	53.0	5	5	1	1	ok
var_balanced	glyphs	3	5	101	6	1	42.0	42.0	5	5	1	1	ok
var_balanced	glyphs	3	5	102	6	4	70.4	70.4	5	5	1	1	ok
var_balanced	glyphs	3	5	103	6	2	43.4	43.4	5	5	1	1	ok
var_balanced	glyphs	3	5	104	6	3	49.0	49.0	5	5	1	1	ok
var_balanced	glyphs	3	5	105	6	4	39.2	39.2	5	5	1	1	ok
var_balanced	glyphs	3	5	106	6	6	55.8	55.8	5	5	1	1	ok
var_balanced	glyphs	3	5	107	6	6	49.0	49.0	5	5	1	1	ok
var_balanced	glyphs	3	5	108	6	4	49.8	49.8	5	5	1	1	ok
var_balanced	glyphs	3	5	109	6	4	41.6	41.6	5	5	1	1	ok
var_balanced	glyphs	3	5	110	6	3	48.2	48.2	5	5	1	1	ok
var_balanced	glyphs	3	5	111	6	1	45.8	45.8	5	5	1	1	ok
var_balanced	glyphs	3	5	112	6	2	36.6	36.6	5	5	1	1	ok
var_balanced	glyphs	3	5	113	6	6	44.8	44.8	5	5	1	1	ok
var_balanced	glyphs	3	5	114	6	6	47.6	47.6	5	5	1	1	ok
var_balanced	glyphs	3	5	115	6	6	85.0	85.0	5	5	1	1	ok
var_balanced	glyphs	3	5	116	6	4	38.6	38.6	5	5	1	1	ok
var_balanced	glyphs	3	5	117	6	4	35.4	35.4	5	5	1	1	ok
var_balanced	glyphs	3	5	118	6	6	48.0	48.0	5	5	1	1	ok
var_balanced	glyphs	3	5	119	6	6	56.4	56.4	5	5	1	1	ok
var_balanced	glyphs	3	5	120	6	2	43.4	43.4	5	5	1	1	ok
var_balanced	glyphs	3	5	121	6	4	46.2	46.2	5	5	1	1	ok
var_balanced	glyphs	3	5	122	6	1	52.4	52.4	5	5	1	1	ok
var_balanced	glyphs	3	5	123	6	4	43.8	43.8	5	5	1	1	ok
var_balanced	glyphs	3	5	124	6	4	38.6	38.6	5	5	1	1	ok
var_balanced	nuts_and_bolts	3	0	0	6	1	35.0	35.0	5	5	1	1	ok
var_balanced	nuts_and_bolts	3	0	1	6	2	4.0	4.0	5	5	1	1	ok
var_balanced	nuts_and_bolts	3	0	2	6	2	16.0	16.0	5	5	1	1	ok
var_balanced	nuts_and_bolts	3	0	3	6	6	7.0	7.0	5	5	1	1	ok
var_balanced	nuts_and_bolts	3	0	4	6	5	6.0	6.0	5	5	1	1	ok
var_balanced	nuts_and_bolts	3	0	5	6	5	6.0	6.0	5	5	1	1	ok
var_balanced	nuts_and_bolts	3	0	6	6	1	6.0	6.0	5	5	1	1	ok
var_balanced	nuts_and_bolts	3	0	7	6	1	35.0	35.0	5	5	1	1	ok
var_balanced	nuts_and_bolts	3	0	8	6	2	35.0	35.0	5	5	1	1	ok
var_balanced	nuts_and_bolts	3	0	9	6	5	6.0	6.0	5	5	1	1	ok
var_balanced	nuts_and_bolts	3	0	10	6	5	2.0	2.0	5	5	1	1	ok
var_balanced	nuts_and_bolts	3	0	11	6	6	2.0	2.0	5	5	1	1	ok
var_balanced	nuts_and_bolts	3	0	12	6	2	35.0	35.0	5	5	1	1	ok
var_balanced	nuts_and_bolts	3	0	13	6	5	6.0	6.0	5	5	1	1	ok
var_balanced	nuts_and_bolts	3	0	14	6	1	2.0	2.0	5	5	1	1	ok
var_balanced	nuts_and_bolts	3	0	15	6	6	35.0	35.0	5	5	1	1	ok
var_balanced	nuts_and_bolts	3	0	16	6	3	6.0	6.0	5	5	1	1	ok
var_balanced	nuts_and_bolts	3	0	17	6	2	6.0	6.0	5	5	1	1	ok
var_balanced	nuts_and_bolts	3	0	18	6	3	6.0	6.0	5	5	1	1	ok
var_balanced	nuts_and_bolts	3	0	19	6	1	35.0	35.0	5	5	1	1	ok
var_balanced	nuts_and_bolts	3	0	20	6	1	6.0	6.0	5	5	1	1	ok
var_balanced	nuts_and_bolts	3	0	21	6	3	2.0	2.0	5	5	1	1	ok
var_balanced	nuts_and_bolts	3	0	22	6	3	6.0	6.0	5	5	1	1	ok
var_balanced	nuts_and_bolts	3	0	23	6	6	6.0	6.0	5	5	1	1	ok
var_balanced	nuts_and_bolts	3	0	24	6	5	4.0	4.0	5	5	1	1	ok
var_balanced	nuts_and_bolts	3	0	25	6	4	6.0	6.0	5	5	1	1	ok
var_balanced	nuts_and_bolts	3	0	26	6	5	35.0	35.0	5	5	1	1	ok
var_balanced	nuts_and_bolts	3	0	27	6	6	4.0	4.0	5	5	1	1	ok
var_balanced	nuts_and_bolts	3	0	28	6	3	6.0	6.0	5	5	1	1	ok
var_balanced	nuts_and_bolts	3	0	29	6	6	35.0	35.0	5	5	1	1	ok
var_balanced	nuts_and_bolts	3	0	30	6	1	2.0	2.0	5	5	1	1	ok
var_balanced	nuts_and_bolts	3	0	31	6	3	2.0	2.0	5	5	1	1	ok
var_balanced	nuts_and_bolts	3	0	32	6	2	7.0	7.0	5	5	1	1	ok
var_balanced	nuts_and_bolts	3	0	33	6	4	6.0	6.0	5	5	1	1	ok
var_balanced	nuts_and_bolts	3	0	34	6	4	13.0	13.0	5	5	1	1	ok
var_balanced	nuts_and_bolts	3	0	35	6	3	13.0	13.0	5	5	1	1	ok
var_balanced	nuts_and_bolts	3	0	36	6	3	4.0	4.0	5	5	1	1	ok
var_balanced	nuts_and_bolts	3	0	37	6	2	6.0	6.0	5	5	1	1	ok
var_balanced	nuts_and_bolts	3	0	38	6	6	4.0	4.0	5	5	1	1	ok
var_balanced	nuts_and_bolts	3	0	39	6	5	2.0	2.0	5	5	1	1	ok
var_balanced	nuts_and_bolts	3	0	40	6	2	6.0	6.0	5	5	1	1	ok
var_balanced	nuts_and_bolts	3	1	0	6	6	38.6	38.6	5	5	1	1	ok
var_balanced	nuts_and_bolts	3	1	1	6	2	25.0	25.0	5	5	1	1	ok
var_balanced	nuts_and_bolts	3	1	2	6	4	16.0	16.0	5	5	1	1	ok
var_balanced	nuts_and_bolts	3	1	3	6	3	28.0	28.0	5	5	1	1	ok
var_balanced	nuts_and_bolts	3	1	4	6	3	8.4	8.4	5	5	1	1	ok
var_balanced	nuts_and_bolts	3	1	5	6	1	7.2	7.2	5	5	1	1	ok
var_balanced	nuts_and_bolts	3	1	6	6	1	27.0	27.0	5	5	1	1	ok
var_balanced	nuts_and_bolts	3	1	7	6	4	38.6	38.6	5	5	1	1	ok
var_balanced	nuts_and_bolts	3	1	8	6	6	38.6	38.6	5	5	1	1	ok
var_balanced	nuts_and_bolts	3	1	9	6	4	7.2	7.2	5	5	1	1	ok
var_balanced	nuts_and_bolts	3	1	10	6	2	6.2	6.2	5	5	1	1	ok
var_balanced	nuts_and_bolts	3	1	11	6	2	5.6	5.6	5	5	1	1	ok
var_balanced	nuts_and_bolts	3	1	12	6	6	36.2	36.2	5	5	1	1	ok
var_balanced	nuts_and_bolts	3	1	13	6	2	27.0	27.0	5	5	1	1	ok
var_balanced	nuts_and_bolts	3	1	14	6	6	4.4	4.4	5	5	1	1	ok
var_balanced	nuts_and_bolts	3	1	15	6	5	36.2	36.2	5	5	1	1	ok
var_balanced	nuts_and_bolts	3	1	16	6	3	8.4	8.4	5	5	1	1	ok
var_balanced	nuts_and_bolts	3	1	17	6	2	13.8	13.8	5	5	1	1	ok
var_balanced	nuts_and_bolts	3	1	18	6	5	27.0	27.0	5	5	1	1	ok
var_balanced	nuts_and_bolts	3	1	19	6	3	39.2	39.2	5	5	1	1	ok
var_balanced	nuts_and_bolts	3	1	20	6	6	7.2	7.2	5	5	1	1	ok
var_balanced	nuts_and_bolts	3	1	21	6	3	9.8	9.8	5	5	1	1	ok
var_balanced	nuts_and_bolts	3	1	22	6	6	27.0	27.0	5	5	1	1	ok
var_balanced	nuts_and_bolts	3	1	23	6	1	7.2	7.2	5	5	1	1	ok
var_balanced	nuts_and_bolts	3	1	24	6	1	5.2	5.2	5	5	1	1	ok
var_balanced	nuts_and_bolts	3	1	25	6	2	8.4	8.4	5	5	1	1	ok
var_balanced	nuts_and_bolts	3	1	26	6	2	38.6	38.6	5	5	1	1	ok
var_balanced	nuts_and_bolts	3	1	27	6	4	13.0	13.0	5	5	1	1	ok
var_balanced	nuts_and_bolts	3	1	28	6	3	13.8	13.8	5	5	1	1	ok
var_balanced	nuts_and_bolts	3	1	29	6	4	38.6	38.6	5	5	1	1	ok
var_balanced	nuts_and_bolts	3	1	30	6	1	4.4	4.4	5	5	1	1	ok
var_balanced	nuts_and_bolts	3	1	31	6	4	23.0	23.0	5	5	1	1	ok
var_balanced	nuts_and_bolts	3	1	32	6	3	8.8	8.8	5	5	1	1	ok
var_balanced	nuts_and_bolts	3	1	33	6	2	13.8	13.8	5	5	1	1	ok
var_balanced	nuts_and_bolts	3	1	34	6	1	16.6	16.6	5	5	1	1	ok
var_balanced	nuts_and_bolts	3	1	35	6	1	30.4	30.4	5	5	1	1	ok
var_balanced	nuts_and_bolts	3	1	36	6	5	25.0	25.0	5	5	1	1	ok
var_balanced	nuts_and_bolts	3	1	37	6	6	8.4	8.4	5	5	1	1	ok
var_balanced	nuts_and_bolts	3	1	38	6	3	5.2	5.2	5	5	1	1	ok
var_balanced	nuts_and_bolts	3	1	39	6	2	5.6	5.6	5	5	1	1	ok
var_balanced	nuts_and_bolts	3	1	40	6	5	7.2	7.2	5	5	1	1	ok
var_balanced	nuts_and_bolts	3	2	0	6	1	42.8	42.8	5	5	1	1	ok
var_balanced	nuts_and_bolts	3	2	1	6	1	9.4	9.4	5	5	1	1	ok
var_balanced	nuts_and_bolts	3	2	2	6	5	19.0	19.0	5	5	1	1	ok
var_balanced	nuts_and_bolts	3	2	3	6	1	10.0	10.0	5	5	1	1	ok
var_balanced	nuts_and_bolts	3	2	4	6	6	9.6	9.6	5	5	1	1	ok
var_balanced	nuts_and_bolts	3	2	5	6	2	9.6	9.6	5	5	1	1	ok
var_balanced	nuts_and_bolts	3	2	6	6	3	10.8	10.8	5	5	1	1	ok
var_balanced	nuts_and_bolts	3	2	7	6	1	41.8	41.8	5	5	1	1	ok
var_balanced	nuts_and_bolts	3	2	8	6	6	41.6	41.6	5	5	1	1	ok
var_balanced	nuts_and_bolts	3	2	9	6	2	10.8	10.8	5	5	1	1	ok
var_balanced	nuts_and_bolts	3	2	10	6	1	26.6	26.6	5	5	1	1	ok
var_balanced	nuts_and_bolts	3	2	11	6	6	9.2	9.2	5	5	1	1	ok
var_balanced	nuts_and_bolts	3	2	12	6	2	38.6	38.6	5	5	1	1	ok
var_balanced	nuts_and_bolts	3	2	13	6	3	10.2	10.2	5	5	1	1	ok
var_balanced	nuts_and_bolts	3	2	14	6	1	7.4	7.4	5	5	1	1	ok
var_balanced	nuts_and_bolts	3	2	15	6	2	39.8	39.8	5	5	1	1	ok
var_balanced	nuts_and_bolts	3	2	16	6	1	30.6	30.6	5	5	1	1	ok
var_balanced	nuts_and_bolts	3	2	17	6	1	30.6	30.6	5	5	1	1	ok
var_balanced	nuts_and_bolts	3	2	18	6	6	15.0	15.0	5	5	1	1	ok
var_balanced	nuts_and_bolts	3	2	19	6	1	42.8	42.8	5	5	1	1	ok
var_balanced	nuts_and_bolts	3	2	20	6	6	30.6	30.6	5	5	1	1	ok
var_balanced	nuts_and_bolts	3	2	21	6	1	26.6	26.6	5	5	1	1	ok
var_balanced	nuts_and_bolts	3	2	22	6	2	14.2	14.2	5	5	1	1	ok
var_balanced	nuts_and_bolts	3	2	23	6	5	15.0	15.0	5	5	1	1	ok
var_balanced	nuts_and_bolts	3	2	24	6	6	8.8	8.8	5	5	1	1	ok
var_balanced	nuts_and_bolts	3	2	25	6	1	13.2	13.2	5	5	1	1	ok
var_balanced	nuts_and_bolts	3	2	26	6	6	40.4	40.4	5	5	1	1	ok
var_balanced	nuts_and_bolts	3	2	27	6	6	9.4	9.4	5	5	1	1	ok
var_balanced	nuts_and_bolts	3	2	28	6	3	15.0	15.0	5	5	1	1	ok
var_balanced	nuts_and_bolts	3	2	29	6	1	41.0	41.0	5	5	1	1	ok
var_balanced	nuts_and_bolts	3	2	30	6	5	9.2	9.2	5	5	1	1	ok
var_balanced	nuts_and_bolts	3	2	31	6	4	26.6	26.6	5	5	1	1	ok
var_balanced	nuts_and_bolts	3	2	32	6	2	10.0	10.0	5	5	1	1	ok
var_balanced	nuts_and_bolts	3	2	33	6	4	32.4	32.4	5	5	1	1	ok
var_balanced	nuts_and_bolts	3	2	34	6	1	16.0	16.0	5	5	1	1	ok
var_balanced	nuts_and_bolts	3	2	35	6	6	17.2	17.2	5	5	1	1	ok
var_balanced	nuts_and_bolts	3	2	36	6	4	26.8	26.8	5	5	1	1	ok
var_balanced	nuts_and_bolts	3	2	37	6	3	28.2	28.2	5	5	1	1	ok
var_balanced	nuts_and_bolts	3	2	38	6	2	28.6	28.6	5	5	1	1	ok
var_balanced	nuts_and_bolts	3	2	39	6	4	15.0	15.0	5	5	1	1	ok
var_balanced	nuts_and_bolts	3	2	40	6	2	13.8	13.8	5	5	1	1	ok
var_balanced	nuts_and_bolts	3	2	41	6	5	12.4	12.4	5	5	1	1	ok
var_balanced	nuts_and_bolts	3	2	42	6	3	30.6	30.6	5	5	1	1	ok
var_balanced	nuts_and_bolts	3	2	43	6	6	39.8	39.8	5	5	1	1	ok
var_balanced	nuts_and_bolts	3	2	44	6	2	31.6	31.6	5	5	1	1	ok
var_balanced	nuts_and_bolts	3	2	45	6	6	11.4	11.4	5	5	1	1	ok
var_balanced	nuts_and_bolts	3	2	46	6	3	10.8	10.8	5	5	1	1	ok
var_balanced	nuts_and_bolts	3	2	47	6	5	7.8	7.8	5	5	1	1	ok
var_balanced	nuts_and_bolts	3	2	48	6	3	39.8	39.8	5	5	1	1	ok
var_balanced	nuts_and_bolts	3	2	49	6	5	11.6	11.6	5	5	1	1	ok
var_balanced	nuts_and_bolts	3	2	50	6	3	8.0	8.0	5	5	1	1	ok
var_balanced	nuts_and_bolts	3	2	51	6	3	40.4	40.4	5	5	1	1	ok
var_balanced	nuts_and_bolts	3	2	52	6	2	10.8	10.8	5	5	1	1	ok
var_balanced	nuts_and_bolts	3	2	53	6	6	8.0	8.0	5	5	1	1	ok
var_balanced	nuts_and_bolts	3	2	54	6	1	13.8	13.8	5	5	1	1	ok
var_balanced	nuts_and_bolts	3	2	55	6	5	20.8	20.8	5	5	1	1	ok
var_balanced	nuts_and_bolts	3	2	56	6	6	29.8	29.8	5	5	1	1	ok
var_balanced	nuts_and_bolts	3	2	57	6	1	9.6	9.6	5	5	1	1	ok
var_balanced	nuts_and_bolts	3	2	58	6	6	8.6	8.6	5	5	1	1	ok
var_balanced	nuts_and_bolts	3	2	59	6	4	10.8	10.8	5	5	1	1	ok
var_balanced	nuts_and_bolts	3	2	60	6	5	11.4	11.4	5	5	1	1	ok
var_balanced	nuts_and_bolts	3	2	61	6	1	44.6	44.6	5	5	1	1	ok
var_balanced	nuts_and_bolts	3	3	0	6	5	46.4	46.4	5	5	1	1	ok
var_balanced	nuts_and_bolts	3	3	1	6	3	16.6	16.6	5	5	1	1	ok
var_balanced	nuts_and_bolts	3	3	2	6	1	38.8	38.8	5	5	1	1	ok
var_balanced	nuts_and_bolts	3	3	3	6	3	31.6	31.6	5	5	1	1	ok
var_balanced	nuts_and_bolts	3	3	4	6	3	30.6	30.6	5	5	1	1	ok
var_balanced	nuts_and_bolts	3	3	5	6	4	31.8	31.8	5	5	1	1	ok
var_balanced	nuts_and_bolts	3	3	6	6	1	31.8	31.8	5	5	1	1	ok
var_balanced	nuts_and_bolts	3	3	7	6	1	44.8	44.8	5	5	1	1	ok
var_balanced	nuts_and_bolts	3	3	8	6	6	42.2	42.2	5	5	1	1	ok
var_balanced	nuts_and_bolts	3	3	9	6	3	34.8	34.8	5	5	1	1	ok
var_balanced	nuts_and_bolts	3	3	10	6	4	11.8	11.8	5	5	1	1	ok
var_balanced	nuts_and_bolts	3	3	11	6	5	33.8	33.8	5	5	1	1	ok
var_balanced	nuts_and_bolts	3	3	12	6	4	46.4	46.4	5	5	1	1	ok
var_balanced	nuts_and_bolts	3	3	13	6	5	32.4	32.4	5	5	1	1	ok
var_balanced	nuts_and_bolts	3	3	14	6	2	27.8	27.8	5	5	1	1	ok
var_balanced	nuts_and_bolts	3	3	15	6	3	43.4	43.4	5	5	1	1	ok
var_balanced	nuts_and_bolts	3	3	16	6	2	19.2	19.2	5	5	1	1	ok
var_balanced	nuts_and_bolts	3	3	17	6	6	30.6	30.6	5	5	1	1	ok
var_balanced	nuts_and_bolts	3	3	18	6	1	36.0	36.0	5	5	1	1	ok
var_balanced	nuts_and_bolts	3	3	19	6	1	44.0	44.0	5	5	1	1	ok
var_balanced	nuts_and_bolts	3	3	20	6	5	17.6	17.6	5	5	1	1	ok
var_balanced	nuts_and_bolts	3	3	21	6	1	17.6	17.6	5	5	1	1	ok
var_balanced	nuts_and_bolts	3	3	22	6	4	16.4	16.4	5	5	1	1	ok
var_balanced	nuts_and_bolts	3	3	23	6	6	12.0	12.0	5	5	1	1	ok
var_balanced	nuts_and_bolts	3	3	24	6	4	12.4	12.4	5	5	1	1	ok
var_balanced	nuts_and_bolts	3	3	25	6	4	15.6	15.6	5	5	1	1	ok
var_balanced	nuts_and_bolts	3	3	26	6	4	42.2	42.2	5	5	1	1	ok
var_balanced	nuts_and_bolts	3	3	27	6	4	28.0	28.0	5	5	1	1	ok
var_balanced	nuts_and_bolts	3	3	28	6	4	18.4	18.4	5	5	1	1	ok
var_balanced	nuts_and_bolts	3	3	29	6	3	41.0	41.0	5	5	1	1	ok
var_balanced	nuts_and_bolts	3	3	30	6	6	17.0	17.0	5	5	1	1	ok
var_balanced	nuts_and_bolts	3	3	31	6	5	30.8	30.8	5	5	1	1	ok
var_balanced	nuts_and_bolts	3	3	32	6	5	11.8	11.8	5	5	1	1	ok
var_balanced	nuts_and_bolts	3	3	33	6	5	15.8	15.8	5	5	1	1	ok
var_balanced	nuts_and_bolts	3	3	34	6	2	33.4	33.4	5	5	1	1	ok
var_balanced	nuts_and_bolts	3	3	35	6	6	35.8	35.8	5	5	1	1	ok
var_balanced	nuts_and_bolts	3	3	36	6	3	32.2	32.2	5	5	1	1	ok
var_balanced	nuts_and_bolts	3	3	37	6	3	12.6	12.6	5	5	1	1	ok
var_balanced	nuts_and_bolts	3	3	38	6	3	13.0	13.0	5	5	1	1	ok
var_balanced	nuts_and_bolts	3	3	39	6	4	33.8	33.8	5	5	1	1	ok
var_balanced	nuts_and_bolts	3	3	40	6	1	34.8	34.8	5	5	1	1	ok
var_balanced	nuts_and_bolts	3	3	41	6	6	31.0	31.0	5	5	1	1	ok
var_balanced	nuts_and_bolts	3	3	42	6	1	12.0	12.0	5	5	1	1	ok
var_balanced	nuts_and_bolts	3	3	43	6	2	44.0	44.0	5	5	1	1	ok
var_balanced	nuts_and_bolts	3	3	44	6	1	32.8	32.8	5	5	1	1	ok
var_balanced	nuts_and_bolts	3	3	45	6	4	14.8	14.8	5	5	1	1	ok
var_balanced	nuts_and_bolts	3	3	46	6	2	18.2	18.2	5	5	1	1	ok
var_balanced	nuts_and_bolts	3	3	47	6	3	33.8	33.8	5	5	1	1	ok
var_balanced	nuts_and_bolts	3	3	48	6	3	44.0	44.0	5	5	1	1	ok
var_balanced	nuts_and_bolts	3	3	49	6	4	29.0	29.0	5	5	1	1	ok
var_balanced	nuts_and_bolts	3	3	50	6	5	30.8	30.8	5	5	1	1	ok
var_balanced	nuts_and_bolts	3	3	51	6	3	45.2	45.2	5	5	1	1	ok
var_balanced	nuts_and_bolts	3	3	52	6	4	31.8	31.8	5	5	1	1	ok
var_balanced	nuts_and_bolts	3	3	53	6	4	12.6	12.6	5	5	1	1	ok
var_balanced	nuts_and_bolts	3	3	54	6	6	15.2	15.2	5	5	1	1	ok
var_balanced	nuts_and_bolts	3	3	55	6	2	19.6	19.6	5	5	1	1	ok
var_balanced	nuts_and_bolts	3	3	56	6	4	13.0	13.0	5	5	1	1	ok
var_balanced	nuts_and_bolts	3	3	57	6	1	15.0	15.0	5	5	1	1	ok
var_balanced	nuts_and_bolts	3	3	58	6	4	33.8	33.8	5	5	1	1	ok
var_balanced	nuts_and_bolts	3	3	59	6	2	13.0	13.0	5	5	1	1	ok
var_balanced	nuts_and_bolts	3	3	60	6	2	32.8	32.8	5	5	1	1	ok
var_balanced	nuts_and_bolts	3	3	61	6	6	44.0	44.0	5	5	1	1	ok
var_balanced	nuts_and_bolts	3	4	0	6	4	47.8	47.8	5	5	1	1	ok
var_balanced	nuts_and_bolts	3	4	1	6	5	32.8	32.8	5	5	1	1	ok
var_balanced	nuts_and_bolts	3	4	2	6	3	23.8	23.8	5	5	1	1	ok
var_balanced	nuts_and_bolts	3	4	3	6	5	35.8	35.8	5	5	1	1	ok
var_balanced	nuts_and_bolts	3	4	4	6	3	36.0	36.0	5	5	1	1	ok
var_balanced	nuts_and_bolts	3	4	5	6	1	35.6	35.6	5	5	1	1	ok
var_balanced	nuts_and_bolts	3	4	6	6	2	35.4	35.4	5	5	1	1	ok
var_balanced	nuts_and_bolts	3	4	7	6	4	45.4	45.4	5	5	1	1	ok
var_balanced	nuts_and_bolts	3	4	8	6	1	45.8	45.8	5	5	1	1	ok
var_balanced	nuts_and_bolts	3	4	9	6	2	37.2	37.2	5	5	1	1	ok
var_balanced	nuts_and_bolts	3	4	10	6	6	32.0	32.0	5	5	1	1	ok
var_balanced	nuts_and_bolts	3	4	11	6	3	32.6	32.6	5	5	1	1	ok
var_balanced	nuts_and_bolts	3	4	12	6	3	46.6	46.6	5	5	1	1	ok
var_balanced	nuts_and_bolts	3	4	13	6	2	32.4	32.4	5	5	1	1	ok
var_balanced	nuts_and_bolts	3	4	14	6	2	31.4	31.4	5	5	1	1	ok
var_balanced	nuts_and_bolts	3	4	15	6	1	46.0	46.0	5	5	1	1	ok
var_balanced	nuts_and_bolts	3	4	16	6	3	39.0	39.0	5	5	1	1	ok
var_balanced	nuts_and_bolts	3	4	17	6	4	19.4	19.4	5	5	1	1	ok
var_balanced	nuts_and_bolts	3	4	18	6	6	36.8	36.8	5	5	1	1	ok
var_balanced	nuts_and_bolts	3	4	19	6	6	45.4	45.4	5	5	1	1	ok
var_balanced	nuts_and_bolts	3	4	20	6	2	38.0	38.0	5	5	1	1	ok
var_balanced	nuts_and_bolts	3	4	21	6	4	18.4	18.4	5	5	1	1	ok
var_balanced	nuts_and_bolts	3	4	22	6	4	19.2	19.2	5	5	1	1	ok
var_balanced	nuts_and_bolts	3	4	23	6	2	18.8	18.8	5	5	1	1	ok
var_balanced	nuts_and_bolts	3	4	24	6	5	34.0	34.0	5	5	1	1	ok
var_balanced	nuts_and_bolts	3	4	25	6	2	33.0	33.0	5	5	1	1	ok
var_balanced	nuts_and_bolts	3	4	26	6	6	46.2	46.2	5	5	1	1	ok
var_balanced	nuts_and_bolts	3	4	27	6	3	35.8	35.8	5	5	1	1	ok
var_balanced	nuts_and_bolts	3	4	28	6	2	33.6	33.6	5	5	1	1	ok
var_balanced	nuts_and_bolts	3	4	29	6	5	45.4	45.4	5	5	1	1	ok
var_balanced	nuts_and_bolts	3	4	30	6	1	35.8	35.8	5	5	1	1	ok
var_balanced	nuts_and_bolts	3	4	31	6	5	33.2	33.2	5	5	1	1	ok
var_balanced	nuts_and_bolts	3	4	32	6	2	32.8	32.8	5	5	1	1	ok
var_balanced	nuts_and_bolts	3	4	33	6	3	36.8	36.8	5	5	1	1	ok
var_balanced	nuts_and_bolts	3	4	34	6	5	22.0	22.0	5	5	1	1	ok
var_balanced	nuts_and_bolts	3	4	35	6	5	35.8	35.8	5	5	1	1	ok
var_balanced	nuts_and_bolts	3	4	36	6	2	31.6	31.6	5	5	1	1	ok
var_balanced	nuts_and_bolts	3	4	37	6	4	16.6	16.6	5	5	1	1	ok
var_balanced	nuts_and_bolts	3	4	38	6	1	33.4	33.4	5	5	1	1	ok
var_balanced	nuts_and_bolts	3	4	39	6	3	35.4	35.4	5	5	1	1	ok
var_balanced	nuts_and_bolts	3	4	40	6	6	36.8	36.8	5	5	1	1	ok
var_balanced	nuts_and_bolts	3	4	41	6	3	32.8	32.8	5	5	1	1	ok
var_balanced	nuts_and_bolts	3	4	42	6	3	36.0	36.0	5	5	1	1	ok
var_balanced	nuts_and_bolts	3	4	43	6	3	47.2	47.2	5	5	1	1	ok
var_balanced	nuts_and_bolts	3	4	44	6	3	36.4	36.4	5	5	1	1	ok
var_balanced	nuts_and_bolts	3	4	45	6	3	15.8	15.8	5	5	1	1	ok
var_balanced	nuts_and_bolts	3	4	46	6	1	36.8	36.8	5	5	1	1	ok
var_balanced	nuts_and_bolts	3	4	47	6	2	19.2	19.2	5	5	1	1	ok
var_balanced	nuts_and_bolts	3	4	48	6	3	45.8	45.8	5	5	1	1	ok
var_balanced	nuts_and_bolts	3	4	49	6	1	15.0	15.0	5	5	1	1	ok
var_balanced	nuts_and_bolts	3	4	50	6	2	31.6	31.6	5	5	1	1	ok
var_balanced	nuts_and_bolts	3	4	51	6	3	48.2	48.2	5	5	1	1	ok
var_balanced	nuts_and_bolts	3	4	52	6	3	37.2	37.2	5	5	1	1	ok
var_balanced	nuts_and_bolts	3	4	53	6	3	35.6	35.6	5	5	1	1	ok
var_balanced	nuts_and_bolts	3	4	54	6	6	36.4	36.4	5	5	1	1	ok
var_balanced	nuts_and_bolts	3	4	55	6	4	21.4	21.4	5	5	1	1	ok
var_balanced	nuts_and_bolts	3	4	56	6	5	15.4	15.4	5	5	1	1	ok
var_balanced	nuts_and_bolts	3	4	57	6	3	35.6	35.6	5	5	1	1	ok
var_balanced	nuts_and_bolts	3	4	58	6	5	19.2	19.2	5	5	1	1	ok
var_balanced	nuts_and_bolts	3	4	59	6	6	33.6	33.6	5	5	1	1	ok
var_balanced	nuts_and_bolts	3	4	60	6	5	36.0	36.0	5	5	1	1	ok
var_balanced	nuts_and_bolts	3	4	61	6	3	48.2	48.2	5	5	1	1	ok
var_balanced	nuts_and_bolts	3	4	62	6	1	35.2	35.2	5	5	1	1	ok
var_balanced	nuts_and_bolts	3	4	63	6	4	20.2	20.2	5	5	1	1	ok
var_balanced	nuts_and_bolts	3	4	64	6	1	38.2	38.2	5	5	1	1	ok
var_balanced	nuts_and_bolts	3	4	65	6	1	47.6	47.6	5	5	1	1	ok
var_balanced	nuts_and_bolts	3	4	66	6	3	48.6	48.6	5	5	1	1	ok
var_balanced	nuts_and_bolts	3	4	67	6	2	32.8	32.8	5	5	1	1	ok
var_balanced	nuts_and_bolts	3	4	68	6	1	35.6	35.6	5	5	1	1	ok
var_balanced	nuts_and_bolts	3	4	69	6	6	14.8	14.8	5	5	1	1	ok
var_balanced	nuts_and_bolts	3	4	70	6	4	33.0	33.0	5	5	1	1	ok
var_balanced	nuts_and_bolts	3	4	71	6	3	33.0	33.0	5	5	1	1	ok
var_balanced	nuts_and_bolts	3	4	72	6	6	31.4	31.4	5	5	1	1	ok
var_balanced	nuts_and_bolts	3	4	73	6	5	35.8	35.8	5	5	1	1	ok
var_balanced	nuts_and_bolts	3	4	74	6	4	34.6	34.6	5	5	1	1	ok
var_balanced	nuts_and_bolts	3	4	75	6	3	36.0	36.0	5	5	1	1	ok
var_balanced	nuts_and_bolts	3	4	76	6	1	47.6	47.6	5	5	1	1	ok
var_balanced	nuts_and_bolts	3	4	77	6	1	22.0	22.0	5	5	1	1	ok
var_balanced	nuts_and_bolts	3	4	78	6	4	37.4	37.4	5	5	1	1	ok
var_balanced	nuts_and_bolts	3	4	79	6	5	36.0	36.0	5	5	1	1	ok
var_balanced	nuts_and_bolts	3	4	80	6	3	34.6	34.6	5	5	1	1	ok
var_balanced	nuts_and_bolts	3	4	81	6	6	37.6	37.6	5	5	1	1	ok
var_balanced	nuts_and_bolts	3	4	82	6	5	35.6	35.6	5	5	1	1	ok
var_balanced	nuts_and_bolts	3	4	83	6	5	31.6	31.6	5	5	1	1	ok
var_balanced	nuts_and_bolts	3	4	84	6	1	34.0	34.0	5	5	1	1	ok
var_balanced	nuts_and_bolts	3	4	85	6	6	36.2	36.2	5	5	1	1	ok
var_balanced	nuts_and_bolts	3	4	86	6	5	33.0	33.0	5	5	1	1	ok
var_balanced	nuts_and_bolts	3	4	87	6	2	35.0	35.0	5	5	1	1	ok
var_balanced	nuts_and_bolts	3	4	88	6	2	33.0	33.0	5	5	1	1	ok
var_balanced	nuts_and_bolts	3	4	89	6	2	18.8	18.8	5	5	1	1	ok
var_balanced	nuts_and_bolts	3	4	90	6	5	45.8	45.8	5	5	1	1	ok
var_balanced	nuts_and_bolts	3	4	91	6	4	44.6	44.6	5	5	1	1	ok
var_balanced	nuts_and_bolts	3	4	92	6	2	47.6	47.6	5	5	1	1	ok
var_balanced	nuts_and_bolts	3	4	93	6	1	33.4	33.4	5	5	1	1	ok
var_balanced	nuts_and_bolts	3	4	94	6	1	19.6	19.6	5	5	1	1	ok
var_balanced	nuts_and_bolts	3	4	95	6	5	36.4	36.4	5	5	1	1	ok
var_balanced	nuts_and_bolts	3	4	96	6	4	16.6	16.6	5	5	1	1	ok
var_balanced	nuts_and_bolts	3	4	97	6	2	33.2	33.2	5	5	1	1	ok
var_balanced	nuts_and_bolts	3	4	98	6	3	36.2	36.2	5	5	1	1	ok
var_balanced	nuts_and_bolts	3	4	99	6	3	36.4	36.4	5	5	1	1	ok
var_balanced	nuts_and_bolts	3	4	100	6	5	15.8	15.8	5	5	1	1	ok
var_balanced	nuts_and_bolts	3	4	101	6	3	19.0	19.0	5	5	1	1	ok
var_balanced	nuts_and_bolts	3	4	102	6	1	15.8	15.8	5	5	1	1	ok
var_balanced	nuts_and_bolts	3	4	103	6	5	32.6	32.6	5	5	1	1	ok
var_balanced	nuts_and_bolts	3	4	104	6	3	33.6	33.6	5	5	1	1	ok
var_balanced	nuts_and_bolts	3	4	105	6	6	48.2	48.2	5	5	1	1	ok
var_balanced	nuts_and_bolts	3	4	106	6	6	17.8	17.8	5	5	1	1	ok
var_balanced	nuts_and_bolts	3	4	107	6	5	33.4	33.4	5	5	1	1	ok
var_balanced	nuts_and_bolts	3	4	108	6	5	36.0	36.0	5	5	1	1	ok
var_balanced	nuts_and_bolts	3	4	109	6	6	34.0	34.0	5	5	1	1	ok
var_balanced	nuts_and_bolts	3	4	110	6	6	46.6	46.6	5	5	1	1	ok
var_balanced	nuts_and_bolts	3	4	111	6	5	35.4	35.4	5	5	1	1	ok
var_balanced	nuts_and_bolts	3	4	112	6	2	35.0	35.0	5	5	1	1	ok
var_balanced	nuts_and_bolts	3	4	113	6	5	35.8	35.8	5	5	1	1	ok
var_balanced	nuts_and_bolts	3	4	114	6	4	37.6	37.6	5	5	1	1	ok
var_balanced	nuts_and_bolts	3	4	115	6	1	35.8	35.8	5	5	1	1	ok
var_balanced	nuts_and_bolts	3	4	116	6	5	34.6	34.6	5	5	1	1	ok
var_balanced	nuts_and_bolts	3	4	117	6	6	37.6	37.6	5	5	1	1	ok
var_balanced	nuts_and_bolts	3	4	118	6	5	14.8	14.8	5	5	1	1	ok
var_balanced	nuts_and_bolts	3	4	119	6	1	34.6	34.6	5	5	1	1	ok
var_balanced	nuts_and_bolts	3	4	120	6	1	36.0	36.0	5	5	1	1	ok
var_balanced	nuts_and_bolts	3	4	121	6	2	37.0	37.0	5	5	1	1	ok
var_balanced	nuts_and_bolts	3	4	122	6	1	14.2	14.2	5	5	1	1	ok
var_balanced	nuts_and_bolts	3	4	123	6	3	47.6	47.6	5	5	1	1	ok
var_balanced	nuts_and_bolts	3	4	124	6	3	36.0	36.0	5	5	1	1	ok
var_balanced	nuts_and_bolts	3	5	0	6	2	48.6	48.6	5	5	1	1	ok
var_balanced	nuts_and_bolts	3	5	1	6	4	36.4	36.4	5	5	1	1	ok
var_balanced	nuts_and_bolts	3	5	2	6	6	40.6	40.6	5	5	1	1	ok
var_balanced	nuts_and_bolts	3	5	3	6	6	37.0	37.0	5	5	1	1	ok
var_balanced	nuts_and_bolts	3	5	4	6	1	36.8	36.8	5	5	1	1	ok
var_balanced	nuts_and_bolts	3	5	5	6	2	36.8	36.8	5	5	1	1	ok
var_balanced	nuts_and_bolts	3	5	6	6	4	37.0	37.0	5	5	1	1	ok
var_balanced	nuts_and_bolts	3	5	7	6	3	49.2	49.2	5	5	1	1	ok
var_balanced	nuts_and_bolts	3	5	8	6	6	49.6	49.6	5	5	1	1	ok
var_balanced	nuts_and_bolts	3	5	9	6	6	38.0	38.0	5	5	1	1	ok
var_balanced	nuts_and_bolts	3	5	10	6	5	36.4	36.4	5	5	1	1	ok
var_balanced	nuts_and_bolts	3	5	11	6	6	37.6	37.6	5	5	1	1	ok
var_balanced	nuts_and_bolts	3	5	12	6	2	49.4	49.4	5	5	1	1	ok
var_balanced	nuts_and_bolts	3	5	13	6	4	36.2	36.2	5	5	1	1	ok
var_balanced	nuts_and_bolts	3	5	14	6	2	37.2	37.2	5	5	1	1	ok
var_balanced	nuts_and_bolts	3	5	15	6	4	47.8	47.8	5	5	1	1	ok
var_balanced	nuts_and_bolts	3	5	16	6	2	38.6	38.6	5	5	1	1	ok
var_balanced	nuts_and_bolts	3	5	17	6	2	39.2	39.2	5	5	1	1	ok
var_balanced	nuts_and_bolts	3	5	18	6	2	37.4	37.4	5	5	1	1	ok
var_balanced	nuts_and_bolts	3	5	19	6	6	49.0	49.0	5	5	1	1	ok
var_balanced	nuts_and_bolts	3	5	20	6	3	36.8	36.8	5	5	1	1	ok
var_balanced	nuts_and_bolts	3	5	21	6	3	36.6	36.6	5	5	1	1	ok
var_balanced	nuts_and_bolts	3	5	22	6	2	38.6	38.6	5	5	1	1	ok
var_balanced	nuts_and_bolts	3	5	23	6	4	39.2	39.2	5	5	1	1	ok
var_balanced	nuts_and_bolts	3	5	24	6	1	35.2	35.2	5	5	1	1	ok
var_balanced	nuts_and_bolts	3	5	25	6	6	37.6	37.6	5	5	1	1	ok
var_balanced	nuts_and_bolts	3	5	26	6	3	48.4	48.4	5	5	1	1	ok
var_balanced	nuts_and_bolts	3	5	27	6	3	37.0	37.0	5	5	1	1	ok
var_balanced	nuts_and_bolts	3	5	28	6	5	38.6	38.6	5	5	1	1	ok
var_balanced	nuts_and_bolts	3	5	29	6	6	50.4	50.4	5	5	1	1	ok
var_balanced	nuts_and_bolts	3	5	30	6	5	37.8	37.8	5	5	1	1	ok
var_balanced	nuts_and_bolts	3	5	31	6	4	35.8	35.8	5	5	1	1	ok
var_balanced	nuts_and_bolts	3	5	32	6	5	35.2	35.2	5	5	1	1	ok
var_balanced	nuts_and_bolts	3	5	33	6	4	37.4	37.4	5	5	1	1	ok
var_balanced	nuts_and_bolts	3	5	34	6	6	40.0	40.0	5	5	1	1	ok
var_balanced	nuts_and_bolts	3	5	35	6	5	39.4	39.4	5	5	1	1	ok
var_balanced	nuts_and_bolts	3	5	36	6	2	35.8	35.8	5	5	1	1	ok
var_balanced	nuts_and_bolts	3	5	37	6	5	37.4	37.4	5	5	1	1	ok
var_balanced	nuts_and_bolts	3	5	38	6	6	35.2	35.2	5	5	1	1	ok
var_balanced	nuts_and_bolts	3	5	39	6	4	36.4	36.4	5	5	1	1	ok
var_balanced	nuts_and_bolts	3	5	40	6	3	38.0	38.0	5	5	1	1	ok
var_balanced	nuts_and_bolts	3	5	41	6	5	37.0	37.0	5	5	1	1	ok
var_balanced	nuts_and_bolts	3	5	42	6	6	36.8	36.8	5	5	1	1	ok
var_balanced	nuts_and_bolts	3	5	43	6	5	47.8	47.8	5	5	1	1	ok
var_balanced	nuts_and_bolts	3	5	44	6	5	37.0	37.0	5	5	1	1	ok
var_balanced	nuts_and_bolts	3	5	45	6	5	37.6	37.6	5	5	1	1	ok
var_balanced	nuts_and_bolts	3	5	46	6	6	38.0	38.0	5	5	1	1	ok
var_balanced	nuts_and_bolts	3	5	47	6	2	37.4	37.4	5	5	1	1	ok
var_balanced	nuts_and_bolts	3	5	48	6	3	49.2	49.2	5	5	1	1	ok
var_balanced	nuts_and_bolts	3	5	49	6	4	36.0	36.0	5	5	1	1	ok
var_balanced	nuts_and_bolts	3	5	50	6	3	36.6	36.6	5	5	1	1	ok
var_balanced	nuts_and_bolts	3	5	51	6	4	50.4	50.4	5	5	1	1	ok
var_balanced	nuts_and_bolts	3	5	52	6	3	36.8	36.8	5	5	1	1	ok
var_balanced	nuts_and_bolts	3	5	53	6	3	35.2	35.2	5	5	1	1	ok
var_balanced	nuts_and_bolts	3	5	54	6	6	37.4	37.4	5	5	1	1	ok
var_balanced	nuts_and_bolts	3	5	55	6	5	38.8	38.8	5	5	1	1	ok
var_balanced	nuts_and_bolts	3	5	56	6	4	35.8	35.8	5	5	1	1	ok
var_balanced	nuts_and_bolts	3	5	57	6	2	37.0	37.0	5	5	1	1	ok
var_balanced	nuts_and_bolts	3	5	58	6	6	39.0	39.0	5	5	1	1	ok
var_balanced	nuts_and_bolts	3	5	59	6	1	37.6	37.6	5	5	1	1	ok
var_balanced	nuts_and_bolts	3	5	60	6	3	36.2	36.2	5	5	1	1	ok
var_balanced	nuts_and_bolts	3	5	61	6	1	49.6	49.6	5	5	1	1	ok
var_balanced	nuts_and_bolts	3	5	62	6	5	36.2	36.2	5	5	1	1	ok
var_balanced	nuts_and_bolts	3	5	63	6	4	38.6	38.6	5	5	1	1	ok
var_balanced	nuts_and_bolts	3	5	64	6	6	40.6	40.6	5	5	1	1	ok
var_balanced	nuts_and_bolts	3	5	65	6	1	48.4	48.4	5	5	1	1	ok
var_balanced	nuts_and_bolts	3	5	66	6	4	50.4	50.4	5	5	1	1	ok
var_balanced	nuts_and_bolts	3	5	67	6	6	37.0	37.0	5	5	1	1	ok
var_balanced	nuts_and_bolts	3	5	68	6	1	38.8	38.8	5	5	1	1	ok
var_balanced	nuts_and_bolts	3	5	69	6	1	35.8	35.8	5	5	1	1	ok
var_balanced	nuts_and_bolts	3	5	70	6	2	38.0	38.0	5	5	1	1	ok
var_balanced	nuts_and_bolts	3	5	71	6	6	35.0	35.0	5	5	1	1	ok
var_balanced	nuts_and_bolts	3	5	72	6	6	35.8	35.8	5	5	1	1	ok
var_balanced	nuts_and_bolts	3	5	73	6	6	37.6	37.6	5	5	1	1	ok
var_balanced	nuts_and_bolts	3	5	74	6	3	36.4	36.4	5	5	1	1	ok
var_balanced	nuts_and_bolts	3	5	75	6	1	37.4	37.4	5	5	1	1	ok
var_balanced	nuts_and_bolts	3	5	76	6	2	49.0	49.0	5	5	1	1	ok
var_balanced	nuts_and_bolts	3	5	77	6	5	39.4	39.4	5	5	1	1	ok
var_balanced	nuts_and_bolts	3	5	78	6	1	39.4	39.4	5	5	1	1	ok
var_balanced	nuts_and_bolts	3	5	79	6	5	36.2	36.2	5	5	1	1	ok
var_balanced	nuts_and_bolts	3	5	80	6	3	38.8	38.8	5	5	1	1	ok
var_balanced	nuts_and_bolts	3	5	81	6	1	40.6	40.6	5	5	1	1	ok
var_balanced	nuts_and_bolts	3	5	82	6	4	35.6	35.6	5	5	1	1	ok
var_balanced	nuts_and_bolts	3	5	83	6	1	35.2	35.2	5	5	1	1	ok
var_balanced	nuts_and_bolts	3	5	84	6	6	35.8	35.8	5	5	1	1	ok
var_balanced	nuts_and_bolts	3	5	85	6	6	37.6	37.6	5	5	1	1	ok
var_balanced	nuts_and_bolts	3	5	86	6	2	37.0	37.0	5	5	1	1	ok
var_balanced	nuts_and_bolts	3	5	87	6	4	37.4	37.4	5	5	1	1	ok
var_balanced	nuts_and_bolts	3	5	88	6	4	35.4	35.4	5	5	1	1	ok
var_balanced	nuts_and_bolts	3	5	89	6	6	37.6	37.6	5	5	1	1	ok
var_balanced	nuts_and_bolts	3	5	90	6	2	49.6	49.6	5	5	1	1	ok
var_balanced	nuts_and_bolts	3	5	91	6	6	48.4	48.4	5	5	1	1	ok
var_balanced	nuts_and_bolts	3	5	92	6	1	49.0	49.0	5	5	1	1	ok
var_balanced	nuts_and_bolts	3	5	93	6	1	35.2	35.2	5	5	1	1	ok
var_balanced	nuts_and_bolts	3	5	94	6	3	39.2	39.2	5	5	1	1	ok
var_balanced	nuts_and_bolts	3	5	95	6	4	38.2	38.2	5	5	1	1	ok
var_balanced	nuts_and_bolts	3	5	96	6	6	37.6	37.6	5	5	1	1	ok
var_balanced	nuts_and_bolts	3	5	97	6	1	37.0	37.0	5	5	1	1	ok
var_balanced	nuts_and_bolts	3	5	98	6	6	37.4	37.4	5	5	1	1	ok
var_balanced	nuts_and_bolts	3	5	99	6	3	40.6	40.6	5	5	1	1	ok
var_balanced	nuts_and_bolts	3	5	100	6	6	36.8	36.8	5	5	1	1	ok
var_balanced	nuts_and_bolts	3	5	101	6	3	38.8	38.8	5	5	1	1	ok
var_balanced	nuts_and_bolts	3	5	102	6	6	36.8	36.8	5	5	1	1	ok
var_balanced	nuts_and_bolts	3	5	103	6	5	36.0	36.0	5	5	1	1	ok
var_balanced	nuts_and_bolts	3	5	104	6	5	37.4	37.4	5	5	1	1	ok
var_balanced	nuts_and_bolts	3	5	105	6	1	49.0	49.0	5	5	1	1	ok
var_balanced	nuts_and_bolts	3	5	106	6	5	37.6	37.6	5	5	1	1	ok
var_balanced	nuts_and_bolts	3	5	107	6	5	35.2	35.2	5	5	1	1	ok
var_balanced	nuts_and_bolts	3	5	108	6	5	36.6	36.6	5	5	1	1	ok
var_balanced	nuts_and_bolts	3	5	109	6	3	35.0	35.0	5	5	1	1	ok
var_balanced	nuts_and_bolts	3	5	110	6	3	48.4	48.4	5	5	1	1	ok
var_balanced	nuts_and_bolts	3	5	111	6	4	36.8	36.8	5	5	1	1	ok
var_balanced	nuts_and_bolts	3	5	112	6	4	35.8	35.8	5	5	1	1	ok
var_balanced	nuts_and_bolts	3	5	113	6	4	36.4	36.4	5	5	1	1	ok
var_balanced	nuts_and_bolts	3	5	114	6	4	38.8	38.8	5	5	1	1	ok
var_balanced	nuts_and_bolts	3	5	115	6	3	37.6	37.6	5	5	1	1	ok
var_balanced	nuts_and_bolts	3	5	116	6	5	37.0	37.0	5	5	1	1	ok
var_balanced	nuts_and_bolts	3	5	117	6	4	38.8	38.8	5	5	1	1	ok
var_balanced	nuts_and_bolts	3	5	118	6	6	35.8	35.8	5	5	1	1	ok
var_balanced	nuts_and_bolts	3	5	119	6	2	35.8	35.8	5	5	1	1	ok
var_balanced	nuts_and_bolts	3	5	120	6	3	36.8	36.8	5	5	1	1	ok
var_balanced	nuts_and_bolts	3	5	121	6	3	38.2	38.2	5	5	1	1	ok
var_balanced	nuts_and_bolts	3	5	122	6	6	35.2	35.2	5	5	1	1	ok
var_balanced	nuts_and_bolts	3	5	123	6	4	49.0	49.0	5	5	1	1	ok
var_balanced	nuts_and_bolts	3	5	124	6	6	36.2	36.2	5	5	1	1	ok
var_balanced	regular_polygons	3	0	0	6	1	2.0	2.0	5	5	1	1	ok
var_balanced	regular_polygons	3	0	1	6	6	243.0	243.0	5	5	1	1	ok
var_balanced	regular_polygons	3	0	2	6	2	109.0	109.0	5	5	1	1	ok
var_balanced	regular_polygons	3	0	3	6	2	690.0	690.0	5	5	1	1	ok
var_balanced	regular_polygons	3	0	4	6	1	86.0	86.0	5	5	1	1	ok
var_balanced	regular_polygons	3	0	5	6	6	138.0	138.0	5	5	1	1	ok
var_balanced	regular_polygons	3	0	6	6	1	1.0	1.0	5	5	1	1	ok
var_balanced	regular_polygons	3	0	7	6	4	241.0	241.0	5	5	1	1	ok
var_balanced	regular_polygons	3	0	8	6	1	45.0	45.0	5	5	1	1	ok
var_balanced	regular_polygons	3	0	9	6	2	48.0	48.0	5	5	1	1	ok
var_balanced	regular_polygons	3	0	10	6	5	48.0	48.0	5	5	1	1	ok
var_balanced	regular_polygons	3	0	11	6	1	631.0	631.0	5	5	1	1	ok
var_balanced	regular_polygons	3	0	12	6	6	37.0	37.0	5	5	1	1	ok
var_balanced	regular_polygons	3	0	13	6	2	46.0	46.0	5	5	1	1	ok
var_balanced	regular_polygons	3	0	14	6	5	168.0	168.0	5	5	1	1	ok
var_balanced	regular_polygons	3	0	15	6	1	160.0	160.0	5	5	1	1	ok
var_balanced	regular_polygons	3	0	16	6	6	230.0	230.0	5	5	1	1	ok
var_balanced	regular_polygons	3	0	17	6	3	37.0	37.0	5	5	1	1	ok
var_balanced	regular_polygons	3	0	18	6	2	45.0	45.0	5	5	1	1	ok
var_balanced	regular_polygons	3	0	19	6	3	162.0	162.0	5	5	1	1	ok
var_balanced	regular_polygons	3	0	20	6	1	138.0	138.0	5	5	1	1	ok
var_balanced	regular_polygons	3	0	21	6	1	2.0	2.0	5	5	1	1	ok
var_balanced	regular_polygons	3	0	22	6	3	4.0	4.0	5	5	1	1	ok
var_balanced	regular_polygons	3	0	23	6	3	87.0	87.0	5	5	1	1	ok
var_balanced	regular_polygons	3	0	24	6	6	192.0	192.0	5	5	1	1	ok
var_balanced	regular_polygons	3	0	25	6	5	12.0	12.0	5	5	1	1	ok
var_balanced	regular_polygons	3	0	26	6	4	2.0	2.0	5	5	1	1	ok
var_balanced	regular_polygons	3	0	27	6	5	282.0	282.0	5	5	1	1	ok
var_balanced	regular_polygons	3	0	28	6	6	576.0	576.0	5	5	1	1	ok
var_balanced	regular_polygons	3	0	29	6	5	9.0	9.0	5	5	1	1	ok
var_balanced	regular_polygons	3	0	30	6	6	166.0	166.0	5	5	1	1	ok
var_balanced	regular_polygons	3	0	31	6	1	644.0	644.0	5	5	1	1	ok
var_balanced	regular_polygons	3	0	32	6	3	36.0	36.0	5	5	1	1	ok
var_balanced	regular_polygons	3	0	33	6	2	288.0	288.0	5	5	1	1	ok
var_balanced	regular_polygons	3	0	34	6	4	564.0	564.0	5	5	1	1	ok
var_balanced	regular_polygons	3	0	35	6	4	481.0	481.0	5	5	1	1	ok
var_balanced	regular_polygons	3	0	36	6	3	138.0	138.0	5	5	1	1	ok
var_balanced	regular_polygons	3	0	37	6	3	416.0	416.0	5	5	1	1	ok
var_balanced	regular_polygons	3	0	38	6	2	377.0	377.0	5	5	1	1	ok
var_balanced	regular_polygons	3	0	39	6	6	36.0	36.0	5	5	1	1	ok
var_balanced	regular_polygons	3	0	40	6	6	6.0	6.0	5	5	1	1	ok
var_balanced	regular_polygons	3	0	41	6	5	980.0	980.0	5	5	1	1	ok
var_balanced	regular_polygons	3	1	0	6	1	88.4	88.4	5	5	1	1	ok
var_balanced	regular_polygons	3	1	1	6	5	722.4	722.4	5	5	1	1	ok
var_balanced	regular_polygons	3	1	2	6	1	110.2	110.2	5	5	1	1	ok
var_balanced	regular_polygons	3	1	3	6	1	760.2	760.2	5	5	1	1	ok
var_balanced	regular_polygons	3	1	4	6	1	169.4	169.4	5	5	1	1	ok
var_balanced	regular_polygons	3	1	5	6	1	119.4	119.4	5	5	1	1	ok
var_balanced	regular_polygons	3	1	6	6	4	19.0	19.0	5	5	1	1	ok
var_balanced	regular_polygons	3	1	7	6	6	246.4	246.4	5	5	1	1	ok
var_balanced	regular_polygons	3	1	8	6	3	47.2	47.2	5	5	1	1	ok
var_balanced	regular_polygons	3	1	9	6	3	303.6	303.6	5	5	1	1	ok
var_balanced	regular_polygons	3	1	10	6	3	458.4	458.4	5	5	1	1	ok
var_balanced	regular_polygons	3	1	11	6	2	325.0	325.0	5	5	1	1	ok
var_balanced	regular_polygons	3	1	12	6	5	614.2	614.2	5	5	1	1	ok
var_balanced	regular_polygons	3	1	13	6	6	45.4	45.4	5	5	1	1	ok
var_balanced	regular_polygons	3	1	14	6	4	145.6	145.6	5	5	1	1	ok
var_balanced	regular_polygons	3	1	15	6	5	224.0	224.0	5	5	1	1	ok
var_balanced	regular_polygons	3	1	16	6	1	233.6	233.6	5	5	1	1	ok
var_balanced	regular_polygons	3	1	17	6	6	146.4	146.4	5	5	1	1	ok
var_balanced	regular_polygons	3	1	18	6	3	1274.4	1274.4	5	5	1	1	ok
var_balanced	regular_polygons	3	1	19	6	6	186.6	186.6	5	5	1	1	ok
var_balanced	regular_polygons	3	1	20	6	3	139.2	139.2	5	5	1	1	ok
var_balanced	regular_polygons	3	1	21	6	6	220.6	220.6	5	5	1	1	ok
var_balanced	regular_polygons	3	1	22	6	2	105.2	105.2	5	5	1	1	ok
var_balanced	regular_polygons	3	1	23	6	1	183.2	183.2	5	5	1	1	ok
var_balanced	regular_polygons	3	1	24	6	5	103.8	103.8	5	5	1	1	ok
var_balanced	regular_polygons	3	1	25	6	4	23.6	23.6	5	5	1	1	ok
var_balanced	regular_polygons	3	1	26	6	4	381.0	381.0	5	5	1	1	ok
var_balanced	regular_polygons	3	1	27	6	4	639.6	639.6	5	5	1	1	ok
var_balanced	regular_polygons	3	1	28	6	2	213.6	213.6	5	5	1	1	ok
var_balanced	regular_polygons	3	1	29	6	5	429.4	429.4	5	5	1	1	ok
var_balanced	regular_polygons	3	1	30	6	2	608.6	608.6	5	5	1	1	ok
var_balanced	regular_polygons	3	1	31	6	6	99.0	99.0	5	5	1	1	ok
var_balanced	regular_polygons	3	1	32	6	6	385.2	385.2	5	5	1	1	ok
var_balanced	regular_polygons	3	1	33	6	5	566.4	566.4	5	5	1	1	ok
var_balanced	regular_polygons	3	1	34	6	2	481.0	481.0	5	5	1	1	ok
var_balanced	regular_polygons	3	1	35	6	6	135.6	135.6	5	5	1	1	ok
var_balanced	regular_polygons	3	1	36	6	5	4.0	4.0	5	5	1	1	ok
var_balanced	regular_polygons	3	1	37	6	5	760.2	760.2	5	5	1	1	ok
var_balanced	regular_polygons	3	1	38	6	6	224.4	224.4	5	5	1	1	ok
var_balanced	regular_polygons	3	1	39	6	1	7.2	7.2	5	5	1	1	ok
var_balanced	regular_polygons	3	1	40	6	6	1223.0	1223.0	5	5	1	1	ok
var_balanced	regular_polygons	3	1	41	6	3	32.6	32.6	5	5	1	1	ok
var_balanced	regular_polygons	3	2	0	6	5	289.0	289.0	5	5	1	1	ok
var_balanced	regular_polygons	3	2	1	6	2	77.6	77.6	5	5	1	1	ok
var_balanced	regular_polygons	3	2	2	6	6	423.6	423.6	5	5	1	1	ok
var_balanced	regular_polygons	3	2	3	6	4	702.0	702.0	5	5	1	1	ok
var_balanced	regular_polygons	3	2	4	6	6	294.0	294.0	5	5	1	1	ok
var_balanced	regular_polygons	3	2	5	6	6	202.8	202.8	5	5	1	1	ok
var_balanced	regular_polygons	3	2	6	6	1	314.2	314.2	5	5	1	1	ok
var_balanced	regular_polygons	3	2	7	6	6	241.2	241.2	5	5	1	1	ok
var_balanced	regular_polygons	3	2	8	6	6	1065.6	1065.6	5	5	1	1	ok
var_balanced	regular_polygons	3	2	9	6	1	528.4	528.4	5	5	1	1	ok
var_balanced	regular_polygons	3	2	10	6	5	108.4	108.4	5	5	1	1	ok
var_balanced	regular_polygons	3	2	11	6	2	807.4	807.4	5	5	1	1	ok
var_balanced	regular_polygons	3	2	12	6	2	457.0	457.0	5	5	1	1	ok
var_balanced	regular_polygons	3	2	13	6	1	1081.0	1081.0	5	5	1	1	ok
var_balanced	regular_polygons	3	2	14	6	6	150.4	150.4	5	5	1	1	ok
var_balanced	regular_polygons	3	2	15	6	4	163.0	163.0	5	5	1	1	ok
var_balanced	regular_polygons	3	2	16	6	1	149.2	149.2	5	5	1	1	ok
var_balanced	regular_polygons	3	2	17	6	6	471.4	471.4	5	5	1	1	ok
var_balanced	regular_polygons	3	2	18	6	4	298.6	298.6	5	5	1	1	ok
var_balanced	regular_polygons	3	2	19	6	6	443.6	443.6	5	5	1	1	ok
var_balanced	regular_polygons	3	2	20	6	2	125.6	125.6	5	5	1	1	ok
var_balanced	regular_polygons	3	2	21	6	3	262.4	262.4	5	5	1	1	ok
var_balanced	regular_polygons	3	2	22	6	2	890.0	890.0	5	5	1	1	ok
var_balanced	regular_polygons	3	2	23	6	2	653.8	653.8	5	5	1	1	ok
var_balanced	regular_polygons	3	2	24	6	2	762.6	762.6	5	5	1	1	ok
var_balanced	regular_polygons	3	2	25	6	1	122.8	122.8	5	5	1	1	ok
var_balanced	regular_polygons	3	2	26	6	1	232.2	232.2	5	5	1	1	ok
var_balanced	regular_polygons	3	2	27	6	4	834.4	834.4	5	5	1	1	ok
var_balanced	regular_polygons	3	2	28	6	3	1054.0	1054.0	5	5	1	1	ok
var_balanced	regular_polygons	3	2	29	6	2	168.6	168.6	5	5	1	1	ok
var_balanced	regular_polygons	3	2	30	6	4	442.6	442.6	5	5	1	1	ok
var_balanced	regular_polygons	3	2	31	6	4	693.8	693.8	5	5	1	1	ok
var_balanced	regular_polygons	3	2	32	6	4	181.2	181.2	5	5	1	1	ok
var_balanced	regular_polygons	3	2	33	6	1	479.4	479.4	5	5	1	1	ok
var_balanced	regular_polygons	3	2	34	6	1	304.8	304.8	5	5	1	1	ok
var_balanced	regular_polygons	3	2	35	6	4	656.8	656.8	5	5	1	1	ok
var_balanced	regular_polygons	3	2	36	6	4	146.4	146.4	5	5	1	1	ok
var_balanced	regular_polygons	3	2	37	6	1	291.0	291.0	5	5	1	1	ok
var_balanced	regular_polygons	3	2	38	6	6	427.4	427.4	5	5	1	1	ok
var_balanced	regular_polygons	3	2	39	6	6	362.0	362.0	5	5	1	1	ok
var_balanced	regular_polygons	3	2	40	6	5	43.2	43.2	5	5	1	1	ok
var_balanced	regular_polygons	3	2	41	6	5	1122.4	1122.4	5	5	1	1	ok
var_balanced	regular_polygons	3	2	42	6	3	62.0	62.0	5	5	1	1	ok
var_balanced	regular_polygons	3	2	43	6	4	52.4	52.4	5	5	1	1	ok
var_balanced	regular_polygons	3	2	44	6	6	480.8	480.8	5	5	1	1	ok
var_balanced	regular_polygons	3	2	45	6	2	245.6	245.6	5	5	1	1	ok
var_balanced	regular_polygons	3	2	46	6	1	615.0	615.0	5	5	1	1	ok
var_balanced	regular_polygons	3	2	47	6	1	193.6	193.6	5	5	1	1	ok
var_balanced	regular_polygons	3	2	48	6	4	804.4	804.4	5	5	1	1	ok
var_balanced	regular_polygons	3	2	49	6	1	407.6	407.6	5	5	1	1	ok
var_balanced	regular_polygons	3	2	50	6	1	270.4	270.4	5	5	1	1	ok
var_balanced	regular_polygons	3	2	51	6	3	676.0	676.0	5	5	1	1	ok
var_balanced	regular_polygons	3	2	52	6	1	510.0	510.0	5	5	1	1	ok
var_balanced	regular_polygons	3	2	53	6	1	661.4	661.4	5	5	1	1	ok
var_balanced	regular_polygons	3	2	54	6	5	406.0	406.0	5	5	1	1	ok
var_balanced	regular_polygons	3	2	55	6	5	1048.6	1048.6	5	5	1	1	ok
var_balanced	regular_polygons	3	2	56	6	6	135.6	135.6	5	5	1	1	ok
var_balanced	regular_polygons	3	2	57	6	3	120.8	120.8	5	5	1	1	ok
var_balanced	regular_polygons	3	2	58	6	3	250.4	250.4	5	5	1	1	ok
var_balanced	regular_polygons	3	2	59	6	1	76.6	76.6	5	5	1	1	ok
var_balanced	regular_polygons	3	2	60	6	5	257.6	257.6	5	5	1	1	ok
var_balanced	regular_polygons	3	2	61	6	6	103.8	103.8	5	5	1	1	ok
var_balanced	regular_polygons	3	2	62	6	2	542.2	542.2	5	5	1	1	ok
var_balanced	regular_polygons	3	3	0	6	4	286.8	286.8	5	5	1	1	ok
var_balanced	regular_polygons	3	3	1	6	6	327.8	327.8	5	5	1	1	ok
var_balanced	regular_polygons	3	3	2	6	5	375.4	375.4	5	5	1	1	ok
var_balanced	regular_polygons	3	3	3	6	1	735.6	735.6	5	5	1	1	ok
var_balanced	regular_polygons	3	3	4	6	4	359.0	359.0	5	5	1	1	ok
var_balanced	regular_polygons	3	3	5	6	3	240.8	240.8	5	5	1	1	ok
var_balanced	regular_polygons	3	3	6	6	1	615.6	615.6	5	5	1	1	ok
var_balanced	regular_polygons	3	3	7	6	6	309.6	309.6	5	5	1	1	ok
var_balanced	regular_polygons	3	3	8	6	1	875.0	875.0	5	5	1	1	ok
var_balanced	regular_polygons	3	3	9	6	6	175.6	175.6	5	5	1	1	ok
var_balanced	regular_polygons	3	3	10	6	4	86.2	86.2	5	5	1	1	ok
var_balanced	regular_polygons	3	3	11	6	3	388.0	388.0	5	5	1	1	ok
var_balanced	regular_polygons	3	3	12	6	1	448.0	448.0	5	5	1	1	ok
var_balanced	regular_polygons	3	3	13	6	6	383.6	383.6	5	5	1	1	ok
var_balanced	regular_polygons	3	3	14	6	6	641.8	641.8	5	5	1	1	ok
var_balanced	regular_polygons	3	3	15	6	1	637.0	637.0	5	5	1	1	ok
var_balanced	regular_polygons	3	3	16	6	3	254.2	254.2	5	5	1	1	ok
var_balanced	regular_polygons	3	3	17	6	1	640.0	640.0	5	5	1	1	ok
var_balanced	regular_polygons	3	3	18	6	1	597.8	597.8	5	5	1	1	ok
var_balanced	regular_polygons	3	3	19	6	4	602.4	602.4	5	5	1	1	ok
var_balanced	regular_polygons	3	3	20	6	5	175.6	175.6	5	5	1	1	ok
var_balanced	regular_polygons	3	3	21	6	3	506.2	506.2	5	5	1	1	ok
var_balanced	regular_polygons	3	3	22	6	4	392.2	392.2	5	5	1	1	ok
var_balanced	regular_polygons	3	3	23	6	6	756.0	756.0	5	5	1	1	ok
var_balanced	regular_polygons	3	3	24	6	4	439.8	439.8	5	5	1	1	ok
var_balanced	regular_polygons	3	3	25	6	4	192.0	192.0	5	5	1	1	ok
var_balanced	regular_polygons	3	3	26	6	4	817.2	817.2	5	5	1	1	ok
var_balanced	regular_polygons	3	3	27	6	1	543.4	543.4	5	5	1	1	ok
var_balanced	regular_polygons	3	3	28	6	5	771.6	771.6	5	5	1	1	ok
var_balanced	regular_polygons	3	3	29	6	5	823.8	823.8	5	5	1	1	ok
var_balanced	regular_polygons	3	3	30	6	3	626.0	626.0	5	5	1	1	ok
var_balanced	regular_polygons	3	3	31	6	4	570.6	570.6	5	5	1	1	ok
var_balanced	regular_polygons	3	3	32	6	6	221.6	221.6	5	5	1	1	ok
var_balanced	regular_polygons	3	3	33	6	3	647.6	647.6	5	5	1	1	ok
var_balanced	regular_polygons	3	3	34	6	1	625.0	625.0	5	5	1	1	ok
var_balanced	regular_polygons	3	3	35	6	4	662.4	662.4	5	5	1	1	ok
var_balanced	regular_polygons	3	3	36	6	6	59.4	59.4	5	5	1	1	ok
var_balanced	regular_polygons	3	3	37	6	1	1178.0	1178.0	5	5	1	1	ok
var_balanced	regular_polygons	3	3	38	6	3	754.2	754.2	5	5	1	1	ok
var_balanced	regular_polygons	3	3	39	6	6	258.6	258.6	5	5	1	1	ok
var_balanced	regular_polygons	3	3	40	6	1	44.4	44.4	5	5	1	1	ok
var_balanced	regular_polygons	3	3	41	6	5	827.0	827.0	5	5	1	1	ok
var_balanced	regular_polygons	3	3	42	6	1	493.4	493.4	5	5	1	1	ok
var_balanced	regular_polygons	3	3	43	6	5	309.6	309.6	5	5	1	1	ok
var_balanced	regular_polygons	3	3	44	6	6	402.0	402.0	5	5	1	1	ok
var_balanced	regular_polygons	3	3	45	6	6	263.0	263.0	5	5	1	1	ok
var_balanced	regular_polygons	3	3	46	6	4	945.4	945.4	5	5	1	1	ok
var_balanced	regular_polygons	3	3	47	6	1	243.2	243.2	5	5	1	1	ok
var_balanced	regular_polygons	3	3	48	6	4	1036.0	1036.0	5	5	1	1	ok
var_balanced	regular_polygons	3	3	49	6	2	611.2	611.2	5	5	1	1	ok
var_balanced	regular_polygons	3	3	50	6	6	516.0	516.0	5	5	1	1	ok
var_balanced	regular_polygons	3	3	51	6	6	1004.8	1004.8	5	5	1	1	ok
var_balanced	regular_polygons	3	3	52	6	6	210.2	210.2	5	5	1	1	ok
var_balanced	regular_polygons	3	3	53	6	1	799.8	799.8	5	5	1	1	ok
var_balanced	regular_polygons	3	3	54	6	5	311.4	311.4	5	5	1	1	ok
var_balanced	regular_polygons	3	3	55	6	4	291.8	291.8	5	5	1	1	ok
var_balanced	regular_polygons	3	3	56	6	3	112.4	112.4	5	5	1	1	ok
var_balanced	regular_polygons	3	3	57	6	3	558.2	558.2	5	5	1	1	ok
var_balanced	regular_polygons	3	3	58	6	2	361.2	361.2	5	5	1	1	ok
var_balanced	regular_polygons	3	3	59	6	3	161.2	161.2	5	5	1	1	ok
var_balanced	regular_polygons	3	3	60	6	3	657.4	657.4	5	5	1	1	ok
var_balanced	regular_polygons	3	3	61	6	2	561.4	561.4	5	5	1	1	ok
var_balanced	regular_polygons	3	3	62	6	2	547.8	547.8	5	5	1	1	ok
var_balanced	regular_polygons	3	4	0	6	3	466.2	466.2	5	5	1	1	ok
var_balanced	regular_polygons	3	4	1	6	1	605.4	605.4	5	5	1	1	ok
var_balanced	regular_polygons	3	4	2	6	1	629.8	629.8	5	5	1	1	ok
var_balanced	regular_polygons	3	4	3	6	6	870.0	870.0	5	5	1	1	ok
var_balanced	regular_polygons	3	4	4	6	3	857.6	857.6	5	5	1	1	ok
var_balanced	regular_polygons	3	4	5	6	6	141.0	141.0	5	5	1	1	ok
var_balanced	regular_polygons	3	4	6	6	5	668.4	668.4	5	5	1	1	ok
var_balanced	regular_polygons	3	4	7	6	1	396.2	396.2	5	5	1	1	ok
var_balanced	regular_polygons	3	4	8	6	2	830.2	830.2	5	5	1	1	ok
var_balanced	regular_polygons	3	4	9	6	2	542.6	542.6	5	5	1	1	ok
var_balanced	regular_polygons	3	4	10	6	5	123.4	123.4	5	5	1	1	ok
var_balanced	regular_polygons	3	4	11	6	6	557.0	557.0	5	5	1	1	ok
var_balanced	regular_polygons	3	4	12	6	2	703.0	703.0	5	5	1	1	ok
var_balanced	regular_polygons	3	4	13	6	6	553.6	553.6	5	5	1	1	ok
var_balanced	regular_polygons	3	4	14	6	3	405.8	405.8	5	5	1	1	ok
var_balanced	regular_polygons	3	4	15	6	4	805.8	805.8	5	5	1	1	ok
var_balanced	regular_polygons	3	4	16	6	4	185.4	185.4	5	5	1	1	ok
var_balanced	regular_polygons	3	4	17	6	6	812.6	812.6	5	5	1	1	ok
var_balanced	regular_polygons	3	4	18	6	5	638.4	638.4	5	5	1	1	ok
var_balanced	regular_polygons	3	4	19	6	4	244.0	244.0	5	5	1	1	ok
var_balanced	regular_polygons	3	4	20	6	2	141.6	141.6	5	5	1	1	ok
var_balanced	regular_polygons	3	4	21	6	5	398.2	398.2	5	5	1	1	ok
var_balanced	regular_polygons	3	4	22	6	2	620.0	620.0	5	5	1	1	ok
var_balanced	regular_polygons	3	4	23	6	6	289.6	289.6	5	5	1	1	ok
var_balanced	regular_polygons	3	4	24	6	3	701.6	701.6	5	5	1	1	ok
var_balanced	regular_polygons	3	4	25	6	6	568.2	568.2	5	5	1	1	ok
var_balanced	regular_polygons	3	4	26	6	2	826.0	826.0	5	5	1	1	ok
var_balanced	regular_polygons	3	4	27	6	3	817.6	817.6	5	5	1	1	ok
var_balanced	regular_polygons	3	4	28	6	4	291.2	291.2	5	5	1	1	ok
var_balanced	regular_polygons	3	4	29	6	2	427.0	427.0	5	5	1	1	ok
var_balanced	regular_polygons	3	4	30	6	4	716.4	716.4	5	5	1	1	ok
var_balanced	regular_polygons	3	4	31	6	6	242.8	242.8	5	5	1	1	ok
var_balanced	regular_polygons	3	4	32	6	1	1035.0	1035.0	5	5	1	1	ok
var_balanced	regular_polygons	3	4	33	6	1	983.6	983.6	5	5	1	1	ok
var_balanced	regular_polygons	3	4	34	6	6	630.2	630.2	5	5	1	1	ok
var_balanced	regular_polygons	3	4	35	6	3	250.6	250.6	5	5	1	1	ok
var_balanced	regular_polygons	3	4	36	6	6	232.6	232.6	5	5	1	1	ok
var_balanced	regular_polygons	3	4	37	6	4	492.8	492.8	5	5	1	1	ok
var_balanced	regular_polygons	3	4	38	6	1	599.2	599.2	5	5	1	1	ok
var_balanced	regular_polygons	3	4	39	6	1	680.4	680.4	5	5	1	1	ok
var_balanced	regular_polygons	3	4	40	6	2	1092.2	1092.2	5	5	1	1	ok
var_balanced	regular_polygons	3	4	41	6	3	139.8	139.8	5	5	1	1	ok
var_balanced	regular_polygons	3	4	42	6	6	598.8	598.8	5	5	1	1	ok
var_balanced	regular_polygons	3	4	43	6	4	441.0	441.0	5	5	1	1	ok
var_balanced	regular_polygons	3	4	44	6	1	806.2	806.2	5	5	1	1	ok
var_balanced	regular_polygons	3	4	45	6	4	240.2	240.2	5	5	1	1	ok
var_balanced	regular_polygons	3	4	46	6	5	703.2	703.2	5	5	1	1	ok
var_balanced	regular_polygons	3	4	47	6	5	749.6	749.6	5	5	1	1	ok
var_balanced	regular_polygons	3	4	48	6	6	592.8	592.8	5	5	1	1	ok
var_balanced	regular_polygons	3	4	49	6	1	776.4	776.4	5	5	1	1	ok
var_balanced	regular_polygons	3	4	50	6	4	432.6	432.6	5	5	1	1	ok
var_balanced	regular_polygons	3	4	51	6	1	451.6	451.6	5	5	1	1	ok
var_balanced	regular_polygons	3	4	52	6	2	500.8	500.8	5	5	1	1	ok
var_balanced	regular_polygons	3	4	53	6	6	282.2	282.2	5	5	1	1	ok
var_balanced	regular_polygons	3	4	54	6	1	425.2	425.2	5	5	1	1	ok
var_balanced	regular_polygons	3	4	55	6	6	123.6	123.6	5	5	1	1	ok
var_balanced	regular_polygons	3	4	56	6	4	701.0	701.0	5	5	1	1	ok
var_balanced	regular_polygons	3	4	57	6	2	625.0	625.0	5	5	1	1	ok
var_balanced	regular_polygons	3	4	58	6	1	283.4	283.4	5	5	1	1	ok
var_balanced	regular_polygons	3	4	59	6	1	927.2	927.2	5	5	1	1	ok
var_balanced	regular_polygons	3	4	60	6	2	617.6	617.6	5	5	1	1	ok
var_balanced	regular_polygons	3	4	61	6	6	340.6	340.6	5	5	1	1	ok
var_balanced	regular_polygons	3	4	62	6	4	1074.4	1074.4	5	5	1	1	ok
var_balanced	regular_polygons	3	4	63	6	3	1033.0	1033.0	5	5	1	1	ok
var_balanced	regular_polygons	3	4	64	6	5	440.8	440.8	5	5	1	1	ok
var_balanced	regular_polygons	3	4	65	6	5	1032.6	1032.6	5	5	1	1	ok
var_balanced	regular_polygons	3	4	66	6	1	626.4	626.4	5	5	1	1	ok
var_balanced	regular_polygons	3	4	67	6	5	495.0	495.0	5	5	1	1	ok
var_balanced	regular_polygons	3	4	68	6	3	587.8	587.8	5	5	1	1	ok
var_balanced	regular_polygons	3	4	69	6	6	81.0	81.0	5	5	1	1	ok
var_balanced	regular_polygons	3	4	70	6	2	357.0	357.0	5	5	1	1	ok
var_balanced	regular_polygons	3	4	71	6	5	464.4	464.4	5	5	1	1	ok
var_balanced	regular_polygons	3	4	72	6	4	801.0	801.0	5	5	1	1	ok
var_balanced	regular_polygons	3	4	73	6	5	724.2	724.2	5	5	1	1	ok
var_balanced	regular_polygons	3	4	74	6	1	784.4	784.4	5	5	1	1	ok
var_balanced	regular_polygons	3	4	75	6	2	1323.0	1323.0	5	5	1	1	ok
var_balanced	regular_polygons	3	4	76	6	4	569.8	569.8	5	5	1	1	ok
var_balanced	regular_polygons	3	4	77	6	3	320.8	320.8	5	5	1	1	ok
var_balanced	regular_polygons	3	4	78	6	4	395.2	395.2	5	5	1	1	ok
var_balanced	regular_polygons	3	4	79	6	5	294.6	294.6	5	5	1	1	ok
var_balanced	regular_polygons	3	4	80	6	5	241.2	241.2	5	5	1	1	ok
var_balanced	regular_polygons	3	4	81	6	2	641.8	641.8	5	5	1	1	ok
var_balanced	regular_polygons	3	4	82	6	2	386.4	386.4	5	5	1	1	ok
var_balanced	regular_polygons	3	4	83	6	1	509.0	509.0	5	5	1	1	ok
var_balanced	regular_polygons	3	4	84	6	6	567.8	567.8	5	5	1	1	ok
var_balanced	regular_polygons	3	4	85	6	6	1029.8	1029.8	5	5	1	1	ok
var_balanced	regular_polygons	3	4	86	6	1	503.0	503.0	5	5	1	1	ok
var_balanced	regular_polygons	3	4	87	6	3	1093.8	1093.8	5	5	1	1	ok
var_balanced	regular_polygons	3	4	88	6	6	733.6	733.6	5	5	1	1	ok
var_balanced	regular_polygons	3	4	89	6	6	655.8	655.8	5	5	1	1	ok
var_balanced	regular_polygons	3	4	90	6	3	921.8	921.8	5	5	1	1	ok
var_balanced	regular_polygons	3	4	91	6	4	380.0	380.0	5	5	1	1	ok
var_balanced	regular_polygons	3	4	92	6	1	586.4	586.4	5	5	1	1	ok
var_balanced	regular_polygons	3	4	93	6	6	969.2	969.2	5	5	1	1	ok
var_balanced	regular_polygons	3	4	94	6	4	747.0	747.0	5	5	1	1	ok
var_balanced	regular_polygons	3	4	95	6	6	277.4	277.4	5	5	1	1	ok
var_balanced	regular_polygons	3	4	96	6	3	815.2	815.2	5	5	1	1	ok
var_balanced	regular_polygons	3	4	97	6	3	400.0	400.0	5	5	1	1	ok
var_balanced	regular_polygons	3	4	98	6	4	140.2	140.2	5	5	1	1	ok
var_balanced	regular_polygons	3	4	99	6	5	501.8	501.8	5	5	1	1	ok
var_balanced	regular_polygons	3	4	100	6	4	386.4	386.4	5	5	1	1	ok
var_balanced	regular_polygons	3	4	101	6	3	621.4	621.4	5	5	1	1	ok
var_balanced	regular_polygons	3	4	102	6	6	591.4	591.4	5	5	1	1	ok
var_balanced	regular_polygons	3	4	103	6	6	665.8	665.8	5	5	1	1	ok
var_balanced	regular_polygons	3	4	104	6	6	687.0	687.0	5	5	1	1	ok
var_balanced	regular_polygons	3	4	105	6	6	842.6	842.6	5	5	1	1	ok
var_balanced	regular_polygons	3	4	106	6	2	718.4	718.4	5	5	1	1	ok
var_balanced	regular_polygons	3	4	107	6	6	684.6	684.6	5	5	1	1	ok
var_balanced	regular_polygons	3	4	108	6	3	450.0	450.0	5	5	1	1	ok
var_balanced	regular_polygons	3	4	109	6	2	644.2	644.2	5	5	1	1	ok
var_balanced	regular_polygons	3	4	110	6	4	420.2	420.2	5	5	1	1	ok
var_balanced	regular_polygons	3	4	111	6	6	309.4	309.4	5	5	1	1	ok
var_balanced	regular_polygons	3	4	112	6	2	587.0	587.0	5	5	1	1	ok
var_balanced	regular_polygons	3	4	113	6	1	213.8	213.8	5	5	1	1	ok
var_balanced	regular_polygons	3	4	114	6	2	401.0	401.0	5	5	1	1	ok
var_balanced	regular_polygons	3	4	115	6	2	341.8	341.8	5	5	1	1	ok
var_balanced	regular_polygons	3	4	116	6	1	483.8	483.8	5	5	1	1	ok
var_balanced	regular_polygons	3	4	117	6	6	608.6	608.6	5	5	1	1	ok
var_balanced	regular_polygons	3	4	118	6	5	1252.0	1252.0	5	5	1	1	ok
var_balanced	regular_polygons	3	4	119	6	2	563.2	563.2	5	5	1	1	ok
var_balanced	regular_polygons	3	4	120	6	6	717.2	717.2	5	5	1	1	ok
var_balanced	regular_polygons	3	4	121	6	1	297.2	297.2	5	5	1	1	ok
var_balanced	regular_polygons	3	4	122	6	4	277.8	277.8	5	5	1	1	ok
var_balanced	regular_polygons	3	4	123	6	4	738.0	738.0	5	5	1	1	ok
var_balanced	regular_polygons	3	4	124	6	6	629.6	629.6	5	5	1	1	ok
var_balanced	regular_polygons	3	5	0	6	2	108.8	108.8	5	5	1	1	ok
var_balanced	regular_polygons	3	5	1	6	4	241.4	241.4	5	5	1	1	ok
var_balanced	regular_polygons	3	5	2	6	3	369.8	369.8	5	5	1	1	ok
var_balanced	regular_polygons	3	5	3	6	1	801.6	801.6	5	5	1	1	ok
var_balanced	regular_polygons	3	5	4	6	6	189.8	189.8	5	5	1	1	ok
var_balanced	regular_polygons	3	5	5	6	1	200.8	200.8	5	5	1	1	ok
var_balanced	regular_polygons	3	5	6	6	2	433.2	433.2	5	5	1	1	ok
var_balanced	regular_polygons	3	5	7	6	3	364.8	364.8	5	5	1	1	ok
var_balanced	regular_polygons	3	5	8	6	4	809.6	809.6	5	5	1	1	ok
var_balanced	regular_polygons	3	5	9	6	5	534.8	534.8	5	5	1	1	ok
var_balanced	regular_polygons	3	5	10	6	5	366.4	366.4	5	5	1	1	ok
var_balanced	regular_polygons	3	5	11	6	6	670.4	670.4	5	5	1	1	ok
var_balanced	regular_polygons	3	5	12	6	1	588.6	588.6	5	5	1	1	ok
var_balanced	regular_polygons	3	5	13	6	5	850.6	850.6	5	5	1	1	ok
var_balanced	regular_polygons	3	5	14	6	4	604.6	604.6	5	5	1	1	ok
var_balanced	regular_polygons	3	5	15	6	4	515.0	515.0	5	5	1	1	ok
var_balanced	regular_polygons	3	5	16	6	6	204.0	204.0	5	5	1	1	ok
var_balanced	regular_polygons	3	5	17	6	4	400.8	400.8	5	5	1	1	ok
var_balanced	regular_polygons	3	5	18	6	3	467.8	467.8	5	5	1	1	ok
var_balanced	regular_polygons	3	5	19	6	2	386.0	386.0	5	5	1	1	ok
var_balanced	regular_polygons	3	5	20	6	5	153.0	153.0	5	5	1	1	ok
var_balanced	regular_polygons	3	5	21	6	3	486.8	486.8	5	5	1	1	ok
var_balanced	regular_polygons	3	5	22	6	5	664.0	664.0	5	5	1	1	ok
var_balanced	regular_polygons	3	5	23	6	6	306.4	306.4	5	5	1	1	ok
var_balanced	regular_polygons	3	5	24	6	3	319.0	319.0	5	5	1	1	ok
var_balanced	regular_polygons	3	5	25	6	6	592.0	592.0	5	5	1	1	ok
var_balanced	regular_polygons	3	5	26	6	6	408.0	408.0	5	5	1	1	ok
var_balanced	regular_polygons	3	5	27	6	3	500.2	500.2	5	5	1	1	ok
var_balanced	regular_polygons	3	5	28	6	5	973.0	973.0	5	5	1	1	ok
var_balanced	regular_polygons	3	5	29	6	5	852.0	852.0	5	5	1	1	ok
var_balanced	regular_polygons	3	5	30	6	3	346.4	346.4	5	5	1	1	ok
var_balanced	regular_polygons	3	5	31	6	1	762.6	762.6	5	5	1	1	ok
var_balanced	regular_polygons	3	5	32	6	5	142.8	142.8	5	5	1	1	ok
var_balanced	regular_polygons	3	5	33	6	5	515.2	515.2	5	5	1	1	ok
var_balanced	regular_polygons	3	5	34	6	3	538.8	538.8	5	5	1	1	ok
var_balanced	regular_polygons	3	5	35	6	6	742.4	742.4	5	5	1	1	ok
var_balanced	regular_polygons	3	5	36	6	4	144.6	144.6	5	5	1	1	ok
var_balanced	regular_polygons	3	5	37	6	6	398.6	398.6	5	5	1	1	ok
var_balanced	regular_polygons	3	5	38	6	5	958.2	958.2	5	5	1	1	ok
var_balanced	regular_polygons	3	5	39	6	6	394.8	394.8	5	5	1	1	ok
var_balanced	regular_polygons	3	5	40	6	3	529.6	529.6	5	5	1	1	ok
var_balanced	regular_polygons	3	5	41	6	5	1153.2	1153.2	5	5	1	1	ok
var_balanced	regular_polygons	3	5	42	6	1	792.4	792.4	5	5	1	1	ok
var_balanced	regular_polygons	3	5	43	6	3	342.2	342.2	5	5	1	1	ok
var_balanced	regular_polygons	3	5	44	6	1	656.0	656.0	5	5	1	1	ok
var_balanced	regular_polygons	3	5	45	6	2	443.6	443.6	5	5	1	1	ok
var_balanced	regular_polygons	3	5	46	6	4	458.8	458.8	5	5	1	1	ok
var_balanced	regular_polygons	3	5	47	6	6	666.8	666.8	5	5	1	1	ok
var_balanced	regular_polygons	3	5	48	6	6	776.2	776.2	5	5	1	1	ok
var_balanced	regular_polygons	3	5	49	6	1	749.2	749.2	5	5	1	1	ok
var_balanced	regular_polygons	3	5	50	6	3	715.0	715.0	5	5	1	1	ok
var_balanced	regular_polygons	3	5	51	6	4	557.0	557.0	5	5	1	1	ok
var_balanced	regular_polygons	3	5	52	6	1	979.8	979.8	5	5	1	1	ok
var_balanced	regular_polygons	3	5	53	6	1	413.4	413.4	5	5	1	1	ok
var_balanced	regular_polygons	3	5	54	6	3	531.8	531.8	5	5	1	1	ok
var_balanced	regular_polygons	3	5	55	6	6	315.2	315.2	5	5	1	1	ok
var_balanced	regular_polygons	3	5	56	6	2	652.2	652.2	5	5	1	1	ok
var_balanced	regular_polygons	3	5	57	6	6	125.2	125.2	5	5	1	1	ok
var_balanced	regular_polygons	3	5	58	6	3	651.0	651.0	5	5	1	1	ok
var_balanced	regular_polygons	3	5	59	6	5	725.2	725.2	5	5	1	1	ok
var_balanced	regular_polygons	3	5	60	6	5	205.2	205.2	5	5	1	1	ok
var_balanced	regular_polygons	3	5	61	6	4	582.0	582.0	5	5	1	1	ok
var_balanced	regular_polygons	3	5	62	6	2	516.4	516.4	5	5	1	1	ok
var_balanced	regular_polygons	3	5	63	6	3	258.2	258.2	5	5	1	1	ok
var_balanced	regular_polygons	3	5	64	6	5	1397.8	1397.8	5	5	1	1	ok
var_balanced	regular_polygons	3	5	65	6	5	668.2	668.2	5	5	1	1	ok
var_balanced	regular_polygons	3	5	66	6	5	856.0	856.0	5	5	1	1	ok
var_balanced	regular_polygons	3	5	67	6	3	713.0	713.0	5	5	1	1	ok
var_balanced	regular_polygons	3	5	68	6	6	662.0	662.0	5	5	1	1	ok
var_balanced	regular_polygons	3	5	69	6	6	521.2	521.2	5	5	1	1	ok
var_balanced	regular_polygons	3	5	70	6	2	1142.8	1142.8	5	5	1	1	ok
var_balanced	regular_polygons	3	5	71	6	5	594.2	594.2	5	5	1	1	ok
var_balanced	regular_polygons	3	5	72	6	4	325.8	325.8	5	5	1	1	ok
var_balanced	regular_polygons	3	5	73	6	3	367.6	367.6	5	5	1	1	ok
var_balanced	regular_polygons	3	5	74	6	2	761.0	761.0	5	5	1	1	ok
var_balanced	regular_polygons	3	5	75	6	6	311.8	311.8	5	5	1	1	ok
var_balanced	regular_polygons	3	5	76	6	5	1040.2	1040.2	5	5	1	1	ok
var_balanced	regular_polygons	3	5	77	6	1	1238.6	1238.6	5	5	1	1	ok
var_balanced	regular_polygons	3	5	78	6	2	501.8	501.8	5	5	1	1	ok
var_balanced	regular_polygons	3	5	79	6	6	580.8	580.8	5	5	1	1	ok
var_balanced	regular_polygons	3	5	80	6	2	400.2	400.2	5	5	1	1	ok
var_balanced	regular_polygons	3	5	81	6	5	724.0	724.0	5	5	1	1	ok
var_balanced	regular_polygons	3	5	82	6	6	603.8	603.8	5	5	1	1	ok
var_balanced	regular_polygons	3	5	83	6	6	918.4	918.4	5	5	1	1	ok
var_balanced	regular_polygons	3	5	84	6	6	519.2	519.2	5	5	1	1	ok
var_balanced	regular_polygons	3	5	85	6	3	383.0	383.0	5	5	1	1	ok
var_balanced	regular_polygons	3	5	86	6	5	525.0	525.0	5	5	1	1	ok
var_balanced	regular_polygons	3	5	87	6	6	1075.4	1075.4	5	5	1	1	ok
var_balanced	regular_polygons	3	5	88	6	6	382.8	382.8	5	5	1	1	ok
var_balanced	regular_polygons	3	5	89	6	6	966.8	966.8	5	5	1	1	ok
var_balanced	regular_polygons	3	5	90	6	1	578.2	578.2	5	5	1	1	ok
var_balanced	regular_polygons	3	5	91	6	2	1341.4	1341.4	5	5	1	1	ok
var_balanced	regular_polygons	3	5	92	6	2	1425.4	1425.4	5	5	1	1	ok
var_balanced	regular_polygons	3	5	93	6	5	691.6	691.6	5	5	1	1	ok
var_balanced	regular_polygons	3	5	94	6	4	906.0	906.0	5	5	1	1	ok
var_balanced	regular_polygons	3	5	95	6	3	1190.8	1190.8	5	5	1	1	ok
var_balanced	regular_polygons	3	5	96	6	6	848.0	848.0	5	5	1	1	ok
var_balanced	regular_polygons	3	5	97	6	5	342.4	342.4	5	5	1	1	ok
var_balanced	regular_polygons	3	5	98	6	6	648.6	648.6	5	5	1	1	ok
var_balanced	regular_polygons	3	5	99	6	3	482.6	482.6	5	5	1	1	ok
var_balanced	regular_polygons	3	5	100	6	1	564.8	564.8	5	5	1	1	ok
var_balanced	regular_polygons	3	5	101	6	2	482.6	482.6	5	5	1	1	ok
var_balanced	regular_polygons	3	5	102	6	2	624.6	624.6	5	5	1	1	ok
var_balanced	regular_polygons	3	5	103	6	3	732.8	732.8	5	5	1	1	ok
var_balanced	regular_polygons	3	5	104	6	6	723.4	723.4	5	5	1	1	ok
var_balanced	regular_polygons	3	5	105	6	4	327.6	327.6	5	5	1	1	ok
var_balanced	regular_polygons	3	5	106	6	1	488.0	488.0	5	5	1	1	ok
var_balanced	regular_polygons	3	5	107	6	4	870.0	870.0	5	5	1	1	ok
var_balanced	regular_polygons	3	5	108	6	5	700.2	700.2	5	5	1	1	ok
var_balanced	regular_polygons	3	5	109	6	2	659.8	659.8	5	5	1	1	ok
var_balanced	regular_polygons	3	5	110	6	1	447.2	447.2	5	5	1	1	ok
var_balanced	regular_polygons	3	5	111	6	6	438.0	438.0	5	5	1	1	ok
var_balanced	regular_polygons	3	5	112	6	1	793.2	793.2	5	5	1	1	ok
var_balanced	regular_polygons	3	5	113	6	5	320.4	320.4	5	5	1	1	ok
var_balanced	regular_polygons	3	5	114	6	6	810.0	810.0	5	5	1	1	ok
var_balanced	regular_polygons	3	5	115	6	2	242.0	242.0	5	5	1	1	ok
var_balanced	regular_polygons	3	5	116	6	4	594.0	594.0	5	5	1	1	ok
var_balanced	regular_polygons	3	5	117	6	6	284.6	284.6	5	5	1	1	ok
var_balanced	regular_polygons	3	5	118	6	3	1156.2	1156.2	5	5	1	1	ok
var_balanced	regular_polygons	3	5	119	6	5	698.4	698.4	5	5	1	1	ok
var_balanced	regular_polygons	3	5	120	6	6	1253.2	1253.2	5	5	1	1	ok
var_balanced	regular_polygons	3	5	121	6	1	532.4	532.4	5	5	1	1	ok
var_balanced	regular_polygons	3	5	122	6	5	1029.8	1029.8	5	5	1	1	ok
var_balanced	regular_polygons	3	5	123	6	1	374.2	374.2	5	5	1	1	ok
var_balanced	regular_polygons	3	5	124	6	4	721.2	721.2	5	5	1	1	ok
var_balanced	totems	3	0	0	6	1	2.0	2.0	5	5	1	1	ok
var_balanced	totems	3	0	1	6	2	4.0	4.0	5	5	1	1	ok
var_balanced	totems	3	0	2	6	2	2.0	2.0	5	5	1	1	ok
var_balanced	totems	3	0	3	6	6	2.0	2.0	5	5	1	1	ok
var_balanced	totems	3	0	4	6	5	15.0	15.0	5	5	1	1	ok
var_balanced	totems	3	0	5	6	1	2.0	2.0	5	5	1	1	ok
var_balanced	totems	3	0	6	6	1	15.0	15.0	5	5	1	1	ok
var_balanced	totems	3	0	7	6	2	4.0	4.0	5	5	1	1	ok
var_balanced	totems	3	0	8	6	5	15.0	15.0	5	5	1	1	ok
var_balanced	totems	3	0	9	6	6	2.0	2.0	5	5	1	1	ok
var_balanced	totems	3	0	10	6	2	4.0	4.0	5	5	1	1	ok
var_balanced	totems	3	0	11	6	5	2.0	2.0	5	5	1	1	ok
var_balanced	totems	3	0	12	6	1	15.0	15.0	5	5	1	1	ok
var_balanced	totems	3	0	13	6	6	2.0	2.0	5	5	1	1	ok
var_balanced	totems	3	0	14	6	3	2.0	2.0	5	5	1	1	ok
var_balanced	totems	3	0	15	6	2	4.0	4.0	5	5	1	1	ok
var_balanced	totems	3	0	16	6	3	2.0	2.0	5	5	1	1	ok
var_balanced	totems	3	0	17	6	1	2.0	2.0	5	5	1	1	ok
var_balanced	totems	3	0	18	6	1	15.0	15.0	5	5	1	1	ok
var_balanced	totems	3	0	19	6	3	4.0	4.0	5	5	1	1	ok
var_balanced	totems	3	0	20	6	1	2.0	2.0	5	5	1	1	ok
var_balanced	totems	3	0	21	6	5	15.0	15.0	5	5	1	1	ok
var_balanced	totems	3	0	22	6	4	2.0	2.0	5	5	1	1	ok
var_balanced	totems	3	0	23	6	5	15.0	15.0	5	5	1	1	ok
var_balanced	totems	3	0	24	6	6	2.0	2.0	5	5	1	1	ok
var_balanced	totems	3	0	25	6	5	4.0	4.0	5	5	1	1	ok
var_balanced	totems	3	0	26	6	6	2.0	2.0	5	5	1	1	ok
var_balanced	totems	3	0	27	6	1	4.0	4.0	5	5	1	1	ok
var_balanced	totems	3	0	28	6	3	15.0	15.0	5	5	1	1	ok
var_balanced	totems	3	0	29	6	2	2.0	2.0	5	5	1	1	ok
var_balanced	totems	3	0	30	6	4	15.0	15.0	5	5	1	1	ok
var_balanced	totems	3	0	31	6	4	2.0	2.0	5	5	1	1	ok
var_balanced	totems	3	0	32	6	2	2.0	2.0	5	5	1	1	ok
var_balanced	totems	3	0	33	6	3	4.0	4.0	5	5	1	1	ok
var_balanced	totems	3	0	34	6	6	15.0	15.0	5	5	1	1	ok
var_balanced	totems	3	0	35	6	6	4.0	4.0	5	5	1	1	ok
var_balanced	totems	3	0	36	6	5	2.0	2.0	5	5	1	1	ok
var_balanced	totems	3	0	37	6	5	2.0	2.0	5	5	1	1	ok
var_balanced	totems	3	0	38	6	2	2.0	2.0	5	5	1	1	ok
var_balanced	totems	3	0	39	6	4	15.0	15.0	5	5	1	1	ok
var_balanced	totems	3	0	40	6	6	2.0	2.0	5	5	1	1	ok
var_balanced	totems	3	1	0	6	6	4.4	4.4	5	5	1	1	ok
var_balanced	totems	3	1	1	6	2	16.2	16.2	5	5	1	1	ok
var_balanced	totems	3	1	2	6	4	11.0	11.0	5	5	1	1	ok
var_balanced	totems	3	1	3	6	3	4.4	4.4	5	5	1	1	ok
var_balanced	totems	3	1	4	6	3	16.2	16.2	5	5	1	1	ok
var_balanced	totems	3	1	5	6	1	3.2	3.2	5	5	1	1	ok
var_balanced	totems	3	1	6	6	1	16.2	16.2	5	5	1	1	ok
var_balanced	totems	3	1	7	6	4	16.2	16.2	5	5	1	1	ok
var_balanced	totems	3	1	8	6	5	24.0	24.0	5	5	1	1	ok
var_balanced	totems	3	1	9	6	6	3.2	3.2	5	5	1	1	ok
var_balanced	totems	3	1	10	6	1	5.2	5.2	5	5	1	1	ok
var_balanced	totems	3	1	11	6	3	11.0	11.0	5	5	1	1	ok
var_balanced	totems	3	1	12	6	3	16.2	16.2	5	5	1	1	ok
var_balanced	totems	3	1	13	6	2	3.2	3.2	5	5	1	1	ok
var_balanced	totems	3	1	14	6	5	3.2	3.2	5	5	1	1	ok
var_balanced	totems	3	1	15	6	3	16.2	16.2	5	5	1	1	ok
var_balanced	totems	3	1	16	6	5	3.2	3.2	5	5	1	1	ok
var_balanced	totems	3	1	17	6	5	11.0	11.0	5	5	1	1	ok
var_balanced	totems	3	1	18	6	3	15.6	15.6	5	5	1	1	ok
var_balanced	totems	3	1	19	6	6	24.0	24.0	5	5	1	1	ok
var_balanced	totems	3	1	20	6	3	11.0	11.0	5	5	1	1	ok
var_balanced	totems	3	1	21	6	6	15.6	15.6	5	5	1	1	ok
var_balanced	totems	3	1	22	6	1	11.0	11.0	5	5	1	1	ok
var_balanced	totems	3	1	23	6	1	16.2	16.2	5	5	1	1	ok
var_balanced	totems	3	1	24	6	3	11.0	11.0	5	5	1	1	ok
var_balanced	totems	3	1	25	6	4	24.0	24.0	5	5	1	1	ok
var_balanced	totems	3	1	26	6	4	11.0	11.0	5	5	1	1	ok
var_balanced	totems	3	1	27	6	1	24.0	24.0	5	5	1	1	ok
var_balanced	totems	3	1	28	6	3	16.2	16.2	5	5	1	1	ok
var_balanced	totems	3	1	29	6	6	11.0	11.0	5	5	1	1	ok
var_balanced	totems	3	1	30	6	4	5.2	5.2	5	5	1	1	ok
var_balanced	totems	3	1	31	6	3	4.4	4.4	5	5	1	1	ok
var_balanced	totems	3	1	32	6	2	11.0	11.0	5	5	1	1	ok
var_balanced	totems	3	1	33	6	1	17.4	17.4	5	5	1	1	ok
var_balanced	totems	3	1	34	6	4	16.2	16.2	5	5	1	1	ok
var_balanced	totems	3	1	35	6	6	5.2	5.2	5	5	1	1	ok
var_balanced	totems	3	1	36	6	3	3.2	3.2	5	5	1	1	ok
var_balanced	totems	3	1	37	6	4	4.4	4.4	5	5	1	1	ok
var_balanced	totems	3	1	38	6	3	11.0	11.0	5	5	1	1	ok
var_balanced	totems	3	1	39	6	5	16.2	16.2	5	5	1	1	ok
var_balanced	totems	3	1	40	6	3	10.4	10.4	5	5	1	1	ok
var_balanced	totems	3	2	0	6	2	12.2	12.2	5	5	1	1	ok
var_balanced	totems	3	2	1	6	3	14.2	14.2	5	5	1	1	ok
var_balanced	totems	3	2	2	6	4	5.6	5.6	5	5	1	1	ok
var_balanced	totems	3	2	3	6	4	20.0	20.0	5	5	1	1	ok
var_balanced	totems	3	2	4	6	4	25.2	25.2	5	5	1	1	ok
var_balanced	totems	3	2	5	6	2	12.2	12.2	5	5	1	1	ok
var_balanced	totems	3	2	6	6	2	14.0	14.0	5	5	1	1	ok
var_balanced	totems	3	2	7	6	5	17.4	17.4	5	5	1	1	ok
var_balanced	totems	3	2	8	6	6	33.0	33.0	5	5	1	1	ok
var_balanced	totems	3	2	9	6	1	12.2	12.2	5	5	1	1	ok
var_balanced	totems	3	2	10	6	6	18.6	18.6	5	5	1	1	ok
var_balanced	totems	3	2	11	6	2	20.0	20.0	5	5	1	1	ok
var_balanced	totems	3	2	12	6	3	7.6	7.6	5	5	1	1	ok
var_balanced	totems	3	2	13	6	1	12.2	12.2	5	5	1	1	ok
var_balanced	totems	3	2	14	6	2	5.6	5.6	5	5	1	1	ok
var_balanced	totems	3	2	15	6	6	17.4	17.4	5	5	1	1	ok
var_balanced	totems	3	2	16	6	1	13.4	13.4	5	5	1	1	ok
var_balanced	totems	3	2	17	6	6	5.6	5.6	5	5	1	1	ok
var_balanced	totems	3	2	18	6	6	26.4	26.4	5	5	1	1	ok
var_balanced	totems	3	2	19	6	2	6.4	6.4	5	5	1	1	ok
var_balanced	totems	3	2	20	6	2	12.2	12.2	5	5	1	1	ok
var_balanced	totems	3	2	21	6	2	26.4	26.4	5	5	1	1	ok
var_balanced	totems	3	2	22	6	3	20.0	20.0	5	5	1	1	ok
var_balanced	totems	3	2	23	6	5	6.4	6.4	5	5	1	1	ok
var_balanced	totems	3	2	24	6	3	13.4	13.4	5	5	1	1	ok
var_balanced	totems	3	2	25	6	6	17.4	17.4	5	5	1	1	ok
var_balanced	totems	3	2	26	6	3	5.6	5.6	5	5	1	1	ok
var_balanced	totems	3	2	27	6	1	18.6	18.6	5	5	1	1	ok
var_balanced	totems	3	2	28	6	5	22.0	22.0	5	5	1	1	ok
var_balanced	totems	3	2	29	6	6	5.6	5.6	5	5	1	1	ok
var_balanced	totems	3	2	30	6	5	26.4	26.4	5	5	1	1	ok
var_balanced	totems	3	2	31	6	6	4.4	4.4	5	5	1	1	ok
var_balanced	totems	3	2	32	6	1	5.6	5.6	5	5	1	1	ok
var_balanced	totems	3	2	33	6	6	25.2	25.2	5	5	1	1	ok
var_balanced	totems	3	2	34	6	4	16.8	16.8	5	5	1	1	ok
var_balanced	totems	3	2	35	6	5	6.4	6.4	5	5	1	1	ok
var_balanced	totems	3	2	36	6	2	12.2	12.2	5	5	1	1	ok
var_balanced	totems	3	2	37	6	4	12.2	12.2	5	5	1	1	ok
var_balanced	totems	3	2	38	6	4	5.6	5.6	5	5	1	1	ok
var_balanced	totems	3	2	39	6	6	24.6	24.6	5	5	1	1	ok
var_balanced	totems	3	2	40	6	3	4.4	4.4	5	5	1	1	ok
var_balanced	totems	3	2	41	6	2	13.4	13.4	5	5	1	1	ok
var_balanced	totems	3	2	42	6	2	24.6	24.6	5	5	1	1	ok
var_balanced	totems	3	2	43	6	5	16.8	16.8	5	5	1	1	ok
var_balanced	totems	3	2	44	6	6	5.6	5.6	5	5	1	1	ok
var_balanced	totems	3	2	45	6	3	18.6	18.6	5	5	1	1	ok
var_balanced	totems	3	2	46	6	3	4.4	4.4	5	5	1	1	ok
var_balanced	totems	3	2	47	6	6	17.4	17.4	5	5	1	1	ok
var_balanced	totems	3	2	48	6	6	18.6	18.6	5	5	1	1	ok
var_balanced	totems	3	2	49	6	2	17.4	17.4	5	5	1	1	ok
var_balanced	totems	3	2	50	6	6	4.4	4.4	5	5	1	1	ok
var_balanced	totems	3	2	51	6	4	6.4	6.4	5	5	1	1	ok
var_balanced	totems	3	2	52	6	2	14.2	14.2	5	5	1	1	ok
var_balanced	totems	3	2	53	6	5	16.8	16.8	5	5	1	1	ok
var_balanced	totems	3	2	54	6	2	18.6	18.6	5	5	1	1	ok
var_balanced	totems	3	2	55	6	6	25.2	25.2	5	5	1	1	ok
var_balanced	totems	3	2	56	6	3	5.6	5.6	5	5	1	1	ok
var_balanced	totems	3	2	57	6	4	5.6	5.6	5	5	1	1	ok
var_balanced	totems	3	2	58	6	3	17.4	17.4	5	5	1	1	ok
var_balanced	totems	3	2	59	6	6	18.6	18.6	5	5	1	1	ok
var_balanced	totems	3	2	60	6	6	7.6	7.6	5	5	1	1	ok
var_balanced	totems	3	2	61	6	3	5.6	5.6	5	5	1	1	ok
var_balanced	totems	3	3	0	6	6	13.4	13.4	5	5	1	1	ok
var_balanced	totems	3	3	1	6	3	15.0	15.0	5	5	1	1	ok
var_balanced	totems	3	3	2	6	1	6.8	6.8	5	5	1	1	ok
var_balanced	totems	3	3	3	6	1	6.8	6.8	5	5	1	1	ok
var_balanced	totems	3	3	4	6	5	19.8	19.8	5	5	1	1	ok
var_balanced	totems	3	3	5	6	5	20.6	20.6	5	5	1	1	ok
var_balanced	totems	3	3	6	6	2	19.8	19.8	5	5	1	1	ok
var_balanced	totems	3	3	7	6	5	15.4	15.4	5	5	1	1	ok
var_balanced	totems	3	3	8	6	2	19.2	19.2	5	5	1	1	ok
var_balanced	totems	3	3	9	6	6	20.6	20.6	5	5	1	1	ok
var_balanced	totems	3	3	10	6	1	25.8	25.8	5	5	1	1	ok
var_balanced	totems	3	3	11	6	6	20.6	20.6	5	5	1	1	ok
var_balanced	totems	3	3	12	6	6	19.8	19.8	5	5	1	1	ok
var_balanced	totems	3	3	13	6	6	8.0	8.0	5	5	1	1	ok
var_balanced	totems	3	3	14	6	4	13.2	13.2	5	5	1	1	ok
var_balanced	totems	3	3	15	6	6	33.6	33.6	5	5	1	1	ok
var_balanced	totems	3	3	16	6	1	14.6	14.6	5	5	1	1	ok
var_balanced	totems	3	3	17	6	5	21.8	21.8	5	5	1	1	ok
var_balanced	totems	3	3	18	6	2	18.0	18.0	5	5	1	1	ok
var_balanced	totems	3	3	19	6	2	15.4	15.4	5	5	1	1	ok
var_balanced	totems	3	3	20	6	1	20.2	20.2	5	5	1	1	ok
var_balanced	totems	3	3	21	6	6	18.0	18.0	5	5	1	1	ok
var_balanced	totems	3	3	22	6	3	21.2	21.2	5	5	1	1	ok
var_balanced	totems	3	3	23	6	1	34.0	34.0	5	5	1	1	ok
var_balanced	totems	3	3	24	6	1	12.8	12.8	5	5	1	1	ok
var_balanced	totems	3	3	25	6	5	14.8	14.8	5	5	1	1	ok
var_balanced	totems	3	3	26	6	4	14.6	14.6	5	5	1	1	ok
var_balanced	totems	3	3	27	6	5	26.2	26.2	5	5	1	1	ok
var_balanced	totems	3	3	28	6	6	18.6	18.6	5	5	1	1	ok
var_balanced	totems	3	3	29	6	6	14.2	14.2	5	5	1	1	ok
var_balanced	totems	3	3	30	6	2	14.8	14.8	5	5	1	1	ok
var_balanced	totems	3	3	31	6	5	14.0	14.0	5	5	1	1	ok
var_balanced	totems	3	3	32	6	4	28.4	28.4	5	5	1	1	ok
var_balanced	totems	3	3	33	6	3	7.6	7.6	5	5	1	1	ok
var_balanced	totems	3	3	34	6	2	15.0	15.0	5	5	1	1	ok
var_balanced	totems	3	3	35	6	2	27.6	27.6	5	5	1	1	ok
var_balanced	totems	3	3	36	6	6	13.0	13.0	5	5	1	1	ok
var_balanced	totems	3	3	37	6	2	20.6	20.6	5	5	1	1	ok
var_balanced	totems	3	3	38	6	6	22.4	22.4	5	5	1	1	ok
var_balanced	totems	3	3	39	6	1	33.6	33.6	5	5	1	1	ok
var_balanced	totems	3	3	40	6	6	6.8	6.8	5	5	1	1	ok
var_balanced	totems	3	3	41	6	2	8.0	8.0	5	5	1	1	ok
var_balanced	totems	3	3	42	6	3	16.6	16.6	5	5	1	1	ok
var_balanced	totems	3	3	43	6	6	20.4	20.4	5	5	1	1	ok
var_balanced	totems	3	3	44	6	2	14.2	14.2	5	5	1	1	ok
var_balanced	totems	3	3	45	6	3	27.6	27.6	5	5	1	1	ok
var_balanced	totems	3	3	46	6	6	21.0	21.0	5	5	1	1	ok
var_balanced	totems	3	3	47	6	5	16.6	16.6	5	5	1	1	ok
var_balanced	totems	3	3	48	6	5	8.8	8.8	5	5	1	1	ok
var_balanced	totems	3	3	49	6	3	15.4	15.4	5	5	1	1	ok
var_balanced	totems	3	3	50	6	4	13.0	13.0	5	5	1	1	ok
var_balanced	totems	3	3	51	6	1	10.0	10.0	5	5	1	1	ok
var_balanced	totems	3	3	52	6	6	8.8	8.8	5	5	1	1	ok
var_balanced	totems	3	3	53	6	2	19.2	19.2	5	5	1	1	ok
var_balanced	totems	3	3	54	6	3	19.8	19.8	5	5	1	1	ok
var_balanced	totems	3	3	55	6	1	25.4	25.4	5	5	1	1	ok
var_balanced	totems	3	3	56	6	1	21.8	21.8	5	5	1	1	ok
var_balanced	totems	3	3	57	6	1	14.6	14.6	5	5	1	1	ok
var_balanced	totems	3	3	58	6	1	15.4	15.4	5	5	1	1	ok
var_balanced	totems	3	3	59	6	4	25.8	25.8	5	5	1	1	ok
var_balanced	totems	3	3	60	6	1	7.6	7.6	5	5	1	1	ok
var_balanced	totems	3	3	61	6	6	6.8	6.8	5	5	1	1	ok
var_balanced	totems	3	4	0	6	1	15.4	15.4	5	5	1	1	ok
var_balanced	totems	3	4	1	6	1	34.8	34.8	5	5	1	1	ok
var_balanced	totems	3	4	2	6	1	23.4	23.4	5	5	1	1	ok
var_balanced	totems	3	4	3	6	5	17.0	17.0	5	5	1	1	ok
var_balanced	totems	3	4	4	6	6	34.8	34.8	5	5	1	1	ok
var_balanced	totems	3	4	5	6	6	15.8	15.8	5	5	1	1	ok
var_balanced	totems	3	4	6	6	5	34.8	34.8	5	5	1	1	ok
var_balanced	totems	3	4	7	6	1	24.4	24.4	5	5	1	1	ok
var_balanced	totems	3	4	8	6	6	20.4	20.4	5	5	1	1	ok
var_balanced	totems	3	4	9	6	5	23.6	23.6	5	5	1	1	ok
var_balanced	totems	3	4	10	6	2	16.6	16.6	5	5	1	1	ok
var_balanced	totems	3	4	11	6	6	22.0	22.0	5	5	1	1	ok
var_balanced	totems	3	4	12	6	2	28.6	28.6	5	5	1	1	ok
var_balanced	totems	3	4	13	6	3	22.4	22.4	5	5	1	1	ok
var_balanced	totems	3	4	14	6	2	23.2	23.2	5	5	1	1	ok
var_balanced	totems	3	4	15	6	5	24.0	24.0	5	5	1	1	ok
var_balanced	totems	3	4	16	6	2	15.2	15.2	5	5	1	1	ok
var_balanced	totems	3	4	17	6	2	15.2	15.2	5	5	1	1	ok
var_balanced	totems	3	4	18	6	4	28.0	28.0	5	5	1	1	ok
var_balanced	totems	3	4	19	6	3	26.4	26.4	5	5	1	1	ok
var_balanced	totems	3	4	20	6	1	15.8	15.8	5	5	1	1	ok
var_balanced	totems	3	4	21	6	4	20.4	20.4	5	5	1	1	ok
var_balanced	totems	3	4	22	6	5	23.2	23.2	5	5	1	1	ok
var_balanced	totems	3	4	23	6	6	28.4	28.4	5	5	1	1	ok
var_balanced	totems	3	4	24	6	4	17.0	17.0	5	5	1	1	ok
var_balanced	totems	3	4	25	6	1	34.8	34.8	5	5	1	1	ok
var_balanced	totems	3	4	26	6	3	23.0	23.0	5	5	1	1	ok
var_balanced	totems	3	4	27	6	5	10.0	10.0	5	5	1	1	ok
var_balanced	totems	3	4	28	6	1	16.6	16.6	5	5	1	1	ok
var_balanced	totems	3	4	29	6	1	9.2	9.2	5	5	1	1	ok
var_balanced	totems	3	4	30	6	5	16.2	16.2	5	5	1	1	ok
var_balanced	totems	3	4	31	6	3	15.2	15.2	5	5	1	1	ok
var_balanced	totems	3	4	32	6	4	21.4	21.4	5	5	1	1	ok
var_balanced	totems	3	4	33	6	5	16.6	16.6	5	5	1	1	ok
var_balanced	totems	3	4	34	6	3	16.6	16.6	5	5	1	1	ok
var_balanced	totems	3	4	35	6	6	16.6	16.6	5	5	1	1	ok
var_balanced	totems	3	4	36	6	3	23.6	23.6	5	5	1	1	ok
var_balanced	totems	3	4	37	6	2	9.2	9.2	5	5	1	1	ok
var_balanced	totems	3	4	38	6	5	15.8	15.8	5	5	1	1	ok
var_balanced	totems	3	4	39	6	2	35.0	35.0	5	5	1	1	ok
var_balanced	totems	3	4	40	6	2	16.8	16.8	5	5	1	1	ok
var_balanced	totems	3	4	41	6	6	15.8	15.8	5	5	1	1	ok
var_balanced	totems	3	4	42	6	4	34.8	34.8	5	5	1	1	ok
var_balanced	totems	3	4	43	6	1	34.8	34.8	5	5	1	1	ok
var_balanced	totems	3	4	44	6	2	15.8	15.8	5	5	1	1	ok
var_balanced	totems	3	4	45	6	4	17.8	17.8	5	5	1	1	ok
var_balanced	totems	3	4	46	6	4	22.0	22.0	5	5	1	1	ok
var_balanced	totems	3	4	47	6	4	24.0	24.0	5	5	1	1	ok
var_balanced	totems	3	4	48	6	2	10.0	10.0	5	5	1	1	ok
var_balanced	totems	3	4	49	6	2	35.0	35.0	5	5	1	1	ok
var_balanced	totems	3	4	50	6	2	15.8	15.8	5	5	1	1	ok
var_balanced	totems	3	4	51	6	5	11.2	11.2	5	5	1	1	ok
var_balanced	totems	3	4	52	6	1	10.0	10.0	5	5	1	1	ok
var_balanced	totems	3	4	53	6	4	27.8	27.8	5	5	1	1	ok
var_balanced	totems	3	4	54	6	1	22.2	22.2	5	5	1	1	ok
var_balanced	totems	3	4	55	6	3	26.6	26.6	5	5	1	1	ok
var_balanced	totems	3	4	56	6	3	17.0	17.0	5	5	1	1	ok
var_balanced	totems	3	4	57	6	5	23.4	23.4	5	5	1	1	ok
var_balanced	totems	3	4	58	6	1	27.2	27.2	5	5	1	1	ok
var_balanced	totems	3	4	59	6	2	20.4	20.4	5	5	1	1	ok
var_balanced	totems	3	4	60	6	1	10.0	10.0	5	5	1	1	ok
var_balanced	totems	3	4	61	6	1	23.0	23.0	5	5	1	1	ok
var_balanced	totems	3	4	62	6	5	29.6	29.6	5	5	1	1	ok
var_balanced	totems	3	4	63	6	4	21.4	21.4	5	5	1	1	ok
var_balanced	totems	3	4	64	6	5	21.4	21.4	5	5	1	1	ok
var_balanced	totems	3	4	65	6	2	27.2	27.2	5	5	1	1	ok
var_balanced	totems	3	4	66	6	6	9.2	9.2	5	5	1	1	ok
var_balanced	totems	3	4	67	6	4	29.8	29.8	5	5	1	1	ok
var_balanced	totems	3	4	68	6	3	16.2	16.2	5	5	1	1	ok
var_balanced	totems	3	4	69	6	6	27.2	27.2	5	5	1	1	ok
var_balanced	totems	3	4	70	6	5	21.6	21.6	5	5	1	1	ok
var_balanced	totems	3	4	71	6	3	21.6	21.6	5	5	1	1	ok
var_balanced	totems	3	4	72	6	4	30.0	30.0	5	5	1	1	ok
var_balanced	totems	3	4	73	6	6	35.0	35.0	5	5	1	1	ok
var_balanced	totems	3	4	74	6	5	20.4	20.4	5	5	1	1	ok
var_balanced	totems	3	4	75	6	6	34.4	34.4	5	5	1	1	ok
var_balanced	totems	3	4	76	6	6	26.6	26.6	5	5	1	1	ok
var_balanced	totems	3	4	77	6	2	22.4	22.4	5	5	1	1	ok
var_balanced	totems	3	4	78	6	1	35.0	35.0	5	5	1	1	ok
var_balanced	totems	3	4	79	6	2	26.8	26.8	5	5	1	1	ok
var_balanced	totems	3	4	80	6	1	29.6	29.6	5	5	1	1	ok
var_balanced	totems	3	4	81	6	2	23.0	23.0	5	5	1	1	ok
var_balanced	totems	3	4	82	6	6	15.8	15.8	5	5	1	1	ok
var_balanced	totems	3	4	83	6	6	27.6	27.6	5	5	1	1	ok
var_balanced	totems	3	4	84	6	1	22.2	22.2	5	5	1	1	ok
var_balanced	totems	3	4	85	6	6	10.4	10.4	5	5	1	1	ok
var_balanced	totems	3	4	86	6	5	21.4	21.4	5	5	1	1	ok
var_balanced	totems	3	4	87	6	2	9.2	9.2	5	5	1	1	ok
var_balanced	totems	3	4	88	6	2	21.4	21.4	5	5	1	1	ok
var_balanced	totems	3	4	89	6	1	20.4	20.4	5	5	1	1	ok
var_balanced	totems	3	4	90	6	1	22.0	22.0	5	5	1	1	ok
var_balanced	totems	3	4	91	6	5	9.2	9.2	5	5	1	1	ok
var_balanced	totems	3	4	92	6	4	15.8	15.8	5	5	1	1	ok
var_balanced	totems	3	4	93	6	6	30.0	30.0	5	5	1	1	ok
var_balanced	totems	3	4	94	6	4	22.2	22.2	5	5	1	1	ok
var_balanced	totems	3	4	95	6	3	15.4	15.4	5	5	1	1	ok
var_balanced	totems	3	4	96	6	2	23.6	23.6	5	5	1	1	ok
var_balanced	totems	3	4	97	6	4	21.4	21.4	5	5	1	1	ok
var_balanced	totems	3	4	98	6	5	27.2	27.2	5	5	1	1	ok
var_balanced	totems	3	4	99	6	5	23.6	23.6	5	5	1	1	ok
var_balanced	totems	3	4	100	6	4	17.6	17.6	5	5	1	1	ok
var_balanced	totems	3	4	101	6	1	9.2	9.2	5	5	1	1	ok
var_balanced	totems	3	4	102	6	1	28.6	28.6	5	5	1	1	ok
var_balanced	totems	3	4	103	6	5	15.6	15.6	5	5	1	1	ok
var_balanced	totems	3	4	104	6	4	10.4	10.4	5	5	1	1	ok
var_balanced	totems	3	4	105	6	3	29.8	29.8	5	5	1	1	ok
var_balanced	totems	3	4	106	6	1	27.6	27.6	5	5	1	1	ok
var_balanced	totems	3	4	107	6	4	23.2	23.2	5	5	1	1	ok
var_balanced	totems	3	4	108	6	4	23.6	23.6	5	5	1	1	ok
var_balanced	totems	3	4	109	6	1	34.4	34.4	5	5	1	1	ok
var_balanced	totems	3	4	110	6	6	23.6	23.6	5	5	1	1	ok
var_balanced	totems	3	4	111	6	3	26.8	26.8	5	5	1	1	ok
var_balanced	totems	3	4	112	6	4	21.2	21.2	5	5	1	1	ok
var_balanced	totems	3	4	113	6	3	10.4	10.4	5	5	1	1	ok
var_balanced	totems	3	4	114	6	1	21.8	21.8	5	5	1	1	ok
var_balanced	totems	3	4	115	6	2	10.0	10.0	5	5	1	1	ok
var_balanced	totems	3	4	116	6	2	22.4	22.4	5	5	1	1	ok
var_balanced	totems	3	4	117	6	1	23.0	23.0	5	5	1	1	ok
var_balanced	totems	3	4	118	6	2	34.4	34.4	5	5	1	1	ok
var_balanced	totems	3	4	119	6	1	23.6	23.6	5	5	1	1	ok
var_balanced	totems	3	4	120	6	2	21.0	21.0	5	5	1	1	ok
var_balanced	totems	3	4	121	6	1	9.2	9.2	5	5	1	1	ok
var_balanced	totems	3	4	122	6	5	15.2	15.2	5	5	1	1	ok
var_balanced	totems	3	4	123	6	3	27.0	27.0	5	5	1	1	ok
var_balanced	totems	3	4	124	6	6	15.2	15.2	5	5	1	1	ok
var_balanced	totems	3	5	0	6	2	17.6	17.6	5	5	1	1	ok
var_balanced	totems	3	5	1	6	3	35.8	35.8	5	5	1	1	ok
var_balanced	totems	3	5	2	6	3	11.6	11.6	5	5	1	1	ok
var_balanced	totems	3	5	3	6	3	18.2	18.2	5	5	1	1	ok
var_balanced	totems	3	5	4	6	6	35.2	35.2	5	5	1	1	ok
var_balanced	totems	3	5	5	6	3	31.0	31.0	5	5	1	1	ok
var_balanced	totems	3	5	6	6	2	18.6	18.6	5	5	1	1	ok
var_balanced	totems	3	5	7	6	6	25.2	25.2	5	5	1	1	ok
var_balanced	totems	3	5	8	6	1	35.2	35.2	5	5	1	1	ok
var_balanced	totems	3	5	9	6	6	30.6	30.6	5	5	1	1	ok
var_balanced	totems	3	5	10	6	3	35.2	35.2	5	5	1	1	ok
var_balanced	totems	3	5	11	6	6	30.2	30.2	5	5	1	1	ok
var_balanced	totems	3	5	12	6	4	35.8	35.8	5	5	1	1	ok
var_balanced	totems	3	5	13	6	6	30.4	30.4	5	5	1	1	ok
var_balanced	totems	3	5	14	6	4	24.2	24.2	5	5	1	1	ok
var_balanced	totems	3	5	15	6	3	36.0	36.0	5	5	1	1	ok
var_balanced	totems	3	5	16	6	5	18.2	18.2	5	5	1	1	ok
var_balanced	totems	3	5	17	6	4	24.0	24.0	5	5	1	1	ok
var_balanced	totems	3	5	18	6	5	22.8	22.8	5	5	1	1	ok
var_balanced	totems	3	5	19	6	4	25.0	25.0	5	5	1	1	ok
var_balanced	totems	3	5	20	6	5	18.2	18.2	5	5	1	1	ok
var_balanced	totems	3	5	21	6	2	29.0	29.0	5	5	1	1	ok
var_balanced	totems	3	5	22	6	3	31.0	31.0	5	5	1	1	ok
var_balanced	totems	3	5	23	6	2	29.0	29.0	5	5	1	1	ok
var_balanced	totems	3	5	24	6	5	17.8	17.8	5	5	1	1	ok
var_balanced	totems	3	5	25	6	1	18.6	18.6	5	5	1	1	ok
var_balanced	totems	3	5	26	6	1	24.8	24.8	5	5	1	1	ok
var_balanced	totems	3	5	27	6	4	18.8	18.8	5	5	1	1	ok
var_balanced	totems	3	5	28	6	6	18.8	18.8	5	5	1	1	ok
var_balanced	totems	3	5	29	6	5	24.4	24.4	5	5	1	1	ok
var_balanced	totems	3	5	30	6	4	35.2	35.2	5	5	1	1	ok
var_balanced	totems	3	5	31	6	6	30.4	30.4	5	5	1	1	ok
var_balanced	totems	3	5	32	6	2	30.8	30.8	5	5	1	1	ok
var_balanced	totems	3	5	33	6	6	29.4	29.4	5	5	1	1	ok
var_balanced	totems	3	5	34	6	2	12.4	12.4	5	5	1	1	ok
var_balanced	totems	3	5	35	6	2	18.6	18.6	5	5	1	1	ok
var_balanced	totems	3	5	36	6	4	24.4	24.4	5	5	1	1	ok
var_balanced	totems	3	5	37	6	4	17.8	17.8	5	5	1	1	ok
var_balanced	totems	3	5	38	6	2	18.0	18.0	5	5	1	1	ok
var_balanced	totems	3	5	39	6	3	35.2	35.2	5	5	1	1	ok
var_balanced	totems	3	5	40	6	2	11.6	11.6	5	5	1	1	ok
var_balanced	totems	3	5	41	6	5	24.2	24.2	5	5	1	1	ok
var_balanced	totems	3	5	42	6	3	18.6	18.6	5	5	1	1	ok
var_balanced	totems	3	5	43	6	1	35.6	35.6	5	5	1	1	ok
var_balanced	totems	3	5	44	6	4	24.2	24.2	5	5	1	1	ok
var_balanced	totems	3	5	45	6	1	25.2	25.2	5	5	1	1	ok
var_balanced	totems	3	5	46	6	5	24.4	24.4	5	5	1	1	ok
var_balanced	totems	3	5	47	6	4	18.6	18.6	5	5	1	1	ok
var_balanced	totems	3	5	48	6	1	12.4	12.4	5	5	1	1	ok
var_balanced	totems	3	5	49	6	1	18.8	18.8	5	5	1	1	ok
var_balanced	totems	3	5	50	6	1	31.0	31.0	5	5	1	1	ok
var_balanced	totems	3	5	51	6	4	22.8	22.8	5	5	1	1	ok
var_balanced	totems	3	5	52	6	1	23.4	23.4	5	5	1	1	ok
var_balanced	totems	3	5	53	6	3	29.8	29.8	5	5	1	1	ok
var_balanced	totems	3	5	54	6	4	30.0	30.0	5	5	1	1	ok
var_balanced	totems	3	5	55	6	3	35.4	35.4	5	5	1	1	ok
var_balanced	totems	3	5	56	6	6	23.8	23.8	5	5	1	1	ok
var_balanced	totems	3	5	57	6	1	30.6	30.6	5	5	1	1	ok
var_balanced	totems	3	5	58	6	1	30.0	30.0	5	5	1	1	ok
var_balanced	totems	3	5	59	6	5	29.2	29.2	5	5	1	1	ok
var_balanced	totems	3	5	60	6	4	12.4	12.4	5	5	1	1	ok
var_balanced	totems	3	5	61	6	5	24.4	24.4	5	5	1	1	ok
var_balanced	totems	3	5	62	6	4	24.4	24.4	5	5	1	1	ok
var_balanced	totems	3	5	63	6	6	30.4	30.4	5	5	1	1	ok
var_balanced	totems	3	5	64	6	3	24.2	24.2	5	5	1	1	ok
var_balanced	totems	3	5	65	6	1	25.2	25.2	5	5	1	1	ok
var_balanced	totems	3	5	66	6	6	29.8	29.8	5	5	1	1	ok
var_balanced	totems	3	5	67	6	5	31.2	31.2	5	5	1	1	ok
var_balanced	totems	3	5	68	6	6	19.0	19.0	5	5	1	1	ok
var_balanced	totems	3	5	69	6	2	19.0	19.0	5	5	1	1	ok
var_balanced	totems	3	5	70	6	5	23.8	23.8	5	5	1	1	ok
var_balanced	totems	3	5	71	6	3	30.0	30.0	5	5	1	1	ok
var_balanced	totems	3	5	72	6	3	30.6	30.6	5	5	1	1	ok
var_balanced	totems	3	5	73	6	4	25.0	25.0	5	5	1	1	ok
var_balanced	totems	3	5	74	6	1	29.2	29.2	5	5	1	1	ok
var_balanced	totems	3	5	75	6	1	19.0	19.0	5	5	1	1	ok
var_balanced	totems	3	5	76	6	6	29.4	29.4	5	5	1	1	ok
var_balanced	totems	3	5	77	6	3	30.0	30.0	5	5	1	1	ok
var_balanced	totems	3	5	78	6	4	18.6	18.6	5	5	1	1	ok
var_balanced	totems	3	5	79	6	4	24.8	24.8	5	5	1	1	ok
var_balanced	totems	3	5	80	6	6	30.2	30.2	5	5	1	1	ok
var_balanced	totems	3	5	81	6	2	24.0	24.0	5	5	1	1	ok
var_balanced	totems	3	5	82	6	2	24.0	24.0	5	5	1	1	ok
var_balanced	totems	3	5	83	6	1	36.0	36.0	5	5	1	1	ok
var_balanced	totems	3	5	84	6	5	29.4	29.4	5	5	1	1	ok
var_balanced	totems	3	5	85	6	2	17.6	17.6	5	5	1	1	ok
var_balanced	totems	3	5	86	6	5	17.8	17.8	5	5	1	1	ok
var_balanced	totems	3	5	87	6	2	17.8	17.8	5	5	1	1	ok
var_balanced	totems	3	5	88	6	6	17.6	17.6	5	5	1	1	ok
var_balanced	totems	3	5	89	6	2	12.4	12.4	5	5	1	1	ok
var_balanced	totems	3	5	90	6	4	18.2	18.2	5	5	1	1	ok
var_balanced	totems	3	5	91	6	4	24.0	24.0	5	5	1	1	ok
var_balanced	totems	3	5	92	6	3	30.8	30.8	5	5	1	1	ok
var_balanced	totems	3	5	93	6	6	24.2	24.2	5	5	1	1	ok
var_balanced	totems	3	5	94	6	3	24.8	24.8	5	5	1	1	ok
var_balanced	totems	3	5	95	6	3	30.8	30.8	5	5	1	1	ok
var_balanced	totems	3	5	96	6	1	31.0	31.0	5	5	1	1	ok
var_balanced	totems	3	5	97	6	6	24.2	24.2	5	5	1	1	ok
var_balanced	totems	3	5	98	6	1	35.6	35.6	5	5	1	1	ok
var_balanced	totems	3	5	99	6	4	17.6	17.6	5	5	1	1	ok
var_balanced	totems	3	5	100	6	4	24.8	24.8	5	5	1	1	ok
var_balanced	totems	3	5	101	6	1	23.8	23.8	5	5	1	1	ok
var_balanced	totems	3	5	102	6	4	18.6	18.6	5	5	1	1	ok
var_balanced	totems	3	5	103	6	2	24.2	24.2	5	5	1	1	ok
var_balanced	totems	3	5	104	6	3	17.6	17.6	5	5	1	1	ok
var_balanced	totems	3	5	105	6	4	31.0	31.0	5	5	1	1	ok
var_balanced	totems	3	5	106	6	6	35.6	35.6	5	5	1	1	ok
var_balanced	totems	3	5	107	6	6	24.4	24.4	5	5	1	1	ok
var_balanced	totems	3	5	108	6	4	24.0	24.0	5	5	1	1	ok
var_balanced	totems	3	5	109	6	4	35.4	35.4	5	5	1	1	ok
var_balanced	totems	3	5	110	6	3	18.8	18.8	5	5	1	1	ok
var_balanced	totems	3	5	111	6	1	29.0	29.0	5	5	1	1	ok
var_balanced	totems	3	5	112	6	2	31.4	31.4	5	5	1	1	ok
var_balanced	totems	3	5	113	6	6	30.6	30.6	5	5	1	1	ok
var_balanced	totems	3	5	114	6	6	30.2	30.2	5	5	1	1	ok
var_balanced	totems	3	5	115	6	6	12.4	12.4	5	5	1	1	ok
var_balanced	totems	3	5	116	6	4	30.6	30.6	5	5	1	1	ok
var_balanced	totems	3	5	117	6	4	30.0	30.0	5	5	1	1	ok
var_balanced	totems	3	5	118	6	6	30.0	30.0	5	5	1	1	ok
var_balanced	totems	3	5	119	6	6	17.8	17.8	5	5	1	1	ok
var_balanced	totems	3	5	120	6	2	36.2	36.2	5	5	1	1	ok
var_balanced	totems	3	5	121	6	4	30.6	30.6	5	5	1	1	ok
var_balanced	totems	3	5	122	6	1	23.8	23.8	5	5	1	1	ok
var_balanced	totems	3	5	123	6	4	29.4	29.4	5	5	1	1	ok
var_balanced	totems	3	5	124	6	4	24.0	24.0	5	5	1	1	ok
