mode,domain,dim,var,trial_idx,oddball_idx,n_tiles,avg_edit_distance,distances_json
data,glyphs,3,0,0,3,6,2.000000,"[2.0, 2.0, 2.0, 2.0, 2.0]"
data,glyphs,3,0,1,3,6,29.000000,"[29.0, 29.0, 29.0, 29.0, 29.0]"
data,glyphs,3,0,2,6,6,29.000000,"[29.0, 29.0, 29.0, 29.0, 29.0]"
data,glyphs,3,0,3,3,6,2.000000,"[2.0, 2.0, 2.0, 2.0, 2.0]"
data,glyphs,3,0,4,3,6,2.000000,"[2.0, 2.0, 2.0, 2.0, 2.0]"
data,glyphs,3,0,5,5,6,37.000000,"[37.0, 37.0, 37.0, 37.0, 37.0]"
data,glyphs,3,0,6,4,6,2.000000,"[2.0, 2.0, 2.0, 2.0, 2.0]"
data,glyphs,3,0,7,4,6,37.000000,"[37.0, 37.0, 37.0, 37.0, 37.0]"
data,glyphs,3,0,8,4,6,29.000000,"[29.0, 29.0, 29.0, 29.0, 29.0]"
data,glyphs,3,0,9,6,6,2.000000,"[2.0, 2.0, 2.0, 2.0, 2.0]"
data,glyphs,3,0,10,5,6,29.000000,"[29.0, 29.0, 29.0, 29.0, 29.0]"
data,glyphs,3,0,11,4,6,29.000000,"[29.0, 29.0, 29.0, 29.0, 29.0]"
data,glyphs,3,0,12,4,6,14.000000,"[14.0, 14.0, 14.0, 14.0, 14.0]"
data,glyphs,3,0,13,6,6,2.000000,"[2.0, 2.0, 2.0, 2.0, 2.0]"
data,glyphs,3,0,14,6,6,2.000000,"[2.0, 2.0, 2.0, 2.0, 2.0]"
data,glyphs,3,0,15,3,6,29.000000,"[29.0, 29.0, 29.0, 29.0, 29.0]"
data,glyphs,3,0,16,5,6,29.000000,"[29.0, 29.0, 29.0, 29.0, 29.0]"
data,glyphs,3,0,17,6,6,2.000000,"[2.0, 2.0, 2.0, 2.0, 2.0]"
data,glyphs,3,0,18,1,6,2.000000,"[2.0, 2.0, 2.0, 2.0, 2.0]"
data,glyphs,3,0,19,4,6,2.000000,"[2.0, 2.0, 2.0, 2.0, 2.0]"
data,glyphs,3,0,20,3,6,14.000000,"[14.0, 14.0, 14.0, 14.0, 14.0]"
data,glyphs,3,0,21,1,6,29.000000,"[29.0, 29.0, 29.0, 29.0, 29.0]"
data,glyphs,3,0,22,3,6,2.000000,"[2.0, 2.0, 2.0, 2.0, 2.0]"
data,glyphs,3,0,23,3,6,14.000000,"[14.0, 14.0, 14.0, 14.0, 14.0]"
data,glyphs,3,0,24,4,6,2.000000,"[2.0, 2.0, 2.0, 2.0, 2.0]"
data,glyphs,3,1,0,3,6,10.400000,"[16.0, 2.0, 16.0, 2.0, 16.0]"
data,glyphs,3,1,1,3,6,30.200000,"[29.0, 31.0, 31.0, 31.0, 29.0]"
data,glyphs,3,1,2,4,6,43.400000,"[29.0, 29.0, 53.0, 53.0, 53.0]"
data,glyphs,3,1,3,5,6,3.200000,"[4.0, 2.0, 2.0, 4.0, 4.0]"
data,glyphs,3,1,4,3,6,3.200000,"[4.0, 4.0, 2.0, 2.0, 4.0]"
data,glyphs,3,1,5,2,6,30.200000,"[31.0, 29.0, 31.0, 29.0, 31.0]"
data,glyphs,3,1,6,1,6,3.200000,"[4.0, 2.0, 2.0, 4.0, 4.0]"
data,glyphs,3,1,7,2,6,15.200000,"[14.0, 16.0, 16.0, 14.0, 16.0]"
data,glyphs,3,1,8,5,6,38.200000,"[39.0, 39.0, 37.0, 39.0, 37.0]"
data,glyphs,3,1,9,5,6,10.400000,"[16.0, 2.0, 2.0, 16.0, 16.0]"
data,glyphs,3,1,10,3,6,30.200000,"[31.0, 29.0, 29.0, 31.0, 31.0]"
data,glyphs,3,1,11,6,6,30.200000,"[31.0, 29.0, 31.0, 29.0, 31.0]"
data,glyphs,3,1,12,4,6,30.200000,"[31.0, 31.0, 29.0, 31.0, 29.0]"
data,glyphs,3,1,13,5,6,19.400000,"[31.0, 31.0, 2.0, 31.0, 2.0]"
data,glyphs,3,1,14,5,6,19.400000,"[31.0, 2.0, 31.0, 31.0, 2.0]"
data,glyphs,3,1,15,5,6,38.200000,"[39.0, 37.0, 39.0, 37.0, 39.0]"
data,glyphs,3,1,16,1,6,36.400000,"[36.0, 37.0, 37.0, 36.0, 36.0]"
data,glyphs,3,1,17,1,6,3.200000,"[2.0, 4.0, 2.0, 4.0, 4.0]"
data,glyphs,3,1,18,4,6,3.200000,"[4.0, 2.0, 2.0, 4.0, 4.0]"
data,glyphs,3,1,19,3,6,3.200000,"[2.0, 4.0, 4.0, 2.0, 4.0]"
data,glyphs,3,1,20,1,6,33.200000,"[46.0, 46.0, 14.0, 14.0, 46.0]"
data,glyphs,3,1,21,2,6,37.400000,"[29.0, 29.0, 43.0, 43.0, 43.0]"
data,glyphs,3,1,22,3,6,3.200000,"[4.0, 4.0, 2.0, 2.0, 4.0]"
data,glyphs,3,1,23,1,6,33.200000,"[14.0, 46.0, 46.0, 14.0, 46.0]"
data,glyphs,3,1,24,4,6,3.200000,"[2.0, 4.0, 4.0, 4.0, 2.0]"
data,glyphs,3,2,0,4,6,25.400000,"[4.0, 39.0, 39.0, 41.0, 4.0]"
data,glyphs,3,2,1,6,6,47.600000,"[29.0, 58.0, 31.0, 60.0, 60.0]"
data,glyphs,3,2,2,1,6,44.200000,"[31.0, 53.0, 53.0, 31.0, 53.0]"
data,glyphs,3,2,3,1,6,27.800000,"[45.0, 31.0, 2.0, 45.0, 16.0]"
data,glyphs,3,2,4,5,6,4.400000,"[4.0, 6.0, 4.0, 4.0, 4.0]"
data,glyphs,3,2,5,6,6,35.000000,"[29.0, 39.0, 31.0, 37.0, 39.0]"
data,glyphs,3,2,6,3,6,20.600000,"[33.0, 31.0, 33.0, 2.0, 4.0]"
data,glyphs,3,2,7,3,6,39.400000,"[39.0, 37.0, 41.0, 41.0, 39.0]"
data,glyphs,3,2,8,6,6,47.000000,"[57.0, 59.0, 31.0, 57.0, 31.0]"
data,glyphs,3,2,9,1,6,18.800000,"[16.0, 30.0, 2.0, 30.0, 16.0]"
data,glyphs,3,2,10,4,6,60.400000,"[37.0, 76.0, 74.0, 39.0, 76.0]"
data,glyphs,3,2,11,1,6,46.800000,"[58.0, 31.0, 58.0, 29.0, 58.0]"
data,glyphs,3,2,12,5,6,31.400000,"[33.0, 33.0, 29.0, 33.0, 29.0]"
data,glyphs,3,2,13,4,6,39.600000,"[39.0, 31.0, 31.0, 58.0, 39.0]"
data,glyphs,3,2,14,6,6,4.400000,"[6.0, 4.0, 4.0, 4.0, 4.0]"
data,glyphs,3,2,15,5,6,37.400000,"[43.0, 29.0, 43.0, 29.0, 43.0]"
data,glyphs,3,2,16,6,6,39.400000,"[37.0, 39.0, 41.0, 41.0, 39.0]"
data,glyphs,3,2,17,4,6,27.800000,"[31.0, 45.0, 45.0, 16.0, 2.0]"
data,glyphs,3,2,18,2,6,25.400000,"[41.0, 4.0, 39.0, 4.0, 39.0]"
data,glyphs,3,2,19,1,6,20.600000,"[4.0, 33.0, 4.0, 31.0, 31.0]"
data,glyphs,3,2,20,5,6,39.400000,"[39.0, 41.0, 39.0, 39.0, 39.0]"
data,glyphs,3,2,21,5,6,23.600000,"[30.0, 14.0, 16.0, 28.0, 30.0]"
data,glyphs,3,2,22,6,6,11.600000,"[16.0, 4.0, 16.0, 4.0, 18.0]"
data,glyphs,3,2,23,1,6,52.400000,"[31.0, 31.0, 66.0, 68.0, 66.0]"
data,glyphs,3,2,24,5,6,25.400000,"[4.0, 41.0, 2.0, 39.0, 41.0]"
data,glyphs,3,3,0,4,6,26.600000,"[41.0, 4.0, 4.0, 41.0, 43.0]"
data,glyphs,3,3,1,3,6,36.000000,"[48.0, 50.0, 14.0, 18.0, 50.0]"
data,glyphs,3,3,2,5,6,17.600000,"[20.0, 20.0, 18.0, 14.0, 16.0]"
data,glyphs,3,3,3,5,6,27.600000,"[31.0, 33.0, 16.0, 40.0, 18.0]"
data,glyphs,3,3,4,5,6,21.800000,"[35.0, 31.0, 6.0, 31.0, 6.0]"
data,glyphs,3,3,5,5,6,32.600000,"[33.0, 35.0, 33.0, 31.0, 31.0]"
data,glyphs,3,3,6,1,6,42.800000,"[70.0, 33.0, 41.0, 2.0, 68.0]"
data,glyphs,3,3,7,2,6,42.200000,"[14.0, 61.0, 47.0, 28.0, 61.0]"
data,glyphs,3,3,8,3,6,32.600000,"[33.0, 35.0, 33.0, 31.0, 31.0]"
data,glyphs,3,3,9,2,6,29.000000,"[16.0, 31.0, 33.0, 47.0, 18.0]"
data,glyphs,3,3,10,6,6,74.600000,"[66.0, 68.0, 105.0, 29.0, 105.0]"
data,glyphs,3,3,11,4,6,45.600000,"[50.0, 50.0, 39.0, 50.0, 39.0]"
data,glyphs,3,3,12,5,6,41.600000,"[50.0, 50.0, 36.0, 41.0, 31.0]"
data,glyphs,3,3,13,4,6,33.800000,"[55.0, 18.0, 53.0, 39.0, 4.0]"
data,glyphs,3,3,14,6,6,24.200000,"[4.0, 2.0, 39.0, 37.0, 39.0]"
data,glyphs,3,3,15,5,6,53.600000,"[70.0, 66.0, 68.0, 33.0, 31.0]"
data,glyphs,3,3,16,6,6,56.800000,"[70.0, 39.0, 68.0, 68.0, 39.0]"
data,glyphs,3,3,17,1,6,42.800000,"[68.0, 31.0, 41.0, 33.0, 41.0]"
data,glyphs,3,3,18,3,6,33.800000,"[2.0, 55.0, 18.0, 53.0, 41.0]"
data,glyphs,3,3,19,1,6,21.800000,"[35.0, 6.0, 6.0, 31.0, 31.0]"
data,glyphs,3,3,20,5,6,38.200000,"[39.0, 39.0, 37.0, 39.0, 37.0]"
data,glyphs,3,3,21,4,6,33.800000,"[18.0, 45.0, 16.0, 43.0, 47.0]"
data,glyphs,3,3,22,5,6,27.400000,"[43.0, 43.0, 18.0, 2.0, 31.0]"
data,glyphs,3,3,23,4,6,31.000000,"[41.0, 16.0, 39.0, 41.0, 18.0]"
data,glyphs,3,3,24,4,6,26.600000,"[6.0, 41.0, 39.0, 4.0, 43.0]"
data,glyphs,3,4,0,2,6,37.800000,"[41.0, 39.0, 43.0, 33.0, 33.0]"
data,glyphs,3,4,1,2,6,43.200000,"[54.0, 45.0, 18.0, 52.0, 47.0]"
data,glyphs,3,4,2,2,6,45.000000,"[55.0, 59.0, 53.0, 30.0, 28.0]"
data,glyphs,3,4,3,1,6,29.000000,"[41.0, 33.0, 20.0, 31.0, 20.0]"
data,glyphs,3,4,4,1,6,46.200000,"[38.0, 33.0, 58.0, 40.0, 62.0]"
data,glyphs,3,4,5,2,6,39.800000,"[39.0, 39.0, 41.0, 39.0, 41.0]"
data,glyphs,3,4,6,1,6,55.400000,"[89.0, 33.0, 4.0, 89.0, 62.0]"
data,glyphs,3,4,7,6,6,46.800000,"[39.0, 53.0, 50.0, 41.0, 51.0]"
data,glyphs,3,4,8,4,6,67.400000,"[62.0, 57.0, 76.0, 78.0, 64.0]"
data,glyphs,3,4,9,6,6,46.000000,"[45.0, 47.0, 62.0, 43.0, 33.0]"
data,glyphs,3,4,10,5,6,48.200000,"[45.0, 59.0, 61.0, 31.0, 45.0]"
data,glyphs,3,4,11,6,6,50.800000,"[58.0, 58.0, 39.0, 58.0, 41.0]"
data,glyphs,3,4,12,6,6,47.000000,"[32.0, 16.0, 53.0, 69.0, 65.0]"
data,glyphs,3,4,13,5,6,31.600000,"[33.0, 40.0, 40.0, 41.0, 4.0]"
data,glyphs,3,4,14,3,6,35.000000,"[18.0, 55.0, 18.0, 43.0, 41.0]"
data,glyphs,3,4,15,5,6,39.400000,"[35.0, 45.0, 31.0, 43.0, 43.0]"
data,glyphs,3,4,16,5,6,52.600000,"[62.0, 31.0, 36.0, 67.0, 67.0]"
data,glyphs,3,4,17,6,6,60.200000,"[60.0, 41.0, 99.0, 2.0, 99.0]"
data,glyphs,3,4,18,4,6,35.000000,"[4.0, 53.0, 55.0, 6.0, 57.0]"
data,glyphs,3,4,19,6,6,48.800000,"[78.0, 78.0, 43.0, 41.0, 4.0]"
data,glyphs,3,4,20,6,6,44.600000,"[49.0, 47.0, 39.0, 43.0, 45.0]"
data,glyphs,3,4,21,5,6,48.800000,"[58.0, 35.0, 61.0, 61.0, 29.0]"
data,glyphs,3,4,22,6,6,32.200000,"[39.0, 20.0, 46.0, 6.0, 50.0]"
data,glyphs,3,4,23,1,6,71.000000,"[97.0, 97.0, 31.0, 60.0, 70.0]"
data,glyphs,3,4,24,5,6,34.600000,"[4.0, 53.0, 53.0, 45.0, 18.0]"
data,glyphs,3,5,0,3,6,46.400000,"[33.0, 39.0, 43.0, 55.0, 62.0]"
data,glyphs,3,5,1,2,6,48.400000,"[49.0, 45.0, 54.0, 45.0, 49.0]"
data,glyphs,3,5,2,6,6,45.800000,"[47.0, 45.0, 53.0, 31.0, 53.0]"
data,glyphs,3,5,3,6,6,45.200000,"[6.0, 45.0, 64.0, 42.0, 69.0]"
data,glyphs,3,5,4,2,6,41.200000,"[58.0, 20.0, 62.0, 4.0, 62.0]"
data,glyphs,3,5,5,2,6,44.600000,"[35.0, 38.0, 54.0, 42.0, 54.0]"
data,glyphs,3,5,6,1,6,61.400000,"[6.0, 97.0, 33.0, 99.0, 72.0]"
data,glyphs,3,5,7,5,6,57.000000,"[50.0, 61.0, 66.0, 46.0, 62.0]"
data,glyphs,3,5,8,1,6,53.600000,"[54.0, 54.0, 59.0, 70.0, 31.0]"
data,glyphs,3,5,9,1,6,47.200000,"[45.0, 20.0, 62.0, 64.0, 45.0]"
data,glyphs,3,5,10,1,6,63.200000,"[31.0, 47.0, 86.0, 82.0, 70.0]"
data,glyphs,3,5,11,2,6,46.200000,"[38.0, 55.0, 40.0, 50.0, 48.0]"
data,glyphs,3,5,12,6,6,44.400000,"[52.0, 45.0, 52.0, 40.0, 33.0]"
data,glyphs,3,5,13,5,6,47.600000,"[2.0, 49.0, 74.0, 49.0, 64.0]"
data,glyphs,3,5,14,5,6,47.400000,"[4.0, 39.0, 76.0, 41.0, 77.0]"
data,glyphs,3,5,15,6,6,54.200000,"[63.0, 49.0, 53.0, 55.0, 51.0]"
data,glyphs,3,5,16,2,6,56.600000,"[69.0, 70.0, 39.0, 67.0, 38.0]"
data,glyphs,3,5,17,1,6,61.400000,"[41.0, 101.0, 101.0, 31.0, 33.0]"
data,glyphs,3,5,18,2,6,40.000000,"[41.0, 54.0, 33.0, 52.0, 20.0]"
data,glyphs,3,5,19,1,6,52.400000,"[43.0, 84.0, 49.0, 70.0, 16.0]"
data,glyphs,3,5,20,1,6,45.600000,"[40.0, 49.0, 52.0, 49.0, 38.0]"
data,glyphs,3,5,21,1,6,40.000000,"[54.0, 54.0, 40.0, 32.0, 20.0]"
data,glyphs,3,5,22,6,6,55.600000,"[38.0, 80.0, 41.0, 80.0, 39.0]"
data,glyphs,3,5,23,5,6,72.200000,"[64.0, 60.0, 70.0, 68.0, 99.0]"
data,glyphs,3,5,24,5,6,44.800000,"[33.0, 41.0, 49.0, 47.0, 54.0]"
data,nuts_and_bolts,3,0,0,6,6,6.000000,"[6.0, 6.0, 6.0, 6.0, 6.0]"
data,nuts_and_bolts,3,0,1,3,6,2.000000,"[2.0, 2.0, 2.0, 2.0, 2.0]"
data,nuts_and_bolts,3,0,2,3,6,7.000000,"[7.0, 7.0, 7.0, 7.0, 7.0]"
data,nuts_and_bolts,3,0,3,6,6,10.000000,"[10.0, 10.0, 10.0, 10.0, 10.0]"
data,nuts_and_bolts,3,0,4,6,6,6.000000,"[6.0, 6.0, 6.0, 6.0, 6.0]"
data,nuts_and_bolts,3,0,5,3,6,7.000000,"[7.0, 7.0, 7.0, 7.0, 7.0]"
data,nuts_and_bolts,3,0,6,3,6,4.000000,"[4.0, 4.0, 4.0, 4.0, 4.0]"
data,nuts_and_bolts,3,0,7,2,6,7.000000,"[7.0, 7.0, 7.0, 7.0, 7.0]"
data,nuts_and_bolts,3,0,8,1,6,16.000000,"[16.0, 16.0, 16.0, 16.0, 16.0]"
data,nuts_and_bolts,3,0,9,3,6,35.000000,"[35.0, 35.0, 35.0, 35.0, 35.0]"
data,nuts_and_bolts,3,0,10,3,6,10.000000,"[10.0, 10.0, 10.0, 10.0, 10.0]"
data,nuts_and_bolts,3,0,11,4,6,6.000000,"[6.0, 6.0, 6.0, 6.0, 6.0]"
data,nuts_and_bolts,3,0,12,5,6,35.000000,"[35.0, 35.0, 35.0, 35.0, 35.0]"
data,nuts_and_bolts,3,0,13,4,6,6.000000,"[6.0, 6.0, 6.0, 6.0, 6.0]"
data,nuts_and_bolts,3,0,14,4,6,6.000000,"[6.0, 6.0, 6.0, 6.0, 6.0]"
data,nuts_and_bolts,3,0,15,6,6,16.000000,"[16.0, 16.0, 16.0, 16.0, 16.0]"
data,nuts_and_bolts,3,0,16,6,6,7.000000,"[7.0, 7.0, 7.0, 7.0, 7.0]"
data,nuts_and_bolts,3,0,17,3,6,13.000000,"[13.0, 13.0, 13.0, 13.0, 13.0]"
data,nuts_and_bolts,3,0,18,6,6,16.000000,"[16.0, 16.0, 16.0, 16.0, 16.0]"
data,nuts_and_bolts,3,0,19,5,6,2.000000,"[2.0, 2.0, 2.0, 2.0, 2.0]"
data,nuts_and_bolts,3,0,20,6,6,6.000000,"[6.0, 6.0, 6.0, 6.0, 6.0]"
data,nuts_and_bolts,3,0,21,1,6,35.000000,"[35.0, 35.0, 35.0, 35.0, 35.0]"
data,nuts_and_bolts,3,0,22,4,6,4.000000,"[4.0, 4.0, 4.0, 4.0, 4.0]"
data,nuts_and_bolts,3,0,23,3,6,6.000000,"[6.0, 6.0, 6.0, 6.0, 6.0]"
data,nuts_and_bolts,3,0,24,6,6,6.000000,"[6.0, 6.0, 6.0, 6.0, 6.0]"
data,nuts_and_bolts,3,1,0,5,6,27.000000,"[41.0, 6.0, 41.0, 6.0, 41.0]"
data,nuts_and_bolts,3,1,1,4,6,5.600000,"[8.0, 2.0, 2.0, 8.0, 8.0]"
data,nuts_and_bolts,3,1,2,4,6,8.200000,"[9.0, 7.0, 9.0, 7.0, 9.0]"
data,nuts_and_bolts,3,1,3,5,6,11.800000,"[13.0, 10.0, 10.0, 13.0, 13.0]"
data,nuts_and_bolts,3,1,4,3,6,7.200000,"[8.0, 8.0, 6.0, 6.0, 8.0]"
data,nuts_and_bolts,3,1,5,2,6,28.000000,"[42.0, 7.0, 42.0, 7.0, 42.0]"
data,nuts_and_bolts,3,1,6,1,6,11.200000,"[16.0, 4.0, 4.0, 16.0, 16.0]"
data,nuts_and_bolts,3,1,7,2,6,31.000000,"[10.0, 45.0, 45.0, 10.0, 45.0]"
data,nuts_and_bolts,3,1,8,5,6,33.400000,"[45.0, 45.0, 16.0, 45.0, 16.0]"
data,nuts_and_bolts,3,1,9,5,6,36.200000,"[37.0, 35.0, 35.0, 37.0, 37.0]"
data,nuts_and_bolts,3,1,10,4,6,11.800000,"[13.0, 10.0, 10.0, 13.0, 13.0]"
data,nuts_and_bolts,3,1,11,4,6,7.200000,"[8.0, 8.0, 8.0, 6.0, 6.0]"
data,nuts_and_bolts,3,1,12,4,6,38.600000,"[41.0, 41.0, 35.0, 41.0, 35.0]"
data,nuts_and_bolts,3,1,13,5,6,27.000000,"[41.0, 41.0, 6.0, 41.0, 6.0]"
data,nuts_and_bolts,3,1,14,5,6,7.200000,"[8.0, 6.0, 8.0, 8.0, 6.0]"
data,nuts_and_bolts,3,1,15,5,6,33.400000,"[45.0, 16.0, 45.0, 16.0, 45.0]"
data,nuts_and_bolts,3,1,16,1,6,8.800000,"[10.0, 7.0, 7.0, 10.0, 10.0]"
data,nuts_and_bolts,3,1,17,1,6,14.800000,"[13.0, 16.0, 13.0, 16.0, 16.0]"
data,nuts_and_bolts,3,1,18,4,6,17.800000,"[19.0, 16.0, 16.0, 19.0, 19.0]"
data,nuts_and_bolts,3,1,19,3,6,23.000000,"[2.0, 37.0, 37.0, 2.0, 37.0]"
data,nuts_and_bolts,3,1,20,1,6,13.800000,"[6.0, 19.0, 6.0, 19.0, 19.0]"
data,nuts_and_bolts,3,1,21,2,6,38.600000,"[41.0, 35.0, 35.0, 41.0, 41.0]"
data,nuts_and_bolts,3,1,22,3,6,7.600000,"[10.0, 10.0, 4.0, 4.0, 10.0]"
data,nuts_and_bolts,3,1,23,1,6,13.800000,"[6.0, 19.0, 19.0, 6.0, 19.0]"
data,nuts_and_bolts,3,1,24,2,6,9.600000,"[12.0, 6.0, 12.0, 12.0, 6.0]"
data,nuts_and_bolts,3,2,0,1,6,29.400000,"[10.0, 41.0, 41.0, 45.0, 10.0]"
data,nuts_and_bolts,3,2,1,6,6,9.800000,"[15.0, 2.0, 15.0, 8.0, 9.0]"
data,nuts_and_bolts,3,2,2,3,6,10.000000,"[10.0, 12.0, 7.0, 9.0, 12.0]"
data,nuts_and_bolts,3,2,3,6,6,32.800000,"[13.0, 45.0, 48.0, 13.0, 45.0]"
data,nuts_and_bolts,3,2,4,3,6,9.600000,"[10.0, 12.0, 12.0, 6.0, 8.0]"
data,nuts_and_bolts,3,2,5,2,6,10.600000,"[10.0, 13.0, 13.0, 7.0, 10.0]"
data,nuts_and_bolts,3,2,6,1,6,8.800000,"[12.0, 4.0, 6.0, 12.0, 10.0]"
data,nuts_and_bolts,3,2,7,1,6,13.000000,"[13.0, 13.0, 15.0, 12.0, 12.0]"
data,nuts_and_bolts,3,2,8,5,6,21.400000,"[22.0, 19.0, 22.0, 25.0, 19.0]"
data,nuts_and_bolts,3,2,9,2,6,42.200000,"[47.0, 47.0, 41.0, 41.0, 35.0]"
data,nuts_and_bolts,3,2,10,4,6,13.600000,"[13.0, 13.0, 13.0, 13.0, 16.0]"
data,nuts_and_bolts,3,2,11,1,6,27.600000,"[41.0, 42.0, 6.0, 42.0, 7.0]"
data,nuts_and_bolts,3,2,12,1,6,39.800000,"[43.0, 35.0, 35.0, 43.0, 43.0]"
data,nuts_and_bolts,3,2,13,4,6,15.000000,"[16.0, 12.0, 12.0, 16.0, 19.0]"
data,nuts_and_bolts,3,2,14,6,6,29.400000,"[41.0, 6.0, 10.0, 45.0, 45.0]"
data,nuts_and_bolts,3,2,15,6,6,19.600000,"[22.0, 16.0, 22.0, 16.0, 22.0]"
data,nuts_and_bolts,3,2,16,2,6,13.600000,"[18.0, 18.0, 9.0, 16.0, 7.0]"
data,nuts_and_bolts,3,2,17,4,6,34.000000,"[42.0, 48.0, 48.0, 19.0, 13.0]"
data,nuts_and_bolts,3,2,18,2,6,19.000000,"[21.0, 21.0, 16.0, 19.0, 18.0]"
data,nuts_and_bolts,3,2,19,1,6,7.400000,"[6.0, 9.0, 6.0, 8.0, 8.0]"
data,nuts_and_bolts,3,2,20,3,6,10.800000,"[8.0, 8.0, 12.0, 14.0, 12.0]"
data,nuts_and_bolts,3,2,21,5,6,40.400000,"[44.0, 35.0, 42.0, 37.0, 44.0]"
data,nuts_and_bolts,3,2,22,6,6,8.800000,"[6.0, 10.0, 6.0, 10.0, 12.0]"
data,nuts_and_bolts,3,2,23,3,6,15.800000,"[10.0, 22.0, 22.0, 19.0, 6.0]"
data,nuts_and_bolts,3,2,24,3,6,17.400000,"[6.0, 25.0, 19.0, 25.0, 12.0]"
data,nuts_and_bolts,3,3,0,4,6,33.200000,"[51.0, 6.0, 13.0, 51.0, 45.0]"
data,nuts_and_bolts,3,3,1,3,6,30.800000,"[43.0, 44.0, 8.0, 9.0, 50.0]"
data,nuts_and_bolts,3,3,2,5,6,31.000000,"[47.0, 47.0, 44.0, 7.0, 10.0]"
data,nuts_and_bolts,3,3,3,2,6,16.600000,"[19.0, 15.0, 16.0, 21.0, 12.0]"
data,nuts_and_bolts,3,3,4,3,6,30.600000,"[47.0, 8.0, 12.0, 41.0, 45.0]"
data,nuts_and_bolts,3,3,5,2,6,31.000000,"[45.0, 9.0, 7.0, 47.0, 47.0]"
data,nuts_and_bolts,3,3,6,2,6,16.600000,"[19.0, 22.0, 16.0, 13.0, 13.0]"
data,nuts_and_bolts,3,3,7,2,6,13.600000,"[10.0, 15.0, 12.0, 13.0, 18.0]"
data,nuts_and_bolts,3,3,8,2,6,20.200000,"[24.0, 18.0, 22.0, 16.0, 21.0]"
data,nuts_and_bolts,3,3,9,2,6,44.000000,"[45.0, 41.0, 42.0, 45.0, 47.0]"
data,nuts_and_bolts,3,3,10,2,6,33.400000,"[16.0, 48.0, 10.0, 45.0, 48.0]"
data,nuts_and_bolts,3,3,11,5,6,15.000000,"[8.0, 19.0, 14.0, 15.0, 19.0]"
data,nuts_and_bolts,3,3,12,5,6,44.600000,"[51.0, 45.0, 51.0, 41.0, 35.0]"
data,nuts_and_bolts,3,3,13,3,6,35.400000,"[54.0, 51.0, 19.0, 47.0, 6.0]"
data,nuts_and_bolts,3,3,14,2,6,18.400000,"[25.0, 25.0, 19.0, 13.0, 10.0]"
data,nuts_and_bolts,3,3,15,2,6,20.200000,"[16.0, 16.0, 24.0, 21.0, 24.0]"
data,nuts_and_bolts,3,3,16,5,6,17.200000,"[10.0, 25.0, 25.0, 19.0, 7.0]"
data,nuts_and_bolts,3,3,17,5,6,35.200000,"[50.0, 48.0, 44.0, 15.0, 19.0]"
data,nuts_and_bolts,3,3,18,1,6,22.000000,"[19.0, 22.0, 25.0, 25.0, 19.0]"
data,nuts_and_bolts,3,3,19,4,6,10.400000,"[14.0, 9.0, 2.0, 12.0, 15.0]"
data,nuts_and_bolts,3,3,20,6,6,11.400000,"[15.0, 15.0, 9.0, 12.0, 6.0]"
data,nuts_and_bolts,3,3,21,5,6,44.000000,"[50.0, 50.0, 48.0, 35.0, 37.0]"
data,nuts_and_bolts,3,3,22,4,6,28.000000,"[6.0, 41.0, 42.0, 9.0, 42.0]"
data,nuts_and_bolts,3,3,23,1,6,31.800000,"[6.0, 13.0, 47.0, 45.0, 48.0]"
data,nuts_and_bolts,3,3,24,1,6,33.600000,"[41.0, 48.0, 21.0, 8.0, 50.0]"
data,nuts_and_bolts,3,4,0,2,6,34.600000,"[48.0, 47.0, 51.0, 12.0, 15.0]"
data,nuts_and_bolts,3,4,1,2,6,33.400000,"[43.0, 53.0, 9.0, 15.0, 47.0]"
data,nuts_and_bolts,3,4,2,5,6,34.600000,"[51.0, 51.0, 12.0, 44.0, 15.0]"
data,nuts_and_bolts,3,4,3,2,6,37.600000,"[21.0, 48.0, 53.0, 13.0, 53.0]"
data,nuts_and_bolts,3,4,4,5,6,36.800000,"[45.0, 24.0, 22.0, 43.0, 50.0]"
data,nuts_and_bolts,3,4,5,4,6,17.800000,"[15.0, 22.0, 12.0, 19.0, 21.0]"
data,nuts_and_bolts,3,4,6,6,6,35.200000,"[19.0, 54.0, 51.0, 10.0, 42.0]"
data,nuts_and_bolts,3,4,7,2,6,37.600000,"[19.0, 10.0, 47.0, 56.0, 56.0]"
data,nuts_and_bolts,3,4,8,6,6,37.000000,"[47.0, 48.0, 21.0, 22.0, 47.0]"
data,nuts_and_bolts,3,4,9,4,6,45.600000,"[48.0, 44.0, 50.0, 47.0, 39.0]"
data,nuts_and_bolts,3,4,10,2,6,35.200000,"[18.0, 16.0, 47.0, 47.0, 48.0]"
data,nuts_and_bolts,3,4,11,6,6,15.200000,"[8.0, 9.0, 19.0, 21.0, 19.0]"
data,nuts_and_bolts,3,4,12,3,6,47.200000,"[48.0, 48.0, 54.0, 51.0, 35.0]"
data,nuts_and_bolts,3,4,13,4,6,16.600000,"[18.0, 19.0, 13.0, 15.0, 18.0]"
data,nuts_and_bolts,3,4,14,4,6,37.200000,"[50.0, 27.0, 6.0, 54.0, 49.0]"
data,nuts_and_bolts,3,4,15,4,6,22.600000,"[22.0, 25.0, 27.0, 21.0, 18.0]"
data,nuts_and_bolts,3,4,16,6,6,35.800000,"[50.0, 24.0, 45.0, 10.0, 50.0]"
data,nuts_and_bolts,3,4,17,1,6,38.800000,"[21.0, 21.0, 48.0, 50.0, 54.0]"
data,nuts_and_bolts,3,4,18,3,6,38.200000,"[18.0, 48.0, 21.0, 53.0, 51.0]"
data,nuts_and_bolts,3,4,19,4,6,35.600000,"[44.0, 27.0, 14.0, 37.0, 56.0]"
data,nuts_and_bolts,3,4,20,1,6,35.600000,"[21.0, 43.0, 48.0, 42.0, 24.0]"
data,nuts_and_bolts,3,4,21,6,6,44.600000,"[50.0, 48.0, 37.0, 47.0, 41.0]"
data,nuts_and_bolts,3,4,22,6,6,34.000000,"[13.0, 48.0, 48.0, 45.0, 16.0]"
data,nuts_and_bolts,3,4,23,3,6,37.200000,"[27.0, 54.0, 50.0, 43.0, 12.0]"
data,nuts_and_bolts,3,4,24,5,6,38.400000,"[21.0, 54.0, 21.0, 47.0, 49.0]"
data,nuts_and_bolts,3,5,0,4,6,37.600000,"[19.0, 47.0, 51.0, 50.0, 21.0]"
data,nuts_and_bolts,3,5,1,1,6,36.600000,"[56.0, 12.0, 50.0, 18.0, 47.0]"
data,nuts_and_bolts,3,5,2,6,6,35.800000,"[50.0, 16.0, 48.0, 9.0, 56.0]"
data,nuts_and_bolts,3,5,3,5,6,37.600000,"[13.0, 56.0, 54.0, 12.0, 53.0]"
data,nuts_and_bolts,3,5,4,2,6,38.000000,"[22.0, 56.0, 41.0, 15.0, 56.0]"
data,nuts_and_bolts,3,5,5,1,6,37.000000,"[53.0, 54.0, 13.0, 44.0, 21.0]"
data,nuts_and_bolts,3,5,6,3,6,36.400000,"[48.0, 21.0, 4.0, 56.0, 53.0]"
data,nuts_and_bolts,3,5,7,2,6,38.200000,"[47.0, 54.0, 15.0, 56.0, 19.0]"
data,nuts_and_bolts,3,5,8,1,6,40.000000,"[27.0, 53.0, 25.0, 50.0, 45.0]"
data,nuts_and_bolts,3,5,9,1,6,47.800000,"[50.0, 42.0, 43.0, 48.0, 56.0]"
data,nuts_and_bolts,3,5,10,5,6,37.000000,"[50.0, 56.0, 54.0, 15.0, 10.0]"
data,nuts_and_bolts,3,5,11,5,6,36.200000,"[41.0, 21.0, 56.0, 21.0, 42.0]"
data,nuts_and_bolts,3,5,12,1,6,49.200000,"[56.0, 44.0, 45.0, 53.0, 48.0]"
data,nuts_and_bolts,3,5,13,1,6,37.400000,"[53.0, 21.0, 47.0, 13.0, 53.0]"
data,nuts_and_bolts,3,5,14,5,6,36.800000,"[6.0, 56.0, 13.0, 53.0, 56.0]"
data,nuts_and_bolts,3,5,15,6,6,40.600000,"[56.0, 53.0, 21.0, 48.0, 25.0]"
data,nuts_and_bolts,3,5,16,2,6,36.400000,"[50.0, 48.0, 27.0, 47.0, 10.0]"
data,nuts_and_bolts,3,5,17,2,6,39.400000,"[47.0, 56.0, 48.0, 21.0, 25.0]"
data,nuts_and_bolts,3,5,18,1,6,40.600000,"[22.0, 56.0, 56.0, 22.0, 47.0]"
data,nuts_and_bolts,3,5,19,2,6,37.000000,"[50.0, 53.0, 12.0, 49.0, 21.0]"
data,nuts_and_bolts,3,5,20,4,6,37.000000,"[15.0, 56.0, 54.0, 51.0, 9.0]"
data,nuts_and_bolts,3,5,21,3,6,48.600000,"[50.0, 48.0, 56.0, 45.0, 44.0]"
data,nuts_and_bolts,3,5,22,1,6,35.200000,"[21.0, 53.0, 45.0, 15.0, 42.0]"
data,nuts_and_bolts,3,5,23,6,6,38.000000,"[22.0, 56.0, 6.0, 50.0, 56.0]"
data,nuts_and_bolts,3,5,24,6,6,38.200000,"[56.0, 48.0, 25.0, 12.0, 50.0]"
data,totems,3,0,0,3,6,2.000000,"[2.0, 2.0, 2.0, 2.0, 2.0]"
data,totems,3,0,1,3,6,15.000000,"[15.0, 15.0, 15.0, 15.0, 15.0]"
data,totems,3,0,2,6,6,15.000000,"[15.0, 15.0, 15.0, 15.0, 15.0]"
data,totems,3,0,3,3,6,2.000000,"[2.0, 2.0, 2.0, 2.0, 2.0]"
data,totems,3,0,4,3,6,2.000000,"[2.0, 2.0, 2.0, 2.0, 2.0]"
data,totems,3,0,5,5,6,4.000000,"[4.0, 4.0, 4.0, 4.0, 4.0]"
data,totems,3,0,6,4,6,2.000000,"[2.0, 2.0, 2.0, 2.0, 2.0]"
data,totems,3,0,7,4,6,4.000000,"[4.0, 4.0, 4.0, 4.0, 4.0]"
data,totems,3,0,8,4,6,15.000000,"[15.0, 15.0, 15.0, 15.0, 15.0]"
data,totems,3,0,9,6,6,2.000000,"[2.0, 2.0, 2.0, 2.0, 2.0]"
data,totems,3,0,10,5,6,15.000000,"[15.0, 15.0, 15.0, 15.0, 15.0]"
data,totems,3,0,11,4,6,15.000000,"[15.0, 15.0, 15.0, 15.0, 15.0]"
data,totems,3,0,12,4,6,15.000000,"[15.0, 15.0, 15.0, 15.0, 15.0]"
data,totems,3,0,13,6,6,2.000000,"[2.0, 2.0, 2.0, 2.0, 2.0]"
data,totems,3,0,14,6,6,2.000000,"[2.0, 2.0, 2.0, 2.0, 2.0]"
data,totems,3,0,15,3,6,15.000000,"[15.0, 15.0, 15.0, 15.0, 15.0]"
data,totems,3,0,16,5,6,15.000000,"[15.0, 15.0, 15.0, 15.0, 15.0]"
data,totems,3,0,17,6,6,2.000000,"[2.0, 2.0, 2.0, 2.0, 2.0]"
data,totems,3,0,18,1,6,2.000000,"[2.0, 2.0, 2.0, 2.0, 2.0]"
data,totems,3,0,19,4,6,2.000000,"[2.0, 2.0, 2.0, 2.0, 2.0]"
data,totems,3,0,20,3,6,15.000000,"[15.0, 15.0, 15.0, 15.0, 15.0]"
data,totems,3,0,21,1,6,15.000000,"[15.0, 15.0, 15.0, 15.0, 15.0]"
data,totems,3,0,22,3,6,2.000000,"[2.0, 2.0, 2.0, 2.0, 2.0]"
data,totems,3,0,23,3,6,15.000000,"[15.0, 15.0, 15.0, 15.0, 15.0]"
data,totems,3,0,24,4,6,2.000000,"[2.0, 2.0, 2.0, 2.0, 2.0]"
data,totems,3,1,0,3,6,10.400000,"[16.0, 2.0, 16.0, 2.0, 16.0]"
data,totems,3,1,1,3,6,16.200000,"[15.0, 17.0, 17.0, 17.0, 15.0]"
data,totems,3,1,2,4,6,17.400000,"[15.0, 15.0, 19.0, 19.0, 19.0]"
data,totems,3,1,3,5,6,3.200000,"[4.0, 2.0, 2.0, 4.0, 4.0]"
data,totems,3,1,4,3,6,3.200000,"[4.0, 4.0, 2.0, 2.0, 4.0]"
data,totems,3,1,5,2,6,16.200000,"[17.0, 15.0, 17.0, 15.0, 17.0]"
data,totems,3,1,6,1,6,3.200000,"[4.0, 2.0, 2.0, 4.0, 4.0]"
data,totems,3,1,7,2,6,15.600000,"[15.0, 16.0, 16.0, 15.0, 16.0]"
data,totems,3,1,8,5,6,5.200000,"[6.0, 6.0, 4.0, 6.0, 4.0]"
data,totems,3,1,9,5,6,11.000000,"[17.0, 2.0, 2.0, 17.0, 17.0]"
data,totems,3,1,10,3,6,16.200000,"[17.0, 15.0, 15.0, 17.0, 17.0]"
data,totems,3,1,11,6,6,16.200000,"[17.0, 15.0, 17.0, 15.0, 17.0]"
data,totems,3,1,12,4,6,15.600000,"[16.0, 16.0, 15.0, 16.0, 15.0]"
data,totems,3,1,13,5,6,11.000000,"[17.0, 17.0, 2.0, 17.0, 2.0]"
data,totems,3,1,14,5,6,11.000000,"[17.0, 2.0, 17.0, 17.0, 2.0]"
data,totems,3,1,15,5,6,5.200000,"[6.0, 4.0, 6.0, 4.0, 6.0]"
data,totems,3,1,16,1,6,13.000000,"[19.0, 4.0, 4.0, 19.0, 19.0]"
data,totems,3,1,17,1,6,3.200000,"[2.0, 4.0, 2.0, 4.0, 4.0]"
data,totems,3,1,18,4,6,3.200000,"[4.0, 2.0, 2.0, 4.0, 4.0]"
data,totems,3,1,19,3,6,3.200000,"[2.0, 4.0, 4.0, 2.0, 4.0]"
data,totems,3,1,20,1,6,17.400000,"[19.0, 19.0, 15.0, 15.0, 19.0]"
data,totems,3,1,21,2,6,24.000000,"[15.0, 15.0, 30.0, 30.0, 30.0]"
data,totems,3,1,22,3,6,3.200000,"[4.0, 4.0, 2.0, 2.0, 4.0]"
data,totems,3,1,23,1,6,17.400000,"[15.0, 19.0, 19.0, 15.0, 19.0]"
data,totems,3,1,24,4,6,3.200000,"[2.0, 4.0, 4.0, 4.0, 2.0]"
data,totems,3,2,0,4,6,5.600000,"[4.0, 6.0, 6.0, 8.0, 4.0]"
data,totems,3,2,1,6,6,25.200000,"[15.0, 30.0, 17.0, 32.0, 32.0]"
data,totems,3,2,2,1,6,18.600000,"[17.0, 19.0, 19.0, 17.0, 21.0]"
data,totems,3,2,3,1,6,20.000000,"[32.0, 17.0, 2.0, 32.0, 17.0]"
data,totems,3,2,4,5,6,4.400000,"[4.0, 6.0, 4.0, 4.0, 4.0]"
data,totems,3,2,5,6,6,18.600000,"[15.0, 21.0, 17.0, 19.0, 21.0]"
data,totems,3,2,6,3,6,12.200000,"[19.0, 17.0, 19.0, 2.0, 4.0]"
data,totems,3,2,7,3,6,6.400000,"[6.0, 4.0, 8.0, 8.0, 6.0]"
data,totems,3,2,8,6,6,18.600000,"[19.0, 21.0, 17.0, 19.0, 17.0]"
data,totems,3,2,9,1,6,19.400000,"[16.0, 31.0, 2.0, 31.0, 17.0]"
data,totems,3,2,10,4,6,7.600000,"[4.0, 10.0, 8.0, 6.0, 10.0]"
data,totems,3,2,11,1,6,18.600000,"[21.0, 17.0, 19.0, 15.0, 21.0]"
data,totems,3,2,12,5,6,16.800000,"[18.0, 18.0, 15.0, 18.0, 15.0]"
data,totems,3,2,13,4,6,13.400000,"[6.0, 17.0, 17.0, 21.0, 6.0]"
data,totems,3,2,14,6,6,4.400000,"[6.0, 4.0, 4.0, 4.0, 4.0]"
data,totems,3,2,15,5,6,25.200000,"[32.0, 15.0, 32.0, 15.0, 32.0]"
data,totems,3,2,16,6,6,6.400000,"[4.0, 6.0, 8.0, 8.0, 6.0]"
data,totems,3,2,17,4,6,19.400000,"[16.0, 31.0, 31.0, 17.0, 2.0]"
data,totems,3,2,18,2,6,5.600000,"[8.0, 4.0, 6.0, 4.0, 6.0]"
data,totems,3,2,19,1,6,12.000000,"[4.0, 18.0, 4.0, 17.0, 17.0]"
data,totems,3,2,20,5,6,6.400000,"[6.0, 8.0, 6.0, 6.0, 6.0]"
data,totems,3,2,21,5,6,25.200000,"[32.0, 15.0, 17.0, 30.0, 32.0]"
data,totems,3,2,22,6,6,11.600000,"[16.0, 4.0, 16.0, 4.0, 18.0]"
data,totems,3,2,23,1,6,18.600000,"[17.0, 17.0, 19.0, 21.0, 19.0]"
data,totems,3,2,24,5,6,5.600000,"[4.0, 8.0, 2.0, 6.0, 8.0]"
data,totems,3,3,0,4,6,6.800000,"[8.0, 4.0, 4.0, 8.0, 10.0]"
data,totems,3,3,1,3,6,19.800000,"[19.0, 23.0, 15.0, 19.0, 23.0]"
data,totems,3,3,2,5,6,18.000000,"[20.0, 20.0, 19.0, 15.0, 16.0]"
data,totems,3,3,3,5,6,20.800000,"[17.0, 18.0, 17.0, 33.0, 19.0]"
data,totems,3,3,4,5,6,13.200000,"[20.0, 17.0, 6.0, 17.0, 6.0]"
data,totems,3,3,5,5,6,18.000000,"[19.0, 20.0, 18.0, 17.0, 16.0]"
data,totems,3,3,6,1,6,14.200000,"[22.0, 18.0, 8.0, 2.0, 21.0]"
data,totems,3,3,7,2,6,27.000000,"[15.0, 35.0, 20.0, 30.0, 35.0]"
data,totems,3,3,8,3,6,18.000000,"[19.0, 20.0, 18.0, 16.0, 17.0]"
data,totems,3,3,9,2,6,20.600000,"[17.0, 16.0, 18.0, 33.0, 19.0]"
data,totems,3,3,10,6,6,21.000000,"[19.0, 21.0, 25.0, 15.0, 25.0]"
data,totems,3,3,11,4,6,8.800000,"[12.0, 12.0, 6.0, 8.0, 6.0]"
data,totems,3,3,12,5,6,27.000000,"[34.0, 35.0, 20.0, 30.0, 16.0]"
data,totems,3,3,13,4,6,14.600000,"[23.0, 19.0, 21.0, 6.0, 4.0]"
data,totems,3,3,14,6,6,8.000000,"[4.0, 2.0, 12.0, 10.0, 12.0]"
data,totems,3,3,15,5,6,19.200000,"[22.0, 19.0, 20.0, 18.0, 17.0]"
data,totems,3,3,16,6,6,15.000000,"[22.0, 6.0, 20.0, 21.0, 6.0]"
data,totems,3,3,17,1,6,14.400000,"[21.0, 17.0, 8.0, 18.0, 8.0]"
data,totems,3,3,18,3,6,14.200000,"[2.0, 22.0, 18.0, 21.0, 8.0]"
data,totems,3,3,19,1,6,13.200000,"[20.0, 6.0, 6.0, 17.0, 17.0]"
data,totems,3,3,20,5,6,8.800000,"[12.0, 12.0, 4.0, 6.0, 10.0]"
data,totems,3,3,21,4,6,25.800000,"[18.0, 31.0, 17.0, 30.0, 33.0]"
data,totems,3,3,22,5,6,20.600000,"[33.0, 33.0, 18.0, 2.0, 17.0]"
data,totems,3,3,23,4,6,26.400000,"[32.0, 17.0, 30.0, 34.0, 19.0]"
data,totems,3,3,24,4,6,6.800000,"[6.0, 8.0, 6.0, 4.0, 10.0]"
data,totems,3,4,0,2,6,15.600000,"[8.0, 23.0, 10.0, 19.0, 18.0]"
data,totems,3,4,1,2,6,35.200000,"[47.0, 32.0, 19.0, 45.0, 33.0]"
data,totems,3,4,2,2,6,28.600000,"[23.0, 37.0, 21.0, 32.0, 30.0]"
data,totems,3,4,3,1,6,22.000000,"[34.0, 19.0, 20.0, 17.0, 20.0]"
data,totems,3,4,4,1,6,29.800000,"[32.0, 18.0, 32.0, 34.0, 33.0]"
data,totems,3,4,5,2,6,10.000000,"[6.0, 12.0, 12.0, 6.0, 14.0]"
data,totems,3,4,6,1,6,30.000000,"[47.0, 19.0, 4.0, 47.0, 33.0]"
data,totems,3,4,7,6,6,17.600000,"[10.0, 21.0, 26.0, 12.0, 19.0]"
data,totems,3,4,8,4,6,11.200000,"[10.0, 14.0, 10.0, 12.0, 10.0]"
data,totems,3,4,9,6,6,29.200000,"[31.0, 33.0, 32.0, 32.0, 18.0]"
data,totems,3,4,10,5,6,35.400000,"[32.0, 47.0, 49.0, 17.0, 32.0]"
data,totems,3,4,11,6,6,16.400000,"[23.0, 23.0, 6.0, 22.0, 8.0]"
data,totems,3,4,12,6,6,27.800000,"[32.0, 17.0, 20.0, 36.0, 34.0]"
data,totems,3,4,13,5,6,15.400000,"[19.0, 24.0, 22.0, 8.0, 4.0]"
data,totems,3,4,14,3,6,15.200000,"[18.0, 22.0, 18.0, 10.0, 8.0]"
data,totems,3,4,15,5,6,26.800000,"[20.0, 34.0, 17.0, 31.0, 32.0]"
data,totems,3,4,16,5,6,34.600000,"[33.0, 17.0, 30.0, 47.0, 46.0]"
data,totems,3,4,17,6,6,23.000000,"[31.0, 8.0, 37.0, 2.0, 37.0]"
data,totems,3,4,18,4,6,15.400000,"[4.0, 21.0, 22.0, 6.0, 24.0]"
data,totems,3,4,19,6,6,9.200000,"[12.0, 12.0, 10.0, 8.0, 4.0]"
data,totems,3,4,20,6,6,16.600000,"[25.0, 21.0, 6.0, 10.0, 21.0]"
data,totems,3,4,21,5,6,27.200000,"[30.0, 21.0, 35.0, 35.0, 15.0]"
data,totems,3,4,22,6,6,15.200000,"[6.0, 20.0, 20.0, 6.0, 24.0]"
data,totems,3,4,23,1,6,28.200000,"[35.0, 36.0, 17.0, 31.0, 22.0]"
data,totems,3,4,24,5,6,29.400000,"[4.0, 47.0, 46.0, 31.0, 19.0]"
data,totems,3,5,0,3,6,24.400000,"[19.0, 23.0, 10.0, 37.0, 33.0]"
data,totems,3,5,1,2,6,35.800000,"[35.0, 32.0, 46.0, 31.0, 35.0]"
data,totems,3,5,2,6,6,35.400000,"[33.0, 31.0, 47.0, 17.0, 49.0]"
data,totems,3,5,3,6,6,30.200000,"[6.0, 31.0, 34.0, 34.0, 46.0]"
data,totems,3,5,4,2,6,24.000000,"[21.0, 20.0, 37.0, 4.0, 38.0]"
data,totems,3,5,5,2,6,35.400000,"[20.0, 31.0, 46.0, 34.0, 46.0]"
data,totems,3,5,6,1,6,24.400000,"[6.0, 36.0, 19.0, 37.0, 24.0]"
data,totems,3,5,7,5,6,19.000000,"[25.0, 27.0, 12.0, 21.0, 10.0]"
data,totems,3,5,8,1,6,22.800000,"[26.0, 28.0, 21.0, 22.0, 17.0]"
data,totems,3,5,9,1,6,31.400000,"[34.0, 21.0, 34.0, 36.0, 32.0]"
data,totems,3,5,10,1,6,29.000000,"[17.0, 33.0, 38.0, 35.0, 22.0]"
data,totems,3,5,11,2,6,12.400000,"[10.0, 18.0, 14.0, 10.0, 10.0]"
data,totems,3,5,12,6,6,29.400000,"[37.0, 33.0, 36.0, 23.0, 18.0]"
data,totems,3,5,13,5,6,31.000000,"[2.0, 35.0, 47.0, 36.0, 35.0]"
data,totems,3,5,14,5,6,17.800000,"[4.0, 22.0, 27.0, 8.0, 28.0]"
data,totems,3,5,15,6,6,25.000000,"[36.0, 22.0, 21.0, 23.0, 23.0]"
data,totems,3,5,16,2,6,25.200000,"[37.0, 23.0, 6.0, 37.0, 23.0]"
data,totems,3,5,17,1,6,23.800000,"[8.0, 38.0, 38.0, 17.0, 18.0]"
data,totems,3,5,18,2,6,23.800000,"[8.0, 38.0, 18.0, 35.0, 20.0]"
data,totems,3,5,19,1,6,24.000000,"[10.0, 36.0, 34.0, 23.0, 17.0]"
data,totems,3,5,20,1,6,18.600000,"[14.0, 21.0, 26.0, 22.0, 10.0]"
data,totems,3,5,21,1,6,36.200000,"[47.0, 46.0, 33.0, 34.0, 21.0]"
data,totems,3,5,22,6,6,11.600000,"[12.0, 14.0, 8.0, 14.0, 10.0]"
data,totems,3,5,23,5,6,30.000000,"[36.0, 32.0, 23.0, 21.0, 38.0]"
data,totems,3,5,24,5,6,24.400000,"[19.0, 8.0, 35.0, 37.0, 23.0]"
dim_balanced,glyphs,3,0,0,1,6,2.000000,"[2.0, 2.0, 2.0, 2.0, 2.0]"
dim_balanced,glyphs,3,0,1,2,6,37.000000,"[37.0, 37.0, 37.0, 37.0, 37.0]"
dim_balanced,glyphs,3,0,2,2,6,2.000000,"[2.0, 2.0, 2.0, 2.0, 2.0]"
dim_balanced,glyphs,3,0,3,6,6,2.000000,"[2.0, 2.0, 2.0, 2.0, 2.0]"
dim_balanced,glyphs,3,0,4,5,6,14.000000,"[14.0, 14.0, 14.0, 14.0, 14.0]"
dim_balanced,glyphs,3,0,5,1,6,2.000000,"[2.0, 2.0, 2.0, 2.0, 2.0]"
dim_balanced,glyphs,3,0,6,1,6,14.000000,"[14.0, 14.0, 14.0, 14.0, 14.0]"
dim_balanced,glyphs,3,0,7,2,6,37.000000,"[37.0, 37.0, 37.0, 37.0, 37.0]"
dim_balanced,glyphs,3,0,8,5,6,14.000000,"[14.0, 14.0, 14.0, 14.0, 14.0]"
dim_balanced,glyphs,3,0,9,6,6,2.000000,"[2.0, 2.0, 2.0, 2.0, 2.0]"
dim_balanced,glyphs,3,0,10,2,6,37.000000,"[37.0, 37.0, 37.0, 37.0, 37.0]"
dim_balanced,glyphs,3,0,11,5,6,2.000000,"[2.0, 2.0, 2.0, 2.0, 2.0]"
dim_balanced,glyphs,3,0,12,1,6,29.000000,"[29.0, 29.0, 29.0, 29.0, 29.0]"
dim_balanced,glyphs,3,0,13,6,6,2.000000,"[2.0, 2.0, 2.0, 2.0, 2.0]"
dim_balanced,glyphs,3,0,14,3,6,2.000000,"[2.0, 2.0, 2.0, 2.0, 2.0]"
dim_balanced,glyphs,3,0,15,2,6,37.000000,"[37.0, 37.0, 37.0, 37.0, 37.0]"
dim_balanced,glyphs,3,0,16,3,6,2.000000,"[2.0, 2.0, 2.0, 2.0, 2.0]"
dim_balanced,glyphs,3,0,17,1,6,2.000000,"[2.0, 2.0, 2.0, 2.0, 2.0]"
dim_balanced,glyphs,3,0,18,1,6,29.000000,"[29.0, 29.0, 29.0, 29.0, 29.0]"
dim_balanced,glyphs,3,0,19,3,6,37.000000,"[37.0, 37.0, 37.0, 37.0, 37.0]"
dim_balanced,glyphs,3,0,20,1,6,2.000000,"[2.0, 2.0, 2.0, 2.0, 2.0]"
dim_balanced,glyphs,3,1,0,6,6,24.200000,"[39.0, 39.0, 39.0, 2.0, 2.0]"
dim_balanced,glyphs,3,1,1,2,6,15.200000,"[14.0, 14.0, 16.0, 16.0, 16.0]"
dim_balanced,glyphs,3,1,2,4,6,10.400000,"[2.0, 16.0, 16.0, 2.0, 16.0]"
dim_balanced,glyphs,3,1,3,3,6,24.200000,"[39.0, 39.0, 39.0, 2.0, 2.0]"
dim_balanced,glyphs,3,1,4,3,6,15.200000,"[16.0, 16.0, 14.0, 16.0, 14.0]"
dim_balanced,glyphs,3,1,5,1,6,3.200000,"[4.0, 2.0, 4.0, 2.0, 4.0]"
dim_balanced,glyphs,3,1,6,1,6,15.200000,"[14.0, 16.0, 14.0, 16.0, 16.0]"
dim_balanced,glyphs,3,1,7,4,6,30.200000,"[31.0, 31.0, 29.0, 29.0, 31.0]"
dim_balanced,glyphs,3,1,8,5,6,22.400000,"[28.0, 14.0, 28.0, 28.0, 14.0]"
dim_balanced,glyphs,3,1,9,6,6,3.200000,"[4.0, 2.0, 2.0, 4.0, 4.0]"
dim_balanced,glyphs,3,1,10,1,6,38.200000,"[39.0, 39.0, 37.0, 39.0, 37.0]"
dim_balanced,glyphs,3,1,11,3,6,19.400000,"[31.0, 2.0, 2.0, 31.0, 31.0]"
dim_balanced,glyphs,3,1,12,3,6,30.200000,"[29.0, 31.0, 29.0, 31.0, 31.0]"
dim_balanced,glyphs,3,1,13,2,6,3.200000,"[2.0, 2.0, 4.0, 4.0, 4.0]"
dim_balanced,glyphs,3,1,14,5,6,3.200000,"[2.0, 4.0, 4.0, 4.0, 2.0]"
dim_balanced,glyphs,3,1,15,3,6,15.200000,"[16.0, 16.0, 14.0, 16.0, 14.0]"
dim_balanced,glyphs,3,1,16,5,6,3.200000,"[2.0, 4.0, 4.0, 4.0, 2.0]"
dim_balanced,glyphs,3,1,17,5,6,19.400000,"[2.0, 31.0, 31.0, 2.0, 31.0]"
dim_balanced,glyphs,3,1,18,3,6,15.200000,"[14.0, 16.0, 16.0, 16.0, 14.0]"
dim_balanced,glyphs,3,1,19,6,6,22.400000,"[28.0, 28.0, 28.0, 14.0, 14.0]"
dim_balanced,glyphs,3,1,20,3,6,10.400000,"[2.0, 16.0, 16.0, 2.0, 16.0]"
dim_balanced,glyphs,3,2,0,2,6,20.600000,"[31.0, 2.0, 33.0, 33.0, 4.0]"
dim_balanced,glyphs,3,2,1,3,6,43.600000,"[39.0, 39.0, 48.0, 46.0, 46.0]"
dim_balanced,glyphs,3,2,2,4,6,25.400000,"[41.0, 2.0, 41.0, 4.0, 39.0]"
dim_balanced,glyphs,3,2,3,4,6,26.600000,"[16.0, 42.0, 42.0, 31.0, 2.0]"
dim_balanced,glyphs,3,2,4,4,6,32.600000,"[45.0, 45.0, 43.0, 16.0, 14.0]"
dim_balanced,glyphs,3,2,5,2,6,11.600000,"[16.0, 18.0, 4.0, 2.0, 18.0]"
dim_balanced,glyphs,3,2,6,2,6,38.400000,"[38.0, 38.0, 38.0, 39.0, 39.0]"
dim_balanced,glyphs,3,2,7,5,6,31.400000,"[31.0, 31.0, 31.0, 33.0, 31.0]"
dim_balanced,glyphs,3,2,8,6,6,30.800000,"[28.0, 28.0, 28.0, 42.0, 28.0]"
dim_balanced,glyphs,3,2,9,1,6,11.600000,"[16.0, 18.0, 18.0, 4.0, 2.0]"
dim_balanced,glyphs,3,2,10,6,6,34.000000,"[46.0, 46.0, 16.0, 46.0, 16.0]"
dim_balanced,glyphs,3,2,11,2,6,36.800000,"[2.0, 31.0, 60.0, 31.0, 60.0]"
dim_balanced,glyphs,3,2,12,3,6,45.600000,"[50.0, 39.0, 39.0, 50.0, 50.0]"
dim_balanced,glyphs,3,2,13,1,6,20.600000,"[4.0, 31.0, 31.0, 33.0, 4.0]"
dim_balanced,glyphs,3,2,14,2,6,25.400000,"[39.0, 2.0, 41.0, 41.0, 4.0]"
dim_balanced,glyphs,3,2,15,6,6,16.400000,"[18.0, 16.0, 16.0, 14.0, 18.0]"
dim_balanced,glyphs,3,2,16,1,6,32.600000,"[53.0, 2.0, 39.0, 53.0, 16.0]"
dim_balanced,glyphs,3,2,17,6,6,25.400000,"[41.0, 4.0, 4.0, 39.0, 39.0]"
dim_balanced,glyphs,3,2,18,6,6,41.400000,"[14.0, 28.0, 47.0, 59.0, 59.0]"
dim_balanced,glyphs,3,2,19,2,6,39.400000,"[37.0, 41.0, 41.0, 41.0, 37.0]"
dim_balanced,glyphs,3,2,20,2,6,11.600000,"[4.0, 16.0, 4.0, 18.0, 16.0]"
dim_balanced,glyphs,3,3,0,6,6,21.800000,"[33.0, 2.0, 35.0, 35.0, 4.0]"
dim_balanced,glyphs,3,3,1,3,6,56.800000,"[68.0, 39.0, 70.0, 37.0, 70.0]"
dim_balanced,glyphs,3,3,2,1,6,26.600000,"[39.0, 43.0, 4.0, 4.0, 43.0]"
dim_balanced,glyphs,3,3,3,1,6,26.600000,"[41.0, 41.0, 41.0, 6.0, 4.0]"
dim_balanced,glyphs,3,3,4,5,6,53.600000,"[33.0, 33.0, 68.0, 68.0, 66.0]"
dim_balanced,glyphs,3,3,5,5,6,20.000000,"[4.0, 2.0, 32.0, 30.0, 32.0]"
dim_balanced,glyphs,3,3,6,2,6,34.800000,"[46.0, 48.0, 48.0, 18.0, 14.0]"
dim_balanced,glyphs,3,3,7,5,6,44.000000,"[39.0, 46.0, 48.0, 46.0, 41.0]"
dim_balanced,glyphs,3,3,8,2,6,38.600000,"[51.0, 18.0, 16.0, 53.0, 55.0]"
dim_balanced,glyphs,3,3,9,6,6,20.000000,"[30.0, 18.0, 4.0, 18.0, 30.0]"
dim_balanced,glyphs,3,3,10,1,6,24.800000,"[16.0, 16.0, 30.0, 30.0, 32.0]"
dim_balanced,glyphs,3,3,11,6,6,20.000000,"[30.0, 4.0, 30.0, 4.0, 32.0]"
dim_balanced,glyphs,3,3,12,6,6,47.800000,"[31.0, 59.0, 31.0, 59.0, 59.0]"
dim_balanced,glyphs,3,3,13,6,6,36.400000,"[50.0, 4.0, 41.0, 48.0, 39.0]"
dim_balanced,glyphs,3,3,14,4,6,21.800000,"[31.0, 35.0, 6.0, 33.0, 4.0]"
dim_balanced,glyphs,3,3,15,6,6,46.800000,"[68.0, 69.0, 40.0, 16.0, 41.0]"
dim_balanced,glyphs,3,3,16,1,6,33.800000,"[55.0, 18.0, 16.0, 39.0, 41.0]"
dim_balanced,glyphs,3,3,17,5,6,40.200000,"[53.0, 53.0, 49.0, 30.0, 16.0]"
dim_balanced,glyphs,3,3,18,2,6,17.600000,"[18.0, 16.0, 20.0, 18.0, 16.0]"
dim_balanced,glyphs,3,3,19,2,6,49.400000,"[57.0, 39.0, 37.0, 57.0, 57.0]"
dim_balanced,glyphs,3,3,20,1,6,29.000000,"[33.0, 18.0, 16.0, 47.0, 31.0]"
dim_balanced,glyphs,3,4,0,1,6,32.200000,"[41.0, 2.0, 50.0, 50.0, 18.0]"
dim_balanced,glyphs,3,4,1,1,6,39.000000,"[53.0, 55.0, 53.0, 16.0, 18.0]"
dim_balanced,glyphs,3,4,2,1,6,37.800000,"[4.0, 48.0, 52.0, 55.0, 30.0]"
dim_balanced,glyphs,3,4,3,5,6,31.800000,"[18.0, 18.0, 47.0, 38.0, 38.0]"
dim_balanced,glyphs,3,4,4,6,6,39.600000,"[32.0, 16.0, 54.0, 56.0, 40.0]"
dim_balanced,glyphs,3,4,5,6,6,31.800000,"[18.0, 47.0, 49.0, 41.0, 4.0]"
dim_balanced,glyphs,3,4,6,5,6,33.200000,"[18.0, 42.0, 30.0, 30.0, 46.0]"
dim_balanced,glyphs,3,4,7,1,6,74.200000,"[70.0, 68.0, 66.0, 97.0, 70.0]"
dim_balanced,glyphs,3,4,8,6,6,39.800000,"[57.0, 53.0, 16.0, 53.0, 20.0]"
dim_balanced,glyphs,3,4,9,5,6,51.200000,"[70.0, 31.0, 18.0, 53.0, 84.0]"
dim_balanced,glyphs,3,4,10,2,6,45.000000,"[41.0, 47.0, 43.0, 47.0, 47.0]"
dim_balanced,glyphs,3,4,11,6,6,29.000000,"[35.0, 41.0, 33.0, 18.0, 18.0]"
dim_balanced,glyphs,3,4,12,2,6,51.200000,"[40.0, 63.0, 59.0, 31.0, 63.0]"
dim_balanced,glyphs,3,4,13,3,6,28.600000,"[18.0, 45.0, 4.0, 43.0, 33.0]"
dim_balanced,glyphs,3,4,14,2,6,43.000000,"[62.0, 31.0, 2.0, 58.0, 62.0]"
dim_balanced,glyphs,3,4,15,5,6,46.800000,"[55.0, 39.0, 52.0, 52.0, 36.0]"
dim_balanced,glyphs,3,4,16,2,6,44.000000,"[35.0, 41.0, 39.0, 72.0, 33.0]"
dim_balanced,glyphs,3,4,17,2,6,35.000000,"[18.0, 41.0, 57.0, 41.0, 18.0]"
dim_balanced,glyphs,3,4,18,4,6,43.400000,"[28.0, 16.0, 63.0, 49.0, 61.0]"
dim_balanced,glyphs,3,4,19,3,6,33.000000,"[14.0, 16.0, 45.0, 45.0, 45.0]"
dim_balanced,glyphs,3,4,20,1,6,44.000000,"[6.0, 68.0, 33.0, 72.0, 41.0]"
dim_balanced,glyphs,3,5,0,2,6,40.400000,"[54.0, 41.0, 38.0, 18.0, 51.0]"
dim_balanced,glyphs,3,5,1,3,6,41.000000,"[30.0, 55.0, 57.0, 47.0, 16.0]"
dim_balanced,glyphs,3,5,2,3,6,60.200000,"[78.0, 80.0, 64.0, 41.0, 38.0]"
dim_balanced,glyphs,3,5,3,3,6,40.000000,"[18.0, 40.0, 41.0, 47.0, 54.0]"
dim_balanced,glyphs,3,5,4,6,6,41.200000,"[42.0, 58.0, 32.0, 56.0, 18.0]"
dim_balanced,glyphs,3,5,5,3,6,35.800000,"[34.0, 4.0, 40.0, 45.0, 56.0]"
dim_balanced,glyphs,3,5,6,2,6,47.400000,"[38.0, 38.0, 55.0, 49.0, 57.0]"
dim_balanced,glyphs,3,5,7,6,6,49.800000,"[51.0, 52.0, 48.0, 48.0, 50.0]"
dim_balanced,glyphs,3,5,8,1,6,34.400000,"[32.0, 34.0, 32.0, 44.0, 30.0]"
dim_balanced,glyphs,3,5,9,6,6,38.600000,"[49.0, 34.0, 31.0, 18.0, 61.0]"
dim_balanced,glyphs,3,5,10,3,6,34.400000,"[32.0, 48.0, 28.0, 20.0, 44.0]"
dim_balanced,glyphs,3,5,11,6,6,56.600000,"[62.0, 35.0, 62.0, 62.0, 62.0]"
dim_balanced,glyphs,3,5,12,4,6,53.000000,"[61.0, 40.0, 38.0, 61.0, 65.0]"
dim_balanced,glyphs,3,5,13,6,6,46.400000,"[2.0, 64.0, 20.0, 74.0, 72.0]"
dim_balanced,glyphs,3,5,14,4,6,53.200000,"[41.0, 61.0, 61.0, 70.0, 33.0]"
dim_balanced,glyphs,3,5,15,3,6,48.200000,"[16.0, 40.0, 70.0, 72.0, 43.0]"
dim_balanced,glyphs,3,5,16,5,6,39.600000,"[55.0, 43.0, 47.0, 49.0, 4.0]"
dim_balanced,glyphs,3,5,17,4,6,46.200000,"[33.0, 57.0, 47.0, 39.0, 55.0]"
dim_balanced,glyphs,3,5,18,5,6,52.400000,"[55.0, 54.0, 49.0, 55.0, 49.0]"
dim_balanced,glyphs,3,5,19,4,6,57.400000,"[55.0, 69.0, 55.0, 55.0, 53.0]"
dim_balanced,nuts_and_bolts,3,0,0,1,6,35.000000,"[35.0, 35.0, 35.0, 35.0, 35.0]"
dim_balanced,nuts_and_bolts,3,0,1,2,6,4.000000,"[4.0, 4.0, 4.0, 4.0, 4.0]"
dim_balanced,nuts_and_bolts,3,0,2,2,6,16.000000,"[16.0, 16.0, 16.0, 16.0, 16.0]"
dim_balanced,nuts_and_bolts,3,0,3,6,6,7.000000,"[7.0, 7.0, 7.0, 7.0, 7.0]"
dim_balanced,nuts_and_bolts,3,0,4,5,6,6.000000,"[6.0, 6.0, 6.0, 6.0, 6.0]"
dim_balanced,nuts_and_bolts,3,0,5,5,6,6.000000,"[6.0, 6.0, 6.0, 6.0, 6.0]"
dim_balanced,nuts_and_bolts,3,0,6,1,6,6.000000,"[6.0, 6.0, 6.0, 6.0, 6.0]"
dim_balanced,nuts_and_bolts,3,0,7,1,6,35.000000,"[35.0, 35.0, 35.0, 35.0, 35.0]"
dim_balanced,nuts_and_bolts,3,0,8,2,6,35.000000,"[35.0, 35.0, 35.0, 35.0, 35.0]"
dim_balanced,nuts_and_bolts,3,0,9,5,6,6.000000,"[6.0, 6.0, 6.0, 6.0, 6.0]"
dim_balanced,nuts_and_bolts,3,0,10,5,6,2.000000,"[2.0, 2.0, 2.0, 2.0, 2.0]"
dim_balanced,nuts_and_bolts,3,0,11,6,6,2.000000,"[2.0, 2.0, 2.0, 2.0, 2.0]"
dim_balanced,nuts_and_bolts,3,0,12,2,6,35.000000,"[35.0, 35.0, 35.0, 35.0, 35.0]"
dim_balanced,nuts_and_bolts,3,0,13,5,6,6.000000,"[6.0, 6.0, 6.0, 6.0, 6.0]"
dim_balanced,nuts_and_bolts,3,0,14,1,6,2.000000,"[2.0, 2.0, 2.0, 2.0, 2.0]"
dim_balanced,nuts_and_bolts,3,0,15,6,6,35.000000,"[35.0, 35.0, 35.0, 35.0, 35.0]"
dim_balanced,nuts_and_bolts,3,0,16,3,6,6.000000,"[6.0, 6.0, 6.0, 6.0, 6.0]"
dim_balanced,nuts_and_bolts,3,0,17,2,6,6.000000,"[6.0, 6.0, 6.0, 6.0, 6.0]"
dim_balanced,nuts_and_bolts,3,0,18,3,6,6.000000,"[6.0, 6.0, 6.0, 6.0, 6.0]"
dim_balanced,nuts_and_bolts,3,0,19,1,6,35.000000,"[35.0, 35.0, 35.0, 35.0, 35.0]"
dim_balanced,nuts_and_bolts,3,0,20,1,6,6.000000,"[6.0, 6.0, 6.0, 6.0, 6.0]"
dim_balanced,nuts_and_bolts,3,1,0,6,6,38.600000,"[41.0, 41.0, 41.0, 35.0, 35.0]"
dim_balanced,nuts_and_bolts,3,1,1,2,6,25.000000,"[4.0, 4.0, 39.0, 39.0, 39.0]"
dim_balanced,nuts_and_bolts,3,1,2,4,6,16.000000,"[16.0, 16.0, 16.0, 16.0, 16.0]"
dim_balanced,nuts_and_bolts,3,1,3,3,6,28.000000,"[42.0, 42.0, 42.0, 7.0, 7.0]"
dim_balanced,nuts_and_bolts,3,1,4,3,6,8.400000,"[10.0, 10.0, 6.0, 10.0, 6.0]"
dim_balanced,nuts_and_bolts,3,1,5,1,6,7.200000,"[8.0, 6.0, 8.0, 6.0, 8.0]"
dim_balanced,nuts_and_bolts,3,1,6,1,6,27.000000,"[6.0, 41.0, 6.0, 41.0, 41.0]"
dim_balanced,nuts_and_bolts,3,1,7,4,6,38.600000,"[41.0, 41.0, 41.0, 35.0, 35.0]"
dim_balanced,nuts_and_bolts,3,1,8,6,6,38.600000,"[41.0, 41.0, 35.0, 35.0, 41.0]"
dim_balanced,nuts_and_bolts,3,1,9,4,6,7.200000,"[6.0, 8.0, 8.0, 8.0, 6.0]"
dim_balanced,nuts_and_bolts,3,1,10,2,6,6.200000,"[2.0, 9.0, 9.0, 2.0, 9.0]"
dim_balanced,nuts_and_bolts,3,1,11,2,6,5.600000,"[2.0, 8.0, 8.0, 2.0, 8.0]"
dim_balanced,nuts_and_bolts,3,1,12,6,6,36.200000,"[35.0, 37.0, 35.0, 37.0, 37.0]"
dim_balanced,nuts_and_bolts,3,1,13,2,6,27.000000,"[6.0, 6.0, 41.0, 41.0, 41.0]"
dim_balanced,nuts_and_bolts,3,1,14,6,6,4.400000,"[6.0, 2.0, 2.0, 6.0, 6.0]"
dim_balanced,nuts_and_bolts,3,1,15,5,6,36.200000,"[35.0, 35.0, 37.0, 37.0, 37.0]"
dim_balanced,nuts_and_bolts,3,1,16,3,6,8.400000,"[6.0, 10.0, 6.0, 10.0, 10.0]"
dim_balanced,nuts_and_bolts,3,1,17,2,6,13.800000,"[6.0, 19.0, 19.0, 19.0, 6.0]"
dim_balanced,nuts_and_bolts,3,1,18,5,6,27.000000,"[41.0, 41.0, 41.0, 6.0, 6.0]"
dim_balanced,nuts_and_bolts,3,1,19,3,6,39.200000,"[35.0, 42.0, 42.0, 42.0, 35.0]"
dim_balanced,nuts_and_bolts,3,1,20,6,6,7.200000,"[8.0, 8.0, 8.0, 6.0, 6.0]"
dim_balanced,nuts_and_bolts,3,2,0,1,6,42.800000,"[48.0, 41.0, 48.0, 42.0, 35.0]"
dim_balanced,nuts_and_bolts,3,2,1,1,6,9.400000,"[4.0, 7.0, 13.0, 10.0, 13.0]"
dim_balanced,nuts_and_bolts,3,2,2,5,6,19.000000,"[21.0, 19.0, 19.0, 18.0, 18.0]"
dim_balanced,nuts_and_bolts,3,2,3,1,6,10.000000,"[10.0, 9.0, 9.0, 10.0, 12.0]"
dim_balanced,nuts_and_bolts,3,2,4,6,6,9.600000,"[12.0, 12.0, 6.0, 10.0, 8.0]"
dim_balanced,nuts_and_bolts,3,2,5,2,6,9.600000,"[10.0, 12.0, 8.0, 6.0, 12.0]"
dim_balanced,nuts_and_bolts,3,2,6,3,6,10.800000,"[12.0, 12.0, 8.0, 14.0, 8.0]"
dim_balanced,nuts_and_bolts,3,2,7,1,6,41.800000,"[45.0, 35.0, 45.0, 39.0, 45.0]"
dim_balanced,nuts_and_bolts,3,2,8,6,6,41.600000,"[41.0, 35.0, 45.0, 45.0, 42.0]"
dim_balanced,nuts_and_bolts,3,2,9,2,6,10.800000,"[12.0, 14.0, 14.0, 8.0, 6.0]"
dim_balanced,nuts_and_bolts,3,2,10,1,6,26.600000,"[2.0, 43.0, 43.0, 8.0, 37.0]"
dim_balanced,nuts_and_bolts,3,2,11,6,6,9.200000,"[8.0, 14.0, 8.0, 8.0, 8.0]"
dim_balanced,nuts_and_bolts,3,2,12,2,6,38.600000,"[35.0, 39.0, 41.0, 37.0, 41.0]"
dim_balanced,nuts_and_bolts,3,2,13,3,6,10.200000,"[13.0, 12.0, 12.0, 7.0, 7.0]"
dim_balanced,nuts_and_bolts,3,2,14,1,6,7.400000,"[6.0, 8.0, 8.0, 9.0, 6.0]"
dim_balanced,nuts_and_bolts,3,2,15,2,6,39.800000,"[41.0, 35.0, 43.0, 43.0, 37.0]"
dim_balanced,nuts_and_bolts,3,2,16,1,6,30.600000,"[6.0, 47.0, 41.0, 12.0, 47.0]"
dim_balanced,nuts_and_bolts,3,2,17,1,6,30.600000,"[47.0, 6.0, 41.0, 47.0, 12.0]"
dim_balanced,nuts_and_bolts,3,2,18,6,6,15.000000,"[21.0, 8.0, 8.0, 19.0, 19.0]"
dim_balanced,nuts_and_bolts,3,2,19,1,6,42.800000,"[42.0, 48.0, 41.0, 48.0, 35.0]"
dim_balanced,nuts_and_bolts,3,2,20,6,6,30.600000,"[6.0, 47.0, 47.0, 6.0, 47.0]"
dim_balanced,nuts_and_bolts,3,3,0,5,6,46.400000,"[47.0, 42.0, 48.0, 54.0, 41.0]"
dim_balanced,nuts_and_bolts,3,3,1,3,6,16.600000,"[7.0, 25.0, 22.0, 19.0, 10.0]"
dim_balanced,nuts_and_bolts,3,3,2,1,6,38.800000,"[22.0, 48.0, 25.0, 45.0, 54.0]"
dim_balanced,nuts_and_bolts,3,3,3,3,6,31.600000,"[10.0, 48.0, 45.0, 13.0, 42.0]"
dim_balanced,nuts_and_bolts,3,3,4,3,6,30.600000,"[45.0, 45.0, 8.0, 12.0, 43.0]"
dim_balanced,nuts_and_bolts,3,3,5,4,6,31.800000,"[43.0, 47.0, 41.0, 14.0, 14.0]"
dim_balanced,nuts_and_bolts,3,3,6,1,6,31.800000,"[13.0, 10.0, 48.0, 47.0, 41.0]"
dim_balanced,nuts_and_bolts,3,3,7,1,6,44.800000,"[48.0, 45.0, 51.0, 45.0, 35.0]"
dim_balanced,nuts_and_bolts,3,3,8,6,6,42.200000,"[45.0, 47.0, 37.0, 35.0, 47.0]"
dim_balanced,nuts_and_bolts,3,3,9,3,6,34.800000,"[50.0, 21.0, 19.0, 43.0, 41.0]"
dim_balanced,nuts_and_bolts,3,3,10,4,6,11.800000,"[12.0, 8.0, 15.0, 15.0, 9.0]"
dim_balanced,nuts_and_bolts,3,3,11,5,6,33.800000,"[24.0, 8.0, 47.0, 37.0, 53.0]"
dim_balanced,nuts_and_bolts,3,3,12,4,6,46.400000,"[47.0, 35.0, 48.0, 48.0, 54.0]"
dim_balanced,nuts_and_bolts,3,3,13,5,6,32.400000,"[43.0, 13.0, 48.0, 15.0, 43.0]"
dim_balanced,nuts_and_bolts,3,3,14,2,6,27.800000,"[8.0, 44.0, 41.0, 37.0, 9.0]"
dim_balanced,nuts_and_bolts,3,3,15,3,6,43.400000,"[47.0, 43.0, 41.0, 49.0, 37.0]"
dim_balanced,nuts_and_bolts,3,3,16,2,6,19.200000,"[12.0, 27.0, 8.0, 24.0, 25.0]"
dim_balanced,nuts_and_bolts,3,3,17,6,6,30.600000,"[41.0, 45.0, 47.0, 8.0, 12.0]"
dim_balanced,nuts_and_bolts,3,3,18,1,6,36.000000,"[54.0, 54.0, 6.0, 47.0, 19.0]"
dim_balanced,nuts_and_bolts,3,3,19,1,6,44.000000,"[50.0, 44.0, 50.0, 41.0, 35.0]"
dim_balanced,nuts_and_bolts,3,3,20,5,6,17.600000,"[25.0, 6.0, 19.0, 13.0, 25.0]"
dim_balanced,nuts_and_bolts,3,4,0,4,6,47.800000,"[47.0, 45.0, 48.0, 54.0, 45.0]"
dim_balanced,nuts_and_bolts,3,4,1,5,6,32.800000,"[50.0, 4.0, 44.0, 19.0, 47.0]"
dim_balanced,nuts_and_bolts,3,4,2,3,6,23.800000,"[24.0, 24.0, 25.0, 24.0, 22.0]"
dim_balanced,nuts_and_bolts,3,4,3,5,6,35.800000,"[51.0, 51.0, 24.0, 44.0, 9.0]"
dim_balanced,nuts_and_bolts,3,4,4,3,6,36.000000,"[43.0, 48.0, 14.0, 56.0, 19.0]"
dim_balanced,nuts_and_bolts,3,4,5,1,6,35.600000,"[19.0, 54.0, 48.0, 51.0, 6.0]"
dim_balanced,nuts_and_bolts,3,4,6,2,6,35.400000,"[47.0, 19.0, 16.0, 41.0, 54.0]"
dim_balanced,nuts_and_bolts,3,4,7,4,6,45.400000,"[51.0, 50.0, 41.0, 48.0, 37.0]"
dim_balanced,nuts_and_bolts,3,4,8,1,6,45.800000,"[47.0, 41.0, 47.0, 45.0, 49.0]"
dim_balanced,nuts_and_bolts,3,4,9,2,6,37.200000,"[54.0, 6.0, 49.0, 56.0, 21.0]"
dim_balanced,nuts_and_bolts,3,4,10,6,6,32.000000,"[14.0, 47.0, 12.0, 37.0, 50.0]"
dim_balanced,nuts_and_bolts,3,4,11,3,6,32.600000,"[49.0, 47.0, 8.0, 50.0, 9.0]"
dim_balanced,nuts_and_bolts,3,4,12,3,6,46.600000,"[50.0, 51.0, 45.0, 43.0, 44.0]"
dim_balanced,nuts_and_bolts,3,4,13,2,6,32.400000,"[50.0, 12.0, 44.0, 6.0, 50.0]"
dim_balanced,nuts_and_bolts,3,4,14,2,6,31.400000,"[44.0, 2.0, 14.0, 50.0, 47.0]"
dim_balanced,nuts_and_bolts,3,4,15,1,6,46.000000,"[50.0, 37.0, 50.0, 51.0, 42.0]"
dim_balanced,nuts_and_bolts,3,4,16,3,6,39.000000,"[43.0, 25.0, 27.0, 53.0, 47.0]"
dim_balanced,nuts_and_bolts,3,4,17,4,6,19.400000,"[24.0, 25.0, 14.0, 19.0, 15.0]"
dim_balanced,nuts_and_bolts,3,4,18,6,6,36.800000,"[24.0, 22.0, 45.0, 50.0, 43.0]"
dim_balanced,nuts_and_bolts,3,4,19,6,6,45.400000,"[37.0, 42.0, 50.0, 48.0, 50.0]"
dim_balanced,nuts_and_bolts,3,4,20,2,6,38.000000,"[25.0, 41.0, 45.0, 54.0, 25.0]"
dim_balanced,nuts_and_bolts,3,5,0,2,6,48.600000,"[50.0, 54.0, 48.0, 44.0, 47.0]"
dim_balanced,nuts_and_bolts,3,5,1,4,6,36.400000,"[50.0, 45.0, 12.0, 21.0, 54.0]"
dim_balanced,nuts_and_bolts,3,5,2,6,6,40.600000,"[27.0, 56.0, 45.0, 19.0, 56.0]"
dim_balanced,nuts_and_bolts,3,5,3,6,6,37.000000,"[45.0, 22.0, 15.0, 50.0, 53.0]"
dim_balanced,nuts_and_bolts,3,5,4,1,6,36.800000,"[48.0, 21.0, 53.0, 50.0, 12.0]"
dim_balanced,nuts_and_bolts,3,5,5,2,6,36.800000,"[21.0, 8.0, 48.0, 51.0, 56.0]"
dim_balanced,nuts_and_bolts,3,5,6,4,6,37.000000,"[21.0, 48.0, 51.0, 50.0, 15.0]"
dim_balanced,nuts_and_bolts,3,5,7,3,6,49.200000,"[41.0, 48.0, 51.0, 50.0, 56.0]"
dim_balanced,nuts_and_bolts,3,5,8,6,6,49.600000,"[56.0, 56.0, 43.0, 45.0, 48.0]"
dim_balanced,nuts_and_bolts,3,5,9,6,6,38.000000,"[56.0, 15.0, 51.0, 49.0, 19.0]"
dim_balanced,nuts_and_bolts,3,5,10,5,6,36.400000,"[56.0, 53.0, 18.0, 8.0, 47.0]"
dim_balanced,nuts_and_bolts,3,5,11,6,6,37.600000,"[53.0, 24.0, 47.0, 56.0, 8.0]"
dim_balanced,nuts_and_bolts,3,5,12,2,6,49.400000,"[49.0, 51.0, 51.0, 43.0, 53.0]"
dim_balanced,nuts_and_bolts,3,5,13,4,6,36.200000,"[54.0, 9.0, 6.0, 56.0, 56.0]"
dim_balanced,nuts_and_bolts,3,5,14,2,6,37.200000,"[12.0, 53.0, 50.0, 27.0, 44.0]"
dim_balanced,nuts_and_bolts,3,5,15,4,6,47.800000,"[35.0, 56.0, 56.0, 42.0, 50.0]"
dim_balanced,nuts_and_bolts,3,5,16,2,6,38.600000,"[22.0, 12.0, 56.0, 56.0, 47.0]"
dim_balanced,nuts_and_bolts,3,5,17,2,6,39.200000,"[27.0, 49.0, 22.0, 48.0, 50.0]"
dim_balanced,nuts_and_bolts,3,5,18,2,6,37.400000,"[8.0, 56.0, 48.0, 19.0, 56.0]"
dim_balanced,nuts_and_bolts,3,5,19,6,6,49.000000,"[50.0, 56.0, 48.0, 54.0, 37.0]"
dim_balanced,regular_polygons,3,0,0,1,6,2.000000,"[2.0, 2.0, 2.0, 2.0, 2.0]"
dim_balanced,regular_polygons,3,0,1,6,6,243.000000,"[243.0, 243.0, 243.0, 243.0, 243.0]"
dim_balanced,regular_polygons,3,0,2,2,6,109.000000,"[109.0, 109.0, 109.0, 109.0, 109.0]"
dim_balanced,regular_polygons,3,0,3,2,6,690.000000,"[690.0, 690.0, 690.0, 690.0, 690.0]"
dim_balanced,regular_polygons,3,0,4,1,6,86.000000,"[86.0, 86.0, 86.0, 86.0, 86.0]"
dim_balanced,regular_polygons,3,0,5,6,6,138.000000,"[138.0, 138.0, 138.0, 138.0, 138.0]"
dim_balanced,regular_polygons,3,0,6,1,6,1.000000,"[1.0, 1.0, 1.0, 1.0, 1.0]"
dim_balanced,regular_polygons,3,0,7,4,6,241.000000,"[241.0, 241.0, 241.0, 241.0, 241.0]"
dim_balanced,regular_polygons,3,0,8,1,6,45.000000,"[45.0, 45.0, 45.0, 45.0, 45.0]"
dim_balanced,regular_polygons,3,0,9,2,6,48.000000,"[48.0, 48.0, 48.0, 48.0, 48.0]"
dim_balanced,regular_polygons,3,0,10,5,6,48.000000,"[48.0, 48.0, 48.0, 48.0, 48.0]"
dim_balanced,regular_polygons,3,0,11,1,6,631.000000,"[631.0, 631.0, 631.0, 631.0, 631.0]"
dim_balanced,regular_polygons,3,0,12,6,6,37.000000,"[37.0, 37.0, 37.0, 37.0, 37.0]"
dim_balanced,regular_polygons,3,0,13,2,6,46.000000,"[46.0, 46.0, 46.0, 46.0, 46.0]"
dim_balanced,regular_polygons,3,0,14,5,6,168.000000,"[168.0, 168.0, 168.0, 168.0, 168.0]"
dim_balanced,regular_polygons,3,0,15,1,6,160.000000,"[160.0, 160.0, 160.0, 160.0, 160.0]"
dim_balanced,regular_polygons,3,0,16,6,6,230.000000,"[230.0, 230.0, 230.0, 230.0, 230.0]"
dim_balanced,regular_polygons,3,0,17,3,6,37.000000,"[37.0, 37.0, 37.0, 37.0, 37.0]"
dim_balanced,regular_polygons,3,0,18,2,6,45.000000,"[45.0, 45.0, 45.0, 45.0, 45.0]"
dim_balanced,regular_polygons,3,0,19,3,6,162.000000,"[162.0, 162.0, 162.0, 162.0, 162.0]"
dim_balanced,regular_polygons,3,0,20,1,6,138.000000,"[138.0, 138.0, 138.0, 138.0, 138.0]"
dim_balanced,regular_polygons,3,1,0,1,6,88.400000,"[2.0, 2.0, 146.0, 146.0, 146.0]"
dim_balanced,regular_polygons,3,1,1,5,6,722.400000,"[862.0, 862.0, 513.0, 513.0, 862.0]"
dim_balanced,regular_polygons,3,1,2,1,6,110.200000,"[111.0, 111.0, 111.0, 109.0, 109.0]"
dim_balanced,regular_polygons,3,1,3,1,6,760.200000,"[690.0, 690.0, 807.0, 807.0, 807.0]"
dim_balanced,regular_polygons,3,1,4,1,6,169.400000,"[86.0, 225.0, 225.0, 86.0, 225.0]"
dim_balanced,regular_polygons,3,1,5,1,6,119.400000,"[107.0, 107.0, 138.0, 138.0, 107.0]"
dim_balanced,regular_polygons,3,1,6,4,6,19.000000,"[31.0, 1.0, 1.0, 31.0, 31.0]"
dim_balanced,regular_polygons,3,1,7,6,6,246.400000,"[250.0, 241.0, 241.0, 250.0, 250.0]"
dim_balanced,regular_polygons,3,1,8,3,6,47.200000,"[48.0, 46.0, 48.0, 46.0, 48.0]"
dim_balanced,regular_polygons,3,1,9,3,6,303.600000,"[498.0, 12.0, 12.0, 498.0, 498.0]"
dim_balanced,regular_polygons,3,1,10,3,6,458.400000,"[732.0, 732.0, 48.0, 48.0, 732.0]"
dim_balanced,regular_polygons,3,1,11,2,6,325.000000,"[331.0, 331.0, 331.0, 316.0, 316.0]"
dim_balanced,regular_polygons,3,1,12,5,6,614.200000,"[987.0, 987.0, 55.0, 55.0, 987.0]"
dim_balanced,regular_polygons,3,1,13,6,6,45.400000,"[47.0, 47.0, 47.0, 43.0, 43.0]"
dim_balanced,regular_polygons,3,1,14,4,6,145.600000,"[145.0, 145.0, 146.0, 146.0, 146.0]"
dim_balanced,regular_polygons,3,1,15,5,6,224.000000,"[83.0, 318.0, 318.0, 318.0, 83.0]"
dim_balanced,regular_polygons,3,1,16,1,6,233.600000,"[230.0, 230.0, 236.0, 236.0, 236.0]"
dim_balanced,regular_polygons,3,1,17,6,6,146.400000,"[36.0, 220.0, 36.0, 220.0, 220.0]"
dim_balanced,regular_polygons,3,1,18,3,6,1274.400000,"[1488.0, 954.0, 1488.0, 954.0, 1488.0]"
dim_balanced,regular_polygons,3,1,19,6,6,186.600000,"[187.0, 186.0, 187.0, 186.0, 187.0]"
dim_balanced,regular_polygons,3,1,20,3,6,139.200000,"[140.0, 140.0, 138.0, 140.0, 138.0]"
dim_balanced,regular_polygons,3,2,0,5,6,289.000000,"[481.0, 481.0, 78.0, 78.0, 327.0]"
dim_balanced,regular_polygons,3,2,1,2,6,77.600000,"[105.0, 97.0, 45.0, 36.0, 105.0]"
dim_balanced,regular_polygons,3,2,2,6,6,423.600000,"[578.0, 270.0, 500.0, 500.0, 270.0]"
dim_balanced,regular_polygons,3,2,3,4,6,702.000000,"[710.0, 690.0, 692.0, 708.0, 710.0]"
dim_balanced,regular_polygons,3,2,4,6,6,294.000000,"[402.0, 173.0, 86.0, 407.0, 402.0]"
dim_balanced,regular_polygons,3,2,5,6,6,202.800000,"[69.0, 69.0, 292.0, 292.0, 292.0]"
dim_balanced,regular_polygons,3,2,6,1,6,314.200000,"[501.0, 501.0, 31.0, 507.0, 31.0]"
dim_balanced,regular_polygons,3,2,7,6,6,241.200000,"[231.0, 239.0, 256.0, 239.0, 241.0]"
dim_balanced,regular_polygons,3,2,8,6,6,1065.600000,"[1026.0, 885.0, 1362.0, 885.0, 1170.0]"
dim_balanced,regular_polygons,3,2,9,1,6,528.400000,"[48.0, 1003.0, 1003.0, 534.0, 54.0]"
dim_balanced,regular_polygons,3,2,10,5,6,108.400000,"[115.0, 48.0, 94.0, 115.0, 170.0]"
dim_balanced,regular_polygons,3,2,11,2,6,807.400000,"[893.0, 881.0, 881.0, 691.0, 691.0]"
dim_balanced,regular_polygons,3,2,12,2,6,457.000000,"[721.0, 59.0, 59.0, 725.0, 721.0]"
dim_balanced,regular_polygons,3,2,13,1,6,1081.000000,"[1291.0, 1054.0, 1003.0, 1003.0, 1054.0]"
dim_balanced,regular_polygons,3,2,14,6,6,150.400000,"[148.0, 145.0, 163.0, 148.0, 148.0]"
dim_balanced,regular_polygons,3,2,15,4,6,163.000000,"[164.0, 177.0, 164.0, 160.0, 150.0]"
dim_balanced,regular_polygons,3,2,16,1,6,149.200000,"[230.0, 265.0, 27.0, 112.0, 112.0]"
dim_balanced,regular_polygons,3,2,17,6,6,471.400000,"[403.0, 361.0, 829.0, 403.0, 361.0]"
dim_balanced,regular_polygons,3,2,18,4,6,298.600000,"[262.0, 271.0, 271.0, 262.0, 427.0]"
dim_balanced,regular_polygons,3,2,19,6,6,443.600000,"[546.0, 270.0, 294.0, 554.0, 554.0]"
dim_balanced,regular_polygons,3,2,20,2,6,125.600000,"[140.0, 140.0, 79.0, 190.0, 79.0]"
dim_balanced,regular_polygons,3,3,0,4,6,286.800000,"[600.0, 327.0, 93.0, 87.0, 327.0]"
dim_balanced,regular_polygons,3,3,1,6,6,327.800000,"[70.0, 9.0, 581.0, 581.0, 398.0]"
dim_balanced,regular_polygons,3,3,2,5,6,375.400000,"[450.0, 420.0, 415.0, 171.0, 421.0]"
dim_balanced,regular_polygons,3,3,3,1,6,735.600000,"[694.0, 762.0, 694.0, 766.0, 762.0]"
dim_balanced,regular_polygons,3,3,4,4,6,359.000000,"[280.0, 402.0, 747.0, 280.0, 86.0]"
dim_balanced,regular_polygons,3,3,5,3,6,240.800000,"[134.0, 411.0, 141.0, 411.0, 107.0]"
dim_balanced,regular_polygons,3,3,6,1,6,615.600000,"[430.0, 760.0, 729.0, 729.0, 430.0]"
dim_balanced,regular_polygons,3,3,7,6,6,309.600000,"[360.0, 285.0, 321.0, 357.0, 225.0]"
dim_balanced,regular_polygons,3,3,8,1,6,875.000000,"[1146.0, 556.0, 31.0, 1321.0, 1321.0]"
dim_balanced,regular_polygons,3,3,9,6,6,175.600000,"[75.0, 146.0, 75.0, 48.0, 534.0]"
dim_balanced,regular_polygons,3,3,10,4,6,86.200000,"[52.0, 109.0, 111.0, 48.0, 111.0]"
dim_balanced,regular_polygons,3,3,11,3,6,388.000000,"[430.0, 392.0, 316.0, 377.0, 425.0]"
dim_balanced,regular_polygons,3,3,12,1,6,448.000000,"[37.0, 655.0, 272.0, 659.0, 617.0]"
dim_balanced,regular_polygons,3,3,13,6,6,383.600000,"[249.0, 466.0, 495.0, 467.0, 241.0]"
dim_balanced,regular_polygons,3,3,14,6,6,641.800000,"[513.0, 767.0, 509.0, 1019.0, 401.0]"
dim_balanced,regular_polygons,3,3,15,1,6,637.000000,"[160.0, 164.0, 1117.0, 872.0, 872.0]"
dim_balanced,regular_polygons,3,3,16,3,6,254.200000,"[265.0, 236.0, 230.0, 270.0, 270.0]"
dim_balanced,regular_polygons,3,3,17,1,6,640.000000,"[37.0, 721.0, 1093.0, 256.0, 1093.0]"
dim_balanced,regular_polygons,3,3,18,1,6,597.800000,"[91.0, 304.0, 900.0, 810.0, 884.0]"
dim_balanced,regular_polygons,3,3,19,4,6,602.400000,"[997.0, 967.0, 210.0, 533.0, 305.0]"
dim_balanced,regular_polygons,3,3,20,5,6,175.600000,"[239.0, 239.0, 134.0, 128.0, 138.0]"
dim_balanced,regular_polygons,3,4,0,3,6,466.200000,"[576.0, 941.0, 578.0, 117.0, 119.0]"
dim_balanced,regular_polygons,3,4,1,1,6,605.400000,"[944.0, 731.0, 429.0, 731.0, 192.0]"
dim_balanced,regular_polygons,3,4,2,1,6,629.800000,"[1169.0, 284.0, 739.0, 337.0, 620.0]"
dim_balanced,regular_polygons,3,4,3,6,6,870.000000,"[962.0, 708.0, 795.0, 957.0, 928.0]"
dim_balanced,regular_polygons,3,4,4,3,6,857.600000,"[391.0, 983.0, 985.0, 395.0, 1534.0]"
dim_balanced,regular_polygons,3,4,5,6,6,141.000000,"[243.0, 127.0, 83.0, 181.0, 71.0]"
dim_balanced,regular_polygons,3,4,6,5,6,668.400000,"[592.0, 695.0, 716.0, 717.0, 622.0]"
dim_balanced,regular_polygons,3,4,7,1,6,396.200000,"[281.0, 536.0, 277.0, 612.0, 275.0]"
dim_balanced,regular_polygons,3,4,8,2,6,830.200000,"[1033.0, 1193.0, 391.0, 946.0, 588.0]"
dim_balanced,regular_polygons,3,4,9,2,6,542.600000,"[90.0, 1197.0, 558.0, 722.0, 146.0]"
dim_balanced,regular_polygons,3,4,10,5,6,123.400000,"[133.0, 103.0, 120.0, 137.0, 124.0]"
dim_balanced,regular_polygons,3,4,11,6,6,557.000000,"[538.0, 706.0, 473.0, 408.0, 660.0]"
dim_balanced,regular_polygons,3,4,12,2,6,703.000000,"[1027.0, 803.0, 37.0, 827.0, 821.0]"
dim_balanced,regular_polygons,3,4,13,6,6,553.600000,"[534.0, 538.0, 638.0, 634.0, 424.0]"
dim_balanced,regular_polygons,3,4,14,3,6,405.800000,"[391.0, 360.0, 357.0, 353.0, 568.0]"
dim_balanced,regular_polygons,3,4,15,4,6,805.800000,"[1407.0, 1178.0, 259.0, 142.0, 1043.0]"
dim_balanced,regular_polygons,3,4,16,4,6,185.400000,"[29.0, 290.0, 189.0, 189.0, 230.0]"
dim_balanced,regular_polygons,3,4,17,6,6,812.600000,"[1432.0, 403.0, 756.0, 1432.0, 40.0]"
dim_balanced,regular_polygons,3,4,18,5,6,638.400000,"[436.0, 885.0, 727.0, 723.0, 421.0]"
dim_balanced,regular_polygons,3,4,19,4,6,244.000000,"[179.0, 209.0, 180.0, 177.0, 475.0]"
dim_balanced,regular_polygons,3,4,20,2,6,141.600000,"[161.0, 140.0, 94.0, 170.0, 143.0]"
dim_balanced,regular_polygons,3,5,0,2,6,108.800000,"[116.0, 109.0, 93.0, 78.0, 148.0]"
dim_balanced,regular_polygons,3,5,1,4,6,241.400000,"[92.0, 131.0, 324.0, 92.0, 568.0]"
dim_balanced,regular_polygons,3,5,2,3,6,369.800000,"[453.0, 411.0, 212.0, 389.0, 384.0]"
dim_balanced,regular_polygons,3,5,3,1,6,801.600000,"[820.0, 868.0, 864.0, 694.0, 762.0]"
dim_balanced,regular_polygons,3,5,4,6,6,189.800000,"[391.0, 121.0, 162.0, 152.0, 123.0]"
dim_balanced,regular_polygons,3,5,5,1,6,200.800000,"[315.0, 152.0, 267.0, 136.0, 134.0]"
dim_balanced,regular_polygons,3,5,6,2,6,433.200000,"[472.0, 532.0, 532.0, 299.0, 331.0]"
dim_balanced,regular_polygons,3,5,7,3,6,364.800000,"[358.0, 441.0, 322.0, 319.0, 384.0]"
dim_balanced,regular_polygons,3,5,8,4,6,809.600000,"[901.0, 471.0, 1100.0, 381.0, 1195.0]"
dim_balanced,regular_polygons,3,5,9,5,6,534.800000,"[18.0, 487.0, 176.0, 1837.0, 156.0]"
dim_balanced,regular_polygons,3,5,10,5,6,366.400000,"[320.0, 16.0, 103.0, 574.0, 819.0]"
dim_balanced,regular_polygons,3,5,11,6,6,670.400000,"[699.0, 712.0, 690.0, 612.0, 639.0]"
dim_balanced,regular_polygons,3,5,12,1,6,588.600000,"[503.0, 380.0, 933.0, 933.0, 194.0]"
dim_balanced,regular_polygons,3,5,13,5,6,850.600000,"[697.0, 871.0, 811.0, 1007.0, 867.0]"
dim_balanced,regular_polygons,3,5,14,4,6,604.600000,"[401.0, 798.0, 798.0, 513.0, 513.0]"
dim_balanced,regular_polygons,3,5,15,4,6,515.000000,"[1194.0, 192.0, 97.0, 930.0, 162.0]"
dim_balanced,regular_polygons,3,5,16,6,6,204.000000,"[199.0, 230.0, 270.0, 199.0, 122.0]"
dim_balanced,regular_polygons,3,5,17,4,6,400.800000,"[469.0, 440.0, 430.0, 275.0, 390.0]"
dim_balanced,regular_polygons,3,5,18,3,6,467.800000,"[485.0, 524.0, 766.0, 533.0, 31.0]"
dim_balanced,regular_polygons,3,5,19,2,6,386.000000,"[280.0, 382.0, 451.0, 425.0, 392.0]"
dim_balanced,totems,3,0,0,1,6,2.000000,"[2.0, 2.0, 2.0, 2.0, 2.0]"
dim_balanced,totems,3,0,1,2,6,4.000000,"[4.0, 4.0, 4.0, 4.0, 4.0]"
dim_balanced,totems,3,0,2,2,6,2.000000,"[2.0, 2.0, 2.0, 2.0, 2.0]"
dim_balanced,totems,3,0,3,6,6,2.000000,"[2.0, 2.0, 2.0, 2.0, 2.0]"
dim_balanced,totems,3,0,4,5,6,15.000000,"[15.0, 15.0, 15.0, 15.0, 15.0]"
dim_balanced,totems,3,0,5,1,6,2.000000,"[2.0, 2.0, 2.0, 2.0, 2.0]"
dim_balanced,totems,3,0,6,1,6,15.000000,"[15.0, 15.0, 15.0, 15.0, 15.0]"
dim_balanced,totems,3,0,7,2,6,4.000000,"[4.0, 4.0, 4.0, 4.0, 4.0]"
dim_balanced,totems,3,0,8,5,6,15.000000,"[15.0, 15.0, 15.0, 15.0, 15.0]"
dim_balanced,totems,3,0,9,6,6,2.000000,"[2.0, 2.0, 2.0, 2.0, 2.0]"
dim_balanced,totems,3,0,10,2,6,4.000000,"[4.0, 4.0, 4.0, 4.0, 4.0]"
dim_balanced,totems,3,0,11,5,6,2.000000,"[2.0, 2.0, 2.0, 2.0, 2.0]"
dim_balanced,totems,3,0,12,1,6,15.000000,"[15.0, 15.0, 15.0, 15.0, 15.0]"
dim_balanced,totems,3,0,13,6,6,2.000000,"[2.0, 2.0, 2.0, 2.0, 2.0]"
dim_balanced,totems,3,0,14,3,6,2.000000,"[2.0, 2.0, 2.0, 2.0, 2.0]"
dim_balanced,totems,3,0,15,2,6,4.000000,"[4.0, 4.0, 4.0, 4.0, 4.0]"
dim_balanced,totems,3,0,16,3,6,2.000000,"[2.0, 2.0, 2.0, 2.0, 2.0]"
dim_balanced,totems,3,0,17,1,6,2.000000,"[2.0, 2.0, 2.0, 2.0, 2.0]"
dim_balanced,totems,3,0,18,1,6,15.000000,"[15.0, 15.0, 15.0, 15.0, 15.0]"
dim_balanced,totems,3,0,19,3,6,4.000000,"[4.0, 4.0, 4.0, 4.0, 4.0]"
dim_balanced,totems,3,0,20,1,6,2.000000,"[2.0, 2.0, 2.0, 2.0, 2.0]"
dim_balanced,totems,3,1,0,6,6,4.400000,"[6.0, 6.0, 6.0, 2.0, 2.0]"
dim_balanced,totems,3,1,1,2,6,16.200000,"[15.0, 15.0, 17.0, 17.0, 17.0]"
dim_balanced,totems,3,1,2,4,6,11.000000,"[2.0, 17.0, 17.0, 2.0, 17.0]"
dim_balanced,totems,3,1,3,3,6,4.400000,"[6.0, 6.0, 6.0, 2.0, 2.0]"
dim_balanced,totems,3,1,4,3,6,16.200000,"[17.0, 17.0, 15.0, 17.0, 15.0]"
dim_balanced,totems,3,1,5,1,6,3.200000,"[4.0, 2.0, 4.0, 2.0, 4.0]"
dim_balanced,totems,3,1,6,1,6,16.200000,"[15.0, 17.0, 15.0, 17.0, 17.0]"
dim_balanced,totems,3,1,7,4,6,16.200000,"[17.0, 17.0, 15.0, 15.0, 17.0]"
dim_balanced,totems,3,1,8,5,6,24.000000,"[30.0, 15.0, 30.0, 30.0, 15.0]"
dim_balanced,totems,3,1,9,6,6,3.200000,"[4.0, 2.0, 2.0, 4.0, 4.0]"
dim_balanced,totems,3,1,10,1,6,5.200000,"[6.0, 6.0, 4.0, 6.0, 4.0]"
dim_balanced,totems,3,1,11,3,6,11.000000,"[17.0, 2.0, 2.0, 17.0, 17.0]"
dim_balanced,totems,3,1,12,3,6,16.200000,"[15.0, 17.0, 15.0, 17.0, 17.0]"
dim_balanced,totems,3,1,13,2,6,3.200000,"[2.0, 2.0, 4.0, 4.0, 4.0]"
dim_balanced,totems,3,1,14,5,6,3.200000,"[2.0, 4.0, 4.0, 4.0, 2.0]"
dim_balanced,totems,3,1,15,3,6,16.200000,"[17.0, 17.0, 15.0, 17.0, 15.0]"
dim_balanced,totems,3,1,16,5,6,3.200000,"[2.0, 4.0, 4.0, 4.0, 2.0]"
dim_balanced,totems,3,1,17,5,6,11.000000,"[2.0, 17.0, 17.0, 2.0, 17.0]"
dim_balanced,totems,3,1,18,3,6,15.600000,"[15.0, 16.0, 16.0, 16.0, 15.0]"
dim_balanced,totems,3,1,19,6,6,24.000000,"[30.0, 30.0, 30.0, 15.0, 15.0]"
dim_balanced,totems,3,1,20,3,6,11.000000,"[2.0, 17.0, 17.0, 2.0, 17.0]"
dim_balanced,totems,3,2,0,2,6,12.200000,"[17.0, 2.0, 19.0, 19.0, 4.0]"
dim_balanced,totems,3,2,1,3,6,14.200000,"[6.0, 6.0, 21.0, 19.0, 19.0]"
dim_balanced,totems,3,2,2,4,6,5.600000,"[8.0, 2.0, 8.0, 4.0, 6.0]"
dim_balanced,totems,3,2,3,4,6,20.000000,"[17.0, 32.0, 32.0, 17.0, 2.0]"
dim_balanced,totems,3,2,4,4,6,25.200000,"[32.0, 32.0, 30.0, 17.0, 15.0]"
dim_balanced,totems,3,2,5,2,6,12.200000,"[17.0, 19.0, 4.0, 2.0, 19.0]"
dim_balanced,totems,3,2,6,2,6,14.000000,"[19.0, 19.0, 20.0, 6.0, 6.0]"
dim_balanced,totems,3,2,7,5,6,17.400000,"[17.0, 17.0, 17.0, 19.0, 17.0]"
dim_balanced,totems,3,2,8,6,6,33.000000,"[30.0, 30.0, 30.0, 45.0, 30.0]"
dim_balanced,totems,3,2,9,1,6,12.200000,"[17.0, 19.0, 19.0, 4.0, 2.0]"
dim_balanced,totems,3,2,10,6,6,18.600000,"[19.0, 21.0, 17.0, 19.0, 17.0]"
dim_balanced,totems,3,2,11,2,6,20.000000,"[2.0, 17.0, 32.0, 17.0, 32.0]"
dim_balanced,totems,3,2,12,3,6,7.600000,"[10.0, 6.0, 6.0, 8.0, 8.0]"
dim_balanced,totems,3,2,13,1,6,12.200000,"[4.0, 17.0, 17.0, 19.0, 4.0]"
dim_balanced,totems,3,2,14,2,6,5.600000,"[6.0, 2.0, 8.0, 8.0, 4.0]"
dim_balanced,totems,3,2,15,6,6,17.400000,"[19.0, 17.0, 17.0, 15.0, 19.0]"
dim_balanced,totems,3,2,16,1,6,13.400000,"[21.0, 2.0, 6.0, 21.0, 17.0]"
dim_balanced,totems,3,2,17,6,6,5.600000,"[8.0, 4.0, 4.0, 6.0, 6.0]"
dim_balanced,totems,3,2,18,6,6,26.400000,"[15.0, 30.0, 19.0, 34.0, 34.0]"
dim_balanced,totems,3,2,19,2,6,6.400000,"[4.0, 8.0, 8.0, 8.0, 4.0]"
dim_balanced,totems,3,2,20,2,6,12.200000,"[4.0, 17.0, 4.0, 19.0, 17.0]"
dim_balanced,totems,3,3,0,6,6,13.400000,"[19.0, 2.0, 21.0, 21.0, 4.0]"
dim_balanced,totems,3,3,1,3,6,15.000000,"[21.0, 6.0, 22.0, 4.0, 22.0]"
dim_balanced,totems,3,3,2,1,6,6.800000,"[6.0, 10.0, 4.0, 4.0, 10.0]"
dim_balanced,totems,3,3,3,1,6,6.800000,"[8.0, 8.0, 8.0, 6.0, 4.0]"
dim_balanced,totems,3,3,4,5,6,19.800000,"[19.0, 19.0, 21.0, 21.0, 19.0]"
dim_balanced,totems,3,3,5,5,6,20.600000,"[4.0, 2.0, 33.0, 31.0, 33.0]"
dim_balanced,totems,3,3,6,2,6,19.800000,"[19.0, 23.0, 23.0, 19.0, 15.0]"
dim_balanced,totems,3,3,7,5,6,15.400000,"[6.0, 21.0, 21.0, 21.0, 8.0]"
dim_balanced,totems,3,3,8,2,6,19.200000,"[19.0, 18.0, 16.0, 21.0, 22.0]"
dim_balanced,totems,3,3,9,6,6,20.600000,"[31.0, 18.0, 4.0, 19.0, 31.0]"
dim_balanced,totems,3,3,10,1,6,25.800000,"[17.0, 17.0, 31.0, 31.0, 33.0]"
dim_balanced,totems,3,3,11,6,6,20.600000,"[31.0, 4.0, 31.0, 4.0, 33.0]"
dim_balanced,totems,3,3,12,6,6,19.800000,"[17.0, 21.0, 17.0, 21.0, 23.0]"
dim_balanced,totems,3,3,13,6,6,8.000000,"[12.0, 4.0, 8.0, 10.0, 6.0]"
dim_balanced,totems,3,3,14,4,6,13.200000,"[17.0, 20.0, 6.0, 19.0, 4.0]"
dim_balanced,totems,3,3,15,6,6,33.600000,"[45.0, 46.0, 30.0, 16.0, 31.0]"
dim_balanced,totems,3,3,16,1,6,14.600000,"[23.0, 19.0, 17.0, 6.0, 8.0]"
dim_balanced,totems,3,3,17,5,6,21.800000,"[20.0, 20.0, 21.0, 31.0, 17.0]"
dim_balanced,totems,3,3,18,2,6,18.000000,"[18.0, 16.0, 20.0, 19.0, 17.0]"
dim_balanced,totems,3,3,19,2,6,15.400000,"[23.0, 6.0, 4.0, 21.0, 23.0]"
dim_balanced,totems,3,3,20,1,6,20.200000,"[18.0, 18.0, 17.0, 32.0, 16.0]"
dim_balanced,totems,3,4,0,1,6,15.400000,"[8.0, 2.0, 24.0, 24.0, 19.0]"
dim_balanced,totems,3,4,1,1,6,34.800000,"[45.0, 47.0, 46.0, 17.0, 19.0]"
dim_balanced,totems,3,4,2,1,6,23.400000,"[4.0, 21.0, 37.0, 23.0, 32.0]"
dim_balanced,totems,3,4,3,5,6,17.000000,"[19.0, 19.0, 27.0, 10.0, 10.0]"
dim_balanced,totems,3,4,4,6,6,34.800000,"[33.0, 17.0, 46.0, 48.0, 30.0]"
dim_balanced,totems,3,4,5,6,6,15.800000,"[19.0, 23.0, 25.0, 8.0, 4.0]"
dim_balanced,totems,3,4,6,5,6,34.800000,"[18.0, 45.0, 32.0, 31.0, 48.0]"
dim_balanced,totems,3,4,7,1,6,24.400000,"[23.0, 21.0, 19.0, 36.0, 23.0]"
dim_balanced,totems,3,4,8,6,6,20.400000,"[24.0, 20.0, 17.0, 21.0, 20.0]"
dim_balanced,totems,3,4,9,5,6,23.600000,"[23.0, 17.0, 19.0, 21.0, 38.0]"
dim_balanced,totems,3,4,10,2,6,16.600000,"[8.0, 21.0, 10.0, 23.0, 21.0]"
dim_balanced,totems,3,4,11,6,6,22.000000,"[20.0, 33.0, 19.0, 19.0, 19.0]"
dim_balanced,totems,3,4,12,2,6,28.600000,"[33.0, 36.0, 21.0, 17.0, 36.0]"
dim_balanced,totems,3,4,13,3,6,22.400000,"[19.0, 36.0, 4.0, 34.0, 19.0]"
dim_balanced,totems,3,4,14,2,6,23.200000,"[37.0, 17.0, 2.0, 23.0, 37.0]"
dim_balanced,totems,3,4,15,5,6,24.000000,"[23.0, 6.0, 35.0, 37.0, 19.0]"
dim_balanced,totems,3,4,16,2,6,15.200000,"[20.0, 8.0, 6.0, 24.0, 18.0]"
dim_balanced,totems,3,4,17,2,6,15.200000,"[18.0, 8.0, 24.0, 8.0, 18.0]"
dim_balanced,totems,3,4,18,4,6,28.000000,"[30.0, 17.0, 36.0, 22.0, 35.0]"
dim_balanced,totems,3,4,19,3,6,26.400000,"[15.0, 16.0, 34.0, 34.0, 33.0]"
dim_balanced,totems,3,4,20,1,6,15.800000,"[6.0, 21.0, 19.0, 25.0, 8.0]"
dim_balanced,totems,3,5,0,2,6,17.600000,"[26.0, 8.0, 12.0, 18.0, 24.0]"
dim_balanced,totems,3,5,1,3,6,35.800000,"[31.0, 48.0, 49.0, 34.0, 17.0]"
dim_balanced,totems,3,5,2,3,6,11.600000,"[12.0, 14.0, 12.0, 8.0, 12.0]"
dim_balanced,totems,3,5,3,3,6,18.200000,"[19.0, 14.0, 8.0, 27.0, 23.0]"
dim_balanced,totems,3,5,4,6,6,35.200000,"[31.0, 48.0, 33.0, 46.0, 18.0]"
dim_balanced,totems,3,5,5,3,6,31.000000,"[35.0, 4.0, 34.0, 32.0, 50.0]"
dim_balanced,totems,3,5,6,2,6,18.600000,"[12.0, 10.0, 22.0, 25.0, 24.0]"
dim_balanced,totems,3,5,7,6,6,25.200000,"[23.0, 37.0, 21.0, 22.0, 23.0]"
dim_balanced,totems,3,5,8,1,6,35.200000,"[32.0, 34.0, 33.0, 46.0, 31.0]"
dim_balanced,totems,3,5,9,6,6,30.600000,"[34.0, 35.0, 17.0, 19.0, 48.0]"
dim_balanced,totems,3,5,10,3,6,35.200000,"[32.0, 48.0, 30.0, 20.0, 46.0]"
dim_balanced,totems,3,5,11,6,6,30.200000,"[33.0, 20.0, 33.0, 33.0, 32.0]"
dim_balanced,totems,3,5,12,4,6,35.800000,"[35.0, 31.0, 32.0, 35.0, 46.0]"
dim_balanced,totems,3,5,13,6,6,30.400000,"[2.0, 35.0, 20.0, 48.0, 47.0]"
dim_balanced,totems,3,5,14,4,6,24.200000,"[8.0, 33.0, 39.0, 23.0, 18.0]"
dim_balanced,totems,3,5,15,3,6,36.000000,"[17.0, 30.0, 48.0, 50.0, 35.0]"
dim_balanced,totems,3,5,16,5,6,18.200000,"[23.0, 10.0, 27.0, 27.0, 4.0]"
dim_balanced,totems,3,5,17,4,6,24.000000,"[18.0, 24.0, 33.0, 23.0, 22.0]"
dim_balanced,totems,3,5,18,5,6,22.800000,"[22.0, 26.0, 21.0, 23.0, 22.0]"
dim_balanced,totems,3,5,19,4,6,25.000000,"[22.0, 37.0, 23.0, 22.0, 21.0]"
var_balanced,glyphs,3,0,0,1,6,2.000000,"[2.0, 2.0, 2.0, 2.0, 2.0]"
var_balanced,glyphs,3,0,1,2,6,37.000000,"[37.0, 37.0, 37.0, 37.0, 37.0]"
var_balanced,glyphs,3,0,2,2,6,2.000000,"[2.0, 2.0, 2.0, 2.0, 2.0]"
var_balanced,glyphs,3,0,3,6,6,2.000000,"[2.0, 2.0, 2.0, 2.0, 2.0]"
var_balanced,glyphs,3,0,4,5,6,14.000000,"[14.0, 14.0, 14.0, 14.0, 14.0]"
var_balanced,glyphs,3,0,5,1,6,2.000000,"[2.0, 2.0, 2.0, 2.0, 2.0]"
var_balanced,glyphs,3,0,6,1,6,14.000000,"[14.0, 14.0, 14.0, 14.0, 14.0]"
var_balanced,glyphs,3,0,7,2,6,37.000000,"[37.0, 37.0, 37.0, 37.0, 37.0]"
var_balanced,glyphs,3,0,8,5,6,14.000000,"[14.0, 14.0, 14.0, 14.0, 14.0]"
var_balanced,glyphs,3,0,9,6,6,2.000000,"[2.0, 2.0, 2.0, 2.0, 2.0]"
var_balanced,glyphs,3,0,10,2,6,37.000000,"[37.0, 37.0, 37.0, 37.0, 37.0]"
var_balanced,glyphs,3,0,11,5,6,2.000000,"[2.0, 2.0, 2.0, 2.0, 2.0]"
var_balanced,glyphs,3,0,12,1,6,29.000000,"[29.0, 29.0, 29.0, 29.0, 29.0]"
var_balanced,glyphs,3,0,13,6,6,2.000000,"[2.0, 2.0, 2.0, 2.0, 2.0]"
var_balanced,glyphs,3,0,14,3,6,2.000000,"[2.0, 2.0, 2.0, 2.0, 2.0]"
var_balanced,glyphs,3,0,15,2,6,37.000000,"[37.0, 37.0, 37.0, 37.0, 37.0]"
var_balanced,glyphs,3,0,16,3,6,2.000000,"[2.0, 2.0, 2.0, 2.0, 2.0]"
var_balanced,glyphs,3,0,17,1,6,2.000000,"[2.0, 2.0, 2.0, 2.0, 2.0]"
var_balanced,glyphs,3,0,18,1,6,29.000000,"[29.0, 29.0, 29.0, 29.0, 29.0]"
var_balanced,glyphs,3,0,19,3,6,37.000000,"[37.0, 37.0, 37.0, 37.0, 37.0]"
var_balanced,glyphs,3,0,20,1,6,2.000000,"[2.0, 2.0, 2.0, 2.0, 2.0]"
var_balanced,glyphs,3,0,21,5,6,29.000000,"[29.0, 29.0, 29.0, 29.0, 29.0]"
var_balanced,glyphs,3,0,22,4,6,2.000000,"[2.0, 2.0, 2.0, 2.0, 2.0]"
var_balanced,glyphs,3,0,23,5,6,14.000000,"[14.0, 14.0, 14.0, 14.0, 14.0]"
var_balanced,glyphs,3,0,24,6,6,2.000000,"[2.0, 2.0, 2.0, 2.0, 2.0]"
var_balanced,glyphs,3,0,25,5,6,37.000000,"[37.0, 37.0, 37.0, 37.0, 37.0]"
var_balanced,glyphs,3,0,26,6,6,2.000000,"[2.0, 2.0, 2.0, 2.0, 2.0]"
var_balanced,glyphs,3,0,27,1,6,37.000000,"[37.0, 37.0, 37.0, 37.0, 37.0]"
var_balanced,glyphs,3,0,28,3,6,14.000000,"[14.0, 14.0, 14.0, 14.0, 14.0]"
var_balanced,glyphs,3,0,29,2,6,2.000000,"[2.0, 2.0, 2.0, 2.0, 2.0]"
var_balanced,glyphs,3,0,30,4,6,14.000000,"[14.0, 14.0, 14.0, 14.0, 14.0]"
var_balanced,glyphs,3,0,31,4,6,2.000000,"[2.0, 2.0, 2.0, 2.0, 2.0]"
var_balanced,glyphs,3,0,32,2,6,2.000000,"[2.0, 2.0, 2.0, 2.0, 2.0]"
var_balanced,glyphs,3,0,33,3,6,37.000000,"[37.0, 37.0, 37.0, 37.0, 37.0]"
var_balanced,glyphs,3,0,34,6,6,14.000000,"[14.0, 14.0, 14.0, 14.0, 14.0]"
var_balanced,glyphs,3,0,35,6,6,37.000000,"[37.0, 37.0, 37.0, 37.0, 37.0]"
var_balanced,glyphs,3,0,36,5,6,2.000000,"[2.0, 2.0, 2.0, 2.0, 2.0]"
var_balanced,glyphs,3,0,37,5,6,2.000000,"[2.0, 2.0, 2.0, 2.0, 2.0]"
var_balanced,glyphs,3,0,38,2,6,2.000000,"[2.0, 2.0, 2.0, 2.0, 2.0]"
var_balanced,glyphs,3,0,39,4,6,29.000000,"[29.0, 29.0, 29.0, 29.0, 29.0]"
var_balanced,glyphs,3,0,40,6,6,2.000000,"[2.0, 2.0, 2.0, 2.0, 2.0]"
var_balanced,glyphs,3,0,41,6,6,2.000000,"[2.0, 2.0, 2.0, 2.0, 2.0]"
var_balanced,glyphs,3,1,0,6,6,24.200000,"[39.0, 39.0, 39.0, 2.0, 2.0]"
var_balanced,glyphs,3,1,1,2,6,15.200000,"[14.0, 14.0, 16.0, 16.0, 16.0]"
var_balanced,glyphs,3,1,2,4,6,10.400000,"[2.0, 16.0, 16.0, 2.0, 16.0]"
var_balanced,glyphs,3,1,3,3,6,24.200000,"[39.0, 39.0, 39.0, 2.0, 2.0]"
var_balanced,glyphs,3,1,4,3,6,15.200000,"[16.0, 16.0, 14.0, 16.0, 14.0]"
var_balanced,glyphs,3,1,5,1,6,3.200000,"[4.0, 2.0, 4.0, 2.0, 4.0]"
var_balanced,glyphs,3,1,6,1,6,15.200000,"[14.0, 16.0, 14.0, 16.0, 16.0]"
var_balanced,glyphs,3,1,7,4,6,30.200000,"[31.0, 31.0, 29.0, 29.0, 31.0]"
var_balanced,glyphs,3,1,8,5,6,22.400000,"[28.0, 14.0, 28.0, 28.0, 14.0]"
var_balanced,glyphs,3,1,9,6,6,3.200000,"[4.0, 2.0, 2.0, 4.0, 4.0]"
var_balanced,glyphs,3,1,10,1,6,38.200000,"[39.0, 39.0, 37.0, 39.0, 37.0]"
var_balanced,glyphs,3,1,11,3,6,19.400000,"[31.0, 2.0, 2.0, 31.0, 31.0]"
var_balanced,glyphs,3,1,12,3,6,30.200000,"[29.0, 31.0, 29.0, 31.0, 31.0]"
var_balanced,glyphs,3,1,13,2,6,3.200000,"[2.0, 2.0, 4.0, 4.0, 4.0]"
var_balanced,glyphs,3,1,14,5,6,3.200000,"[2.0, 4.0, 4.0, 4.0, 2.0]"
var_balanced,glyphs,3,1,15,3,6,15.200000,"[16.0, 16.0, 14.0, 16.0, 14.0]"
var_balanced,glyphs,3,1,16,5,6,3.200000,"[2.0, 4.0, 4.0, 4.0, 2.0]"
var_balanced,glyphs,3,1,17,5,6,19.400000,"[2.0, 31.0, 31.0, 2.0, 31.0]"
var_balanced,glyphs,3,1,18,3,6,15.200000,"[14.0, 16.0, 16.0, 16.0, 14.0]"
var_balanced,glyphs,3,1,19,6,6,22.400000,"[28.0, 28.0, 28.0, 14.0, 14.0]"
var_balanced,glyphs,3,1,20,3,6,10.400000,"[2.0, 16.0, 16.0, 2.0, 16.0]"
var_balanced,glyphs,3,1,21,6,6,30.200000,"[31.0, 29.0, 31.0, 29.0, 31.0]"
var_balanced,glyphs,3,1,22,1,6,19.400000,"[2.0, 2.0, 31.0, 31.0, 31.0]"
var_balanced,glyphs,3,1,23,1,6,15.200000,"[14.0, 16.0, 16.0, 16.0, 14.0]"
var_balanced,glyphs,3,1,24,3,6,10.400000,"[16.0, 2.0, 16.0, 2.0, 16.0]"
var_balanced,glyphs,3,1,25,4,6,22.400000,"[14.0, 28.0, 28.0, 14.0, 28.0]"
var_balanced,glyphs,3,1,26,4,6,10.400000,"[16.0, 2.0, 16.0, 16.0, 2.0]"
var_balanced,glyphs,3,1,27,1,6,46.400000,"[58.0, 29.0, 29.0, 58.0, 58.0]"
var_balanced,glyphs,3,1,28,3,6,15.200000,"[16.0, 14.0, 16.0, 14.0, 16.0]"
var_balanced,glyphs,3,1,29,6,6,10.400000,"[16.0, 2.0, 16.0, 2.0, 16.0]"
var_balanced,glyphs,3,1,30,4,6,38.200000,"[39.0, 39.0, 37.0, 37.0, 39.0]"
var_balanced,glyphs,3,1,31,3,6,24.200000,"[39.0, 39.0, 2.0, 2.0, 39.0]"
var_balanced,glyphs,3,1,32,2,6,19.400000,"[2.0, 2.0, 31.0, 31.0, 31.0]"
var_balanced,glyphs,3,1,33,1,6,36.200000,"[51.0, 51.0, 14.0, 51.0, 14.0]"
var_balanced,glyphs,3,1,34,4,6,15.200000,"[16.0, 16.0, 16.0, 14.0, 14.0]"
var_balanced,glyphs,3,1,35,6,6,38.200000,"[37.0, 39.0, 39.0, 37.0, 39.0]"
var_balanced,glyphs,3,1,36,3,6,3.200000,"[4.0, 4.0, 2.0, 2.0, 4.0]"
var_balanced,glyphs,3,1,37,4,6,24.200000,"[39.0, 2.0, 39.0, 39.0, 2.0]"
var_balanced,glyphs,3,1,38,3,6,10.400000,"[16.0, 16.0, 16.0, 2.0, 2.0]"
var_balanced,glyphs,3,1,39,5,6,30.200000,"[31.0, 29.0, 31.0, 31.0, 29.0]"
var_balanced,glyphs,3,1,40,3,6,10.400000,"[2.0, 16.0, 2.0, 16.0, 16.0]"
var_balanced,glyphs,3,1,41,6,6,10.400000,"[2.0, 16.0, 2.0, 16.0, 16.0]"
var_balanced,glyphs,3,2,0,2,6,20.600000,"[31.0, 2.0, 33.0, 33.0, 4.0]"
var_balanced,glyphs,3,2,1,3,6,43.600000,"[39.0, 39.0, 48.0, 46.0, 46.0]"
var_balanced,glyphs,3,2,2,4,6,25.400000,"[41.0, 2.0, 41.0, 4.0, 39.0]"
var_balanced,glyphs,3,2,3,4,6,26.600000,"[16.0, 42.0, 42.0, 31.0, 2.0]"
var_balanced,glyphs,3,2,4,4,6,32.600000,"[45.0, 45.0, 43.0, 16.0, 14.0]"
var_balanced,glyphs,3,2,5,2,6,11.600000,"[16.0, 18.0, 4.0, 2.0, 18.0]"
var_balanced,glyphs,3,2,6,2,6,38.400000,"[38.0, 38.0, 38.0, 39.0, 39.0]"
var_balanced,glyphs,3,2,7,5,6,31.400000,"[31.0, 31.0, 31.0, 33.0, 31.0]"
var_balanced,glyphs,3,2,8,6,6,30.800000,"[28.0, 28.0, 28.0, 42.0, 28.0]"
var_balanced,glyphs,3,2,9,1,6,11.600000,"[16.0, 18.0, 18.0, 4.0, 2.0]"
var_balanced,glyphs,3,2,10,6,6,34.000000,"[46.0, 46.0, 16.0, 46.0, 16.0]"
var_balanced,glyphs,3,2,11,2,6,36.800000,"[2.0, 31.0, 60.0, 31.0, 60.0]"
var_balanced,glyphs,3,2,12,3,6,45.600000,"[50.0, 39.0, 39.0, 50.0, 50.0]"
var_balanced,glyphs,3,2,13,1,6,20.600000,"[4.0, 31.0, 31.0, 33.0, 4.0]"
var_balanced,glyphs,3,2,14,2,6,25.400000,"[39.0, 2.0, 41.0, 41.0, 4.0]"
var_balanced,glyphs,3,2,15,6,6,16.400000,"[18.0, 16.0, 16.0, 14.0, 18.0]"
var_balanced,glyphs,3,2,16,1,6,32.600000,"[53.0, 2.0, 39.0, 53.0, 16.0]"
var_balanced,glyphs,3,2,17,6,6,25.400000,"[41.0, 4.0, 4.0, 39.0, 39.0]"
var_balanced,glyphs,3,2,18,6,6,41.400000,"[14.0, 28.0, 47.0, 59.0, 59.0]"
var_balanced,glyphs,3,2,19,2,6,39.400000,"[37.0, 41.0, 41.0, 41.0, 37.0]"
var_balanced,glyphs,3,2,20,2,6,11.600000,"[4.0, 16.0, 4.0, 18.0, 16.0]"
var_balanced,glyphs,3,2,21,2,6,51.200000,"[47.0, 43.0, 76.0, 76.0, 14.0]"
var_balanced,glyphs,3,2,22,3,6,18.800000,"[16.0, 30.0, 2.0, 16.0, 30.0]"
var_balanced,glyphs,3,2,23,5,6,39.400000,"[41.0, 41.0, 37.0, 39.0, 39.0]"
var_balanced,glyphs,3,2,24,3,6,32.600000,"[53.0, 53.0, 2.0, 39.0, 16.0]"
var_balanced,glyphs,3,2,25,6,6,16.400000,"[18.0, 14.0, 14.0, 18.0, 18.0]"
var_balanced,glyphs,3,2,26,3,6,25.400000,"[41.0, 4.0, 2.0, 41.0, 39.0]"
var_balanced,glyphs,3,2,27,1,6,52.400000,"[68.0, 68.0, 66.0, 31.0, 29.0]"
var_balanced,glyphs,3,2,28,5,6,43.200000,"[37.0, 48.0, 46.0, 37.0, 48.0]"
var_balanced,glyphs,3,2,29,6,6,25.400000,"[2.0, 41.0, 41.0, 4.0, 39.0]"
var_balanced,glyphs,3,2,30,5,6,39.400000,"[28.0, 51.0, 52.0, 14.0, 52.0]"
var_balanced,glyphs,3,2,31,6,6,4.400000,"[2.0, 6.0, 6.0, 4.0, 4.0]"
var_balanced,glyphs,3,2,32,1,6,25.400000,"[41.0, 41.0, 39.0, 4.0, 2.0]"
var_balanced,glyphs,3,2,33,6,6,32.600000,"[14.0, 43.0, 45.0, 45.0, 16.0]"
var_balanced,glyphs,3,2,34,4,6,16.400000,"[16.0, 16.0, 18.0, 14.0, 18.0]"
var_balanced,glyphs,3,2,35,5,6,39.400000,"[37.0, 37.0, 41.0, 41.0, 41.0]"
var_balanced,glyphs,3,2,36,2,6,20.600000,"[4.0, 31.0, 33.0, 33.0, 2.0]"
var_balanced,glyphs,3,2,37,4,6,20.600000,"[4.0, 4.0, 31.0, 33.0, 31.0]"
var_balanced,glyphs,3,2,38,4,6,25.400000,"[2.0, 41.0, 4.0, 41.0, 39.0]"
var_balanced,glyphs,3,2,39,6,6,32.600000,"[45.0, 16.0, 14.0, 43.0, 45.0]"
var_balanced,glyphs,3,2,40,3,6,4.400000,"[6.0, 4.0, 2.0, 6.0, 4.0]"
var_balanced,glyphs,3,2,41,2,6,32.600000,"[39.0, 53.0, 53.0, 2.0, 16.0]"
var_balanced,glyphs,3,2,42,2,6,23.600000,"[28.0, 16.0, 16.0, 30.0, 28.0]"
var_balanced,glyphs,3,2,43,5,6,16.400000,"[16.0, 16.0, 18.0, 16.0, 16.0]"
var_balanced,glyphs,3,2,44,6,6,25.400000,"[39.0, 39.0, 4.0, 41.0, 4.0]"
var_balanced,glyphs,3,2,45,3,6,34.400000,"[46.0, 48.0, 16.0, 16.0, 46.0]"
var_balanced,glyphs,3,2,46,3,6,4.400000,"[4.0, 4.0, 4.0, 6.0, 4.0]"
var_balanced,glyphs,3,2,47,6,6,31.400000,"[31.0, 31.0, 31.0, 31.0, 33.0]"
var_balanced,glyphs,3,2,48,6,6,47.200000,"[58.0, 58.0, 31.0, 58.0, 31.0]"
var_balanced,glyphs,3,2,49,2,6,16.400000,"[16.0, 18.0, 16.0, 14.0, 18.0]"
var_balanced,glyphs,3,2,50,6,6,4.400000,"[4.0, 6.0, 6.0, 2.0, 4.0]"
var_balanced,glyphs,3,2,51,4,6,39.400000,"[39.0, 39.0, 39.0, 41.0, 39.0]"
var_balanced,glyphs,3,2,52,2,6,46.600000,"[39.0, 39.0, 53.0, 51.0, 51.0]"
var_balanced,glyphs,3,2,53,5,6,31.400000,"[31.0, 31.0, 33.0, 31.0, 31.0]"
var_balanced,glyphs,3,2,54,2,6,34.400000,"[16.0, 48.0, 14.0, 48.0, 46.0]"
var_balanced,glyphs,3,2,55,6,6,32.600000,"[16.0, 14.0, 43.0, 45.0, 45.0]"
var_balanced,glyphs,3,2,56,3,6,25.400000,"[4.0, 41.0, 41.0, 2.0, 39.0]"
var_balanced,glyphs,3,2,57,4,6,25.400000,"[41.0, 2.0, 41.0, 41.0, 2.0]"
var_balanced,glyphs,3,2,58,3,6,31.400000,"[31.0, 33.0, 31.0, 31.0, 31.0]"
var_balanced,glyphs,3,2,59,6,6,35.000000,"[39.0, 37.0, 31.0, 39.0, 29.0]"
var_balanced,glyphs,3,2,60,6,6,60.400000,"[39.0, 74.0, 76.0, 39.0, 74.0]"
var_balanced,glyphs,3,2,61,3,6,25.400000,"[39.0, 41.0, 39.0, 4.0, 4.0]"
var_balanced,glyphs,3,2,62,2,6,25.400000,"[4.0, 41.0, 41.0, 39.0, 2.0]"
var_balanced,glyphs,3,3,0,6,6,21.800000,"[33.0, 2.0, 35.0, 35.0, 4.0]"
var_balanced,glyphs,3,3,1,3,6,56.800000,"[68.0, 39.0, 70.0, 37.0, 70.0]"
var_balanced,glyphs,3,3,2,1,6,26.600000,"[39.0, 43.0, 4.0, 4.0, 43.0]"
var_balanced,glyphs,3,3,3,1,6,26.600000,"[41.0, 41.0, 41.0, 6.0, 4.0]"
var_balanced,glyphs,3,3,4,5,6,53.600000,"[33.0, 33.0, 68.0, 68.0, 66.0]"
var_balanced,glyphs,3,3,5,5,6,20.000000,"[4.0, 2.0, 32.0, 30.0, 32.0]"
var_balanced,glyphs,3,3,6,2,6,34.800000,"[46.0, 48.0, 48.0, 18.0, 14.0]"
var_balanced,glyphs,3,3,7,5,6,44.000000,"[39.0, 46.0, 48.0, 46.0, 41.0]"
var_balanced,glyphs,3,3,8,2,6,38.600000,"[51.0, 18.0, 16.0, 53.0, 55.0]"
var_balanced,glyphs,3,3,9,6,6,20.000000,"[30.0, 18.0, 4.0, 18.0, 30.0]"
var_balanced,glyphs,3,3,10,1,6,24.800000,"[16.0, 16.0, 30.0, 30.0, 32.0]"
var_balanced,glyphs,3,3,11,6,6,20.000000,"[30.0, 4.0, 30.0, 4.0, 32.0]"
var_balanced,glyphs,3,3,12,6,6,47.800000,"[31.0, 59.0, 31.0, 59.0, 59.0]"
var_balanced,glyphs,3,3,13,6,6,36.400000,"[50.0, 4.0, 41.0, 48.0, 39.0]"
var_balanced,glyphs,3,3,14,4,6,21.800000,"[31.0, 35.0, 6.0, 33.0, 4.0]"
var_balanced,glyphs,3,3,15,6,6,46.800000,"[68.0, 69.0, 40.0, 16.0, 41.0]"
var_balanced,glyphs,3,3,16,1,6,33.800000,"[55.0, 18.0, 16.0, 39.0, 41.0]"
var_balanced,glyphs,3,3,17,5,6,40.200000,"[53.0, 53.0, 49.0, 30.0, 16.0]"
var_balanced,glyphs,3,3,18,2,6,17.600000,"[18.0, 16.0, 20.0, 18.0, 16.0]"
var_balanced,glyphs,3,3,19,2,6,49.400000,"[57.0, 39.0, 37.0, 57.0, 57.0]"
var_balanced,glyphs,3,3,20,1,6,29.000000,"[33.0, 18.0, 16.0, 47.0, 31.0]"
var_balanced,glyphs,3,3,21,6,6,32.600000,"[31.0, 33.0, 33.0, 33.0, 33.0]"
var_balanced,glyphs,3,3,22,3,6,27.400000,"[16.0, 33.0, 42.0, 4.0, 42.0]"
var_balanced,glyphs,3,3,23,1,6,50.000000,"[45.0, 45.0, 45.0, 72.0, 43.0]"
var_balanced,glyphs,3,3,24,1,6,12.800000,"[4.0, 2.0, 18.0, 20.0, 20.0]"
var_balanced,glyphs,3,3,25,5,6,47.800000,"[39.0, 37.0, 55.0, 53.0, 55.0]"
var_balanced,glyphs,3,3,26,4,6,30.800000,"[39.0, 39.0, 4.0, 41.0, 31.0]"
var_balanced,glyphs,3,3,27,5,6,48.800000,"[31.0, 62.0, 33.0, 60.0, 58.0]"
var_balanced,glyphs,3,3,28,6,6,17.600000,"[20.0, 16.0, 16.0, 18.0, 18.0]"
var_balanced,glyphs,3,3,29,6,6,31.400000,"[16.0, 49.0, 49.0, 4.0, 39.0]"
var_balanced,glyphs,3,3,30,2,6,45.800000,"[51.0, 51.0, 37.0, 51.0, 39.0]"
var_balanced,glyphs,3,3,31,5,6,42.800000,"[70.0, 68.0, 33.0, 4.0, 39.0]"
var_balanced,glyphs,3,3,32,4,6,44.600000,"[65.0, 31.0, 31.0, 31.0, 65.0]"
var_balanced,glyphs,3,3,33,3,6,40.600000,"[41.0, 41.0, 41.0, 41.0, 39.0]"
var_balanced,glyphs,3,3,34,2,6,56.800000,"[39.0, 39.0, 68.0, 68.0, 70.0]"
var_balanced,glyphs,3,3,35,2,6,34.400000,"[16.0, 48.0, 46.0, 14.0, 48.0]"
var_balanced,glyphs,3,3,36,6,6,21.800000,"[35.0, 33.0, 33.0, 4.0, 4.0]"
var_balanced,glyphs,3,3,37,2,6,29.000000,"[16.0, 16.0, 47.0, 33.0, 33.0]"
var_balanced,glyphs,3,3,38,6,6,50.000000,"[16.0, 39.0, 82.0, 31.0, 82.0]"
var_balanced,glyphs,3,3,39,1,6,48.000000,"[55.0, 56.0, 45.0, 55.0, 29.0]"
var_balanced,glyphs,3,3,40,6,6,26.600000,"[41.0, 41.0, 43.0, 4.0, 4.0]"
var_balanced,glyphs,3,3,41,2,6,47.600000,"[39.0, 41.0, 78.0, 4.0, 76.0]"
var_balanced,glyphs,3,3,42,3,6,46.000000,"[36.0, 38.0, 53.0, 50.0, 53.0]"
var_balanced,glyphs,3,3,43,6,6,53.800000,"[66.0, 38.0, 68.0, 68.0, 29.0]"
var_balanced,glyphs,3,3,44,2,6,42.800000,"[41.0, 33.0, 39.0, 33.0, 68.0]"
var_balanced,glyphs,3,3,45,3,6,37.600000,"[14.0, 30.0, 46.0, 50.0, 48.0]"
var_balanced,glyphs,3,3,46,6,6,24.800000,"[40.0, 4.0, 38.0, 4.0, 38.0]"
var_balanced,glyphs,3,3,47,5,6,77.800000,"[74.0, 105.0, 39.0, 105.0, 66.0]"
var_balanced,glyphs,3,3,48,5,6,46.000000,"[39.0, 50.0, 50.0, 41.0, 50.0]"
var_balanced,glyphs,3,3,49,3,6,47.800000,"[41.0, 55.0, 51.0, 39.0, 53.0]"
var_balanced,glyphs,3,3,50,4,6,21.800000,"[2.0, 33.0, 35.0, 6.0, 33.0]"
var_balanced,glyphs,3,3,51,1,6,50.400000,"[37.0, 57.0, 39.0, 64.0, 55.0]"
var_balanced,glyphs,3,3,52,6,6,61.600000,"[74.0, 78.0, 39.0, 39.0, 78.0]"
var_balanced,glyphs,3,3,53,2,6,35.600000,"[48.0, 16.0, 16.0, 50.0, 48.0]"
var_balanced,glyphs,3,3,54,3,6,35.600000,"[18.0, 48.0, 46.0, 48.0, 18.0]"
var_balanced,glyphs,3,3,55,1,6,39.800000,"[47.0, 29.0, 45.0, 33.0, 45.0]"
var_balanced,glyphs,3,3,56,1,6,48.000000,"[2.0, 68.0, 53.0, 77.0, 40.0]"
var_balanced,glyphs,3,3,57,1,6,32.200000,"[41.0, 49.0, 51.0, 2.0, 18.0]"
var_balanced,glyphs,3,3,58,1,6,44.000000,"[48.0, 46.0, 41.0, 46.0, 39.0]"
var_balanced,glyphs,3,3,59,4,6,32.000000,"[44.0, 42.0, 44.0, 16.0, 14.0]"
var_balanced,glyphs,3,3,60,1,6,40.600000,"[37.0, 41.0, 41.0, 43.0, 41.0]"
var_balanced,glyphs,3,3,61,6,6,26.600000,"[39.0, 43.0, 6.0, 39.0, 6.0]"
var_balanced,glyphs,3,3,62,6,6,27.800000,"[44.0, 4.0, 31.0, 44.0, 16.0]"
var_balanced,glyphs,3,4,0,1,6,32.200000,"[41.0, 2.0, 50.0, 50.0, 18.0]"
var_balanced,glyphs,3,4,1,1,6,39.000000,"[53.0, 55.0, 53.0, 16.0, 18.0]"
var_balanced,glyphs,3,4,2,1,6,37.800000,"[4.0, 48.0, 52.0, 55.0, 30.0]"
var_balanced,glyphs,3,4,3,5,6,31.800000,"[18.0, 18.0, 47.0, 38.0, 38.0]"
var_balanced,glyphs,3,4,4,6,6,39.600000,"[32.0, 16.0, 54.0, 56.0, 40.0]"
var_balanced,glyphs,3,4,5,6,6,31.800000,"[18.0, 47.0, 49.0, 41.0, 4.0]"
var_balanced,glyphs,3,4,6,5,6,33.200000,"[18.0, 42.0, 30.0, 30.0, 46.0]"
var_balanced,glyphs,3,4,7,1,6,74.200000,"[70.0, 68.0, 66.0, 97.0, 70.0]"
var_balanced,glyphs,3,4,8,6,6,39.800000,"[57.0, 53.0, 16.0, 53.0, 20.0]"
var_balanced,glyphs,3,4,9,5,6,51.200000,"[70.0, 31.0, 18.0, 53.0, 84.0]"
var_balanced,glyphs,3,4,10,2,6,45.000000,"[41.0, 47.0, 43.0, 47.0, 47.0]"
var_balanced,glyphs,3,4,11,6,6,29.000000,"[35.0, 41.0, 33.0, 18.0, 18.0]"
var_balanced,glyphs,3,4,12,2,6,51.200000,"[40.0, 63.0, 59.0, 31.0, 63.0]"
var_balanced,glyphs,3,4,13,3,6,28.600000,"[18.0, 45.0, 4.0, 43.0, 33.0]"
var_balanced,glyphs,3,4,14,2,6,43.000000,"[62.0, 31.0, 2.0, 58.0, 62.0]"
var_balanced,glyphs,3,4,15,5,6,46.800000,"[55.0, 39.0, 52.0, 52.0, 36.0]"
var_balanced,glyphs,3,4,16,2,6,44.000000,"[35.0, 41.0, 39.0, 72.0, 33.0]"
var_balanced,glyphs,3,4,17,2,6,35.000000,"[18.0, 41.0, 57.0, 41.0, 18.0]"
var_balanced,glyphs,3,4,18,4,6,43.400000,"[28.0, 16.0, 63.0, 49.0, 61.0]"
var_balanced,glyphs,3,4,19,3,6,33.000000,"[14.0, 16.0, 45.0, 45.0, 45.0]"
var_balanced,glyphs,3,4,20,1,6,44.000000,"[6.0, 68.0, 33.0, 72.0, 41.0]"
var_balanced,glyphs,3,4,21,4,6,37.000000,"[16.0, 51.0, 18.0, 51.0, 49.0]"
var_balanced,glyphs,3,4,22,5,6,47.800000,"[77.0, 2.0, 68.0, 44.0, 48.0]"
var_balanced,glyphs,3,4,23,6,6,56.000000,"[45.0, 84.0, 45.0, 53.0, 53.0]"
var_balanced,glyphs,3,4,24,4,6,52.800000,"[39.0, 18.0, 83.0, 83.0, 41.0]"
var_balanced,glyphs,3,4,25,1,6,40.000000,"[54.0, 18.0, 30.0, 56.0, 42.0]"
var_balanced,glyphs,3,4,26,3,6,45.600000,"[39.0, 33.0, 55.0, 39.0, 62.0]"
var_balanced,glyphs,3,4,27,5,6,62.800000,"[78.0, 43.0, 76.0, 41.0, 76.0]"
var_balanced,glyphs,3,4,28,1,6,49.000000,"[55.0, 55.0, 55.0, 41.0, 39.0]"
var_balanced,glyphs,3,4,29,1,6,25.200000,"[6.0, 2.0, 40.0, 40.0, 38.0]"
var_balanced,glyphs,3,4,30,5,6,39.800000,"[41.0, 41.0, 37.0, 41.0, 39.0]"
var_balanced,glyphs,3,4,31,3,6,31.600000,"[43.0, 31.0, 6.0, 38.0, 40.0]"
var_balanced,glyphs,3,4,32,4,6,30.800000,"[40.0, 35.0, 6.0, 40.0, 33.0]"
var_balanced,glyphs,3,4,33,5,6,58.000000,"[43.0, 70.0, 41.0, 68.0, 68.0]"
var_balanced,glyphs,3,4,34,3,6,58.000000,"[70.0, 39.0, 72.0, 39.0, 70.0]"
var_balanced,glyphs,3,4,35,6,6,58.000000,"[70.0, 39.0, 68.0, 43.0, 70.0]"
var_balanced,glyphs,3,4,36,3,6,39.600000,"[40.0, 47.0, 54.0, 41.0, 16.0]"
var_balanced,glyphs,3,4,37,2,6,41.400000,"[41.0, 43.0, 41.0, 41.0, 41.0]"
var_balanced,glyphs,3,4,38,5,6,44.000000,"[41.0, 72.0, 43.0, 31.0, 33.0]"
var_balanced,glyphs,3,4,39,2,6,43.600000,"[52.0, 33.0, 50.0, 38.0, 45.0]"
var_balanced,glyphs,3,4,40,2,6,38.200000,"[50.0, 53.0, 53.0, 31.0, 4.0]"
var_balanced,glyphs,3,4,41,6,6,35.000000,"[4.0, 55.0, 43.0, 55.0, 18.0]"
var_balanced,glyphs,3,4,42,4,6,38.800000,"[51.0, 45.0, 30.0, 50.0, 18.0]"
var_balanced,glyphs,3,4,43,1,6,39.000000,"[47.0, 53.0, 49.0, 16.0, 30.0]"
var_balanced,glyphs,3,4,44,2,6,35.000000,"[55.0, 18.0, 41.0, 20.0, 41.0]"
var_balanced,glyphs,3,4,45,4,6,45.400000,"[41.0, 48.0, 55.0, 46.0, 37.0]"
var_balanced,glyphs,3,4,46,4,6,27.400000,"[20.0, 42.0, 31.0, 4.0, 40.0]"
var_balanced,glyphs,3,4,47,4,6,65.200000,"[82.0, 39.0, 70.0, 82.0, 53.0]"
var_balanced,glyphs,3,4,48,2,6,46.000000,"[50.0, 43.0, 50.0, 50.0, 37.0]"
var_balanced,glyphs,3,4,49,2,6,41.400000,"[47.0, 16.0, 38.0, 52.0, 54.0]"
var_balanced,glyphs,3,4,50,2,6,31.600000,"[33.0, 38.0, 41.0, 40.0, 6.0]"
var_balanced,glyphs,3,4,51,5,6,53.000000,"[59.0, 37.0, 62.0, 41.0, 66.0]"
var_balanced,glyphs,3,4,52,1,6,62.800000,"[78.0, 39.0, 76.0, 80.0, 41.0]"
var_balanced,glyphs,3,4,53,4,6,71.000000,"[99.0, 97.0, 68.0, 60.0, 31.0]"
var_balanced,glyphs,3,4,54,1,6,52.200000,"[46.0, 53.0, 48.0, 55.0, 59.0]"
var_balanced,glyphs,3,4,55,3,6,47.000000,"[33.0, 55.0, 33.0, 57.0, 57.0]"
var_balanced,glyphs,3,4,56,3,6,42.200000,"[60.0, 53.0, 53.0, 41.0, 4.0]"
var_balanced,glyphs,3,4,57,5,6,38.200000,"[59.0, 18.0, 47.0, 16.0, 51.0]"
var_balanced,glyphs,3,4,58,1,6,46.800000,"[56.0, 33.0, 29.0, 58.0, 58.0]"
var_balanced,glyphs,3,4,59,2,6,36.000000,"[48.0, 50.0, 18.0, 48.0, 16.0]"
var_balanced,glyphs,3,4,60,1,6,62.800000,"[43.0, 76.0, 41.0, 76.0, 78.0]"
var_balanced,glyphs,3,4,61,1,6,49.600000,"[33.0, 16.0, 80.0, 80.0, 39.0]"
var_balanced,glyphs,3,4,62,5,6,35.400000,"[54.0, 40.0, 4.0, 47.0, 32.0]"
var_balanced,glyphs,3,4,63,4,6,39.200000,"[62.0, 33.0, 64.0, 35.0, 2.0]"
var_balanced,glyphs,3,4,64,5,6,39.200000,"[33.0, 60.0, 35.0, 64.0, 4.0]"
var_balanced,glyphs,3,4,65,2,6,46.600000,"[33.0, 57.0, 55.0, 31.0, 57.0]"
var_balanced,glyphs,3,4,66,6,6,48.800000,"[43.0, 4.0, 78.0, 43.0, 76.0]"
var_balanced,glyphs,3,4,67,4,6,28.400000,"[44.0, 18.0, 32.0, 18.0, 30.0]"
var_balanced,glyphs,3,4,68,3,6,49.000000,"[41.0, 55.0, 53.0, 39.0, 57.0]"
var_balanced,glyphs,3,4,69,6,6,41.000000,"[31.0, 45.0, 47.0, 49.0, 33.0]"
var_balanced,glyphs,3,4,70,5,6,34.800000,"[35.0, 33.0, 31.0, 42.0, 33.0]"
var_balanced,glyphs,3,4,71,3,6,21.200000,"[34.0, 4.0, 32.0, 18.0, 18.0]"
var_balanced,glyphs,3,4,72,4,6,34.600000,"[55.0, 18.0, 55.0, 4.0, 41.0]"
var_balanced,glyphs,3,4,73,6,6,40.200000,"[28.0, 49.0, 45.0, 32.0, 47.0]"
var_balanced,glyphs,3,4,74,5,6,36.600000,"[16.0, 51.0, 18.0, 49.0, 49.0]"
var_balanced,glyphs,3,4,75,6,6,33.200000,"[18.0, 30.0, 32.0, 44.0, 42.0]"
var_balanced,glyphs,3,4,76,6,6,50.000000,"[29.0, 60.0, 62.0, 64.0, 35.0]"
var_balanced,glyphs,3,4,77,2,6,26.400000,"[4.0, 42.0, 42.0, 40.0, 4.0]"
var_balanced,glyphs,3,4,78,1,6,42.200000,"[57.0, 61.0, 16.0, 16.0, 61.0]"
var_balanced,glyphs,3,4,79,2,6,36.000000,"[31.0, 35.0, 40.0, 36.0, 38.0]"
var_balanced,glyphs,3,4,80,1,6,45.000000,"[33.0, 63.0, 63.0, 33.0, 33.0]"
var_balanced,glyphs,3,4,81,2,6,60.200000,"[99.0, 68.0, 31.0, 33.0, 70.0]"
var_balanced,glyphs,3,4,82,6,6,44.000000,"[6.0, 41.0, 68.0, 70.0, 35.0]"
var_balanced,glyphs,3,4,83,6,6,50.000000,"[58.0, 35.0, 62.0, 33.0, 62.0]"
var_balanced,glyphs,3,4,84,1,6,47.000000,"[60.0, 51.0, 60.0, 16.0, 48.0]"
var_balanced,glyphs,3,4,85,6,6,45.000000,"[57.0, 41.0, 39.0, 38.0, 50.0]"
var_balanced,glyphs,3,4,86,5,6,30.200000,"[47.0, 20.0, 45.0, 6.0, 33.0]"
var_balanced,glyphs,3,4,87,2,6,48.800000,"[41.0, 39.0, 43.0, 78.0, 43.0]"
var_balanced,glyphs,3,4,88,2,6,27.600000,"[4.0, 42.0, 6.0, 44.0, 42.0]"
var_balanced,glyphs,3,4,89,1,6,39.800000,"[57.0, 14.0, 55.0, 16.0, 57.0]"
var_balanced,glyphs,3,4,90,1,6,21.200000,"[30.0, 20.0, 20.0, 30.0, 6.0]"
var_balanced,glyphs,3,4,91,5,6,35.000000,"[57.0, 55.0, 4.0, 57.0, 2.0]"
var_balanced,glyphs,3,4,92,4,6,38.000000,"[43.0, 31.0, 35.0, 40.0, 41.0]"
var_balanced,glyphs,3,4,93,6,6,34.600000,"[42.0, 50.0, 18.0, 47.0, 16.0]"
var_balanced,glyphs,3,4,94,4,6,52.600000,"[68.0, 66.0, 51.0, 39.0, 39.0]"
var_balanced,glyphs,3,4,95,3,6,32.400000,"[42.0, 2.0, 42.0, 41.0, 35.0]"
var_balanced,glyphs,3,4,96,2,6,47.800000,"[33.0, 41.0, 76.0, 50.0, 39.0]"
var_balanced,glyphs,3,4,97,4,6,30.200000,"[6.0, 49.0, 31.0, 45.0, 20.0]"
var_balanced,glyphs,3,4,98,5,6,26.000000,"[16.0, 32.0, 30.0, 32.0, 20.0]"
var_balanced,glyphs,3,4,99,5,6,48.800000,"[44.0, 53.0, 59.0, 33.0, 55.0]"
var_balanced,glyphs,3,4,100,4,6,43.800000,"[65.0, 40.0, 38.0, 38.0, 38.0]"
var_balanced,glyphs,3,4,101,1,6,40.400000,"[43.0, 6.0, 41.0, 55.0, 57.0]"
var_balanced,glyphs,3,4,102,1,6,71.000000,"[97.0, 58.0, 70.0, 62.0, 68.0]"
var_balanced,glyphs,3,4,103,5,6,35.000000,"[16.0, 41.0, 55.0, 57.0, 6.0]"
var_balanced,glyphs,3,4,104,4,6,51.000000,"[64.0, 38.0, 76.0, 39.0, 38.0]"
var_balanced,glyphs,3,4,105,3,6,46.200000,"[33.0, 40.0, 63.0, 33.0, 62.0]"
var_balanced,glyphs,3,4,106,1,6,38.800000,"[40.0, 42.0, 42.0, 35.0, 35.0]"
var_balanced,glyphs,3,4,107,4,6,32.000000,"[16.0, 48.0, 18.0, 39.0, 39.0]"
var_balanced,glyphs,3,4,108,4,6,33.200000,"[16.0, 4.0, 50.0, 48.0, 48.0]"
var_balanced,glyphs,3,4,109,1,6,44.400000,"[40.0, 54.0, 29.0, 47.0, 52.0]"
var_balanced,glyphs,3,4,110,6,6,52.200000,"[41.0, 59.0, 53.0, 60.0, 48.0]"
var_balanced,glyphs,3,4,111,3,6,26.000000,"[18.0, 32.0, 20.0, 30.0, 30.0]"
var_balanced,glyphs,3,4,112,4,6,21.200000,"[18.0, 20.0, 32.0, 18.0, 18.0]"
var_balanced,glyphs,3,4,113,3,6,38.200000,"[55.0, 36.0, 41.0, 55.0, 4.0]"
var_balanced,glyphs,3,4,114,1,6,30.400000,"[4.0, 33.0, 33.0, 42.0, 40.0]"
var_balanced,glyphs,3,4,115,2,6,62.800000,"[74.0, 80.0, 43.0, 78.0, 39.0]"
var_balanced,glyphs,3,4,116,2,6,30.200000,"[49.0, 20.0, 35.0, 2.0, 45.0]"
var_balanced,glyphs,3,4,117,1,6,39.800000,"[32.0, 49.0, 30.0, 47.0, 41.0]"
var_balanced,glyphs,3,4,118,2,6,51.000000,"[62.0, 61.0, 31.0, 63.0, 38.0]"
var_balanced,glyphs,3,4,119,1,6,47.400000,"[60.0, 55.0, 58.0, 33.0, 31.0]"
var_balanced,glyphs,3,4,120,2,6,39.800000,"[57.0, 14.0, 57.0, 16.0, 55.0]"
var_balanced,glyphs,3,4,121,1,6,48.800000,"[39.0, 78.0, 43.0, 78.0, 6.0]"
var_balanced,glyphs,3,4,122,5,6,37.600000,"[43.0, 35.0, 33.0, 41.0, 36.0]"
var_balanced,glyphs,3,4,123,3,6,35.000000,"[47.0, 14.0, 49.0, 47.0, 18.0]"
var_balanced,glyphs,3,4,124,6,6,32.000000,"[43.0, 6.0, 42.0, 38.0, 31.0]"
var_balanced,glyphs,3,5,0,2,6,40.400000,"[54.0, 41.0, 38.0, 18.0, 51.0]"
var_balanced,glyphs,3,5,1,3,6,41.000000,"[30.0, 55.0, 57.0, 47.0, 16.0]"
var_balanced,glyphs,3,5,2,3,6,60.200000,"[78.0, 80.0, 64.0, 41.0, 38.0]"
var_balanced,glyphs,3,5,3,3,6,40.000000,"[18.0, 40.0, 41.0, 47.0, 54.0]"
var_balanced,glyphs,3,5,4,6,6,41.200000,"[42.0, 58.0, 32.0, 56.0, 18.0]"
var_balanced,glyphs,3,5,5,3,6,35.800000,"[34.0, 4.0, 40.0, 45.0, 56.0]"
var_balanced,glyphs,3,5,6,2,6,47.400000,"[38.0, 38.0, 55.0, 49.0, 57.0]"
var_balanced,glyphs,3,5,7,6,6,49.800000,"[51.0, 52.0, 48.0, 48.0, 50.0]"
var_balanced,glyphs,3,5,8,1,6,34.400000,"[32.0, 34.0, 32.0, 44.0, 30.0]"
var_balanced,glyphs,3,5,9,6,6,38.600000,"[49.0, 34.0, 31.0, 18.0, 61.0]"
var_balanced,glyphs,3,5,10,3,6,34.400000,"[32.0, 48.0, 28.0, 20.0, 44.0]"
var_balanced,glyphs,3,5,11,6,6,56.600000,"[62.0, 35.0, 62.0, 62.0, 62.0]"
var_balanced,glyphs,3,5,12,4,6,53.000000,"[61.0, 40.0, 38.0, 61.0, 65.0]"
var_balanced,glyphs,3,5,13,6,6,46.400000,"[2.0, 64.0, 20.0, 74.0, 72.0]"
var_balanced,glyphs,3,5,14,4,6,53.200000,"[41.0, 61.0, 61.0, 70.0, 33.0]"
var_balanced,glyphs,3,5,15,3,6,48.200000,"[16.0, 40.0, 70.0, 72.0, 43.0]"
var_balanced,glyphs,3,5,16,5,6,39.600000,"[55.0, 43.0, 47.0, 49.0, 4.0]"
var_balanced,glyphs,3,5,17,4,6,46.200000,"[33.0, 57.0, 47.0, 39.0, 55.0]"
var_balanced,glyphs,3,5,18,5,6,52.400000,"[55.0, 54.0, 49.0, 55.0, 49.0]"
var_balanced,glyphs,3,5,19,4,6,57.400000,"[55.0, 69.0, 55.0, 55.0, 53.0]"
var_balanced,glyphs,3,5,20,5,6,66.200000,"[43.0, 107.0, 6.0, 68.0, 107.0]"
var_balanced,glyphs,3,5,21,2,6,55.200000,"[57.0, 80.0, 43.0, 16.0, 80.0]"
var_balanced,glyphs,3,5,22,3,6,47.600000,"[35.0, 47.0, 33.0, 49.0, 74.0]"
var_balanced,glyphs,3,5,23,2,6,57.200000,"[18.0, 53.0, 45.0, 84.0, 86.0]"
var_balanced,glyphs,3,5,24,5,6,55.400000,"[83.0, 78.0, 41.0, 57.0, 18.0]"
var_balanced,glyphs,3,5,25,1,6,50.800000,"[41.0, 66.0, 39.0, 40.0, 68.0]"
var_balanced,glyphs,3,5,26,1,6,52.000000,"[43.0, 55.0, 35.0, 70.0, 57.0]"
var_balanced,glyphs,3,5,27,4,6,69.000000,"[53.0, 87.0, 39.0, 80.0, 86.0]"
var_balanced,glyphs,3,5,28,6,6,48.200000,"[53.0, 41.0, 39.0, 57.0, 51.0]"
var_balanced,glyphs,3,5,29,5,6,34.000000,"[18.0, 18.0, 54.0, 40.0, 40.0]"
var_balanced,glyphs,3,5,30,4,6,41.400000,"[45.0, 57.0, 59.0, 14.0, 32.0]"
var_balanced,glyphs,3,5,31,6,6,45.400000,"[44.0, 35.0, 44.0, 71.0, 33.0]"
var_balanced,glyphs,3,5,32,2,6,42.600000,"[42.0, 67.0, 69.0, 31.0, 4.0]"
var_balanced,glyphs,3,5,33,6,6,44.200000,"[54.0, 49.0, 14.0, 48.0, 56.0]"
var_balanced,glyphs,3,5,34,2,6,85.000000,"[78.0, 80.0, 113.0, 115.0, 39.0]"
var_balanced,glyphs,3,5,35,2,6,68.800000,"[55.0, 87.0, 80.0, 83.0, 39.0]"
var_balanced,glyphs,3,5,36,4,6,48.600000,"[41.0, 69.0, 38.0, 35.0, 60.0]"
var_balanced,glyphs,3,5,37,4,6,30.000000,"[2.0, 6.0, 48.0, 46.0, 48.0]"
var_balanced,glyphs,3,5,38,2,6,66.200000,"[109.0, 31.0, 43.0, 80.0, 68.0]"
var_balanced,glyphs,3,5,39,3,6,44.400000,"[54.0, 54.0, 31.0, 50.0, 33.0]"
var_balanced,glyphs,3,5,40,2,6,48.200000,"[78.0, 4.0, 43.0, 59.0, 57.0]"
var_balanced,glyphs,3,5,41,5,6,40.200000,"[63.0, 16.0, 47.0, 20.0, 55.0]"
var_balanced,glyphs,3,5,42,3,6,47.600000,"[57.0, 51.0, 38.0, 40.0, 52.0]"
var_balanced,glyphs,3,5,43,1,6,55.400000,"[42.0, 62.0, 70.0, 72.0, 31.0]"
var_balanced,glyphs,3,5,44,4,6,52.400000,"[4.0, 84.0, 57.0, 33.0, 84.0]"
var_balanced,glyphs,3,5,45,1,6,54.200000,"[51.0, 65.0, 53.0, 63.0, 39.0]"
var_balanced,glyphs,3,5,46,5,6,50.000000,"[41.0, 55.0, 64.0, 33.0, 57.0]"
var_balanced,glyphs,3,5,47,4,6,80.200000,"[109.0, 78.0, 37.0, 105.0, 72.0]"
var_balanced,glyphs,3,5,48,1,6,45.800000,"[48.0, 55.0, 40.0, 48.0, 38.0]"
var_balanced,glyphs,3,5,49,1,6,71.200000,"[76.0, 41.0, 94.0, 90.0, 55.0]"
var_balanced,glyphs,3,5,50,1,6,45.200000,"[64.0, 33.0, 16.0, 43.0, 70.0]"
var_balanced,glyphs,3,5,51,4,6,58.400000,"[57.0, 85.0, 49.0, 85.0, 16.0]"
var_balanced,glyphs,3,5,52,1,6,77.000000,"[33.0, 107.0, 105.0, 109.0, 31.0]"
var_balanced,glyphs,3,5,53,3,6,72.200000,"[60.0, 70.0, 99.0, 62.0, 70.0]"
var_balanced,glyphs,3,5,54,4,6,59.200000,"[76.0, 72.0, 42.0, 31.0, 75.0]"
var_balanced,glyphs,3,5,55,3,6,34.400000,"[16.0, 32.0, 44.0, 32.0, 48.0]"
var_balanced,glyphs,3,5,56,6,6,51.000000,"[33.0, 70.0, 42.0, 57.0, 53.0]"
var_balanced,glyphs,3,5,57,1,6,47.600000,"[47.0, 62.0, 35.0, 49.0, 45.0]"
var_balanced,glyphs,3,5,58,1,6,57.400000,"[57.0, 53.0, 62.0, 60.0, 55.0]"
var_balanced,glyphs,3,5,59,5,6,61.600000,"[68.0, 35.0, 43.0, 82.0, 80.0]"
var_balanced,glyphs,3,5,60,4,6,85.000000,"[39.0, 115.0, 80.0, 115.0, 76.0]"
var_balanced,glyphs,3,5,61,5,6,43.400000,"[60.0, 41.0, 55.0, 55.0, 6.0]"
var_balanced,glyphs,3,5,62,4,6,61.400000,"[70.0, 33.0, 64.0, 70.0, 70.0]"
var_balanced,glyphs,3,5,63,6,6,29.600000,"[48.0, 18.0, 34.0, 30.0, 18.0]"
var_balanced,glyphs,3,5,64,3,6,47.600000,"[38.0, 35.0, 63.0, 41.0, 61.0]"
var_balanced,glyphs,3,5,65,1,6,58.000000,"[55.0, 61.0, 61.0, 55.0, 58.0]"
var_balanced,glyphs,3,5,66,6,6,35.600000,"[45.0, 40.0, 45.0, 30.0, 18.0]"
var_balanced,glyphs,3,5,67,5,6,29.600000,"[30.0, 20.0, 32.0, 18.0, 48.0]"
var_balanced,glyphs,3,5,68,6,6,71.200000,"[92.0, 74.0, 43.0, 53.0, 94.0]"
var_balanced,glyphs,3,5,69,2,6,71.200000,"[90.0, 74.0, 57.0, 92.0, 43.0]"
var_balanced,glyphs,3,5,70,5,6,42.600000,"[47.0, 49.0, 33.0, 51.0, 33.0]"
var_balanced,glyphs,3,5,71,3,6,34.800000,"[6.0, 40.0, 18.0, 54.0, 56.0]"
var_balanced,glyphs,3,5,72,3,6,37.400000,"[49.0, 57.0, 20.0, 43.0, 18.0]"
var_balanced,glyphs,3,5,73,4,6,54.000000,"[48.0, 57.0, 62.0, 62.0, 41.0]"
var_balanced,glyphs,3,5,74,1,6,45.000000,"[63.0, 32.0, 49.0, 32.0, 49.0]"
var_balanced,glyphs,3,5,75,1,6,46.200000,"[48.0, 41.0, 48.0, 55.0, 39.0]"
var_balanced,glyphs,3,5,76,6,6,61.600000,"[45.0, 70.0, 78.0, 35.0, 80.0]"
var_balanced,glyphs,3,5,77,3,6,38.400000,"[6.0, 45.0, 54.0, 33.0, 54.0]"
var_balanced,glyphs,3,5,78,4,6,62.600000,"[67.0, 80.0, 41.0, 65.0, 60.0]"
var_balanced,glyphs,3,5,79,4,6,45.400000,"[40.0, 38.0, 38.0, 69.0, 42.0]"
var_balanced,glyphs,3,5,80,6,6,47.600000,"[4.0, 76.0, 47.0, 49.0, 62.0]"
var_balanced,glyphs,3,5,81,2,6,61.400000,"[6.0, 70.0, 62.0, 70.0, 99.0]"
var_balanced,glyphs,3,5,82,2,6,52.400000,"[70.0, 84.0, 31.0, 20.0, 57.0]"
var_balanced,glyphs,3,5,83,1,6,67.400000,"[62.0, 31.0, 93.0, 62.0, 89.0]"
var_balanced,glyphs,3,5,84,5,6,61.600000,"[68.0, 43.0, 80.0, 82.0, 35.0]"
var_balanced,glyphs,3,5,85,2,6,48.800000,"[41.0, 72.0, 43.0, 36.0, 52.0]"
var_balanced,glyphs,3,5,86,5,6,57.200000,"[53.0, 41.0, 41.0, 57.0, 94.0]"
var_balanced,glyphs,3,5,87,2,6,50.600000,"[64.0, 20.0, 66.0, 55.0, 48.0]"
var_balanced,glyphs,3,5,88,6,6,44.600000,"[68.0, 70.0, 39.0, 6.0, 40.0]"
var_balanced,glyphs,3,5,89,2,6,52.000000,"[59.0, 39.0, 39.0, 66.0, 57.0]"
var_balanced,glyphs,3,5,90,4,6,49.800000,"[60.0, 57.0, 50.0, 41.0, 41.0]"
var_balanced,glyphs,3,5,91,4,6,40.600000,"[55.0, 18.0, 58.0, 54.0, 18.0]"
var_balanced,glyphs,3,5,92,3,6,36.200000,"[49.0, 42.0, 20.0, 52.0, 18.0]"
var_balanced,glyphs,3,5,93,6,6,44.600000,"[33.0, 60.0, 53.0, 18.0, 59.0]"
var_balanced,glyphs,3,5,94,3,6,48.800000,"[56.0, 43.0, 38.0, 53.0, 54.0]"
var_balanced,glyphs,3,5,95,3,6,43.400000,"[62.0, 42.0, 40.0, 38.0, 35.0]"
var_balanced,glyphs,3,5,96,1,6,47.600000,"[62.0, 47.0, 47.0, 64.0, 18.0]"
var_balanced,glyphs,3,5,97,6,6,49.000000,"[39.0, 35.0, 44.0, 48.0, 79.0]"
var_balanced,glyphs,3,5,98,1,6,34.400000,"[32.0, 46.0, 32.0, 32.0, 30.0]"
var_balanced,glyphs,3,5,99,4,6,48.600000,"[57.0, 43.0, 41.0, 49.0, 53.0]"
var_balanced,glyphs,3,5,100,4,6,53.000000,"[61.0, 63.0, 57.0, 39.0, 45.0]"
var_balanced,glyphs,3,5,101,1,6,42.000000,"[4.0, 47.0, 50.0, 54.0, 55.0]"
var_balanced,glyphs,3,5,102,4,6,70.400000,"[76.0, 57.0, 78.0, 55.0, 86.0]"
var_balanced,glyphs,3,5,103,2,6,43.400000,"[41.0, 55.0, 32.0, 71.0, 18.0]"
var_balanced,glyphs,3,5,104,3,6,49.000000,"[39.0, 43.0, 55.0, 48.0, 60.0]"
var_balanced,glyphs,3,5,105,4,6,39.200000,"[42.0, 31.0, 49.0, 18.0, 56.0]"
var_balanced,glyphs,3,5,106,6,6,55.800000,"[58.0, 33.0, 65.0, 63.0, 60.0]"
var_balanced,glyphs,3,5,107,6,6,49.000000,"[70.0, 33.0, 35.0, 68.0, 39.0]"
var_balanced,glyphs,3,5,108,4,6,49.800000,"[18.0, 49.0, 72.0, 70.0, 40.0]"
var_balanced,glyphs,3,5,109,4,6,41.600000,"[52.0, 30.0, 49.0, 47.0, 30.0]"
var_balanced,glyphs,3,5,110,3,6,48.200000,"[39.0, 53.0, 41.0, 55.0, 53.0]"
var_balanced,glyphs,3,5,111,1,6,45.800000,"[53.0, 55.0, 32.0, 55.0, 34.0]"
var_balanced,glyphs,3,5,112,2,6,36.600000,"[53.0, 45.0, 18.0, 47.0, 20.0]"
var_balanced,glyphs,3,5,113,6,6,44.800000,"[40.0, 20.0, 33.0, 69.0, 62.0]"
var_balanced,glyphs,3,5,114,6,6,47.600000,"[64.0, 45.0, 35.0, 45.0, 49.0]"
var_balanced,glyphs,3,5,115,6,6,85.000000,"[78.0, 78.0, 115.0, 76.0, 78.0]"
var_balanced,glyphs,3,5,116,4,6,38.600000,"[47.0, 63.0, 18.0, 33.0, 32.0]"
var_balanced,glyphs,3,5,117,4,6,35.400000,"[34.0, 45.0, 40.0, 42.0, 16.0]"
var_balanced,glyphs,3,5,118,6,6,48.000000,"[55.0, 60.0, 39.0, 33.0, 53.0]"
var_balanced,glyphs,3,5,119,6,6,56.400000,"[43.0, 72.0, 39.0, 68.0, 60.0]"
var_balanced,glyphs,3,5,120,2,6,43.400000,"[61.0, 20.0, 43.0, 61.0, 32.0]"
var_balanced,glyphs,3,5,121,4,6,46.200000,"[35.0, 33.0, 40.0, 61.0, 62.0]"
var_balanced,glyphs,3,5,122,1,6,52.400000,"[55.0, 33.0, 72.0, 18.0, 84.0]"
var_balanced,glyphs,3,5,123,4,6,43.800000,"[18.0, 30.0, 49.0, 63.0, 59.0]"
var_balanced,glyphs,3,5,124,4,6,38.600000,"[56.0, 18.0, 61.0, 4.0, 54.0]"
var_balanced,nuts_and_bolts,3,0,0,1,6,35.000000,"[35.0, 35.0, 35.0, 35.0, 35.0]"
var_balanced,nuts_and_bolts,3,0,1,2,6,4.000000,"[4.0, 4.0, 4.0, 4.0, 4.0]"
var_balanced,nuts_and_bolts,3,0,2,2,6,16.000000,"[16.0, 16.0, 16.0, 16.0, 16.0]"
var_balanced,nuts_and_bolts,3,0,3,6,6,7.000000,"[7.0, 7.0, 7.0, 7.0, 7.0]"
var_balanced,nuts_and_bolts,3,0,4,5,6,6.000000,"[6.0, 6.0, 6.0, 6.0, 6.0]"
var_balanced,nuts_and_bolts,3,0,5,5,6,6.000000,"[6.0, 6.0, 6.0, 6.0, 6.0]"
var_balanced,nuts_and_bolts,3,0,6,1,6,6.000000,"[6.0, 6.0, 6.0, 6.0, 6.0]"
var_balanced,nuts_and_bolts,3,0,7,1,6,35.000000,"[35.0, 35.0, 35.0, 35.0, 35.0]"
var_balanced,nuts_and_bolts,3,0,8,2,6,35.000000,"[35.0, 35.0, 35.0, 35.0, 35.0]"
var_balanced,nuts_and_bolts,3,0,9,5,6,6.000000,"[6.0, 6.0, 6.0, 6.0, 6.0]"
var_balanced,nuts_and_bolts,3,0,10,5,6,2.000000,"[2.0, 2.0, 2.0, 2.0, 2.0]"
var_balanced,nuts_and_bolts,3,0,11,6,6,2.000000,"[2.0, 2.0, 2.0, 2.0, 2.0]"
var_balanced,nuts_and_bolts,3,0,12,2,6,35.000000,"[35.0, 35.0, 35.0, 35.0, 35.0]"
var_balanced,nuts_and_bolts,3,0,13,5,6,6.000000,"[6.0, 6.0, 6.0, 6.0, 6.0]"
var_balanced,nuts_and_bolts,3,0,14,1,6,2.000000,"[2.0, 2.0, 2.0, 2.0, 2.0]"
var_balanced,nuts_and_bolts,3,0,15,6,6,35.000000,"[35.0, 35.0, 35.0, 35.0, 35.0]"
var_balanced,nuts_and_bolts,3,0,16,3,6,6.000000,"[6.0, 6.0, 6.0, 6.0, 6.0]"
var_balanced,nuts_and_bolts,3,0,17,2,6,6.000000,"[6.0, 6.0, 6.0, 6.0, 6.0]"
var_balanced,nuts_and_bolts,3,0,18,3,6,6.000000,"[6.0, 6.0, 6.0, 6.0, 6.0]"
var_balanced,nuts_and_bolts,3,0,19,1,6,35.000000,"[35.0, 35.0, 35.0, 35.0, 35.0]"
var_balanced,nuts_and_bolts,3,0,20,1,6,6.000000,"[6.0, 6.0, 6.0, 6.0, 6.0]"
var_balanced,nuts_and_bolts,3,0,21,3,6,2.000000,"[2.0, 2.0, 2.0, 2.0, 2.0]"
var_balanced,nuts_and_bolts,3,0,22,3,6,6.000000,"[6.0, 6.0, 6.0, 6.0, 6.0]"
var_balanced,nuts_and_bolts,3,0,23,6,6,6.000000,"[6.0, 6.0, 6.0, 6.0, 6.0]"
var_balanced,nuts_and_bolts,3,0,24,5,6,4.000000,"[4.0, 4.0, 4.0, 4.0, 4.0]"
var_balanced,nuts_and_bolts,3,0,25,4,6,6.000000,"[6.0, 6.0, 6.0, 6.0, 6.0]"
var_balanced,nuts_and_bolts,3,0,26,5,6,35.000000,"[35.0, 35.0, 35.0, 35.0, 35.0]"
var_balanced,nuts_and_bolts,3,0,27,6,6,4.000000,"[4.0, 4.0, 4.0, 4.0, 4.0]"
var_balanced,nuts_and_bolts,3,0,28,3,6,6.000000,"[6.0, 6.0, 6.0, 6.0, 6.0]"
var_balanced,nuts_and_bolts,3,0,29,6,6,35.000000,"[35.0, 35.0, 35.0, 35.0, 35.0]"
var_balanced,nuts_and_bolts,3,0,30,1,6,2.000000,"[2.0, 2.0, 2.0, 2.0, 2.0]"
var_balanced,nuts_and_bolts,3,0,31,3,6,2.000000,"[2.0, 2.0, 2.0, 2.0, 2.0]"
var_balanced,nuts_and_bolts,3,0,32,2,6,7.000000,"[7.0, 7.0, 7.0, 7.0, 7.0]"
var_balanced,nuts_and_bolts,3,0,33,4,6,6.000000,"[6.0, 6.0, 6.0, 6.0, 6.0]"
var_balanced,nuts_and_bolts,3,0,34,4,6,13.000000,"[13.0, 13.0, 13.0, 13.0, 13.0]"
var_balanced,nuts_and_bolts,3,0,35,3,6,13.000000,"[13.0, 13.0, 13.0, 13.0, 13.0]"
var_balanced,nuts_and_bolts,3,0,36,3,6,4.000000,"[4.0, 4.0, 4.0, 4.0, 4.0]"
var_balanced,nuts_and_bolts,3,0,37,2,6,6.000000,"[6.0, 6.0, 6.0, 6.0, 6.0]"
var_balanced,nuts_and_bolts,3,0,38,6,6,4.000000,"[4.0, 4.0, 4.0, 4.0, 4.0]"
var_balanced,nuts_and_bolts,3,0,39,5,6,2.000000,"[2.0, 2.0, 2.0, 2.0, 2.0]"
var_balanced,nuts_and_bolts,3,0,40,2,6,6.000000,"[6.0, 6.0, 6.0, 6.0, 6.0]"
var_balanced,nuts_and_bolts,3,1,0,6,6,38.600000,"[41.0, 41.0, 41.0, 35.0, 35.0]"
var_balanced,nuts_and_bolts,3,1,1,2,6,25.000000,"[4.0, 4.0, 39.0, 39.0, 39.0]"
var_balanced,nuts_and_bolts,3,1,2,4,6,16.000000,"[16.0, 16.0, 16.0, 16.0, 16.0]"
var_balanced,nuts_and_bolts,3,1,3,3,6,28.000000,"[42.0, 42.0, 42.0, 7.0, 7.0]"
var_balanced,nuts_and_bolts,3,1,4,3,6,8.400000,"[10.0, 10.0, 6.0, 10.0, 6.0]"
var_balanced,nuts_and_bolts,3,1,5,1,6,7.200000,"[8.0, 6.0, 8.0, 6.0, 8.0]"
var_balanced,nuts_and_bolts,3,1,6,1,6,27.000000,"[6.0, 41.0, 6.0, 41.0, 41.0]"
var_balanced,nuts_and_bolts,3,1,7,4,6,38.600000,"[41.0, 41.0, 41.0, 35.0, 35.0]"
var_balanced,nuts_and_bolts,3,1,8,6,6,38.600000,"[41.0, 41.0, 35.0, 35.0, 41.0]"
var_balanced,nuts_and_bolts,3,1,9,4,6,7.200000,"[6.0, 8.0, 8.0, 8.0, 6.0]"
var_balanced,nuts_and_bolts,3,1,10,2,6,6.200000,"[2.0, 9.0, 9.0, 2.0, 9.0]"
var_balanced,nuts_and_bolts,3,1,11,2,6,5.600000,"[2.0, 8.0, 8.0, 2.0, 8.0]"
var_balanced,nuts_and_bolts,3,1,12,6,6,36.200000,"[35.0, 37.0, 35.0, 37.0, 37.0]"
var_balanced,nuts_and_bolts,3,1,13,2,6,27.000000,"[6.0, 6.0, 41.0, 41.0, 41.0]"
var_balanced,nuts_and_bolts,3,1,14,6,6,4.400000,"[6.0, 2.0, 2.0, 6.0, 6.0]"
var_balanced,nuts_and_bolts,3,1,15,5,6,36.200000,"[35.0, 35.0, 37.0, 37.0, 37.0]"
var_balanced,nuts_and_bolts,3,1,16,3,6,8.400000,"[6.0, 10.0, 6.0, 10.0, 10.0]"
var_balanced,nuts_and_bolts,3,1,17,2,6,13.800000,"[6.0, 19.0, 19.0, 19.0, 6.0]"
var_balanced,nuts_and_bolts,3,1,18,5,6,27.000000,"[41.0, 41.0, 41.0, 6.0, 6.0]"
var_balanced,nuts_and_bolts,3,1,19,3,6,39.200000,"[35.0, 42.0, 42.0, 42.0, 35.0]"
var_balanced,nuts_and_bolts,3,1,20,6,6,7.200000,"[8.0, 8.0, 8.0, 6.0, 6.0]"
var_balanced,nuts_and_bolts,3,1,21,3,6,9.800000,"[2.0, 15.0, 15.0, 2.0, 15.0]"
var_balanced,nuts_and_bolts,3,1,22,6,6,27.000000,"[41.0, 6.0, 41.0, 6.0, 41.0]"
var_balanced,nuts_and_bolts,3,1,23,1,6,7.200000,"[6.0, 6.0, 8.0, 8.0, 8.0]"
var_balanced,nuts_and_bolts,3,1,24,1,6,5.200000,"[4.0, 6.0, 6.0, 6.0, 4.0]"
var_balanced,nuts_and_bolts,3,1,25,2,6,8.400000,"[10.0, 6.0, 10.0, 6.0, 10.0]"
var_balanced,nuts_and_bolts,3,1,26,2,6,38.600000,"[35.0, 41.0, 41.0, 41.0, 35.0]"
var_balanced,nuts_and_bolts,3,1,27,4,6,13.000000,"[19.0, 19.0, 4.0, 4.0, 19.0]"
var_balanced,nuts_and_bolts,3,1,28,3,6,13.800000,"[19.0, 6.0, 6.0, 19.0, 19.0]"
var_balanced,nuts_and_bolts,3,1,29,4,6,38.600000,"[41.0, 35.0, 41.0, 35.0, 41.0]"
var_balanced,nuts_and_bolts,3,1,30,1,6,4.400000,"[2.0, 6.0, 6.0, 2.0, 6.0]"
var_balanced,nuts_and_bolts,3,1,31,4,6,23.000000,"[37.0, 37.0, 2.0, 2.0, 37.0]"
var_balanced,nuts_and_bolts,3,1,32,3,6,8.800000,"[10.0, 10.0, 7.0, 7.0, 10.0]"
var_balanced,nuts_and_bolts,3,1,33,2,6,13.800000,"[6.0, 6.0, 19.0, 19.0, 19.0]"
var_balanced,nuts_and_bolts,3,1,34,1,6,16.600000,"[13.0, 19.0, 19.0, 19.0, 13.0]"
var_balanced,nuts_and_bolts,3,1,35,1,6,30.400000,"[13.0, 42.0, 42.0, 42.0, 13.0]"
var_balanced,nuts_and_bolts,3,1,36,5,6,25.000000,"[39.0, 4.0, 39.0, 39.0, 4.0]"
var_balanced,nuts_and_bolts,3,1,37,6,6,8.400000,"[6.0, 10.0, 10.0, 10.0, 6.0]"
var_balanced,nuts_and_bolts,3,1,38,3,6,5.200000,"[6.0, 4.0, 6.0, 6.0, 4.0]"
var_balanced,nuts_and_bolts,3,1,39,2,6,5.600000,"[2.0, 8.0, 2.0, 8.0, 8.0]"
var_balanced,nuts_and_bolts,3,1,40,5,6,7.200000,"[8.0, 8.0, 6.0, 8.0, 6.0]"
var_balanced,nuts_and_bolts,3,2,0,1,6,42.800000,"[48.0, 41.0, 48.0, 42.0, 35.0]"
var_balanced,nuts_and_bolts,3,2,1,1,6,9.400000,"[4.0, 7.0, 13.0, 10.0, 13.0]"
var_balanced,nuts_and_bolts,3,2,2,5,6,19.000000,"[21.0, 19.0, 19.0, 18.0, 18.0]"
var_balanced,nuts_and_bolts,3,2,3,1,6,10.000000,"[10.0, 9.0, 9.0, 10.0, 12.0]"
var_balanced,nuts_and_bolts,3,2,4,6,6,9.600000,"[12.0, 12.0, 6.0, 10.0, 8.0]"
var_balanced,nuts_and_bolts,3,2,5,2,6,9.600000,"[10.0, 12.0, 8.0, 6.0, 12.0]"
var_balanced,nuts_and_bolts,3,2,6,3,6,10.800000,"[12.0, 12.0, 8.0, 14.0, 8.0]"
var_balanced,nuts_and_bolts,3,2,7,1,6,41.800000,"[45.0, 35.0, 45.0, 39.0, 45.0]"
var_balanced,nuts_and_bolts,3,2,8,6,6,41.600000,"[41.0, 35.0, 45.0, 45.0, 42.0]"
var_balanced,nuts_and_bolts,3,2,9,2,6,10.800000,"[12.0, 14.0, 14.0, 8.0, 6.0]"
var_balanced,nuts_and_bolts,3,2,10,1,6,26.600000,"[2.0, 43.0, 43.0, 8.0, 37.0]"
var_balanced,nuts_and_bolts,3,2,11,6,6,9.200000,"[8.0, 14.0, 8.0, 8.0, 8.0]"
var_balanced,nuts_and_bolts,3,2,12,2,6,38.600000,"[35.0, 39.0, 41.0, 37.0, 41.0]"
var_balanced,nuts_and_bolts,3,2,13,3,6,10.200000,"[13.0, 12.0, 12.0, 7.0, 7.0]"
var_balanced,nuts_and_bolts,3,2,14,1,6,7.400000,"[6.0, 8.0, 8.0, 9.0, 6.0]"
var_balanced,nuts_and_bolts,3,2,15,2,6,39.800000,"[41.0, 35.0, 43.0, 43.0, 37.0]"
var_balanced,nuts_and_bolts,3,2,16,1,6,30.600000,"[6.0, 47.0, 41.0, 12.0, 47.0]"
var_balanced,nuts_and_bolts,3,2,17,1,6,30.600000,"[47.0, 6.0, 41.0, 47.0, 12.0]"
var_balanced,nuts_and_bolts,3,2,18,6,6,15.000000,"[21.0, 8.0, 8.0, 19.0, 19.0]"
var_balanced,nuts_and_bolts,3,2,19,1,6,42.800000,"[42.0, 48.0, 41.0, 48.0, 35.0]"
var_balanced,nuts_and_bolts,3,2,20,6,6,30.600000,"[6.0, 47.0, 47.0, 6.0, 47.0]"
var_balanced,nuts_and_bolts,3,2,21,1,6,26.600000,"[43.0, 43.0, 37.0, 2.0, 8.0]"
var_balanced,nuts_and_bolts,3,2,22,2,6,14.200000,"[7.0, 19.0, 19.0, 7.0, 19.0]"
var_balanced,nuts_and_bolts,3,2,23,5,6,15.000000,"[8.0, 21.0, 21.0, 19.0, 6.0]"
var_balanced,nuts_and_bolts,3,2,24,6,6,8.800000,"[6.0, 10.0, 12.0, 6.0, 10.0]"
var_balanced,nuts_and_bolts,3,2,25,1,6,13.200000,"[16.0, 16.0, 8.0, 18.0, 8.0]"
var_balanced,nuts_and_bolts,3,2,26,6,6,40.400000,"[41.0, 39.0, 41.0, 42.0, 39.0]"
var_balanced,nuts_and_bolts,3,2,27,6,6,9.400000,"[7.0, 4.0, 10.0, 13.0, 13.0]"
var_balanced,nuts_and_bolts,3,2,28,3,6,15.000000,"[21.0, 8.0, 6.0, 21.0, 19.0]"
var_balanced,nuts_and_bolts,3,2,29,1,6,41.000000,"[45.0, 45.0, 39.0, 41.0, 35.0]"
var_balanced,nuts_and_bolts,3,2,30,5,6,9.200000,"[2.0, 14.0, 8.0, 8.0, 14.0]"
var_balanced,nuts_and_bolts,3,2,31,4,6,26.600000,"[2.0, 43.0, 8.0, 37.0, 43.0]"
var_balanced,nuts_and_bolts,3,2,32,2,6,10.000000,"[10.0, 12.0, 9.0, 10.0, 9.0]"
var_balanced,nuts_and_bolts,3,2,33,4,6,32.400000,"[48.0, 48.0, 6.0, 19.0, 41.0]"
var_balanced,nuts_and_bolts,3,2,34,1,6,16.000000,"[18.0, 18.0, 16.0, 15.0, 13.0]"
var_balanced,nuts_and_bolts,3,2,35,6,6,17.200000,"[13.0, 19.0, 19.0, 19.0, 16.0]"
var_balanced,nuts_and_bolts,3,2,36,4,6,26.800000,"[7.0, 39.0, 42.0, 4.0, 42.0]"
var_balanced,nuts_and_bolts,3,2,37,3,6,28.200000,"[6.0, 6.0, 43.0, 43.0, 43.0]"
var_balanced,nuts_and_bolts,3,2,38,2,6,28.600000,"[45.0, 4.0, 45.0, 45.0, 4.0]"
var_balanced,nuts_and_bolts,3,2,39,4,6,15.000000,"[9.0, 9.0, 18.0, 21.0, 18.0]"
var_balanced,nuts_and_bolts,3,2,40,2,6,13.800000,"[6.0, 6.0, 19.0, 19.0, 19.0]"
var_balanced,nuts_and_bolts,3,2,41,5,6,12.400000,"[18.0, 4.0, 18.0, 18.0, 4.0]"
var_balanced,nuts_and_bolts,3,2,42,3,6,30.600000,"[12.0, 41.0, 12.0, 47.0, 41.0]"
var_balanced,nuts_and_bolts,3,2,43,6,6,39.800000,"[35.0, 43.0, 43.0, 41.0, 37.0]"
var_balanced,nuts_and_bolts,3,2,44,2,6,31.600000,"[48.0, 13.0, 48.0, 42.0, 7.0]"
var_balanced,nuts_and_bolts,3,2,45,6,6,11.400000,"[13.0, 15.0, 8.0, 8.0, 13.0]"
var_balanced,nuts_and_bolts,3,2,46,3,6,10.800000,"[13.0, 13.0, 6.0, 12.0, 10.0]"
var_balanced,nuts_and_bolts,3,2,47,5,6,7.800000,"[6.0, 8.0, 7.0, 9.0, 9.0]"
var_balanced,nuts_and_bolts,3,2,48,3,6,39.800000,"[37.0, 41.0, 43.0, 43.0, 35.0]"
var_balanced,nuts_and_bolts,3,2,49,5,6,11.600000,"[18.0, 2.0, 8.0, 12.0, 18.0]"
var_balanced,nuts_and_bolts,3,2,50,3,6,8.000000,"[2.0, 2.0, 12.0, 12.0, 12.0]"
var_balanced,nuts_and_bolts,3,2,51,3,6,40.400000,"[42.0, 37.0, 44.0, 35.0, 44.0]"
var_balanced,nuts_and_bolts,3,2,52,2,6,10.800000,"[14.0, 8.0, 8.0, 12.0, 12.0]"
var_balanced,nuts_and_bolts,3,2,53,6,6,8.000000,"[12.0, 8.0, 12.0, 6.0, 2.0]"
var_balanced,nuts_and_bolts,3,2,54,1,6,13.800000,"[12.0, 19.0, 19.0, 6.0, 13.0]"
var_balanced,nuts_and_bolts,3,2,55,5,6,20.800000,"[24.0, 18.0, 16.0, 22.0, 24.0]"
var_balanced,nuts_and_bolts,3,2,56,6,6,29.800000,"[7.0, 10.0, 45.0, 42.0, 45.0]"
var_balanced,nuts_and_bolts,3,2,57,1,6,9.600000,"[12.0, 6.0, 12.0, 12.0, 6.0]"
var_balanced,nuts_and_bolts,3,2,58,6,6,8.600000,"[2.0, 12.0, 9.0, 8.0, 12.0]"
var_balanced,nuts_and_bolts,3,2,59,4,6,10.800000,"[12.0, 8.0, 8.0, 14.0, 12.0]"
var_balanced,nuts_and_bolts,3,2,60,5,6,11.400000,"[15.0, 13.0, 8.0, 8.0, 13.0]"
var_balanced,nuts_and_bolts,3,2,61,1,6,44.600000,"[45.0, 51.0, 41.0, 51.0, 35.0]"
var_balanced,nuts_and_bolts,3,3,0,5,6,46.400000,"[47.0, 42.0, 48.0, 54.0, 41.0]"
var_balanced,nuts_and_bolts,3,3,1,3,6,16.600000,"[7.0, 25.0, 22.0, 19.0, 10.0]"
var_balanced,nuts_and_bolts,3,3,2,1,6,38.800000,"[22.0, 48.0, 25.0, 45.0, 54.0]"
var_balanced,nuts_and_bolts,3,3,3,3,6,31.600000,"[10.0, 48.0, 45.0, 13.0, 42.0]"
var_balanced,nuts_and_bolts,3,3,4,3,6,30.600000,"[45.0, 45.0, 8.0, 12.0, 43.0]"
var_balanced,nuts_and_bolts,3,3,5,4,6,31.800000,"[43.0, 47.0, 41.0, 14.0, 14.0]"
var_balanced,nuts_and_bolts,3,3,6,1,6,31.800000,"[13.0, 10.0, 48.0, 47.0, 41.0]"
var_balanced,nuts_and_bolts,3,3,7,1,6,44.800000,"[48.0, 45.0, 51.0, 45.0, 35.0]"
var_balanced,nuts_and_bolts,3,3,8,6,6,42.200000,"[45.0, 47.0, 37.0, 35.0, 47.0]"
var_balanced,nuts_and_bolts,3,3,9,3,6,34.800000,"[50.0, 21.0, 19.0, 43.0, 41.0]"
var_balanced,nuts_and_bolts,3,3,10,4,6,11.800000,"[12.0, 8.0, 15.0, 15.0, 9.0]"
var_balanced,nuts_and_bolts,3,3,11,5,6,33.800000,"[24.0, 8.0, 47.0, 37.0, 53.0]"
var_balanced,nuts_and_bolts,3,3,12,4,6,46.400000,"[47.0, 35.0, 48.0, 48.0, 54.0]"
var_balanced,nuts_and_bolts,3,3,13,5,6,32.400000,"[43.0, 13.0, 48.0, 15.0, 43.0]"
var_balanced,nuts_and_bolts,3,3,14,2,6,27.800000,"[8.0, 44.0, 41.0, 37.0, 9.0]"
var_balanced,nuts_and_bolts,3,3,15,3,6,43.400000,"[47.0, 43.0, 41.0, 49.0, 37.0]"
var_balanced,nuts_and_bolts,3,3,16,2,6,19.200000,"[12.0, 27.0, 8.0, 24.0, 25.0]"
var_balanced,nuts_and_bolts,3,3,17,6,6,30.600000,"[41.0, 45.0, 47.0, 8.0, 12.0]"
var_balanced,nuts_and_bolts,3,3,18,1,6,36.000000,"[54.0, 54.0, 6.0, 47.0, 19.0]"
var_balanced,nuts_and_bolts,3,3,19,1,6,44.000000,"[50.0, 44.0, 50.0, 41.0, 35.0]"
var_balanced,nuts_and_bolts,3,3,20,5,6,17.600000,"[25.0, 6.0, 19.0, 13.0, 25.0]"
var_balanced,nuts_and_bolts,3,3,21,1,6,17.600000,"[8.0, 27.0, 21.0, 8.0, 24.0]"
var_balanced,nuts_and_bolts,3,3,22,4,6,16.400000,"[19.0, 24.0, 6.0, 24.0, 9.0]"
var_balanced,nuts_and_bolts,3,3,23,6,6,12.000000,"[6.0, 15.0, 15.0, 12.0, 12.0]"
var_balanced,nuts_and_bolts,3,3,24,4,6,12.400000,"[18.0, 16.0, 10.0, 12.0, 6.0]"
var_balanced,nuts_and_bolts,3,3,25,4,6,15.600000,"[12.0, 6.0, 21.0, 18.0, 21.0]"
var_balanced,nuts_and_bolts,3,3,26,4,6,42.200000,"[41.0, 35.0, 41.0, 47.0, 47.0]"
var_balanced,nuts_and_bolts,3,3,27,4,6,28.000000,"[44.0, 4.0, 39.0, 44.0, 9.0]"
var_balanced,nuts_and_bolts,3,3,28,4,6,18.400000,"[10.0, 25.0, 13.0, 25.0, 19.0]"
var_balanced,nuts_and_bolts,3,3,29,3,6,41.000000,"[35.0, 44.0, 41.0, 41.0, 44.0]"
var_balanced,nuts_and_bolts,3,3,30,6,6,17.000000,"[21.0, 14.0, 27.0, 2.0, 21.0]"
var_balanced,nuts_and_bolts,3,3,31,5,6,30.800000,"[50.0, 50.0, 2.0, 43.0, 9.0]"
var_balanced,nuts_and_bolts,3,3,32,5,6,11.800000,"[7.0, 12.0, 15.0, 10.0, 15.0]"
var_balanced,nuts_and_bolts,3,3,33,5,6,15.800000,"[19.0, 21.0, 19.0, 8.0, 12.0]"
var_balanced,nuts_and_bolts,3,3,34,2,6,33.400000,"[47.0, 15.0, 47.0, 13.0, 45.0]"
var_balanced,nuts_and_bolts,3,3,35,6,6,35.800000,"[42.0, 51.0, 45.0, 19.0, 22.0]"
var_balanced,nuts_and_bolts,3,3,36,3,6,32.200000,"[13.0, 51.0, 42.0, 13.0, 42.0]"
var_balanced,nuts_and_bolts,3,3,37,3,6,12.600000,"[15.0, 12.0, 10.0, 12.0, 14.0]"
var_balanced,nuts_and_bolts,3,3,38,3,6,13.000000,"[7.0, 13.0, 10.0, 16.0, 19.0]"
var_balanced,nuts_and_bolts,3,3,39,4,6,33.800000,"[8.0, 24.0, 53.0, 37.0, 47.0]"
var_balanced,nuts_and_bolts,3,3,40,1,6,34.800000,"[50.0, 21.0, 41.0, 43.0, 19.0]"
var_balanced,nuts_and_bolts,3,3,41,6,6,31.000000,"[39.0, 18.0, 45.0, 6.0, 47.0]"
var_balanced,nuts_and_bolts,3,3,42,1,6,12.000000,"[12.0, 13.0, 8.0, 15.0, 12.0]"
var_balanced,nuts_and_bolts,3,3,43,2,6,44.000000,"[45.0, 41.0, 48.0, 41.0, 45.0]"
var_balanced,nuts_and_bolts,3,3,44,1,6,32.800000,"[44.0, 15.0, 42.0, 50.0, 13.0]"
var_balanced,nuts_and_bolts,3,3,45,4,6,14.800000,"[13.0, 16.0, 19.0, 13.0, 13.0]"
var_balanced,nuts_and_bolts,3,3,46,2,6,18.200000,"[13.0, 25.0, 22.0, 19.0, 12.0]"
var_balanced,nuts_and_bolts,3,3,47,3,6,33.800000,"[6.0, 42.0, 48.0, 51.0, 22.0]"
var_balanced,nuts_and_bolts,3,3,48,3,6,44.000000,"[37.0, 44.0, 48.0, 43.0, 48.0]"
var_balanced,nuts_and_bolts,3,3,49,4,6,29.000000,"[12.0, 8.0, 47.0, 37.0, 41.0]"
var_balanced,nuts_and_bolts,3,3,50,5,6,30.800000,"[43.0, 9.0, 50.0, 8.0, 44.0]"
var_balanced,nuts_and_bolts,3,3,51,3,6,45.200000,"[48.0, 47.0, 42.0, 47.0, 42.0]"
var_balanced,nuts_and_bolts,3,3,52,4,6,31.800000,"[49.0, 41.0, 49.0, 14.0, 6.0]"
var_balanced,nuts_and_bolts,3,3,53,4,6,12.600000,"[12.0, 12.0, 12.0, 12.0, 15.0]"
var_balanced,nuts_and_bolts,3,3,54,6,6,15.200000,"[12.0, 16.0, 16.0, 19.0, 13.0]"
var_balanced,nuts_and_bolts,3,3,55,2,6,19.600000,"[18.0, 19.0, 16.0, 24.0, 21.0]"
var_balanced,nuts_and_bolts,3,3,56,4,6,13.000000,"[18.0, 12.0, 12.0, 7.0, 16.0]"
var_balanced,nuts_and_bolts,3,3,57,1,6,15.000000,"[15.0, 21.0, 6.0, 12.0, 21.0]"
var_balanced,nuts_and_bolts,3,3,58,4,6,33.800000,"[18.0, 21.0, 37.0, 50.0, 43.0]"
var_balanced,nuts_and_bolts,3,3,59,2,6,13.000000,"[12.0, 10.0, 15.0, 15.0, 13.0]"
var_balanced,nuts_and_bolts,3,3,60,2,6,32.800000,"[48.0, 45.0, 48.0, 13.0, 10.0]"
var_balanced,nuts_and_bolts,3,3,61,6,6,44.000000,"[45.0, 48.0, 47.0, 35.0, 45.0]"
var_balanced,nuts_and_bolts,3,4,0,4,6,47.800000,"[47.0, 45.0, 48.0, 54.0, 45.0]"
var_balanced,nuts_and_bolts,3,4,1,5,6,32.800000,"[50.0, 4.0, 44.0, 19.0, 47.0]"
var_balanced,nuts_and_bolts,3,4,2,3,6,23.800000,"[24.0, 24.0, 25.0, 24.0, 22.0]"
var_balanced,nuts_and_bolts,3,4,3,5,6,35.800000,"[51.0, 51.0, 24.0, 44.0, 9.0]"
var_balanced,nuts_and_bolts,3,4,4,3,6,36.000000,"[43.0, 48.0, 14.0, 56.0, 19.0]"
var_balanced,nuts_and_bolts,3,4,5,1,6,35.600000,"[19.0, 54.0, 48.0, 51.0, 6.0]"
var_balanced,nuts_and_bolts,3,4,6,2,6,35.400000,"[47.0, 19.0, 16.0, 41.0, 54.0]"
var_balanced,nuts_and_bolts,3,4,7,4,6,45.400000,"[51.0, 50.0, 41.0, 48.0, 37.0]"
var_balanced,nuts_and_bolts,3,4,8,1,6,45.800000,"[47.0, 41.0, 47.0, 45.0, 49.0]"
var_balanced,nuts_and_bolts,3,4,9,2,6,37.200000,"[54.0, 6.0, 49.0, 56.0, 21.0]"
var_balanced,nuts_and_bolts,3,4,10,6,6,32.000000,"[14.0, 47.0, 12.0, 37.0, 50.0]"
var_balanced,nuts_and_bolts,3,4,11,3,6,32.600000,"[49.0, 47.0, 8.0, 50.0, 9.0]"
var_balanced,nuts_and_bolts,3,4,12,3,6,46.600000,"[50.0, 51.0, 45.0, 43.0, 44.0]"
var_balanced,nuts_and_bolts,3,4,13,2,6,32.400000,"[50.0, 12.0, 44.0, 6.0, 50.0]"
var_balanced,nuts_and_bolts,3,4,14,2,6,31.400000,"[44.0, 2.0, 14.0, 50.0, 47.0]"
var_balanced,nuts_and_bolts,3,4,15,1,6,46.000000,"[50.0, 37.0, 50.0, 51.0, 42.0]"
var_balanced,nuts_and_bolts,3,4,16,3,6,39.000000,"[43.0, 25.0, 27.0, 53.0, 47.0]"
var_balanced,nuts_and_bolts,3,4,17,4,6,19.400000,"[24.0, 25.0, 14.0, 19.0, 15.0]"
var_balanced,nuts_and_bolts,3,4,18,6,6,36.800000,"[24.0, 22.0, 45.0, 50.0, 43.0]"
var_balanced,nuts_and_bolts,3,4,19,6,6,45.400000,"[37.0, 42.0, 50.0, 48.0, 50.0]"
var_balanced,nuts_and_bolts,3,4,20,2,6,38.000000,"[25.0, 41.0, 45.0, 54.0, 25.0]"
var_balanced,nuts_and_bolts,3,4,21,4,6,18.400000,"[6.0, 24.0, 21.0, 27.0, 14.0]"
var_balanced,nuts_and_bolts,3,4,22,4,6,19.200000,"[8.0, 27.0, 12.0, 22.0, 27.0]"
var_balanced,nuts_and_bolts,3,4,23,2,6,18.800000,"[27.0, 13.0, 8.0, 25.0, 21.0]"
var_balanced,nuts_and_bolts,3,4,24,5,6,34.000000,"[13.0, 48.0, 48.0, 45.0, 16.0]"
var_balanced,nuts_and_bolts,3,4,25,2,6,33.000000,"[41.0, 47.0, 48.0, 14.0, 15.0]"
var_balanced,nuts_and_bolts,3,4,26,6,6,46.200000,"[47.0, 41.0, 48.0, 44.0, 51.0]"
var_balanced,nuts_and_bolts,3,4,27,3,6,35.800000,"[21.0, 42.0, 53.0, 19.0, 44.0]"
var_balanced,nuts_and_bolts,3,4,28,2,6,33.600000,"[47.0, 48.0, 12.0, 14.0, 47.0]"
var_balanced,nuts_and_bolts,3,4,29,5,6,45.400000,"[42.0, 45.0, 50.0, 37.0, 53.0]"
var_balanced,nuts_and_bolts,3,4,30,1,6,35.800000,"[43.0, 24.0, 41.0, 50.0, 21.0]"
var_balanced,nuts_and_bolts,3,4,31,5,6,33.200000,"[53.0, 53.0, 8.0, 15.0, 37.0]"
var_balanced,nuts_and_bolts,3,4,32,2,6,32.800000,"[47.0, 13.0, 47.0, 12.0, 45.0]"
var_balanced,nuts_and_bolts,3,4,33,3,6,36.800000,"[12.0, 45.0, 48.0, 54.0, 25.0]"
var_balanced,nuts_and_bolts,3,4,34,5,6,22.000000,"[16.0, 19.0, 21.0, 27.0, 27.0]"
var_balanced,nuts_and_bolts,3,4,35,5,6,35.800000,"[45.0, 19.0, 44.0, 21.0, 50.0]"
var_balanced,nuts_and_bolts,3,4,36,2,6,31.600000,"[44.0, 12.0, 13.0, 50.0, 39.0]"
var_balanced,nuts_and_bolts,3,4,37,4,6,16.600000,"[12.0, 13.0, 21.0, 21.0, 16.0]"
var_balanced,nuts_and_bolts,3,4,38,1,6,33.400000,"[18.0, 45.0, 12.0, 45.0, 47.0]"
var_balanced,nuts_and_bolts,3,4,39,3,6,35.400000,"[50.0, 44.0, 53.0, 21.0, 9.0]"
var_balanced,nuts_and_bolts,3,4,40,6,6,36.800000,"[25.0, 45.0, 12.0, 54.0, 48.0]"
var_balanced,nuts_and_bolts,3,4,41,3,6,32.800000,"[9.0, 47.0, 19.0, 50.0, 39.0]"
var_balanced,nuts_and_bolts,3,4,42,3,6,36.000000,"[13.0, 49.0, 48.0, 49.0, 21.0]"
var_balanced,nuts_and_bolts,3,4,43,3,6,47.200000,"[48.0, 41.0, 42.0, 51.0, 54.0]"
var_balanced,nuts_and_bolts,3,4,44,3,6,36.400000,"[19.0, 13.0, 50.0, 50.0, 50.0]"
var_balanced,nuts_and_bolts,3,4,45,3,6,15.800000,"[15.0, 21.0, 21.0, 10.0, 12.0]"
var_balanced,nuts_and_bolts,3,4,46,1,6,36.800000,"[25.0, 54.0, 51.0, 6.0, 48.0]"
var_balanced,nuts_and_bolts,3,4,47,2,6,19.200000,"[6.0, 24.0, 25.0, 27.0, 14.0]"
var_balanced,nuts_and_bolts,3,4,48,3,6,45.800000,"[45.0, 50.0, 49.0, 42.0, 43.0]"
var_balanced,nuts_and_bolts,3,4,49,1,6,15.000000,"[15.0, 15.0, 18.0, 21.0, 6.0]"
var_balanced,nuts_and_bolts,3,4,50,2,6,31.600000,"[50.0, 47.0, 9.0, 50.0, 2.0]"
var_balanced,nuts_and_bolts,3,4,51,3,6,48.200000,"[54.0, 35.0, 50.0, 49.0, 53.0]"
var_balanced,nuts_and_bolts,3,4,52,3,6,37.200000,"[27.0, 56.0, 41.0, 54.0, 8.0]"
var_balanced,nuts_and_bolts,3,4,53,3,6,35.600000,"[18.0, 43.0, 43.0, 53.0, 21.0]"
var_balanced,nuts_and_bolts,3,4,54,6,6,36.400000,"[10.0, 51.0, 48.0, 54.0, 19.0]"
var_balanced,nuts_and_bolts,3,4,55,4,6,21.400000,"[21.0, 19.0, 19.0, 27.0, 21.0]"
var_balanced,nuts_and_bolts,3,4,56,5,6,15.400000,"[10.0, 15.0, 18.0, 13.0, 21.0]"
var_balanced,nuts_and_bolts,3,4,57,3,6,35.600000,"[19.0, 48.0, 47.0, 45.0, 19.0]"
var_balanced,nuts_and_bolts,3,4,58,5,6,19.200000,"[21.0, 27.0, 9.0, 15.0, 24.0]"
var_balanced,nuts_and_bolts,3,4,59,6,6,33.600000,"[12.0, 14.0, 48.0, 49.0, 45.0]"
var_balanced,nuts_and_bolts,3,4,60,5,6,36.000000,"[13.0, 49.0, 13.0, 49.0, 56.0]"
var_balanced,nuts_and_bolts,3,4,61,3,6,48.200000,"[54.0, 53.0, 50.0, 47.0, 37.0]"
var_balanced,nuts_and_bolts,3,4,62,1,6,35.200000,"[54.0, 48.0, 7.0, 54.0, 13.0]"
var_balanced,nuts_and_bolts,3,4,63,4,6,20.200000,"[15.0, 24.0, 25.0, 24.0, 13.0]"
var_balanced,nuts_and_bolts,3,4,64,1,6,38.200000,"[48.0, 54.0, 51.0, 19.0, 19.0]"
var_balanced,nuts_and_bolts,3,4,65,1,6,47.600000,"[44.0, 37.0, 47.0, 54.0, 56.0]"
var_balanced,nuts_and_bolts,3,4,66,3,6,48.600000,"[42.0, 51.0, 48.0, 48.0, 54.0]"
var_balanced,nuts_and_bolts,3,4,67,2,6,32.800000,"[7.0, 47.0, 45.0, 50.0, 15.0]"
var_balanced,nuts_and_bolts,3,4,68,1,6,35.600000,"[56.0, 44.0, 27.0, 2.0, 49.0]"
var_balanced,nuts_and_bolts,3,4,69,6,6,14.800000,"[15.0, 21.0, 14.0, 12.0, 12.0]"
var_balanced,nuts_and_bolts,3,4,70,4,6,33.000000,"[50.0, 47.0, 47.0, 13.0, 8.0]"
var_balanced,nuts_and_bolts,3,4,71,3,6,33.000000,"[47.0, 44.0, 18.0, 12.0, 44.0]"
var_balanced,nuts_and_bolts,3,4,72,6,6,31.400000,"[8.0, 12.0, 44.0, 50.0, 43.0]"
var_balanced,nuts_and_bolts,3,4,73,5,6,35.800000,"[47.0, 21.0, 10.0, 53.0, 48.0]"
var_balanced,nuts_and_bolts,3,4,74,4,6,34.600000,"[51.0, 51.0, 54.0, 7.0, 10.0]"
var_balanced,nuts_and_bolts,3,4,75,3,6,36.000000,"[13.0, 48.0, 14.0, 56.0, 49.0]"
var_balanced,nuts_and_bolts,3,4,76,1,6,47.600000,"[48.0, 49.0, 54.0, 50.0, 37.0]"
var_balanced,nuts_and_bolts,3,4,77,1,6,22.000000,"[19.0, 18.0, 21.0, 27.0, 25.0]"
var_balanced,nuts_and_bolts,3,4,78,4,6,37.400000,"[49.0, 47.0, 43.0, 27.0, 21.0]"
var_balanced,nuts_and_bolts,3,4,79,5,6,36.000000,"[56.0, 12.0, 49.0, 13.0, 50.0]"
var_balanced,nuts_and_bolts,3,4,80,3,6,34.600000,"[48.0, 47.0, 47.0, 18.0, 13.0]"
var_balanced,nuts_and_bolts,3,4,81,6,6,37.600000,"[53.0, 50.0, 53.0, 19.0, 13.0]"
var_balanced,nuts_and_bolts,3,4,82,5,6,35.600000,"[18.0, 49.0, 49.0, 47.0, 15.0]"
var_balanced,nuts_and_bolts,3,4,83,5,6,31.600000,"[9.0, 13.0, 39.0, 47.0, 50.0]"
var_balanced,nuts_and_bolts,3,4,84,1,6,34.000000,"[44.0, 51.0, 45.0, 18.0, 12.0]"
var_balanced,nuts_and_bolts,3,4,85,6,6,36.200000,"[16.0, 12.0, 45.0, 54.0, 54.0]"
var_balanced,nuts_and_bolts,3,4,86,5,6,33.000000,"[43.0, 14.0, 15.0, 45.0, 48.0]"
var_balanced,nuts_and_bolts,3,4,87,2,6,35.000000,"[47.0, 51.0, 8.0, 16.0, 53.0]"
var_balanced,nuts_and_bolts,3,4,88,2,6,33.000000,"[44.0, 44.0, 12.0, 18.0, 47.0]"
var_balanced,nuts_and_bolts,3,4,89,2,6,18.800000,"[27.0, 6.0, 27.0, 21.0, 13.0]"
var_balanced,nuts_and_bolts,3,4,90,5,6,45.800000,"[45.0, 45.0, 43.0, 47.0, 49.0]"
var_balanced,nuts_and_bolts,3,4,91,4,6,44.600000,"[44.0, 49.0, 48.0, 37.0, 45.0]"
var_balanced,nuts_and_bolts,3,4,92,2,6,47.600000,"[54.0, 44.0, 37.0, 49.0, 54.0]"
var_balanced,nuts_and_bolts,3,4,93,1,6,33.400000,"[4.0, 51.0, 53.0, 12.0, 47.0]"
var_balanced,nuts_and_bolts,3,4,94,1,6,19.600000,"[12.0, 21.0, 25.0, 15.0, 25.0]"
var_balanced,nuts_and_bolts,3,4,95,5,6,36.400000,"[51.0, 18.0, 16.0, 50.0, 47.0]"
var_balanced,nuts_and_bolts,3,4,96,4,6,16.600000,"[21.0, 10.0, 19.0, 15.0, 18.0]"
var_balanced,nuts_and_bolts,3,4,97,2,6,33.200000,"[50.0, 12.0, 43.0, 48.0, 13.0]"
var_balanced,nuts_and_bolts,3,4,98,3,6,36.200000,"[25.0, 7.0, 48.0, 47.0, 54.0]"
var_balanced,nuts_and_bolts,3,4,99,3,6,36.400000,"[19.0, 50.0, 47.0, 19.0, 47.0]"
var_balanced,nuts_and_bolts,3,4,100,5,6,15.800000,"[15.0, 16.0, 13.0, 21.0, 14.0]"
var_balanced,nuts_and_bolts,3,4,101,3,6,19.000000,"[25.0, 9.0, 13.0, 27.0, 21.0]"
var_balanced,nuts_and_bolts,3,4,102,1,6,15.800000,"[15.0, 19.0, 15.0, 12.0, 18.0]"
var_balanced,nuts_and_bolts,3,4,103,5,6,32.600000,"[14.0, 43.0, 12.0, 47.0, 47.0]"
var_balanced,nuts_and_bolts,3,4,104,3,6,33.600000,"[21.0, 48.0, 8.0, 48.0, 43.0]"
var_balanced,nuts_and_bolts,3,4,105,6,6,48.200000,"[50.0, 41.0, 54.0, 49.0, 47.0]"
var_balanced,nuts_and_bolts,3,4,106,6,6,17.800000,"[21.0, 16.0, 18.0, 16.0, 18.0]"
var_balanced,nuts_and_bolts,3,4,107,5,6,33.400000,"[42.0, 44.0, 15.0, 53.0, 13.0]"
var_balanced,nuts_and_bolts,3,4,108,5,6,36.000000,"[21.0, 49.0, 41.0, 13.0, 56.0]"
var_balanced,nuts_and_bolts,3,4,109,6,6,34.000000,"[15.0, 50.0, 50.0, 12.0, 43.0]"
var_balanced,nuts_and_bolts,3,4,110,6,6,46.600000,"[50.0, 53.0, 47.0, 42.0, 41.0]"
var_balanced,nuts_and_bolts,3,4,111,5,6,35.400000,"[51.0, 54.0, 19.0, 12.0, 41.0]"
var_balanced,nuts_and_bolts,3,4,112,2,6,35.000000,"[56.0, 8.0, 47.0, 15.0, 49.0]"
var_balanced,nuts_and_bolts,3,4,113,5,6,35.800000,"[10.0, 50.0, 45.0, 24.0, 50.0]"
var_balanced,nuts_and_bolts,3,4,114,4,6,37.600000,"[51.0, 13.0, 25.0, 45.0, 54.0]"
var_balanced,nuts_and_bolts,3,4,115,1,6,35.800000,"[51.0, 47.0, 7.0, 24.0, 50.0]"
var_balanced,nuts_and_bolts,3,4,116,5,6,34.600000,"[18.0, 45.0, 15.0, 53.0, 42.0]"
var_balanced,nuts_and_bolts,3,4,117,6,6,37.600000,"[48.0, 50.0, 21.0, 51.0, 18.0]"
var_balanced,nuts_and_bolts,3,4,118,5,6,14.800000,"[21.0, 21.0, 9.0, 9.0, 14.0]"
var_balanced,nuts_and_bolts,3,4,119,1,6,34.600000,"[15.0, 47.0, 18.0, 42.0, 51.0]"
var_balanced,nuts_and_bolts,3,4,120,1,6,36.000000,"[13.0, 56.0, 49.0, 21.0, 41.0]"
var_balanced,nuts_and_bolts,3,4,121,2,6,37.000000,"[22.0, 47.0, 50.0, 21.0, 45.0]"
var_balanced,nuts_and_bolts,3,4,122,1,6,14.200000,"[21.0, 15.0, 16.0, 12.0, 7.0]"
var_balanced,nuts_and_bolts,3,4,123,3,6,47.600000,"[48.0, 50.0, 47.0, 43.0, 50.0]"
var_balanced,nuts_and_bolts,3,4,124,3,6,36.000000,"[48.0, 19.0, 21.0, 43.0, 49.0]"
var_balanced,nuts_and_bolts,3,5,0,2,6,48.600000,"[50.0, 54.0, 48.0, 44.0, 47.0]"
var_balanced,nuts_and_bolts,3,5,1,4,6,36.400000,"[50.0, 45.0, 12.0, 21.0, 54.0]"
var_balanced,nuts_and_bolts,3,5,2,6,6,40.600000,"[27.0, 56.0, 45.0, 19.0, 56.0]"
var_balanced,nuts_and_bolts,3,5,3,6,6,37.000000,"[45.0, 22.0, 15.0, 50.0, 53.0]"
var_balanced,nuts_and_bolts,3,5,4,1,6,36.800000,"[48.0, 21.0, 53.0, 50.0, 12.0]"
var_balanced,nuts_and_bolts,3,5,5,2,6,36.800000,"[21.0, 8.0, 48.0, 51.0, 56.0]"
var_balanced,nuts_and_bolts,3,5,6,4,6,37.000000,"[21.0, 48.0, 51.0, 50.0, 15.0]"
var_balanced,nuts_and_bolts,3,5,7,3,6,49.200000,"[41.0, 48.0, 51.0, 50.0, 56.0]"
var_balanced,nuts_and_bolts,3,5,8,6,6,49.600000,"[56.0, 56.0, 43.0, 45.0, 48.0]"
var_balanced,nuts_and_bolts,3,5,9,6,6,38.000000,"[56.0, 15.0, 51.0, 49.0, 19.0]"
var_balanced,nuts_and_bolts,3,5,10,5,6,36.400000,"[56.0, 53.0, 18.0, 8.0, 47.0]"
var_balanced,nuts_and_bolts,3,5,11,6,6,37.600000,"[53.0, 24.0, 47.0, 56.0, 8.0]"
var_balanced,nuts_and_bolts,3,5,12,2,6,49.400000,"[49.0, 51.0, 51.0, 43.0, 53.0]"
var_balanced,nuts_and_bolts,3,5,13,4,6,36.200000,"[54.0, 9.0, 6.0, 56.0, 56.0]"
var_balanced,nuts_and_bolts,3,5,14,2,6,37.200000,"[12.0, 53.0, 50.0, 27.0, 44.0]"
var_balanced,nuts_and_bolts,3,5,15,4,6,47.800000,"[35.0, 56.0, 56.0, 42.0, 50.0]"
var_balanced,nuts_and_bolts,3,5,16,2,6,38.600000,"[22.0, 12.0, 56.0, 56.0, 47.0]"
var_balanced,nuts_and_bolts,3,5,17,2,6,39.200000,"[27.0, 49.0, 22.0, 48.0, 50.0]"
var_balanced,nuts_and_bolts,3,5,18,2,6,37.400000,"[8.0, 56.0, 48.0, 19.0, 56.0]"
var_balanced,nuts_and_bolts,3,5,19,6,6,49.000000,"[50.0, 56.0, 48.0, 54.0, 37.0]"
var_balanced,nuts_and_bolts,3,5,20,3,6,36.800000,"[8.0, 53.0, 13.0, 56.0, 54.0]"
var_balanced,nuts_and_bolts,3,5,21,3,6,36.600000,"[12.0, 44.0, 50.0, 27.0, 50.0]"
var_balanced,nuts_and_bolts,3,5,22,2,6,38.600000,"[44.0, 25.0, 27.0, 41.0, 56.0]"
var_balanced,nuts_and_bolts,3,5,23,4,6,39.200000,"[41.0, 27.0, 45.0, 27.0, 56.0]"
var_balanced,nuts_and_bolts,3,5,24,1,6,35.200000,"[15.0, 7.0, 54.0, 53.0, 47.0]"
var_balanced,nuts_and_bolts,3,5,25,6,6,37.600000,"[56.0, 56.0, 12.0, 13.0, 51.0]"
var_balanced,nuts_and_bolts,3,5,26,3,6,48.400000,"[37.0, 54.0, 54.0, 56.0, 41.0]"
var_balanced,nuts_and_bolts,3,5,27,3,6,37.000000,"[15.0, 54.0, 25.0, 50.0, 41.0]"
var_balanced,nuts_and_bolts,3,5,28,5,6,38.600000,"[54.0, 51.0, 14.0, 24.0, 50.0]"
var_balanced,nuts_and_bolts,3,5,29,6,6,50.400000,"[47.0, 51.0, 53.0, 48.0, 53.0]"
var_balanced,nuts_and_bolts,3,5,30,5,6,37.800000,"[21.0, 21.0, 53.0, 50.0, 44.0]"
var_balanced,nuts_and_bolts,3,5,31,4,6,35.800000,"[56.0, 12.0, 53.0, 8.0, 50.0]"
var_balanced,nuts_and_bolts,3,5,32,5,6,35.200000,"[45.0, 50.0, 51.0, 15.0, 15.0]"
var_balanced,nuts_and_bolts,3,5,33,4,6,37.400000,"[48.0, 56.0, 50.0, 27.0, 6.0]"
var_balanced,nuts_and_bolts,3,5,34,6,6,40.000000,"[24.0, 50.0, 21.0, 54.0, 51.0]"
var_balanced,nuts_and_bolts,3,5,35,5,6,39.400000,"[27.0, 47.0, 19.0, 54.0, 50.0]"
var_balanced,nuts_and_bolts,3,5,36,2,6,35.800000,"[48.0, 21.0, 41.0, 50.0, 19.0]"
var_balanced,nuts_and_bolts,3,5,37,5,6,37.400000,"[21.0, 50.0, 53.0, 16.0, 47.0]"
var_balanced,nuts_and_bolts,3,5,38,6,6,35.200000,"[16.0, 56.0, 9.0, 42.0, 53.0]"
var_balanced,nuts_and_bolts,3,5,39,4,6,36.400000,"[27.0, 37.0, 53.0, 50.0, 15.0]"
var_balanced,nuts_and_bolts,3,5,40,3,6,38.000000,"[49.0, 56.0, 19.0, 10.0, 56.0]"
var_balanced,nuts_and_bolts,3,5,41,5,6,37.000000,"[53.0, 4.0, 25.0, 53.0, 50.0]"
var_balanced,nuts_and_bolts,3,5,42,6,6,36.800000,"[48.0, 53.0, 21.0, 13.0, 49.0]"
var_balanced,nuts_and_bolts,3,5,43,5,6,47.800000,"[42.0, 37.0, 48.0, 56.0, 56.0]"
var_balanced,nuts_and_bolts,3,5,44,5,6,37.000000,"[15.0, 19.0, 54.0, 50.0, 47.0]"
var_balanced,nuts_and_bolts,3,5,45,5,6,37.600000,"[45.0, 12.0, 56.0, 54.0, 21.0]"
var_balanced,nuts_and_bolts,3,5,46,6,6,38.000000,"[14.0, 27.0, 50.0, 48.0, 51.0]"
var_balanced,nuts_and_bolts,3,5,47,2,6,37.400000,"[49.0, 27.0, 7.0, 56.0, 48.0]"
var_balanced,nuts_and_bolts,3,5,48,3,6,49.200000,"[45.0, 50.0, 48.0, 56.0, 47.0]"
var_balanced,nuts_and_bolts,3,5,49,4,6,36.000000,"[47.0, 15.0, 53.0, 50.0, 15.0]"
var_balanced,nuts_and_bolts,3,5,50,3,6,36.600000,"[50.0, 50.0, 21.0, 9.0, 53.0]"
var_balanced,nuts_and_bolts,3,5,51,4,6,50.400000,"[53.0, 54.0, 47.0, 47.0, 51.0]"
var_balanced,nuts_and_bolts,3,5,52,3,6,36.800000,"[56.0, 54.0, 53.0, 6.0, 15.0]"
var_balanced,nuts_and_bolts,3,5,53,3,6,35.200000,"[15.0, 14.0, 50.0, 53.0, 44.0]"
var_balanced,nuts_and_bolts,3,5,54,6,6,37.400000,"[10.0, 53.0, 49.0, 56.0, 19.0]"
var_balanced,nuts_and_bolts,3,5,55,5,6,38.800000,"[21.0, 48.0, 54.0, 15.0, 56.0]"
var_balanced,nuts_and_bolts,3,5,56,4,6,35.800000,"[51.0, 47.0, 50.0, 13.0, 18.0]"
var_balanced,nuts_and_bolts,3,5,57,2,6,37.000000,"[13.0, 13.0, 56.0, 47.0, 56.0]"
var_balanced,nuts_and_bolts,3,5,58,6,6,39.000000,"[50.0, 24.0, 47.0, 47.0, 27.0]"
var_balanced,nuts_and_bolts,3,5,59,1,6,37.600000,"[21.0, 51.0, 48.0, 56.0, 12.0]"
var_balanced,nuts_and_bolts,3,5,60,3,6,36.200000,"[50.0, 13.0, 48.0, 14.0, 56.0]"
var_balanced,nuts_and_bolts,3,5,61,1,6,49.600000,"[45.0, 50.0, 51.0, 49.0, 53.0]"
var_balanced,nuts_and_bolts,3,5,62,5,6,36.200000,"[8.0, 44.0, 56.0, 54.0, 19.0]"
var_balanced,nuts_and_bolts,3,5,63,4,6,38.600000,"[47.0, 27.0, 48.0, 50.0, 21.0]"
var_balanced,nuts_and_bolts,3,5,64,6,6,40.600000,"[16.0, 25.0, 53.0, 56.0, 53.0]"
var_balanced,nuts_and_bolts,3,5,65,1,6,48.400000,"[50.0, 56.0, 54.0, 41.0, 41.0]"
var_balanced,nuts_and_bolts,3,5,66,4,6,50.400000,"[45.0, 50.0, 47.0, 56.0, 54.0]"
var_balanced,nuts_and_bolts,3,5,67,6,6,37.000000,"[12.0, 27.0, 45.0, 54.0, 47.0]"
var_balanced,nuts_and_bolts,3,5,68,1,6,38.800000,"[21.0, 50.0, 24.0, 50.0, 49.0]"
var_balanced,nuts_and_bolts,3,5,69,1,6,35.800000,"[12.0, 14.0, 47.0, 56.0, 50.0]"
var_balanced,nuts_and_bolts,3,5,70,2,6,38.000000,"[45.0, 21.0, 56.0, 14.0, 54.0]"
var_balanced,nuts_and_bolts,3,5,71,6,6,35.000000,"[14.0, 53.0, 15.0, 43.0, 50.0]"
var_balanced,nuts_and_bolts,3,5,72,6,6,35.800000,"[56.0, 8.0, 53.0, 50.0, 12.0]"
var_balanced,nuts_and_bolts,3,5,73,6,6,37.600000,"[47.0, 56.0, 51.0, 24.0, 10.0]"
var_balanced,nuts_and_bolts,3,5,74,3,6,36.400000,"[47.0, 15.0, 45.0, 25.0, 50.0]"
var_balanced,nuts_and_bolts,3,5,75,1,6,37.400000,"[21.0, 54.0, 14.0, 51.0, 47.0]"
var_balanced,nuts_and_bolts,3,5,76,2,6,49.000000,"[49.0, 44.0, 53.0, 54.0, 45.0]"
var_balanced,nuts_and_bolts,3,5,77,5,6,39.400000,"[47.0, 27.0, 48.0, 27.0, 48.0]"
var_balanced,nuts_and_bolts,3,5,78,1,6,39.400000,"[27.0, 21.0, 47.0, 49.0, 53.0]"
var_balanced,nuts_and_bolts,3,5,79,5,6,36.200000,"[56.0, 15.0, 50.0, 41.0, 19.0]"
var_balanced,nuts_and_bolts,3,5,80,3,6,38.800000,"[56.0, 53.0, 51.0, 21.0, 13.0]"
var_balanced,nuts_and_bolts,3,5,81,1,6,40.600000,"[51.0, 53.0, 21.0, 56.0, 22.0]"
var_balanced,nuts_and_bolts,3,5,82,4,6,35.600000,"[47.0, 56.0, 14.0, 8.0, 53.0]"
var_balanced,nuts_and_bolts,3,5,83,1,6,35.200000,"[47.0, 10.0, 9.0, 54.0, 56.0]"
var_balanced,nuts_and_bolts,3,5,84,6,6,35.800000,"[47.0, 12.0, 19.0, 48.0, 53.0]"
var_balanced,nuts_and_bolts,3,5,85,6,6,37.600000,"[16.0, 50.0, 45.0, 56.0, 21.0]"
var_balanced,nuts_and_bolts,3,5,86,2,6,37.000000,"[54.0, 13.0, 18.0, 50.0, 50.0]"
var_balanced,nuts_and_bolts,3,5,87,4,6,37.400000,"[47.0, 56.0, 10.0, 53.0, 21.0]"
var_balanced,nuts_and_bolts,3,5,88,4,6,35.400000,"[53.0, 50.0, 15.0, 9.0, 50.0]"
var_balanced,nuts_and_bolts,3,5,89,6,6,37.600000,"[50.0, 50.0, 50.0, 13.0, 25.0]"
var_balanced,nuts_and_bolts,3,5,90,2,6,49.600000,"[47.0, 47.0, 50.0, 56.0, 48.0]"
var_balanced,nuts_and_bolts,3,5,91,6,6,48.400000,"[56.0, 41.0, 47.0, 44.0, 54.0]"
var_balanced,nuts_and_bolts,3,5,92,1,6,49.000000,"[42.0, 56.0, 37.0, 56.0, 54.0]"
var_balanced,nuts_and_bolts,3,5,93,1,6,35.200000,"[54.0, 44.0, 39.0, 21.0, 18.0]"
var_balanced,nuts_and_bolts,3,5,94,3,6,39.200000,"[49.0, 56.0, 27.0, 19.0, 45.0]"
var_balanced,nuts_and_bolts,3,5,95,4,6,38.200000,"[18.0, 56.0, 47.0, 16.0, 54.0]"
var_balanced,nuts_and_bolts,3,5,96,6,6,37.600000,"[54.0, 21.0, 54.0, 12.0, 47.0]"
var_balanced,nuts_and_bolts,3,5,97,1,6,37.000000,"[19.0, 56.0, 47.0, 15.0, 48.0]"
var_balanced,nuts_and_bolts,3,5,98,6,6,37.400000,"[27.0, 48.0, 50.0, 54.0, 8.0]"
var_balanced,nuts_and_bolts,3,5,99,3,6,40.600000,"[25.0, 53.0, 47.0, 53.0, 25.0]"
var_balanced,nuts_and_bolts,3,5,100,6,6,36.800000,"[18.0, 56.0, 13.0, 54.0, 43.0]"
var_balanced,nuts_and_bolts,3,5,101,3,6,38.800000,"[21.0, 50.0, 50.0, 19.0, 54.0]"
var_balanced,nuts_and_bolts,3,5,102,6,6,36.800000,"[8.0, 56.0, 21.0, 51.0, 48.0]"
var_balanced,nuts_and_bolts,3,5,103,5,6,36.000000,"[50.0, 18.0, 15.0, 47.0, 50.0]"
var_balanced,nuts_and_bolts,3,5,104,5,6,37.400000,"[14.0, 48.0, 48.0, 27.0, 50.0]"
var_balanced,nuts_and_bolts,3,5,105,1,6,49.000000,"[37.0, 48.0, 54.0, 53.0, 53.0]"
var_balanced,nuts_and_bolts,3,5,106,5,6,37.600000,"[12.0, 54.0, 47.0, 54.0, 21.0]"
var_balanced,nuts_and_bolts,3,5,107,5,6,35.200000,"[53.0, 7.0, 7.0, 56.0, 53.0]"
var_balanced,nuts_and_bolts,3,5,108,5,6,36.600000,"[16.0, 43.0, 21.0, 47.0, 56.0]"
var_balanced,nuts_and_bolts,3,5,109,3,6,35.000000,"[50.0, 43.0, 15.0, 53.0, 14.0]"
var_balanced,nuts_and_bolts,3,5,110,3,6,48.400000,"[50.0, 42.0, 49.0, 54.0, 47.0]"
var_balanced,nuts_and_bolts,3,5,111,4,6,36.800000,"[56.0, 54.0, 12.0, 15.0, 47.0]"
var_balanced,nuts_and_bolts,3,5,112,4,6,35.800000,"[43.0, 44.0, 15.0, 56.0, 21.0]"
var_balanced,nuts_and_bolts,3,5,113,4,6,36.400000,"[44.0, 54.0, 53.0, 15.0, 16.0]"
var_balanced,nuts_and_bolts,3,5,114,4,6,38.800000,"[51.0, 24.0, 15.0, 54.0, 50.0]"
var_balanced,nuts_and_bolts,3,5,115,3,6,37.600000,"[21.0, 56.0, 47.0, 10.0, 54.0]"
var_balanced,nuts_and_bolts,3,5,116,5,6,37.000000,"[56.0, 44.0, 10.0, 54.0, 21.0]"
var_balanced,nuts_and_bolts,3,5,117,4,6,38.800000,"[53.0, 16.0, 51.0, 53.0, 21.0]"
var_balanced,nuts_and_bolts,3,5,118,6,6,35.800000,"[47.0, 9.0, 49.0, 18.0, 56.0]"
var_balanced,nuts_and_bolts,3,5,119,2,6,35.800000,"[44.0, 13.0, 18.0, 48.0, 56.0]"
var_balanced,nuts_and_bolts,3,5,120,3,6,36.800000,"[56.0, 47.0, 48.0, 12.0, 21.0]"
var_balanced,nuts_and_bolts,3,5,121,3,6,38.200000,"[13.0, 19.0, 53.0, 50.0, 56.0]"
var_balanced,nuts_and_bolts,3,5,122,6,6,35.200000,"[50.0, 12.0, 54.0, 10.0, 50.0]"
var_balanced,nuts_and_bolts,3,5,123,4,6,49.000000,"[47.0, 45.0, 50.0, 49.0, 54.0]"
var_balanced,nuts_and_bolts,3,5,124,6,6,36.200000,"[41.0, 56.0, 50.0, 15.0, 19.0]"
var_balanced,regular_polygons,3,0,0,1,6,2.000000,"[2.0, 2.0, 2.0, 2.0, 2.0]"
var_balanced,regular_polygons,3,0,1,6,6,243.000000,"[243.0, 243.0, 243.0, 243.0, 243.0]"
var_balanced,regular_polygons,3,0,2,2,6,109.000000,"[109.0, 109.0, 109.0, 109.0, 109.0]"
var_balanced,regular_polygons,3,0,3,2,6,690.000000,"[690.0, 690.0, 690.0, 690.0, 690.0]"
var_balanced,regular_polygons,3,0,4,1,6,86.000000,"[86.0, 86.0, 86.0, 86.0, 86.0]"
var_balanced,regular_polygons,3,0,5,6,6,138.000000,"[138.0, 138.0, 138.0, 138.0, 138.0]"
var_balanced,regular_polygons,3,0,6,1,6,1.000000,"[1.0, 1.0, 1.0, 1.0, 1.0]"
var_balanced,regular_polygons,3,0,7,4,6,241.000000,"[241.0, 241.0, 241.0, 241.0, 241.0]"
var_balanced,regular_polygons,3,0,8,1,6,45.000000,"[45.0, 45.0, 45.0, 45.0, 45.0]"
var_balanced,regular_polygons,3,0,9,2,6,48.000000,"[48.0, 48.0, 48.0, 48.0, 48.0]"
var_balanced,regular_polygons,3,0,10,5,6,48.000000,"[48.0, 48.0, 48.0, 48.0, 48.0]"
var_balanced,regular_polygons,3,0,11,1,6,631.000000,"[631.0, 631.0, 631.0, 631.0, 631.0]"
var_balanced,regular_polygons,3,0,12,6,6,37.000000,"[37.0, 37.0, 37.0, 37.0, 37.0]"
var_balanced,regular_polygons,3,0,13,2,6,46.000000,"[46.0, 46.0, 46.0, 46.0, 46.0]"
var_balanced,regular_polygons,3,0,14,5,6,168.000000,"[168.0, 168.0, 168.0, 168.0, 168.0]"
var_balanced,regular_polygons,3,0,15,1,6,160.000000,"[160.0, 160.0, 160.0, 160.0, 160.0]"
var_balanced,regular_polygons,3,0,16,6,6,230.000000,"[230.0, 230.0, 230.0, 230.0, 230.0]"
var_balanced,regular_polygons,3,0,17,3,6,37.000000,"[37.0, 37.0, 37.0, 37.0, 37.0]"
var_balanced,regular_polygons,3,0,18,2,6,45.000000,"[45.0, 45.0, 45.0, 45.0, 45.0]"
var_balanced,regular_polygons,3,0,19,3,6,162.000000,"[162.0, 162.0, 162.0, 162.0, 162.0]"
var_balanced,regular_polygons,3,0,20,1,6,138.000000,"[138.0, 138.0, 138.0, 138.0, 138.0]"
var_balanced,regular_polygons,3,0,21,1,6,2.000000,"[2.0, 2.0, 2.0, 2.0, 2.0]"
var_balanced,regular_polygons,3,0,22,3,6,4.000000,"[4.0, 4.0, 4.0, 4.0, 4.0]"
var_balanced,regular_polygons,3,0,23,3,6,87.000000,"[87.0, 87.0, 87.0, 87.0, 87.0]"
var_balanced,regular_polygons,3,0,24,6,6,192.000000,"[192.0, 192.0, 192.0, 192.0, 192.0]"
var_balanced,regular_polygons,3,0,25,5,6,12.000000,"[12.0, 12.0, 12.0, 12.0, 12.0]"
var_balanced,regular_polygons,3,0,26,4,6,2.000000,"[2.0, 2.0, 2.0, 2.0, 2.0]"
var_balanced,regular_polygons,3,0,27,5,6,282.000000,"[282.0, 282.0, 282.0, 282.0, 282.0]"
var_balanced,regular_polygons,3,0,28,6,6,576.000000,"[576.0, 576.0, 576.0, 576.0, 576.0]"
var_balanced,regular_polygons,3,0,29,5,6,9.000000,"[9.0, 9.0, 9.0, 9.0, 9.0]"
var_balanced,regular_polygons,3,0,30,6,6,166.000000,"[166.0, 166.0, 166.0, 166.0, 166.0]"
var_balanced,regular_polygons,3,0,31,1,6,644.000000,"[644.0, 644.0, 644.0, 644.0, 644.0]"
var_balanced,regular_polygons,3,0,32,3,6,36.000000,"[36.0, 36.0, 36.0, 36.0, 36.0]"
var_balanced,regular_polygons,3,0,33,2,6,288.000000,"[288.0, 288.0, 288.0, 288.0, 288.0]"
var_balanced,regular_polygons,3,0,34,4,6,564.000000,"[564.0, 564.0, 564.0, 564.0, 564.0]"
var_balanced,regular_polygons,3,0,35,4,6,481.000000,"[481.0, 481.0, 481.0, 481.0, 481.0]"
var_balanced,regular_polygons,3,0,36,3,6,138.000000,"[138.0, 138.0, 138.0, 138.0, 138.0]"
var_balanced,regular_polygons,3,0,37,3,6,416.000000,"[416.0, 416.0, 416.0, 416.0, 416.0]"
var_balanced,regular_polygons,3,0,38,2,6,377.000000,"[377.0, 377.0, 377.0, 377.0, 377.0]"
var_balanced,regular_polygons,3,0,39,6,6,36.000000,"[36.0, 36.0, 36.0, 36.0, 36.0]"
var_balanced,regular_polygons,3,0,40,6,6,6.000000,"[6.0, 6.0, 6.0, 6.0, 6.0]"
var_balanced,regular_polygons,3,0,41,5,6,980.000000,"[980.0, 980.0, 980.0, 980.0, 980.0]"
var_balanced,regular_polygons,3,1,0,1,6,88.400000,"[2.0, 2.0, 146.0, 146.0, 146.0]"
var_balanced,regular_polygons,3,1,1,5,6,722.400000,"[862.0, 862.0, 513.0, 513.0, 862.0]"
var_balanced,regular_polygons,3,1,2,1,6,110.200000,"[111.0, 111.0, 111.0, 109.0, 109.0]"
var_balanced,regular_polygons,3,1,3,1,6,760.200000,"[690.0, 690.0, 807.0, 807.0, 807.0]"
var_balanced,regular_polygons,3,1,4,1,6,169.400000,"[86.0, 225.0, 225.0, 86.0, 225.0]"
var_balanced,regular_polygons,3,1,5,1,6,119.400000,"[107.0, 107.0, 138.0, 138.0, 107.0]"
var_balanced,regular_polygons,3,1,6,4,6,19.000000,"[31.0, 1.0, 1.0, 31.0, 31.0]"
var_balanced,regular_polygons,3,1,7,6,6,246.400000,"[250.0, 241.0, 241.0, 250.0, 250.0]"
var_balanced,regular_polygons,3,1,8,3,6,47.200000,"[48.0, 46.0, 48.0, 46.0, 48.0]"
var_balanced,regular_polygons,3,1,9,3,6,303.600000,"[498.0, 12.0, 12.0, 498.0, 498.0]"
var_balanced,regular_polygons,3,1,10,3,6,458.400000,"[732.0, 732.0, 48.0, 48.0, 732.0]"
var_balanced,regular_polygons,3,1,11,2,6,325.000000,"[331.0, 331.0, 331.0, 316.0, 316.0]"
var_balanced,regular_polygons,3,1,12,5,6,614.200000,"[987.0, 987.0, 55.0, 55.0, 987.0]"
var_balanced,regular_polygons,3,1,13,6,6,45.400000,"[47.0, 47.0, 47.0, 43.0, 43.0]"
var_balanced,regular_polygons,3,1,14,4,6,145.600000,"[145.0, 145.0, 146.0, 146.0, 146.0]"
var_balanced,regular_polygons,3,1,15,5,6,224.000000,"[83.0, 318.0, 318.0, 318.0, 83.0]"
var_balanced,regular_polygons,3,1,16,1,6,233.600000,"[230.0, 230.0, 236.0, 236.0, 236.0]"
var_balanced,regular_polygons,3,1,17,6,6,146.400000,"[36.0, 220.0, 36.0, 220.0, 220.0]"
var_balanced,regular_polygons,3,1,18,3,6,1274.400000,"[1488.0, 954.0, 1488.0, 954.0, 1488.0]"
var_balanced,regular_polygons,3,1,19,6,6,186.600000,"[187.0, 186.0, 187.0, 186.0, 187.0]"
var_balanced,regular_polygons,3,1,20,3,6,139.200000,"[140.0, 140.0, 138.0, 140.0, 138.0]"
var_balanced,regular_polygons,3,1,21,6,6,220.600000,"[365.0, 4.0, 4.0, 365.0, 365.0]"
var_balanced,regular_polygons,3,1,22,2,6,105.200000,"[118.0, 118.0, 118.0, 86.0, 86.0]"
var_balanced,regular_polygons,3,1,23,1,6,183.200000,"[220.0, 128.0, 220.0, 128.0, 220.0]"
var_balanced,regular_polygons,3,1,24,5,6,103.800000,"[141.0, 48.0, 48.0, 141.0, 141.0]"
var_balanced,regular_polygons,3,1,25,4,6,23.600000,"[2.0, 38.0, 2.0, 38.0, 38.0]"
var_balanced,regular_polygons,3,1,26,4,6,381.000000,"[447.0, 447.0, 282.0, 447.0, 282.0]"
var_balanced,regular_polygons,3,1,27,4,6,639.600000,"[870.0, 870.0, 294.0, 870.0, 294.0]"
var_balanced,regular_polygons,3,1,28,2,6,213.600000,"[350.0, 350.0, 350.0, 9.0, 9.0]"
var_balanced,regular_polygons,3,1,29,5,6,429.400000,"[325.0, 499.0, 325.0, 499.0, 499.0]"
var_balanced,regular_polygons,3,1,30,2,6,608.600000,"[644.0, 585.0, 644.0, 585.0, 585.0]"
var_balanced,regular_polygons,3,1,31,6,6,99.000000,"[36.0, 36.0, 141.0, 141.0, 141.0]"
var_balanced,regular_polygons,3,1,32,6,6,385.200000,"[450.0, 288.0, 288.0, 450.0, 450.0]"
var_balanced,regular_polygons,3,1,33,5,6,566.400000,"[568.0, 564.0, 568.0, 564.0, 568.0]"
var_balanced,regular_polygons,3,1,34,2,6,481.000000,"[481.0, 481.0, 481.0, 481.0, 481.0]"
var_balanced,regular_polygons,3,1,35,6,6,135.600000,"[138.0, 134.0, 134.0, 138.0, 134.0]"
var_balanced,regular_polygons,3,1,36,5,6,4.000000,"[4.0, 4.0, 4.0, 4.0, 4.0]"
var_balanced,regular_polygons,3,1,37,5,6,760.200000,"[753.0, 753.0, 765.0, 765.0, 765.0]"
var_balanced,regular_polygons,3,1,38,6,6,224.400000,"[278.0, 144.0, 278.0, 278.0, 144.0]"
var_balanced,regular_polygons,3,1,39,1,6,7.200000,"[6.0, 8.0, 6.0, 8.0, 8.0]"
var_balanced,regular_polygons,3,1,40,6,6,1223.000000,"[1385.0, 980.0, 980.0, 1385.0, 1385.0]"
var_balanced,regular_polygons,3,1,41,3,6,32.600000,"[33.0, 32.0, 33.0, 32.0, 33.0]"
var_balanced,regular_polygons,3,2,0,5,6,289.000000,"[481.0, 481.0, 78.0, 78.0, 327.0]"
var_balanced,regular_polygons,3,2,1,2,6,77.600000,"[105.0, 97.0, 45.0, 36.0, 105.0]"
var_balanced,regular_polygons,3,2,2,6,6,423.600000,"[578.0, 270.0, 500.0, 500.0, 270.0]"
var_balanced,regular_polygons,3,2,3,4,6,702.000000,"[710.0, 690.0, 692.0, 708.0, 710.0]"
var_balanced,regular_polygons,3,2,4,6,6,294.000000,"[402.0, 173.0, 86.0, 407.0, 402.0]"
var_balanced,regular_polygons,3,2,5,6,6,202.800000,"[69.0, 69.0, 292.0, 292.0, 292.0]"
var_balanced,regular_polygons,3,2,6,1,6,314.200000,"[501.0, 501.0, 31.0, 507.0, 31.0]"
var_balanced,regular_polygons,3,2,7,6,6,241.200000,"[231.0, 239.0, 256.0, 239.0, 241.0]"
var_balanced,regular_polygons,3,2,8,6,6,1065.600000,"[1026.0, 885.0, 1362.0, 885.0, 1170.0]"
var_balanced,regular_polygons,3,2,9,1,6,528.400000,"[48.0, 1003.0, 1003.0, 534.0, 54.0]"
var_balanced,regular_polygons,3,2,10,5,6,108.400000,"[115.0, 48.0, 94.0, 115.0, 170.0]"
var_balanced,regular_polygons,3,2,11,2,6,807.400000,"[893.0, 881.0, 881.0, 691.0, 691.0]"
var_balanced,regular_polygons,3,2,12,2,6,457.000000,"[721.0, 59.0, 59.0, 725.0, 721.0]"
var_balanced,regular_polygons,3,2,13,1,6,1081.000000,"[1291.0, 1054.0, 1003.0, 1003.0, 1054.0]"
var_balanced,regular_polygons,3,2,14,6,6,150.400000,"[148.0, 145.0, 163.0, 148.0, 148.0]"
var_balanced,regular_polygons,3,2,15,4,6,163.000000,"[164.0, 177.0, 164.0, 160.0, 150.0]"
var_balanced,regular_polygons,3,2,16,1,6,149.200000,"[230.0, 265.0, 27.0, 112.0, 112.0]"
var_balanced,regular_polygons,3,2,17,6,6,471.400000,"[403.0, 361.0, 829.0, 403.0, 361.0]"
var_balanced,regular_polygons,3,2,18,4,6,298.600000,"[262.0, 271.0, 271.0, 262.0, 427.0]"
var_balanced,regular_polygons,3,2,19,6,6,443.600000,"[546.0, 270.0, 294.0, 554.0, 554.0]"
var_balanced,regular_polygons,3,2,20,2,6,125.600000,"[140.0, 140.0, 79.0, 190.0, 79.0]"
var_balanced,regular_polygons,3,2,21,3,6,262.400000,"[314.0, 332.0, 332.0, 2.0, 332.0]"
var_balanced,regular_polygons,3,2,22,2,6,890.000000,"[1364.0, 354.0, 1364.0, 1364.0, 4.0]"
var_balanced,regular_polygons,3,2,23,2,6,653.800000,"[133.0, 1088.0, 1088.0, 86.0, 874.0]"
var_balanced,regular_polygons,3,2,24,2,6,762.600000,"[1191.0, 1191.0, 192.0, 276.0, 963.0]"
var_balanced,regular_polygons,3,2,25,1,6,122.800000,"[12.0, 93.0, 105.0, 202.0, 202.0]"
var_balanced,regular_polygons,3,2,26,1,6,232.200000,"[332.0, 38.0, 421.0, 332.0, 38.0]"
var_balanced,regular_polygons,3,2,27,4,6,834.400000,"[565.0, 1014.0, 565.0, 1014.0, 1014.0]"
var_balanced,regular_polygons,3,2,28,3,6,1054.000000,"[1146.0, 866.0, 1146.0, 866.0, 1246.0]"
var_balanced,regular_polygons,3,2,29,2,6,168.600000,"[228.0, 78.0, 228.0, 231.0, 78.0]"
var_balanced,regular_polygons,3,2,30,4,6,442.600000,"[652.0, 169.0, 451.0, 652.0, 289.0]"
var_balanced,regular_polygons,3,2,31,4,6,693.800000,"[726.0, 644.0, 726.0, 722.0, 651.0]"
var_balanced,regular_polygons,3,2,32,4,6,181.200000,"[278.0, 278.0, 36.0, 36.0, 278.0]"
var_balanced,regular_polygons,3,2,33,1,6,479.400000,"[607.0, 607.0, 288.0, 288.0, 607.0]"
var_balanced,regular_polygons,3,2,34,1,6,304.800000,"[316.0, 320.0, 286.0, 320.0, 282.0]"
var_balanced,regular_polygons,3,2,35,4,6,656.800000,"[774.0, 774.0, 481.0, 774.0, 481.0]"
var_balanced,regular_polygons,3,2,36,4,6,146.400000,"[152.0, 152.0, 138.0, 152.0, 138.0]"
var_balanced,regular_polygons,3,2,37,1,6,291.000000,"[214.0, 214.0, 605.0, 208.0, 214.0]"
var_balanced,regular_polygons,3,2,38,6,6,427.400000,"[449.0, 461.0, 389.0, 389.0, 449.0]"
var_balanced,regular_polygons,3,2,39,6,6,362.000000,"[413.0, 384.0, 384.0, 216.0, 413.0]"
var_balanced,regular_polygons,3,2,40,5,6,43.200000,"[68.0, 66.0, 66.0, 8.0, 8.0]"
var_balanced,regular_polygons,3,2,41,5,6,1122.400000,"[1209.0, 1220.0, 994.0, 1209.0, 980.0]"
var_balanced,regular_polygons,3,2,42,3,6,62.000000,"[12.0, 98.0, 12.0, 94.0, 94.0]"
var_balanced,regular_polygons,3,2,43,4,6,52.400000,"[62.0, 86.0, 26.0, 26.0, 62.0]"
var_balanced,regular_polygons,3,2,44,6,6,480.800000,"[636.0, 248.0, 636.0, 248.0, 636.0]"
var_balanced,regular_polygons,3,2,45,2,6,245.600000,"[295.0, 95.0, 295.0, 291.0, 252.0]"
var_balanced,regular_polygons,3,2,46,1,6,615.000000,"[825.0, 825.0, 300.0, 825.0, 300.0]"
var_balanced,regular_polygons,3,2,47,1,6,193.600000,"[236.0, 236.0, 242.0, 236.0, 18.0]"
var_balanced,regular_polygons,3,2,48,4,6,804.400000,"[1003.0, 517.0, 496.0, 1003.0, 1003.0]"
var_balanced,regular_polygons,3,2,49,1,6,407.600000,"[33.0, 678.0, 647.0, 2.0, 678.0]"
var_balanced,regular_polygons,3,2,50,1,6,270.400000,"[55.0, 414.0, 55.0, 414.0, 414.0]"
var_balanced,regular_polygons,3,2,51,3,6,676.000000,"[604.0, 748.0, 658.0, 712.0, 658.0]"
var_balanced,regular_polygons,3,2,52,1,6,510.000000,"[668.0, 646.0, 430.0, 646.0, 160.0]"
var_balanced,regular_polygons,3,2,53,1,6,661.400000,"[805.0, 627.0, 685.0, 627.0, 563.0]"
var_balanced,regular_polygons,3,2,54,5,6,406.000000,"[332.0, 518.0, 332.0, 517.0, 331.0]"
var_balanced,regular_polygons,3,2,55,5,6,1048.600000,"[1147.0, 1147.0, 1147.0, 901.0, 901.0]"
var_balanced,regular_polygons,3,2,56,6,6,135.600000,"[146.0, 144.0, 146.0, 122.0, 120.0]"
var_balanced,regular_polygons,3,2,57,3,6,120.800000,"[184.0, 168.0, 42.0, 168.0, 42.0]"
var_balanced,regular_polygons,3,2,58,3,6,250.400000,"[380.0, 286.0, 380.0, 104.0, 102.0]"
var_balanced,regular_polygons,3,2,59,1,6,76.600000,"[125.0, 50.0, 125.0, 4.0, 79.0]"
var_balanced,regular_polygons,3,2,60,5,6,257.600000,"[430.0, 324.0, 430.0, 52.0, 52.0]"
var_balanced,regular_polygons,3,2,61,6,6,103.800000,"[147.0, 147.0, 177.0, 42.0, 6.0]"
var_balanced,regular_polygons,3,2,62,2,6,542.200000,"[55.0, 55.0, 867.0, 867.0, 867.0]"
var_balanced,regular_polygons,3,3,0,4,6,286.800000,"[600.0, 327.0, 93.0, 87.0, 327.0]"
var_balanced,regular_polygons,3,3,1,6,6,327.800000,"[70.0, 9.0, 581.0, 581.0, 398.0]"
var_balanced,regular_polygons,3,3,2,5,6,375.400000,"[450.0, 420.0, 415.0, 171.0, 421.0]"
var_balanced,regular_polygons,3,3,3,1,6,735.600000,"[694.0, 762.0, 694.0, 766.0, 762.0]"
var_balanced,regular_polygons,3,3,4,4,6,359.000000,"[280.0, 402.0, 747.0, 280.0, 86.0]"
var_balanced,regular_polygons,3,3,5,3,6,240.800000,"[134.0, 411.0, 141.0, 411.0, 107.0]"
var_balanced,regular_polygons,3,3,6,1,6,615.600000,"[430.0, 760.0, 729.0, 729.0, 430.0]"
var_balanced,regular_polygons,3,3,7,6,6,309.600000,"[360.0, 285.0, 321.0, 357.0, 225.0]"
var_balanced,regular_polygons,3,3,8,1,6,875.000000,"[1146.0, 556.0, 31.0, 1321.0, 1321.0]"
var_balanced,regular_polygons,3,3,9,6,6,175.600000,"[75.0, 146.0, 75.0, 48.0, 534.0]"
var_balanced,regular_polygons,3,3,10,4,6,86.200000,"[52.0, 109.0, 111.0, 48.0, 111.0]"
var_balanced,regular_polygons,3,3,11,3,6,388.000000,"[430.0, 392.0, 316.0, 377.0, 425.0]"
var_balanced,regular_polygons,3,3,12,1,6,448.000000,"[37.0, 655.0, 272.0, 659.0, 617.0]"
var_balanced,regular_polygons,3,3,13,6,6,383.600000,"[249.0, 466.0, 495.0, 467.0, 241.0]"
var_balanced,regular_polygons,3,3,14,6,6,641.800000,"[513.0, 767.0, 509.0, 1019.0, 401.0]"
var_balanced,regular_polygons,3,3,15,1,6,637.000000,"[160.0, 164.0, 1117.0, 872.0, 872.0]"
var_balanced,regular_polygons,3,3,16,3,6,254.200000,"[265.0, 236.0, 230.0, 270.0, 270.0]"
var_balanced,regular_polygons,3,3,17,1,6,640.000000,"[37.0, 721.0, 1093.0, 256.0, 1093.0]"
var_balanced,regular_polygons,3,3,18,1,6,597.800000,"[91.0, 304.0, 900.0, 810.0, 884.0]"
var_balanced,regular_polygons,3,3,19,4,6,602.400000,"[997.0, 967.0, 210.0, 533.0, 305.0]"
var_balanced,regular_polygons,3,3,20,5,6,175.600000,"[239.0, 239.0, 134.0, 128.0, 138.0]"
var_balanced,regular_polygons,3,3,21,3,6,506.200000,"[502.0, 496.0, 520.0, 490.0, 523.0]"
var_balanced,regular_polygons,3,3,22,4,6,392.200000,"[59.0, 613.0, 617.0, 617.0, 55.0]"
var_balanced,regular_polygons,3,3,23,6,6,756.000000,"[898.0, 898.0, 145.0, 1767.0, 72.0]"
var_balanced,regular_polygons,3,3,24,4,6,439.800000,"[85.0, 284.0, 72.0, 677.0, 1081.0]"
var_balanced,regular_polygons,3,3,25,4,6,192.000000,"[312.0, 312.0, 312.0, 12.0, 12.0]"
var_balanced,regular_polygons,3,3,26,4,6,817.200000,"[1188.0, 907.0, 453.0, 907.0, 631.0]"
var_balanced,regular_polygons,3,3,27,1,6,543.400000,"[573.0, 235.0, 577.0, 1051.0, 281.0]"
var_balanced,regular_polygons,3,3,28,5,6,771.600000,"[1045.0, 564.0, 790.0, 414.0, 1045.0]"
var_balanced,regular_polygons,3,3,29,5,6,823.800000,"[1135.0, 141.0, 1135.0, 1702.0, 6.0]"
var_balanced,regular_polygons,3,3,30,3,6,626.000000,"[726.0, 969.0, 300.0, 969.0, 166.0]"
var_balanced,regular_polygons,3,3,31,4,6,570.600000,"[660.0, 501.0, 660.0, 501.0, 531.0]"
var_balanced,regular_polygons,3,3,32,6,6,221.600000,"[378.0, 36.0, 186.0, 132.0, 376.0]"
var_balanced,regular_polygons,3,3,33,3,6,647.600000,"[564.0, 564.0, 625.0, 625.0, 860.0]"
var_balanced,regular_polygons,3,3,34,1,6,625.000000,"[615.0, 584.0, 678.0, 568.0, 680.0]"
var_balanced,regular_polygons,3,3,35,4,6,662.400000,"[1005.0, 573.0, 1005.0, 725.0, 4.0]"
var_balanced,regular_polygons,3,3,36,6,6,59.400000,"[46.0, 72.0, 71.0, 54.0, 54.0]"
var_balanced,regular_polygons,3,3,37,1,6,1178.000000,"[1878.0, 1239.0, 695.0, 536.0, 1542.0]"
var_balanced,regular_polygons,3,3,38,3,6,754.200000,"[834.0, 689.0, 735.0, 753.0, 760.0]"
var_balanced,regular_polygons,3,3,39,6,6,258.600000,"[401.0, 394.0, 401.0, 61.0, 36.0]"
var_balanced,regular_polygons,3,3,40,1,6,44.400000,"[10.0, 66.0, 70.0, 10.0, 66.0]"
var_balanced,regular_polygons,3,3,41,5,6,827.000000,"[890.0, 890.0, 730.0, 730.0, 895.0]"
var_balanced,regular_polygons,3,3,42,1,6,493.400000,"[801.0, 33.0, 800.0, 33.0, 800.0]"
var_balanced,regular_polygons,3,3,43,5,6,309.600000,"[546.0, 223.0, 212.0, 223.0, 344.0]"
var_balanced,regular_polygons,3,3,44,6,6,402.000000,"[481.0, 37.0, 665.0, 794.0, 33.0]"
var_balanced,regular_polygons,3,3,45,6,6,263.000000,"[110.0, 95.0, 372.0, 366.0, 372.0]"
var_balanced,regular_polygons,3,3,46,4,6,945.400000,"[1004.0, 675.0, 1057.0, 1070.0, 921.0]"
var_balanced,regular_polygons,3,3,47,1,6,243.200000,"[588.0, 236.0, 130.0, 131.0, 131.0]"
var_balanced,regular_polygons,3,3,48,4,6,1036.000000,"[685.0, 1198.0, 829.0, 1234.0, 1234.0]"
var_balanced,regular_polygons,3,3,49,2,6,611.200000,"[954.0, 645.0, 429.0, 514.0, 514.0]"
var_balanced,regular_polygons,3,3,50,6,6,516.000000,"[696.0, 244.0, 664.0, 696.0, 280.0]"
var_balanced,regular_polygons,3,3,51,6,6,1004.800000,"[892.0, 892.0, 1062.0, 969.0, 1209.0]"
var_balanced,regular_polygons,3,3,52,6,6,210.200000,"[213.0, 266.0, 266.0, 114.0, 192.0]"
var_balanced,regular_polygons,3,3,53,1,6,799.800000,"[90.0, 81.0, 1279.0, 1270.0, 1279.0]"
var_balanced,regular_polygons,3,3,54,5,6,311.400000,"[307.0, 323.0, 301.0, 307.0, 319.0]"
var_balanced,regular_polygons,3,3,55,4,6,291.800000,"[206.0, 236.0, 230.0, 397.0, 390.0]"
var_balanced,regular_polygons,3,3,56,3,6,112.400000,"[146.0, 146.0, 84.0, 102.0, 84.0]"
var_balanced,regular_polygons,3,3,57,3,6,558.200000,"[24.0, 581.0, 581.0, 725.0, 880.0]"
var_balanced,regular_polygons,3,3,58,2,6,361.200000,"[480.0, 185.0, 449.0, 482.0, 210.0]"
var_balanced,regular_polygons,3,3,59,3,6,161.200000,"[122.0, 140.0, 129.0, 142.0, 273.0]"
var_balanced,regular_polygons,3,3,60,3,6,657.400000,"[841.0, 502.0, 560.0, 552.0, 832.0]"
var_balanced,regular_polygons,3,3,61,2,6,561.400000,"[991.0, 515.0, 197.0, 613.0, 491.0]"
var_balanced,regular_polygons,3,3,62,2,6,547.800000,"[1002.0, 135.0, 1011.0, 576.0, 15.0]"
var_balanced,regular_polygons,3,4,0,3,6,466.200000,"[576.0, 941.0, 578.0, 117.0, 119.0]"
var_balanced,regular_polygons,3,4,1,1,6,605.400000,"[944.0, 731.0, 429.0, 731.0, 192.0]"
var_balanced,regular_polygons,3,4,2,1,6,629.800000,"[1169.0, 284.0, 739.0, 337.0, 620.0]"
var_balanced,regular_polygons,3,4,3,6,6,870.000000,"[962.0, 708.0, 795.0, 957.0, 928.0]"
var_balanced,regular_polygons,3,4,4,3,6,857.600000,"[391.0, 983.0, 985.0, 395.0, 1534.0]"
var_balanced,regular_polygons,3,4,5,6,6,141.000000,"[243.0, 127.0, 83.0, 181.0, 71.0]"
var_balanced,regular_polygons,3,4,6,5,6,668.400000,"[592.0, 695.0, 716.0, 717.0, 622.0]"
var_balanced,regular_polygons,3,4,7,1,6,396.200000,"[281.0, 536.0, 277.0, 612.0, 275.0]"
var_balanced,regular_polygons,3,4,8,2,6,830.200000,"[1033.0, 1193.0, 391.0, 946.0, 588.0]"
var_balanced,regular_polygons,3,4,9,2,6,542.600000,"[90.0, 1197.0, 558.0, 722.0, 146.0]"
var_balanced,regular_polygons,3,4,10,5,6,123.400000,"[133.0, 103.0, 120.0, 137.0, 124.0]"
var_balanced,regular_polygons,3,4,11,6,6,557.000000,"[538.0, 706.0, 473.0, 408.0, 660.0]"
var_balanced,regular_polygons,3,4,12,2,6,703.000000,"[1027.0, 803.0, 37.0, 827.0, 821.0]"
var_balanced,regular_polygons,3,4,13,6,6,553.600000,"[534.0, 538.0, 638.0, 634.0, 424.0]"
var_balanced,regular_polygons,3,4,14,3,6,405.800000,"[391.0, 360.0, 357.0, 353.0, 568.0]"
var_balanced,regular_polygons,3,4,15,4,6,805.800000,"[1407.0, 1178.0, 259.0, 142.0, 1043.0]"
var_balanced,regular_polygons,3,4,16,4,6,185.400000,"[29.0, 290.0, 189.0, 189.0, 230.0]"
var_balanced,regular_polygons,3,4,17,6,6,812.600000,"[1432.0, 403.0, 756.0, 1432.0, 40.0]"
var_balanced,regular_polygons,3,4,18,5,6,638.400000,"[436.0, 885.0, 727.0, 723.0, 421.0]"
var_balanced,regular_polygons,3,4,19,4,6,244.000000,"[179.0, 209.0, 180.0, 177.0, 475.0]"
var_balanced,regular_polygons,3,4,20,2,6,141.600000,"[161.0, 140.0, 94.0, 170.0, 143.0]"
var_balanced,regular_polygons,3,4,21,5,6,398.200000,"[379.0, 342.0, 396.0, 445.0, 429.0]"
var_balanced,regular_polygons,3,4,22,2,6,620.000000,"[505.0, 145.0, 505.0, 1819.0, 126.0]"
var_balanced,regular_polygons,3,4,23,6,6,289.600000,"[358.0, 84.0, 232.0, 149.0, 625.0]"
var_balanced,regular_polygons,3,4,24,3,6,701.600000,"[1238.0, 1238.0, 68.0, 956.0, 8.0]"
var_balanced,regular_polygons,3,4,25,6,6,568.200000,"[491.0, 944.0, 491.0, 284.0, 631.0]"
var_balanced,regular_polygons,3,4,26,2,6,826.000000,"[901.0, 1005.0, 913.0, 903.0, 408.0]"
var_balanced,regular_polygons,3,4,27,3,6,817.600000,"[162.0, 1264.0, 1250.0, 148.0, 1264.0]"
var_balanced,regular_polygons,3,4,28,4,6,291.200000,"[134.0, 153.0, 572.0, 361.0, 236.0]"
var_balanced,regular_polygons,3,4,29,2,6,427.000000,"[378.0, 733.0, 310.0, 551.0, 163.0]"
var_balanced,regular_polygons,3,4,30,4,6,716.400000,"[762.0, 712.0, 656.0, 652.0, 800.0]"
var_balanced,regular_polygons,3,4,31,6,6,242.800000,"[65.0, 65.0, 133.0, 843.0, 108.0]"
var_balanced,regular_polygons,3,4,32,1,6,1035.000000,"[1164.0, 720.0, 1164.0, 1156.0, 971.0]"
var_balanced,regular_polygons,3,4,33,1,6,983.600000,"[1033.0, 784.0, 1240.0, 985.0, 876.0]"
var_balanced,regular_polygons,3,4,34,6,6,630.200000,"[881.0, 686.0, 869.0, 680.0, 35.0]"
var_balanced,regular_polygons,3,4,35,3,6,250.600000,"[150.0, 142.0, 419.0, 352.0, 190.0]"
var_balanced,regular_polygons,3,4,36,6,6,232.600000,"[202.0, 229.0, 175.0, 409.0, 148.0]"
var_balanced,regular_polygons,3,4,37,4,6,492.800000,"[562.0, 403.0, 377.0, 550.0, 572.0]"
var_balanced,regular_polygons,3,4,38,1,6,599.200000,"[348.0, 521.0, 350.0, 500.0, 1277.0]"
var_balanced,regular_polygons,3,4,39,1,6,680.400000,"[1504.0, 766.0, 68.0, 119.0, 945.0]"
var_balanced,regular_polygons,3,4,40,2,6,1092.200000,"[1172.0, 1138.0, 1015.0, 1156.0, 980.0]"
var_balanced,regular_polygons,3,4,41,3,6,139.800000,"[12.0, 90.0, 332.0, 95.0, 170.0]"
var_balanced,regular_polygons,3,4,42,6,6,598.800000,"[733.0, 765.0, 344.0, 766.0, 386.0]"
var_balanced,regular_polygons,3,4,43,4,6,441.000000,"[407.0, 492.0, 482.0, 412.0, 412.0]"
var_balanced,regular_polygons,3,4,44,1,6,806.200000,"[343.0, 315.0, 1130.0, 1126.0, 1117.0]"
var_balanced,regular_polygons,3,4,45,4,6,240.200000,"[342.0, 185.0, 222.0, 230.0, 222.0]"
var_balanced,regular_polygons,3,4,46,5,6,703.200000,"[766.0, 728.0, 627.0, 764.0, 631.0]"
var_balanced,regular_polygons,3,4,47,5,6,749.600000,"[840.0, 779.0, 724.0, 553.0, 852.0]"
var_balanced,regular_polygons,3,4,48,6,6,592.800000,"[698.0, 555.0, 517.0, 496.0, 698.0]"
var_balanced,regular_polygons,3,4,49,1,6,776.400000,"[630.0, 422.0, 890.0, 971.0, 969.0]"
var_balanced,regular_polygons,3,4,50,4,6,432.600000,"[763.0, 309.0, 309.0, 421.0, 361.0]"
var_balanced,regular_polygons,3,4,51,1,6,451.600000,"[802.0, 520.0, 614.0, 216.0, 106.0]"
var_balanced,regular_polygons,3,4,52,2,6,500.800000,"[93.0, 638.0, 90.0, 1036.0, 647.0]"
var_balanced,regular_polygons,3,4,53,6,6,282.200000,"[346.0, 335.0, 241.0, 212.0, 277.0]"
var_balanced,regular_polygons,3,4,54,1,6,425.200000,"[127.0, 240.0, 391.0, 534.0, 834.0]"
var_balanced,regular_polygons,3,4,55,6,6,123.600000,"[41.0, 130.0, 166.0, 163.0, 118.0]"
var_balanced,regular_polygons,3,4,56,4,6,701.000000,"[878.0, 504.0, 742.0, 888.0, 493.0]"
var_balanced,regular_polygons,3,4,57,2,6,625.000000,"[348.0, 711.0, 815.0, 567.0, 684.0]"
var_balanced,regular_polygons,3,4,58,1,6,283.400000,"[277.0, 150.0, 419.0, 152.0, 419.0]"
var_balanced,regular_polygons,3,4,59,1,6,927.200000,"[553.0, 945.0, 777.0, 1258.0, 1103.0]"
var_balanced,regular_polygons,3,4,60,2,6,617.600000,"[1398.0, 396.0, 438.0, 418.0, 438.0]"
var_balanced,regular_polygons,3,4,61,6,6,340.600000,"[147.0, 278.0, 94.0, 567.0, 617.0]"
var_balanced,regular_polygons,3,4,62,4,6,1074.400000,"[1512.0, 469.0, 996.0, 1368.0, 1027.0]"
var_balanced,regular_polygons,3,4,63,3,6,1033.000000,"[1255.0, 547.0, 958.0, 1150.0, 1255.0]"
var_balanced,regular_polygons,3,4,64,5,6,440.800000,"[146.0, 313.0, 101.0, 1575.0, 69.0]"
var_balanced,regular_polygons,3,4,65,5,6,1032.600000,"[766.0, 999.0, 1289.0, 973.0, 1136.0]"
var_balanced,regular_polygons,3,4,66,1,6,626.400000,"[612.0, 510.0, 632.0, 607.0, 771.0]"
var_balanced,regular_polygons,3,4,67,5,6,495.000000,"[556.0, 516.0, 584.0, 351.0, 468.0]"
var_balanced,regular_polygons,3,4,68,3,6,587.800000,"[758.0, 654.0, 444.0, 325.0, 758.0]"
var_balanced,regular_polygons,3,4,69,6,6,81.000000,"[6.0, 87.0, 127.0, 58.0, 127.0]"
var_balanced,regular_polygons,3,4,70,2,6,357.000000,"[311.0, 355.0, 400.0, 400.0, 319.0]"
var_balanced,regular_polygons,3,4,71,5,6,464.400000,"[385.0, 381.0, 565.0, 430.0, 561.0]"
var_balanced,regular_polygons,3,4,72,4,6,801.000000,"[985.0, 583.0, 959.0, 997.0, 481.0]"
var_balanced,regular_polygons,3,4,73,5,6,724.200000,"[820.0, 868.0, 553.0, 564.0, 816.0]"
var_balanced,regular_polygons,3,4,74,1,6,784.400000,"[1019.0, 805.0, 685.0, 756.0, 657.0]"
var_balanced,regular_polygons,3,4,75,2,6,1323.000000,"[1541.0, 928.0, 1547.0, 1446.0, 1153.0]"
var_balanced,regular_polygons,3,4,76,4,6,569.800000,"[424.0, 686.0, 622.0, 726.0, 391.0]"
var_balanced,regular_polygons,3,4,77,3,6,320.800000,"[196.0, 338.0, 431.0, 435.0, 204.0]"
var_balanced,regular_polygons,3,4,78,4,6,395.200000,"[230.0, 418.0, 318.0, 495.0, 515.0]"
var_balanced,regular_polygons,3,4,79,5,6,294.600000,"[258.0, 450.0, 18.0, 74.0, 673.0]"
var_balanced,regular_polygons,3,4,80,5,6,241.200000,"[256.0, 114.0, 96.0, 418.0, 322.0]"
var_balanced,regular_polygons,3,4,81,2,6,641.800000,"[348.0, 760.0, 806.0, 486.0, 809.0]"
var_balanced,regular_polygons,3,4,82,2,6,386.400000,"[212.0, 148.0, 1237.0, 48.0, 287.0]"
var_balanced,regular_polygons,3,4,83,1,6,509.000000,"[649.0, 565.0, 416.0, 254.0, 661.0]"
var_balanced,regular_polygons,3,4,84,6,6,567.800000,"[585.0, 548.0, 570.0, 613.0, 523.0]"
var_balanced,regular_polygons,3,4,85,6,6,1029.800000,"[1132.0, 1036.0, 1205.0, 690.0, 1086.0]"
var_balanced,regular_polygons,3,4,86,1,6,503.000000,"[999.0, 449.0, 519.0, 313.0, 235.0]"
var_balanced,regular_polygons,3,4,87,3,6,1093.800000,"[903.0, 1413.0, 874.0, 1376.0, 903.0]"
var_balanced,regular_polygons,3,4,88,6,6,733.600000,"[972.0, 400.0, 938.0, 987.0, 371.0]"
var_balanced,regular_polygons,3,4,89,6,6,655.800000,"[672.0, 643.0, 577.0, 715.0, 672.0]"
var_balanced,regular_polygons,3,4,90,3,6,921.800000,"[930.0, 1330.0, 469.0, 1195.0, 685.0]"
var_balanced,regular_polygons,3,4,91,4,6,380.000000,"[395.0, 495.0, 412.0, 176.0, 422.0]"
var_balanced,regular_polygons,3,4,92,1,6,586.400000,"[782.0, 597.0, 792.0, 2.0, 759.0]"
var_balanced,regular_polygons,3,4,93,6,6,969.200000,"[1018.0, 896.0, 672.0, 1130.0, 1130.0]"
var_balanced,regular_polygons,3,4,94,4,6,747.000000,"[636.0, 841.0, 636.0, 811.0, 811.0]"
var_balanced,regular_polygons,3,4,95,6,6,277.400000,"[260.0, 273.0, 230.0, 71.0, 553.0]"
var_balanced,regular_polygons,3,4,96,3,6,815.200000,"[883.0, 132.0, 1245.0, 1540.0, 276.0]"
var_balanced,regular_polygons,3,4,97,3,6,400.000000,"[410.0, 537.0, 356.0, 537.0, 160.0]"
var_balanced,regular_polygons,3,4,98,4,6,140.200000,"[117.0, 163.0, 93.0, 164.0, 164.0]"
var_balanced,regular_polygons,3,4,99,5,6,501.800000,"[608.0, 558.0, 606.0, 416.0, 321.0]"
var_balanced,regular_polygons,3,4,100,4,6,386.400000,"[475.0, 257.0, 442.0, 434.0, 324.0]"
var_balanced,regular_polygons,3,4,101,3,6,621.400000,"[738.0, 467.0, 609.0, 738.0, 555.0]"
var_balanced,regular_polygons,3,4,102,6,6,591.400000,"[857.0, 764.0, 319.0, 220.0, 797.0]"
var_balanced,regular_polygons,3,4,103,6,6,665.800000,"[508.0, 514.0, 500.0, 1515.0, 292.0]"
var_balanced,regular_polygons,3,4,104,6,6,687.000000,"[397.0, 433.0, 1240.0, 397.0, 968.0]"
var_balanced,regular_polygons,3,4,105,6,6,842.600000,"[952.0, 711.0, 1017.0, 1017.0, 516.0]"
var_balanced,regular_polygons,3,4,106,2,6,718.400000,"[604.0, 664.0, 766.0, 757.0, 801.0]"
var_balanced,regular_polygons,3,4,107,6,6,684.600000,"[825.0, 442.0, 756.0, 679.0, 721.0]"
var_balanced,regular_polygons,3,4,108,3,6,450.000000,"[430.0, 487.0, 421.0, 430.0, 482.0]"
var_balanced,regular_polygons,3,4,109,2,6,644.200000,"[748.0, 751.0, 564.0, 606.0, 552.0]"
var_balanced,regular_polygons,3,4,110,4,6,420.200000,"[466.0, 401.0, 450.0, 377.0, 407.0]"
var_balanced,regular_polygons,3,4,111,6,6,309.400000,"[146.0, 94.0, 287.0, 388.0, 632.0]"
var_balanced,regular_polygons,3,4,112,2,6,587.000000,"[442.0, 669.0, 454.0, 712.0, 658.0]"
var_balanced,regular_polygons,3,4,113,1,6,213.800000,"[226.0, 183.0, 213.0, 72.0, 375.0]"
var_balanced,regular_polygons,3,4,114,2,6,401.000000,"[338.0, 336.0, 445.0, 441.0, 445.0]"
var_balanced,regular_polygons,3,4,115,2,6,341.800000,"[94.0, 114.0, 925.0, 382.0, 194.0]"
var_balanced,regular_polygons,3,4,116,1,6,483.800000,"[315.0, 748.0, 323.0, 748.0, 285.0]"
var_balanced,regular_polygons,3,4,117,6,6,608.600000,"[476.0, 636.0, 591.0, 711.0, 629.0]"
var_balanced,regular_polygons,3,4,118,5,6,1252.000000,"[1590.0, 615.0, 1590.0, 1413.0, 1052.0]"
var_balanced,regular_polygons,3,4,119,2,6,563.200000,"[1179.0, 384.0, 585.0, 139.0, 529.0]"
var_balanced,regular_polygons,3,4,120,6,6,717.200000,"[803.0, 734.0, 659.0, 713.0, 677.0]"
var_balanced,regular_polygons,3,4,121,1,6,297.200000,"[461.0, 163.0, 135.0, 338.0, 389.0]"
var_balanced,regular_polygons,3,4,122,4,6,277.800000,"[88.0, 145.0, 88.0, 534.0, 534.0]"
var_balanced,regular_polygons,3,4,123,4,6,738.000000,"[669.0, 493.0, 876.0, 1167.0, 485.0]"
var_balanced,regular_polygons,3,4,124,6,6,629.600000,"[737.0, 251.0, 260.0, 1172.0, 728.0]"
var_balanced,regular_polygons,3,5,0,2,6,108.800000,"[116.0, 109.0, 93.0, 78.0, 148.0]"
var_balanced,regular_polygons,3,5,1,4,6,241.400000,"[92.0, 131.0, 324.0, 92.0, 568.0]"
var_balanced,regular_polygons,3,5,2,3,6,369.800000,"[453.0, 411.0, 212.0, 389.0, 384.0]"
var_balanced,regular_polygons,3,5,3,1,6,801.600000,"[820.0, 868.0, 864.0, 694.0, 762.0]"
var_balanced,regular_polygons,3,5,4,6,6,189.800000,"[391.0, 121.0, 162.0, 152.0, 123.0]"
var_balanced,regular_polygons,3,5,5,1,6,200.800000,"[315.0, 152.0, 267.0, 136.0, 134.0]"
var_balanced,regular_polygons,3,5,6,2,6,433.200000,"[472.0, 532.0, 532.0, 299.0, 331.0]"
var_balanced,regular_polygons,3,5,7,3,6,364.800000,"[358.0, 441.0, 322.0, 319.0, 384.0]"
var_balanced,regular_polygons,3,5,8,4,6,809.600000,"[901.0, 471.0, 1100.0, 381.0, 1195.0]"
var_balanced,regular_polygons,3,5,9,5,6,534.800000,"[18.0, 487.0, 176.0, 1837.0, 156.0]"
var_balanced,regular_polygons,3,5,10,5,6,366.400000,"[320.0, 16.0, 103.0, 574.0, 819.0]"
var_balanced,regular_polygons,3,5,11,6,6,670.400000,"[699.0, 712.0, 690.0, 612.0, 639.0]"
var_balanced,regular_polygons,3,5,12,1,6,588.600000,"[503.0, 380.0, 933.0, 933.0, 194.0]"
var_balanced,regular_polygons,3,5,13,5,6,850.600000,"[697.0, 871.0, 811.0, 1007.0, 867.0]"
var_balanced,regular_polygons,3,5,14,4,6,604.600000,"[401.0, 798.0, 798.0, 513.0, 513.0]"
var_balanced,regular_polygons,3,5,15,4,6,515.000000,"[1194.0, 192.0, 97.0, 930.0, 162.0]"
var_balanced,regular_polygons,3,5,16,6,6,204.000000,"[199.0, 230.0, 270.0, 199.0, 122.0]"
var_balanced,regular_polygons,3,5,17,4,6,400.800000,"[469.0, 440.0, 430.0, 275.0, 390.0]"
var_balanced,regular_polygons,3,5,18,3,6,467.800000,"[485.0, 524.0, 766.0, 533.0, 31.0]"
var_balanced,regular_polygons,3,5,19,2,6,386.000000,"[280.0, 382.0, 451.0, 425.0, 392.0]"
var_balanced,regular_polygons,3,5,20,5,6,153.000000,"[136.0, 143.0, 143.0, 167.0, 176.0]"
var_balanced,regular_polygons,3,5,21,3,6,486.800000,"[354.0, 549.0, 549.0, 497.0, 485.0]"
var_balanced,regular_polygons,3,5,22,5,6,664.000000,"[965.0, 595.0, 515.0, 965.0, 280.0]"
var_balanced,regular_polygons,3,5,23,6,6,306.400000,"[200.0, 72.0, 738.0, 239.0, 283.0]"
var_balanced,regular_polygons,3,5,24,3,6,319.000000,"[387.0, 513.0, 186.0, 323.0, 186.0]"
var_balanced,regular_polygons,3,5,25,6,6,592.000000,"[239.0, 276.0, 145.0, 1144.0, 1156.0]"
var_balanced,regular_polygons,3,5,26,6,6,408.000000,"[4.0, 725.0, 509.0, 557.0, 245.0]"
var_balanced,regular_polygons,3,5,27,3,6,500.200000,"[553.0, 519.0, 464.0, 506.0, 459.0]"
var_balanced,regular_polygons,3,5,28,5,6,973.000000,"[688.0, 697.0, 1620.0, 935.0, 925.0]"
var_balanced,regular_polygons,3,5,29,5,6,852.000000,"[1725.0, 155.0, 225.0, 448.0, 1707.0]"
var_balanced,regular_polygons,3,5,30,3,6,346.400000,"[296.0, 166.0, 273.0, 724.0, 273.0]"
var_balanced,regular_polygons,3,5,31,1,6,762.600000,"[775.0, 734.0, 811.0, 751.0, 742.0]"
var_balanced,regular_polygons,3,5,32,5,6,142.800000,"[180.0, 175.0, 113.0, 133.0, 113.0]"
var_balanced,regular_polygons,3,5,33,5,6,515.200000,"[778.0, 798.0, 113.0, 774.0, 113.0]"
var_balanced,regular_polygons,3,5,34,3,6,538.800000,"[585.0, 516.0, 352.0, 362.0, 879.0]"
var_balanced,regular_polygons,3,5,35,6,6,742.400000,"[581.0, 698.0, 710.0, 998.0, 725.0]"
var_balanced,regular_polygons,3,5,36,4,6,144.600000,"[221.0, 144.0, 69.0, 215.0, 74.0]"
var_balanced,regular_polygons,3,5,37,6,6,398.600000,"[481.0, 202.0, 415.0, 407.0, 488.0]"
var_balanced,regular_polygons,3,5,38,5,6,958.200000,"[1073.0, 753.0, 1073.0, 1073.0, 819.0]"
var_balanced,regular_polygons,3,5,39,6,6,394.800000,"[395.0, 643.0, 630.0, 270.0, 36.0]"
var_balanced,regular_polygons,3,5,40,3,6,529.600000,"[185.0, 66.0, 385.0, 508.0, 1504.0]"
var_balanced,regular_polygons,3,5,41,5,6,1153.200000,"[1074.0, 1243.0, 994.0, 1237.0, 1218.0]"
var_balanced,regular_polygons,3,5,42,1,6,792.400000,"[94.0, 1631.0, 835.0, 98.0, 1304.0]"
var_balanced,regular_polygons,3,5,43,3,6,342.200000,"[273.0, 326.0, 250.0, 321.0, 541.0]"
var_balanced,regular_polygons,3,5,44,1,6,656.000000,"[490.0, 582.0, 794.0, 737.0, 677.0]"
var_balanced,regular_polygons,3,5,45,2,6,443.600000,"[448.0, 434.0, 444.0, 492.0, 400.0]"
var_balanced,regular_polygons,3,5,46,4,6,458.800000,"[441.0, 391.0, 367.0, 636.0, 459.0]"
var_balanced,regular_polygons,3,5,47,6,6,666.800000,"[511.0, 380.0, 599.0, 929.0, 915.0]"
var_balanced,regular_polygons,3,5,48,6,6,776.200000,"[764.0, 763.0, 764.0, 763.0, 827.0]"
var_balanced,regular_polygons,3,5,49,1,6,749.200000,"[553.0, 875.0, 854.0, 496.0, 968.0]"
var_balanced,regular_polygons,3,5,50,3,6,715.000000,"[761.0, 759.0, 649.0, 761.0, 645.0]"
var_balanced,regular_polygons,3,5,51,4,6,557.000000,"[551.0, 408.0, 577.0, 696.0, 553.0]"
var_balanced,regular_polygons,3,5,52,1,6,979.800000,"[703.0, 1196.0, 406.0, 1297.0, 1297.0]"
var_balanced,regular_polygons,3,5,53,1,6,413.400000,"[324.0, 295.0, 271.0, 997.0, 180.0]"
var_balanced,regular_polygons,3,5,54,3,6,531.800000,"[1035.0, 134.0, 1071.0, 152.0, 267.0]"
var_balanced,regular_polygons,3,5,55,6,6,315.200000,"[292.0, 316.0, 316.0, 318.0, 334.0]"
var_balanced,regular_polygons,3,5,56,2,6,652.200000,"[818.0, 856.0, 343.0, 981.0, 263.0]"
var_balanced,regular_polygons,3,5,57,6,6,125.200000,"[130.0, 162.0, 130.0, 41.0, 163.0]"
var_balanced,regular_polygons,3,5,58,3,6,651.000000,"[443.0, 684.0, 1342.0, 343.0, 443.0]"
var_balanced,regular_polygons,3,5,59,5,6,725.200000,"[830.0, 848.0, 412.0, 595.0, 941.0]"
var_balanced,regular_polygons,3,5,60,5,6,205.200000,"[210.0, 138.0, 140.0, 269.0, 269.0]"
var_balanced,regular_polygons,3,5,61,4,6,582.000000,"[325.0, 802.0, 529.0, 529.0, 725.0]"
var_balanced,regular_polygons,3,5,62,2,6,516.400000,"[367.0, 699.0, 846.0, 290.0, 380.0]"
var_balanced,regular_polygons,3,5,63,3,6,258.200000,"[291.0, 300.0, 576.0, 109.0, 15.0]"
var_balanced,regular_polygons,3,5,64,5,6,1397.800000,"[1051.0, 1153.0, 1521.0, 1486.0, 1778.0]"
var_balanced,regular_polygons,3,5,65,5,6,668.200000,"[551.0, 551.0, 706.0, 755.0, 778.0]"
var_balanced,regular_polygons,3,5,66,5,6,856.000000,"[1291.0, 927.0, 1573.0, 175.0, 314.0]"
var_balanced,regular_polygons,3,5,67,3,6,713.000000,"[775.0, 774.0, 537.0, 704.0, 775.0]"
var_balanced,regular_polygons,3,5,68,6,6,662.000000,"[444.0, 735.0, 710.0, 616.0, 805.0]"
var_balanced,regular_polygons,3,5,69,6,6,521.200000,"[373.0, 485.0, 516.0, 485.0, 747.0]"
var_balanced,regular_polygons,3,5,70,2,6,1142.800000,"[1128.0, 1030.0, 688.0, 1151.0, 1717.0]"
var_balanced,regular_polygons,3,5,71,5,6,594.200000,"[178.0, 6.0, 469.0, 1837.0, 481.0]"
var_balanced,regular_polygons,3,5,72,4,6,325.800000,"[305.0, 354.0, 234.0, 358.0, 378.0]"
var_balanced,regular_polygons,3,5,73,3,6,367.600000,"[385.0, 169.0, 481.0, 418.0, 385.0]"
var_balanced,regular_polygons,3,5,74,2,6,761.000000,"[653.0, 860.0, 829.0, 631.0, 832.0]"
var_balanced,regular_polygons,3,5,75,6,6,311.800000,"[270.0, 260.0, 270.0, 282.0, 477.0]"
var_balanced,regular_polygons,3,5,76,5,6,1040.200000,"[1445.0, 1296.0, 1181.0, 145.0, 1134.0]"
var_balanced,regular_polygons,3,5,77,1,6,1238.600000,"[1476.0, 926.0, 856.0, 1476.0, 1459.0]"
var_balanced,regular_polygons,3,5,78,2,6,501.800000,"[535.0, 431.0, 482.0, 655.0, 406.0]"
var_balanced,regular_polygons,3,5,79,6,6,580.800000,"[177.0, 174.0, 584.0, 1103.0, 866.0]"
var_balanced,regular_polygons,3,5,80,2,6,400.200000,"[457.0, 507.0, 506.0, 21.0, 510.0]"
var_balanced,regular_polygons,3,5,81,5,6,724.000000,"[302.0, 1018.0, 247.0, 1035.0, 1018.0]"
var_balanced,regular_polygons,3,5,82,6,6,603.800000,"[1172.0, 12.0, 832.0, 740.0, 263.0]"
var_balanced,regular_polygons,3,5,83,6,6,918.400000,"[1059.0, 760.0, 1002.0, 760.0, 1011.0]"
var_balanced,regular_polygons,3,5,84,6,6,519.200000,"[1003.0, 726.0, 607.0, 130.0, 130.0]"
var_balanced,regular_polygons,3,5,85,3,6,383.000000,"[498.0, 379.0, 111.0, 435.0, 492.0]"
var_balanced,regular_polygons,3,5,86,5,6,525.000000,"[505.0, 490.0, 571.0, 506.0, 553.0]"
var_balanced,regular_polygons,3,5,87,6,6,1075.400000,"[1213.0, 855.0, 871.0, 1198.0, 1240.0]"
var_balanced,regular_polygons,3,5,88,6,6,382.800000,"[293.0, 293.0, 508.0, 632.0, 188.0]"
var_balanced,regular_polygons,3,5,89,6,6,966.800000,"[745.0, 1157.0, 1157.0, 756.0, 1019.0]"
var_balanced,regular_polygons,3,5,90,1,6,578.200000,"[626.0, 602.0, 525.0, 534.0, 604.0]"
var_balanced,regular_polygons,3,5,91,2,6,1341.400000,"[1753.0, 685.0, 775.0, 1753.0, 1741.0]"
var_balanced,regular_polygons,3,5,92,2,6,1425.400000,"[1629.0, 847.0, 1845.0, 1081.0, 1725.0]"
var_balanced,regular_polygons,3,5,93,5,6,691.600000,"[919.0, 919.0, 231.0, 1214.0, 175.0]"
var_balanced,regular_polygons,3,5,94,4,6,906.000000,"[1122.0, 1002.0, 786.0, 723.0, 897.0]"
var_balanced,regular_polygons,3,5,95,3,6,1190.800000,"[1536.0, 1538.0, 364.0, 1436.0, 1080.0]"
var_balanced,regular_polygons,3,5,96,6,6,848.000000,"[634.0, 691.0, 873.0, 1014.0, 1028.0]"
var_balanced,regular_polygons,3,5,97,5,6,342.400000,"[221.0, 427.0, 269.0, 381.0, 414.0]"
var_balanced,regular_polygons,3,5,98,6,6,648.600000,"[218.0, 97.0, 971.0, 1256.0, 701.0]"
var_balanced,regular_polygons,3,5,99,3,6,482.600000,"[586.0, 222.0, 593.0, 610.0, 402.0]"
var_balanced,regular_polygons,3,5,100,1,6,564.800000,"[121.0, 953.0, 414.0, 1184.0, 152.0]"
var_balanced,regular_polygons,3,5,101,2,6,482.600000,"[468.0, 523.0, 402.0, 398.0, 622.0]"
var_balanced,regular_polygons,3,5,102,2,6,624.600000,"[502.0, 613.0, 316.0, 844.0, 848.0]"
var_balanced,regular_polygons,3,5,103,3,6,732.800000,"[947.0, 720.0, 652.0, 666.0, 679.0]"
var_balanced,regular_polygons,3,5,104,6,6,723.400000,"[365.0, 1355.0, 756.0, 392.0, 749.0]"
var_balanced,regular_polygons,3,5,105,4,6,327.600000,"[477.0, 422.0, 353.0, 355.0, 31.0]"
var_balanced,regular_polygons,3,5,106,1,6,488.000000,"[968.0, 471.0, 231.0, 361.0, 409.0]"
var_balanced,regular_polygons,3,5,107,4,6,870.000000,"[832.0, 688.0, 874.0, 978.0, 978.0]"
var_balanced,regular_polygons,3,5,108,5,6,700.200000,"[472.0, 574.0, 828.0, 815.0, 812.0]"
var_balanced,regular_polygons,3,5,109,2,6,659.800000,"[325.0, 688.0, 633.0, 973.0, 680.0]"
var_balanced,regular_polygons,3,5,110,1,6,447.200000,"[414.0, 450.0, 524.0, 501.0, 347.0]"
var_balanced,regular_polygons,3,5,111,6,6,438.000000,"[481.0, 192.0, 410.0, 697.0, 410.0]"
var_balanced,regular_polygons,3,5,112,1,6,793.200000,"[711.0, 581.0, 908.0, 855.0, 911.0]"
var_balanced,regular_polygons,3,5,113,5,6,320.400000,"[452.0, 52.0, 285.0, 181.0, 632.0]"
var_balanced,regular_polygons,3,5,114,6,6,810.000000,"[867.0, 1020.0, 754.0, 684.0, 725.0]"
var_balanced,regular_polygons,3,5,115,2,6,242.000000,"[72.0, 142.0, 227.0, 546.0, 223.0]"
var_balanced,regular_polygons,3,5,116,4,6,594.000000,"[491.0, 707.0, 703.0, 474.0, 595.0]"
var_balanced,regular_polygons,3,5,117,6,6,284.600000,"[396.0, 160.0, 501.0, 218.0, 148.0]"
var_balanced,regular_polygons,3,5,118,3,6,1156.200000,"[1325.0, 1271.0, 823.0, 1031.0, 1331.0]"
var_balanced,regular_polygons,3,5,119,5,6,698.400000,"[882.0, 500.0, 430.0, 840.0, 840.0]"
var_balanced,regular_polygons,3,5,120,6,6,1253.200000,"[810.0, 1417.0, 1413.0, 1509.0, 1117.0]"
var_balanced,regular_polygons,3,5,121,1,6,532.400000,"[941.0, 135.0, 236.0, 439.0, 911.0]"
var_balanced,regular_polygons,3,5,122,5,6,1029.800000,"[1005.0, 1035.0, 992.0, 1049.0, 1068.0]"
var_balanced,regular_polygons,3,5,123,1,6,374.200000,"[574.0, 155.0, 496.0, 263.0, 383.0]"
var_balanced,regular_polygons,3,5,124,4,6,721.200000,"[279.0, 1300.0, 279.0, 874.0, 874.0]"
var_balanced,totems,3,0,0,1,6,2.000000,"[2.0, 2.0, 2.0, 2.0, 2.0]"
var_balanced,totems,3,0,1,2,6,4.000000,"[4.0, 4.0, 4.0, 4.0, 4.0]"
var_balanced,totems,3,0,2,2,6,2.000000,"[2.0, 2.0, 2.0, 2.0, 2.0]"
var_balanced,totems,3,0,3,6,6,2.000000,"[2.0, 2.0, 2.0, 2.0, 2.0]"
var_balanced,totems,3,0,4,5,6,15.000000,"[15.0, 15.0, 15.0, 15.0, 15.0]"
var_balanced,totems,3,0,5,1,6,2.000000,"[2.0, 2.0, 2.0, 2.0, 2.0]"
var_balanced,totems,3,0,6,1,6,15.000000,"[15.0, 15.0, 15.0, 15.0, 15.0]"
var_balanced,totems,3,0,7,2,6,4.000000,"[4.0, 4.0, 4.0, 4.0, 4.0]"
var_balanced,totems,3,0,8,5,6,15.000000,"[15.0, 15.0, 15.0, 15.0, 15.0]"
var_balanced,totems,3,0,9,6,6,2.000000,"[2.0, 2.0, 2.0, 2.0, 2.0]"
var_balanced,totems,3,0,10,2,6,4.000000,"[4.0, 4.0, 4.0, 4.0, 4.0]"
var_balanced,totems,3,0,11,5,6,2.000000,"[2.0, 2.0, 2.0, 2.0, 2.0]"
var_balanced,totems,3,0,12,1,6,15.000000,"[15.0, 15.0, 15.0, 15.0, 15.0]"
var_balanced,totems,3,0,13,6,6,2.000000,"[2.0, 2.0, 2.0, 2.0, 2.0]"
var_balanced,totems,3,0,14,3,6,2.000000,"[2.0, 2.0, 2.0, 2.0, 2.0]"
var_balanced,totems,3,0,15,2,6,4.000000,"[4.0, 4.0, 4.0, 4.0, 4.0]"
var_balanced,totems,3,0,16,3,6,2.000000,"[2.0, 2.0, 2.0, 2.0, 2.0]"
var_balanced,totems,3,0,17,1,6,2.000000,"[2.0, 2.0, 2.0, 2.0, 2.0]"
var_balanced,totems,3,0,18,1,6,15.000000,"[15.0, 15.0, 15.0, 15.0, 15.0]"
var_balanced,totems,3,0,19,3,6,4.000000,"[4.0, 4.0, 4.0, 4.0, 4.0]"
var_balanced,totems,3,0,20,1,6,2.000000,"[2.0, 2.0, 2.0, 2.0, 2.0]"
var_balanced,totems,3,0,21,5,6,15.000000,"[15.0, 15.0, 15.0, 15.0, 15.0]"
var_balanced,totems,3,0,22,4,6,2.000000,"[2.0, 2.0, 2.0, 2.0, 2.0]"
var_balanced,totems,3,0,23,5,6,15.000000,"[15.0, 15.0, 15.0, 15.0, 15.0]"
var_balanced,totems,3,0,24,6,6,2.000000,"[2.0, 2.0, 2.0, 2.0, 2.0]"
var_balanced,totems,3,0,25,5,6,4.000000,"[4.0, 4.0, 4.0, 4.0, 4.0]"
var_balanced,totems,3,0,26,6,6,2.000000,"[2.0, 2.0, 2.0, 2.0, 2.0]"
var_balanced,totems,3,0,27,1,6,4.000000,"[4.0, 4.0, 4.0, 4.0, 4.0]"
var_balanced,totems,3,0,28,3,6,15.000000,"[15.0, 15.0, 15.0, 15.0, 15.0]"
var_balanced,totems,3,0,29,2,6,2.000000,"[2.0, 2.0, 2.0, 2.0, 2.0]"
var_balanced,totems,3,0,30,4,6,15.000000,"[15.0, 15.0, 15.0, 15.0, 15.0]"
var_balanced,totems,3,0,31,4,6,2.000000,"[2.0, 2.0, 2.0, 2.0, 2.0]"
var_balanced,totems,3,0,32,2,6,2.000000,"[2.0, 2.0, 2.0, 2.0, 2.0]"
var_balanced,totems,3,0,33,3,6,4.000000,"[4.0, 4.0, 4.0, 4.0, 4.0]"
var_balanced,totems,3,0,34,6,6,15.000000,"[15.0, 15.0, 15.0, 15.0, 15.0]"
var_balanced,totems,3,0,35,6,6,4.000000,"[4.0, 4.0, 4.0, 4.0, 4.0]"
var_balanced,totems,3,0,36,5,6,2.000000,"[2.0, 2.0, 2.0, 2.0, 2.0]"
var_balanced,totems,3,0,37,5,6,2.000000,"[2.0, 2.0, 2.0, 2.0, 2.0]"
var_balanced,totems,3,0,38,2,6,2.000000,"[2.0, 2.0, 2.0, 2.0, 2.0]"
var_balanced,totems,3,0,39,4,6,15.000000,"[15.0, 15.0, 15.0, 15.0, 15.0]"
var_balanced,totems,3,0,40,6,6,2.000000,"[2.0, 2.0, 2.0, 2.0, 2.0]"
var_balanced,totems,3,1,0,6,6,4.400000,"[6.0, 6.0, 6.0, 2.0, 2.0]"
var_balanced,totems,3,1,1,2,6,16.200000,"[15.0, 15.0, 17.0, 17.0, 17.0]"
var_balanced,totems,3,1,2,4,6,11.000000,"[2.0, 17.0, 17.0, 2.0, 17.0]"
var_balanced,totems,3,1,3,3,6,4.400000,"[6.0, 6.0, 6.0, 2.0, 2.0]"
var_balanced,totems,3,1,4,3,6,16.200000,"[17.0, 17.0, 15.0, 17.0, 15.0]"
var_balanced,totems,3,1,5,1,6,3.200000,"[4.0, 2.0, 4.0, 2.0, 4.0]"
var_balanced,totems,3,1,6,1,6,16.200000,"[15.0, 17.0, 15.0, 17.0, 17.0]"
var_balanced,totems,3,1,7,4,6,16.200000,"[17.0, 17.0, 15.0, 15.0, 17.0]"
var_balanced,totems,3,1,8,5,6,24.000000,"[30.0, 15.0, 30.0, 30.0, 15.0]"
var_balanced,totems,3,1,9,6,6,3.200000,"[4.0, 2.0, 2.0, 4.0, 4.0]"
var_balanced,totems,3,1,10,1,6,5.200000,"[6.0, 6.0, 4.0, 6.0, 4.0]"
var_balanced,totems,3,1,11,3,6,11.000000,"[17.0, 2.0, 2.0, 17.0, 17.0]"
var_balanced,totems,3,1,12,3,6,16.200000,"[15.0, 17.0, 15.0, 17.0, 17.0]"
var_balanced,totems,3,1,13,2,6,3.200000,"[2.0, 2.0, 4.0, 4.0, 4.0]"
var_balanced,totems,3,1,14,5,6,3.200000,"[2.0, 4.0, 4.0, 4.0, 2.0]"
var_balanced,totems,3,1,15,3,6,16.200000,"[17.0, 17.0, 15.0, 17.0, 15.0]"
var_balanced,totems,3,1,16,5,6,3.200000,"[2.0, 4.0, 4.0, 4.0, 2.0]"
var_balanced,totems,3,1,17,5,6,11.000000,"[2.0, 17.0, 17.0, 2.0, 17.0]"
var_balanced,totems,3,1,18,3,6,15.600000,"[15.0, 16.0, 16.0, 16.0, 15.0]"
var_balanced,totems,3,1,19,6,6,24.000000,"[30.0, 30.0, 30.0, 15.0, 15.0]"
var_balanced,totems,3,1,20,3,6,11.000000,"[2.0, 17.0, 17.0, 2.0, 17.0]"
var_balanced,totems,3,1,21,6,6,15.600000,"[16.0, 15.0, 16.0, 15.0, 16.0]"
var_balanced,totems,3,1,22,1,6,11.000000,"[2.0, 2.0, 17.0, 17.0, 17.0]"
var_balanced,totems,3,1,23,1,6,16.200000,"[15.0, 17.0, 17.0, 17.0, 15.0]"
var_balanced,totems,3,1,24,3,6,11.000000,"[17.0, 2.0, 17.0, 2.0, 17.0]"
var_balanced,totems,3,1,25,4,6,24.000000,"[15.0, 30.0, 30.0, 15.0, 30.0]"
var_balanced,totems,3,1,26,4,6,11.000000,"[17.0, 2.0, 17.0, 17.0, 2.0]"
var_balanced,totems,3,1,27,1,6,24.000000,"[30.0, 15.0, 15.0, 30.0, 30.0]"
var_balanced,totems,3,1,28,3,6,16.200000,"[17.0, 15.0, 17.0, 15.0, 17.0]"
var_balanced,totems,3,1,29,6,6,11.000000,"[17.0, 2.0, 17.0, 2.0, 17.0]"
var_balanced,totems,3,1,30,4,6,5.200000,"[6.0, 6.0, 4.0, 4.0, 6.0]"
var_balanced,totems,3,1,31,3,6,4.400000,"[6.0, 6.0, 2.0, 2.0, 6.0]"
var_balanced,totems,3,1,32,2,6,11.000000,"[2.0, 2.0, 17.0, 17.0, 17.0]"
var_balanced,totems,3,1,33,1,6,17.400000,"[19.0, 19.0, 15.0, 19.0, 15.0]"
var_balanced,totems,3,1,34,4,6,16.200000,"[17.0, 17.0, 17.0, 15.0, 15.0]"
var_balanced,totems,3,1,35,6,6,5.200000,"[4.0, 6.0, 6.0, 4.0, 6.0]"
var_balanced,totems,3,1,36,3,6,3.200000,"[4.0, 4.0, 2.0, 2.0, 4.0]"
var_balanced,totems,3,1,37,4,6,4.400000,"[6.0, 2.0, 6.0, 6.0, 2.0]"
var_balanced,totems,3,1,38,3,6,11.000000,"[17.0, 17.0, 17.0, 2.0, 2.0]"
var_balanced,totems,3,1,39,5,6,16.200000,"[17.0, 15.0, 17.0, 17.0, 15.0]"
var_balanced,totems,3,1,40,3,6,10.400000,"[2.0, 16.0, 2.0, 16.0, 16.0]"
var_balanced,totems,3,2,0,2,6,12.200000,"[17.0, 2.0, 19.0, 19.0, 4.0]"
var_balanced,totems,3,2,1,3,6,14.200000,"[6.0, 6.0, 21.0, 19.0, 19.0]"
var_balanced,totems,3,2,2,4,6,5.600000,"[8.0, 2.0, 8.0, 4.0, 6.0]"
var_balanced,totems,3,2,3,4,6,20.000000,"[17.0, 32.0, 32.0, 17.0, 2.0]"
var_balanced,totems,3,2,4,4,6,25.200000,"[32.0, 32.0, 30.0, 17.0, 15.0]"
var_balanced,totems,3,2,5,2,6,12.200000,"[17.0, 19.0, 4.0, 2.0, 19.0]"
var_balanced,totems,3,2,6,2,6,14.000000,"[19.0, 19.0, 20.0, 6.0, 6.0]"
var_balanced,totems,3,2,7,5,6,17.400000,"[17.0, 17.0, 17.0, 19.0, 17.0]"
var_balanced,totems,3,2,8,6,6,33.000000,"[30.0, 30.0, 30.0, 45.0, 30.0]"
var_balanced,totems,3,2,9,1,6,12.200000,"[17.0, 19.0, 19.0, 4.0, 2.0]"
var_balanced,totems,3,2,10,6,6,18.600000,"[19.0, 21.0, 17.0, 19.0, 17.0]"
var_balanced,totems,3,2,11,2,6,20.000000,"[2.0, 17.0, 32.0, 17.0, 32.0]"
var_balanced,totems,3,2,12,3,6,7.600000,"[10.0, 6.0, 6.0, 8.0, 8.0]"
var_balanced,totems,3,2,13,1,6,12.200000,"[4.0, 17.0, 17.0, 19.0, 4.0]"
var_balanced,totems,3,2,14,2,6,5.600000,"[6.0, 2.0, 8.0, 8.0, 4.0]"
var_balanced,totems,3,2,15,6,6,17.400000,"[19.0, 17.0, 17.0, 15.0, 19.0]"
var_balanced,totems,3,2,16,1,6,13.400000,"[21.0, 2.0, 6.0, 21.0, 17.0]"
var_balanced,totems,3,2,17,6,6,5.600000,"[8.0, 4.0, 4.0, 6.0, 6.0]"
var_balanced,totems,3,2,18,6,6,26.400000,"[15.0, 30.0, 19.0, 34.0, 34.0]"
var_balanced,totems,3,2,19,2,6,6.400000,"[4.0, 8.0, 8.0, 8.0, 4.0]"
var_balanced,totems,3,2,20,2,6,12.200000,"[4.0, 17.0, 4.0, 19.0, 17.0]"
var_balanced,totems,3,2,21,2,6,26.400000,"[19.0, 30.0, 34.0, 34.0, 15.0]"
var_balanced,totems,3,2,22,3,6,20.000000,"[17.0, 32.0, 2.0, 17.0, 32.0]"
var_balanced,totems,3,2,23,5,6,6.400000,"[8.0, 8.0, 4.0, 6.0, 6.0]"
var_balanced,totems,3,2,24,3,6,13.400000,"[21.0, 21.0, 2.0, 6.0, 17.0]"
var_balanced,totems,3,2,25,6,6,17.400000,"[19.0, 15.0, 15.0, 19.0, 19.0]"
var_balanced,totems,3,2,26,3,6,5.600000,"[8.0, 4.0, 2.0, 8.0, 6.0]"
var_balanced,totems,3,2,27,1,6,18.600000,"[21.0, 21.0, 19.0, 17.0, 15.0]"
var_balanced,totems,3,2,28,5,6,22.000000,"[19.0, 19.0, 34.0, 19.0, 19.0]"
var_balanced,totems,3,2,29,6,6,5.600000,"[2.0, 8.0, 8.0, 4.0, 6.0]"
var_balanced,totems,3,2,30,5,6,26.400000,"[30.0, 19.0, 34.0, 15.0, 34.0]"
var_balanced,totems,3,2,31,6,6,4.400000,"[2.0, 6.0, 6.0, 4.0, 4.0]"
var_balanced,totems,3,2,32,1,6,5.600000,"[8.0, 8.0, 6.0, 4.0, 2.0]"
var_balanced,totems,3,2,33,6,6,25.200000,"[15.0, 30.0, 32.0, 32.0, 17.0]"
var_balanced,totems,3,2,34,4,6,16.800000,"[16.0, 17.0, 18.0, 15.0, 18.0]"
var_balanced,totems,3,2,35,5,6,6.400000,"[4.0, 4.0, 8.0, 8.0, 8.0]"
var_balanced,totems,3,2,36,2,6,12.200000,"[4.0, 17.0, 19.0, 19.0, 2.0]"
var_balanced,totems,3,2,37,4,6,12.200000,"[4.0, 4.0, 17.0, 19.0, 17.0]"
var_balanced,totems,3,2,38,4,6,5.600000,"[2.0, 8.0, 4.0, 8.0, 6.0]"
var_balanced,totems,3,2,39,6,6,24.600000,"[31.0, 16.0, 15.0, 30.0, 31.0]"
var_balanced,totems,3,2,40,3,6,4.400000,"[6.0, 4.0, 2.0, 6.0, 4.0]"
var_balanced,totems,3,2,41,2,6,13.400000,"[6.0, 21.0, 21.0, 2.0, 17.0]"
var_balanced,totems,3,2,42,2,6,24.600000,"[30.0, 16.0, 16.0, 31.0, 30.0]"
var_balanced,totems,3,2,43,5,6,16.800000,"[17.0, 16.0, 18.0, 17.0, 16.0]"
var_balanced,totems,3,2,44,6,6,5.600000,"[6.0, 6.0, 4.0, 8.0, 4.0]"
var_balanced,totems,3,2,45,3,6,18.600000,"[19.0, 21.0, 17.0, 17.0, 19.0]"
var_balanced,totems,3,2,46,3,6,4.400000,"[4.0, 4.0, 4.0, 6.0, 4.0]"
var_balanced,totems,3,2,47,6,6,17.400000,"[17.0, 17.0, 17.0, 17.0, 19.0]"
var_balanced,totems,3,2,48,6,6,18.600000,"[21.0, 19.0, 17.0, 19.0, 17.0]"
var_balanced,totems,3,2,49,2,6,17.400000,"[17.0, 19.0, 17.0, 15.0, 19.0]"
var_balanced,totems,3,2,50,6,6,4.400000,"[4.0, 6.0, 6.0, 2.0, 4.0]"
var_balanced,totems,3,2,51,4,6,6.400000,"[6.0, 6.0, 6.0, 8.0, 6.0]"
var_balanced,totems,3,2,52,2,6,14.200000,"[6.0, 6.0, 21.0, 19.0, 19.0]"
var_balanced,totems,3,2,53,5,6,16.800000,"[17.0, 17.0, 18.0, 16.0, 16.0]"
var_balanced,totems,3,2,54,2,6,18.600000,"[17.0, 21.0, 15.0, 21.0, 19.0]"
var_balanced,totems,3,2,55,6,6,25.200000,"[17.0, 15.0, 30.0, 32.0, 32.0]"
var_balanced,totems,3,2,56,3,6,5.600000,"[4.0, 8.0, 8.0, 2.0, 6.0]"
var_balanced,totems,3,2,57,4,6,5.600000,"[8.0, 2.0, 8.0, 8.0, 2.0]"
var_balanced,totems,3,2,58,3,6,17.400000,"[17.0, 19.0, 17.0, 17.0, 17.0]"
var_balanced,totems,3,2,59,6,6,18.600000,"[21.0, 19.0, 17.0, 21.0, 15.0]"
var_balanced,totems,3,2,60,6,6,7.600000,"[6.0, 8.0, 10.0, 6.0, 8.0]"
var_balanced,totems,3,2,61,3,6,5.600000,"[6.0, 8.0, 6.0, 4.0, 4.0]"
var_balanced,totems,3,3,0,6,6,13.400000,"[19.0, 2.0, 21.0, 21.0, 4.0]"
var_balanced,totems,3,3,1,3,6,15.000000,"[21.0, 6.0, 22.0, 4.0, 22.0]"
var_balanced,totems,3,3,2,1,6,6.800000,"[6.0, 10.0, 4.0, 4.0, 10.0]"
var_balanced,totems,3,3,3,1,6,6.800000,"[8.0, 8.0, 8.0, 6.0, 4.0]"
var_balanced,totems,3,3,4,5,6,19.800000,"[19.0, 19.0, 21.0, 21.0, 19.0]"
var_balanced,totems,3,3,5,5,6,20.600000,"[4.0, 2.0, 33.0, 31.0, 33.0]"
var_balanced,totems,3,3,6,2,6,19.800000,"[19.0, 23.0, 23.0, 19.0, 15.0]"
var_balanced,totems,3,3,7,5,6,15.400000,"[6.0, 21.0, 21.0, 21.0, 8.0]"
var_balanced,totems,3,3,8,2,6,19.200000,"[19.0, 18.0, 16.0, 21.0, 22.0]"
var_balanced,totems,3,3,9,6,6,20.600000,"[31.0, 18.0, 4.0, 19.0, 31.0]"
var_balanced,totems,3,3,10,1,6,25.800000,"[17.0, 17.0, 31.0, 31.0, 33.0]"
var_balanced,totems,3,3,11,6,6,20.600000,"[31.0, 4.0, 31.0, 4.0, 33.0]"
var_balanced,totems,3,3,12,6,6,19.800000,"[17.0, 21.0, 17.0, 21.0, 23.0]"
var_balanced,totems,3,3,13,6,6,8.000000,"[12.0, 4.0, 8.0, 10.0, 6.0]"
var_balanced,totems,3,3,14,4,6,13.200000,"[17.0, 20.0, 6.0, 19.0, 4.0]"
var_balanced,totems,3,3,15,6,6,33.600000,"[45.0, 46.0, 30.0, 16.0, 31.0]"
var_balanced,totems,3,3,16,1,6,14.600000,"[23.0, 19.0, 17.0, 6.0, 8.0]"
var_balanced,totems,3,3,17,5,6,21.800000,"[20.0, 20.0, 21.0, 31.0, 17.0]"
var_balanced,totems,3,3,18,2,6,18.000000,"[18.0, 16.0, 20.0, 19.0, 17.0]"
var_balanced,totems,3,3,19,2,6,15.400000,"[23.0, 6.0, 4.0, 21.0, 23.0]"
var_balanced,totems,3,3,20,1,6,20.200000,"[18.0, 18.0, 17.0, 32.0, 16.0]"
var_balanced,totems,3,3,21,6,6,18.000000,"[17.0, 18.0, 18.0, 19.0, 18.0]"
var_balanced,totems,3,3,22,3,6,21.200000,"[17.0, 19.0, 34.0, 4.0, 32.0]"
var_balanced,totems,3,3,23,1,6,34.000000,"[32.0, 32.0, 31.0, 45.0, 30.0]"
var_balanced,totems,3,3,24,1,6,12.800000,"[4.0, 2.0, 18.0, 20.0, 20.0]"
var_balanced,totems,3,3,25,5,6,14.800000,"[6.0, 4.0, 22.0, 20.0, 22.0]"
var_balanced,totems,3,3,26,4,6,14.600000,"[21.0, 23.0, 4.0, 8.0, 17.0]"
var_balanced,totems,3,3,27,5,6,26.200000,"[17.0, 33.0, 19.0, 32.0, 30.0]"
var_balanced,totems,3,3,28,6,6,18.600000,"[21.0, 17.0, 17.0, 19.0, 19.0]"
var_balanced,totems,3,3,29,6,6,14.200000,"[17.0, 22.0, 22.0, 4.0, 6.0]"
var_balanced,totems,3,3,30,2,6,14.800000,"[22.0, 20.0, 4.0, 22.0, 6.0]"
var_balanced,totems,3,3,31,5,6,14.000000,"[22.0, 20.0, 18.0, 4.0, 6.0]"
var_balanced,totems,3,3,32,4,6,28.400000,"[46.0, 17.0, 17.0, 16.0, 46.0]"
var_balanced,totems,3,3,33,3,6,7.600000,"[8.0, 8.0, 8.0, 8.0, 6.0]"
var_balanced,totems,3,3,34,2,6,15.000000,"[6.0, 6.0, 21.0, 20.0, 22.0]"
var_balanced,totems,3,3,35,2,6,27.600000,"[17.0, 36.0, 34.0, 15.0, 36.0]"
var_balanced,totems,3,3,36,6,6,13.000000,"[20.0, 19.0, 18.0, 4.0, 4.0]"
var_balanced,totems,3,3,37,2,6,20.600000,"[17.0, 17.0, 33.0, 18.0, 18.0]"
var_balanced,totems,3,3,38,6,6,22.400000,"[17.0, 6.0, 36.0, 17.0, 36.0]"
var_balanced,totems,3,3,39,1,6,33.600000,"[46.0, 30.0, 31.0, 46.0, 15.0]"
var_balanced,totems,3,3,40,6,6,6.800000,"[8.0, 8.0, 10.0, 4.0, 4.0]"
var_balanced,totems,3,3,41,2,6,8.000000,"[6.0, 8.0, 12.0, 4.0, 10.0]"
var_balanced,totems,3,3,42,3,6,16.600000,"[8.0, 10.0, 21.0, 23.0, 21.0]"
var_balanced,totems,3,3,43,6,6,20.400000,"[23.0, 20.0, 24.0, 20.0, 15.0]"
var_balanced,totems,3,3,44,2,6,14.200000,"[8.0, 18.0, 6.0, 18.0, 21.0]"
var_balanced,totems,3,3,45,3,6,27.600000,"[15.0, 32.0, 21.0, 36.0, 34.0]"
var_balanced,totems,3,3,46,6,6,21.000000,"[33.0, 4.0, 32.0, 4.0, 32.0]"
var_balanced,totems,3,3,47,5,6,16.600000,"[8.0, 25.0, 6.0, 25.0, 19.0]"
var_balanced,totems,3,3,48,5,6,8.800000,"[6.0, 8.0, 10.0, 8.0, 12.0]"
var_balanced,totems,3,3,49,3,6,15.400000,"[8.0, 23.0, 19.0, 6.0, 21.0]"
var_balanced,totems,3,3,50,4,6,13.000000,"[2.0, 19.0, 20.0, 6.0, 18.0]"
var_balanced,totems,3,3,51,1,6,10.000000,"[4.0, 14.0, 10.0, 10.0, 12.0]"
var_balanced,totems,3,3,52,6,6,8.800000,"[8.0, 12.0, 6.0, 6.0, 12.0]"
var_balanced,totems,3,3,53,2,6,19.200000,"[21.0, 16.0, 17.0, 22.0, 20.0]"
var_balanced,totems,3,3,54,3,6,19.800000,"[19.0, 21.0, 19.0, 21.0, 19.0]"
var_balanced,totems,3,3,55,1,6,25.400000,"[32.0, 15.0, 31.0, 18.0, 31.0]"
var_balanced,totems,3,3,56,1,6,21.800000,"[2.0, 21.0, 20.0, 35.0, 31.0]"
var_balanced,totems,3,3,57,1,6,14.600000,"[8.0, 21.0, 23.0, 2.0, 19.0]"
var_balanced,totems,3,3,58,1,6,15.400000,"[23.0, 21.0, 8.0, 19.0, 6.0]"
var_balanced,totems,3,3,59,4,6,25.800000,"[33.0, 31.0, 33.0, 17.0, 15.0]"
var_balanced,totems,3,3,60,1,6,7.600000,"[4.0, 8.0, 8.0, 10.0, 8.0]"
var_balanced,totems,3,3,61,6,6,6.800000,"[6.0, 10.0, 6.0, 6.0, 6.0]"
var_balanced,totems,3,4,0,1,6,15.400000,"[8.0, 2.0, 24.0, 24.0, 19.0]"
var_balanced,totems,3,4,1,1,6,34.800000,"[45.0, 47.0, 46.0, 17.0, 19.0]"
var_balanced,totems,3,4,2,1,6,23.400000,"[4.0, 21.0, 37.0, 23.0, 32.0]"
var_balanced,totems,3,4,3,5,6,17.000000,"[19.0, 19.0, 27.0, 10.0, 10.0]"
var_balanced,totems,3,4,4,6,6,34.800000,"[33.0, 17.0, 46.0, 48.0, 30.0]"
var_balanced,totems,3,4,5,6,6,15.800000,"[19.0, 23.0, 25.0, 8.0, 4.0]"
var_balanced,totems,3,4,6,5,6,34.800000,"[18.0, 45.0, 32.0, 31.0, 48.0]"
var_balanced,totems,3,4,7,1,6,24.400000,"[23.0, 21.0, 19.0, 36.0, 23.0]"
var_balanced,totems,3,4,8,6,6,20.400000,"[24.0, 20.0, 17.0, 21.0, 20.0]"
var_balanced,totems,3,4,9,5,6,23.600000,"[23.0, 17.0, 19.0, 21.0, 38.0]"
var_balanced,totems,3,4,10,2,6,16.600000,"[8.0, 21.0, 10.0, 23.0, 21.0]"
var_balanced,totems,3,4,11,6,6,22.000000,"[20.0, 33.0, 19.0, 19.0, 19.0]"
var_balanced,totems,3,4,12,2,6,28.600000,"[33.0, 36.0, 21.0, 17.0, 36.0]"
var_balanced,totems,3,4,13,3,6,22.400000,"[19.0, 36.0, 4.0, 34.0, 19.0]"
var_balanced,totems,3,4,14,2,6,23.200000,"[37.0, 17.0, 2.0, 23.0, 37.0]"
var_balanced,totems,3,4,15,5,6,24.000000,"[23.0, 6.0, 35.0, 37.0, 19.0]"
var_balanced,totems,3,4,16,2,6,15.200000,"[20.0, 8.0, 6.0, 24.0, 18.0]"
var_balanced,totems,3,4,17,2,6,15.200000,"[18.0, 8.0, 24.0, 8.0, 18.0]"
var_balanced,totems,3,4,18,4,6,28.000000,"[30.0, 17.0, 36.0, 22.0, 35.0]"
var_balanced,totems,3,4,19,3,6,26.400000,"[15.0, 16.0, 34.0, 34.0, 33.0]"
var_balanced,totems,3,4,20,1,6,15.800000,"[6.0, 21.0, 19.0, 25.0, 8.0]"
var_balanced,totems,3,4,21,4,6,20.400000,"[16.0, 23.0, 18.0, 24.0, 21.0]"
var_balanced,totems,3,4,22,5,6,23.200000,"[37.0, 2.0, 21.0, 33.0, 23.0]"
var_balanced,totems,3,4,23,6,6,28.400000,"[31.0, 37.0, 32.0, 21.0, 21.0]"
var_balanced,totems,3,4,24,4,6,17.000000,"[6.0, 19.0, 27.0, 25.0, 8.0]"
var_balanced,totems,3,4,25,1,6,34.800000,"[46.0, 18.0, 31.0, 47.0, 32.0]"
var_balanced,totems,3,4,26,3,6,23.000000,"[6.0, 18.0, 37.0, 21.0, 33.0]"
var_balanced,totems,3,4,27,5,6,10.000000,"[12.0, 10.0, 10.0, 8.0, 10.0]"
var_balanced,totems,3,4,28,1,6,16.600000,"[23.0, 23.0, 23.0, 8.0, 6.0]"
var_balanced,totems,3,4,29,1,6,9.200000,"[6.0, 2.0, 12.0, 14.0, 12.0]"
var_balanced,totems,3,4,30,5,6,16.200000,"[24.0, 24.0, 19.0, 8.0, 6.0]"
var_balanced,totems,3,4,31,3,6,15.200000,"[10.0, 16.0, 6.0, 22.0, 22.0]"
var_balanced,totems,3,4,32,4,6,21.400000,"[32.0, 20.0, 6.0, 31.0, 18.0]"
var_balanced,totems,3,4,33,5,6,16.600000,"[10.0, 23.0, 8.0, 21.0, 21.0]"
var_balanced,totems,3,4,34,3,6,16.600000,"[23.0, 6.0, 25.0, 6.0, 23.0]"
var_balanced,totems,3,4,35,6,6,16.600000,"[23.0, 6.0, 21.0, 10.0, 23.0]"
var_balanced,totems,3,4,36,3,6,23.600000,"[21.0, 34.0, 38.0, 8.0, 17.0]"
var_balanced,totems,3,4,37,2,6,9.200000,"[12.0, 10.0, 8.0, 8.0, 8.0]"
var_balanced,totems,3,4,38,5,6,15.800000,"[8.0, 25.0, 10.0, 17.0, 19.0]"
var_balanced,totems,3,4,39,2,6,35.000000,"[47.0, 19.0, 45.0, 32.0, 32.0]"
var_balanced,totems,3,4,40,2,6,16.800000,"[12.0, 25.0, 26.0, 17.0, 4.0]"
var_balanced,totems,3,4,41,6,6,15.800000,"[4.0, 23.0, 10.0, 23.0, 19.0]"
var_balanced,totems,3,4,42,4,6,34.800000,"[45.0, 31.0, 32.0, 48.0, 18.0]"
var_balanced,totems,3,4,43,1,6,34.800000,"[33.0, 46.0, 47.0, 16.0, 32.0]"
var_balanced,totems,3,4,44,2,6,15.800000,"[23.0, 19.0, 8.0, 21.0, 8.0]"
var_balanced,totems,3,4,45,4,6,17.800000,"[8.0, 25.0, 23.0, 25.0, 8.0]"
var_balanced,totems,3,4,46,4,6,22.000000,"[20.0, 35.0, 17.0, 4.0, 34.0]"
var_balanced,totems,3,4,47,4,6,24.000000,"[35.0, 6.0, 23.0, 36.0, 20.0]"
var_balanced,totems,3,4,48,2,6,10.000000,"[8.0, 10.0, 14.0, 14.0, 4.0]"
var_balanced,totems,3,4,49,2,6,35.000000,"[33.0, 17.0, 32.0, 46.0, 47.0]"
var_balanced,totems,3,4,50,2,6,15.800000,"[19.0, 23.0, 8.0, 23.0, 6.0]"
var_balanced,totems,3,4,51,5,6,11.200000,"[16.0, 8.0, 8.0, 12.0, 12.0]"
var_balanced,totems,3,4,52,1,6,10.000000,"[12.0, 6.0, 10.0, 14.0, 8.0]"
var_balanced,totems,3,4,53,4,6,27.800000,"[36.0, 35.0, 21.0, 31.0, 16.0]"
var_balanced,totems,3,4,54,1,6,22.200000,"[21.0, 21.0, 23.0, 23.0, 23.0]"
var_balanced,totems,3,4,55,3,6,26.600000,"[18.0, 33.0, 19.0, 32.0, 31.0]"
var_balanced,totems,3,4,56,3,6,17.000000,"[23.0, 25.0, 25.0, 8.0, 4.0]"
var_balanced,totems,3,4,57,5,6,23.400000,"[36.0, 19.0, 22.0, 17.0, 23.0]"
var_balanced,totems,3,4,58,1,6,27.200000,"[33.0, 19.0, 15.0, 34.0, 35.0]"
var_balanced,totems,3,4,59,2,6,20.400000,"[21.0, 24.0, 18.0, 22.0, 17.0]"
var_balanced,totems,3,4,60,1,6,10.000000,"[10.0, 10.0, 8.0, 10.0, 12.0]"
var_balanced,totems,3,4,61,1,6,23.000000,"[19.0, 16.0, 37.0, 37.0, 6.0]"
var_balanced,totems,3,4,62,5,6,29.600000,"[46.0, 32.0, 4.0, 33.0, 33.0]"
var_balanced,totems,3,4,63,4,6,21.400000,"[33.0, 18.0, 34.0, 20.0, 2.0]"
var_balanced,totems,3,4,64,5,6,21.400000,"[18.0, 31.0, 20.0, 34.0, 4.0]"
var_balanced,totems,3,4,65,2,6,27.200000,"[19.0, 33.0, 34.0, 17.0, 33.0]"
var_balanced,totems,3,4,66,6,6,9.200000,"[10.0, 4.0, 12.0, 10.0, 10.0]"
var_balanced,totems,3,4,67,4,6,29.800000,"[47.0, 18.0, 33.0, 19.0, 32.0]"
var_balanced,totems,3,4,68,3,6,16.200000,"[8.0, 22.0, 21.0, 6.0, 24.0]"
var_balanced,totems,3,4,69,6,6,27.200000,"[17.0, 31.0, 34.0, 35.0, 19.0]"
var_balanced,totems,3,4,70,5,6,21.600000,"[20.0, 19.0, 17.0, 34.0, 18.0]"
var_balanced,totems,3,4,71,3,6,21.600000,"[34.0, 4.0, 33.0, 18.0, 19.0]"
var_balanced,totems,3,4,72,4,6,30.000000,"[47.0, 19.0, 47.0, 4.0, 33.0]"
var_balanced,totems,3,4,73,6,6,35.000000,"[30.0, 46.0, 32.0, 33.0, 34.0]"
var_balanced,totems,3,4,74,5,6,20.400000,"[17.0, 24.0, 18.0, 22.0, 21.0]"
var_balanced,totems,3,4,75,6,6,34.400000,"[18.0, 31.0, 32.0, 46.0, 45.0]"
var_balanced,totems,3,4,76,6,6,26.600000,"[15.0, 31.0, 33.0, 34.0, 20.0]"
var_balanced,totems,3,4,77,2,6,22.400000,"[4.0, 36.0, 36.0, 32.0, 4.0]"
var_balanced,totems,3,4,78,1,6,35.000000,"[45.0, 48.0, 17.0, 17.0, 48.0]"
var_balanced,totems,3,4,79,2,6,26.800000,"[17.0, 20.0, 34.0, 31.0, 32.0]"
var_balanced,totems,3,4,80,1,6,29.600000,"[19.0, 46.0, 46.0, 18.0, 19.0]"
var_balanced,totems,3,4,81,2,6,23.000000,"[37.0, 21.0, 17.0, 18.0, 22.0]"
var_balanced,totems,3,4,82,6,6,15.800000,"[6.0, 8.0, 21.0, 23.0, 21.0]"
var_balanced,totems,3,4,83,6,6,27.600000,"[30.0, 21.0, 34.0, 19.0, 34.0]"
var_balanced,totems,3,4,84,1,6,22.200000,"[27.0, 19.0, 27.0, 17.0, 21.0]"
var_balanced,totems,3,4,85,6,6,10.400000,"[14.0, 8.0, 6.0, 12.0, 12.0]"
var_balanced,totems,3,4,86,5,6,21.400000,"[32.0, 20.0, 31.0, 6.0, 18.0]"
var_balanced,totems,3,4,87,2,6,9.200000,"[8.0, 6.0, 10.0, 12.0, 10.0]"
var_balanced,totems,3,4,88,2,6,21.400000,"[4.0, 32.0, 6.0, 33.0, 32.0]"
var_balanced,totems,3,4,89,1,6,20.400000,"[24.0, 15.0, 22.0, 17.0, 24.0]"
var_balanced,totems,3,4,90,1,6,22.000000,"[32.0, 20.0, 20.0, 32.0, 6.0]"
var_balanced,totems,3,4,91,5,6,9.200000,"[14.0, 12.0, 4.0, 14.0, 2.0]"
var_balanced,totems,3,4,92,4,6,15.800000,"[10.0, 17.0, 21.0, 23.0, 8.0]"
var_balanced,totems,3,4,93,6,6,30.000000,"[34.0, 47.0, 19.0, 33.0, 17.0]"
var_balanced,totems,3,4,94,4,6,22.200000,"[21.0, 19.0, 25.0, 23.0, 23.0]"
var_balanced,totems,3,4,95,3,6,15.400000,"[24.0, 2.0, 23.0, 8.0, 20.0]"
var_balanced,totems,3,4,96,2,6,23.600000,"[19.0, 34.0, 36.0, 23.0, 6.0]"
var_balanced,totems,3,4,97,4,6,21.400000,"[6.0, 34.0, 16.0, 31.0, 20.0]"
var_balanced,totems,3,4,98,5,6,27.200000,"[17.0, 33.0, 31.0, 34.0, 21.0]"
var_balanced,totems,3,4,99,5,6,23.600000,"[34.0, 21.0, 21.0, 19.0, 23.0]"
var_balanced,totems,3,4,100,4,6,17.600000,"[23.0, 22.0, 19.0, 12.0, 12.0]"
var_balanced,totems,3,4,101,1,6,9.200000,"[10.0, 6.0, 8.0, 10.0, 12.0]"
var_balanced,totems,3,4,102,1,6,28.600000,"[36.0, 30.0, 23.0, 33.0, 21.0]"
var_balanced,totems,3,4,103,5,6,15.600000,"[17.0, 8.0, 23.0, 24.0, 6.0]"
var_balanced,totems,3,4,104,4,6,10.400000,"[12.0, 12.0, 10.0, 6.0, 12.0]"
var_balanced,totems,3,4,105,3,6,29.800000,"[19.0, 32.0, 47.0, 18.0, 33.0]"
var_balanced,totems,3,4,106,1,6,27.600000,"[32.0, 32.0, 32.0, 21.0, 21.0]"
var_balanced,totems,3,4,107,4,6,23.200000,"[17.0, 36.0, 19.0, 22.0, 22.0]"
var_balanced,totems,3,4,108,4,6,23.600000,"[17.0, 4.0, 36.0, 23.0, 38.0]"
var_balanced,totems,3,4,109,1,6,34.400000,"[32.0, 46.0, 15.0, 33.0, 46.0]"
var_balanced,totems,3,4,110,6,6,23.600000,"[8.0, 36.0, 20.0, 34.0, 20.0]"
var_balanced,totems,3,4,111,3,6,26.800000,"[18.0, 33.0, 20.0, 31.0, 32.0]"
var_balanced,totems,3,4,112,4,6,21.200000,"[18.0, 20.0, 32.0, 18.0, 18.0]"
var_balanced,totems,3,4,113,3,6,10.400000,"[16.0, 10.0, 8.0, 14.0, 4.0]"
var_balanced,totems,3,4,114,1,6,21.800000,"[4.0, 19.0, 18.0, 35.0, 33.0]"
var_balanced,totems,3,4,115,2,6,10.000000,"[8.0, 14.0, 10.0, 12.0, 6.0]"
var_balanced,totems,3,4,116,2,6,22.400000,"[36.0, 21.0, 21.0, 2.0, 32.0]"
var_balanced,totems,3,4,117,1,6,23.000000,"[33.0, 22.0, 31.0, 21.0, 8.0]"
var_balanced,totems,3,4,118,2,6,34.400000,"[33.0, 46.0, 16.0, 46.0, 31.0]"
var_balanced,totems,3,4,119,1,6,23.600000,"[23.0, 38.0, 21.0, 19.0, 17.0]"
var_balanced,totems,3,4,120,2,6,21.000000,"[25.0, 15.0, 25.0, 17.0, 23.0]"
var_balanced,totems,3,4,121,1,6,9.200000,"[6.0, 12.0, 10.0, 12.0, 6.0]"
var_balanced,totems,3,4,122,5,6,15.200000,"[10.0, 20.0, 18.0, 8.0, 20.0]"
var_balanced,totems,3,4,123,3,6,27.000000,"[34.0, 15.0, 35.0, 33.0, 18.0]"
var_balanced,totems,3,4,124,6,6,15.200000,"[10.0, 6.0, 24.0, 20.0, 16.0]"
var_balanced,totems,3,5,0,2,6,17.600000,"[26.0, 8.0, 12.0, 18.0, 24.0]"
var_balanced,totems,3,5,1,3,6,35.800000,"[31.0, 48.0, 49.0, 34.0, 17.0]"
var_balanced,totems,3,5,2,3,6,11.600000,"[12.0, 14.0, 12.0, 8.0, 12.0]"
var_balanced,totems,3,5,3,3,6,18.200000,"[19.0, 14.0, 8.0, 27.0, 23.0]"
var_balanced,totems,3,5,4,6,6,35.200000,"[31.0, 48.0, 33.0, 46.0, 18.0]"
var_balanced,totems,3,5,5,3,6,31.000000,"[35.0, 4.0, 34.0, 32.0, 50.0]"
var_balanced,totems,3,5,6,2,6,18.600000,"[12.0, 10.0, 22.0, 25.0, 24.0]"
var_balanced,totems,3,5,7,6,6,25.200000,"[23.0, 37.0, 21.0, 22.0, 23.0]"
var_balanced,totems,3,5,8,1,6,35.200000,"[32.0, 34.0, 33.0, 46.0, 31.0]"
var_balanced,totems,3,5,9,6,6,30.600000,"[34.0, 35.0, 17.0, 19.0, 48.0]"
var_balanced,totems,3,5,10,3,6,35.200000,"[32.0, 48.0, 30.0, 20.0, 46.0]"
var_balanced,totems,3,5,11,6,6,30.200000,"[33.0, 20.0, 33.0, 33.0, 32.0]"
var_balanced,totems,3,5,12,4,6,35.800000,"[35.0, 31.0, 32.0, 35.0, 46.0]"
var_balanced,totems,3,5,13,6,6,30.400000,"[2.0, 35.0, 20.0, 48.0, 47.0]"
var_balanced,totems,3,5,14,4,6,24.200000,"[8.0, 33.0, 39.0, 23.0, 18.0]"
var_balanced,totems,3,5,15,3,6,36.000000,"[17.0, 30.0, 48.0, 50.0, 35.0]"
var_balanced,totems,3,5,16,5,6,18.200000,"[23.0, 10.0, 27.0, 27.0, 4.0]"
var_balanced,totems,3,5,17,4,6,24.000000,"[18.0, 24.0, 33.0, 23.0, 22.0]"
var_balanced,totems,3,5,18,5,6,22.800000,"[22.0, 26.0, 21.0, 23.0, 22.0]"
var_balanced,totems,3,5,19,4,6,25.000000,"[22.0, 37.0, 23.0, 22.0, 21.0]"
var_balanced,totems,3,5,20,5,6,18.200000,"[10.0, 27.0, 6.0, 21.0, 27.0]"
var_balanced,totems,3,5,21,2,6,29.000000,"[24.0, 36.0, 32.0, 17.0, 36.0]"
var_balanced,totems,3,5,22,3,6,31.000000,"[21.0, 34.0, 18.0, 35.0, 47.0]"
var_balanced,totems,3,5,23,2,6,29.000000,"[18.0, 20.0, 32.0, 37.0, 38.0]"
var_balanced,totems,3,5,24,5,6,17.800000,"[27.0, 12.0, 8.0, 24.0, 18.0]"
var_balanced,totems,3,5,25,1,6,18.600000,"[12.0, 25.0, 6.0, 24.0, 26.0]"
var_balanced,totems,3,5,26,1,6,24.800000,"[32.0, 23.0, 21.0, 23.0, 25.0]"
var_balanced,totems,3,5,27,4,6,18.800000,"[21.0, 27.0, 6.0, 14.0, 26.0]"
var_balanced,totems,3,5,28,6,6,18.800000,"[24.0, 8.0, 23.0, 14.0, 25.0]"
var_balanced,totems,3,5,29,5,6,24.400000,"[19.0, 19.0, 37.0, 24.0, 23.0]"
var_balanced,totems,3,5,30,4,6,35.200000,"[34.0, 46.0, 48.0, 15.0, 33.0]"
var_balanced,totems,3,5,31,6,6,30.400000,"[33.0, 20.0, 33.0, 47.0, 19.0]"
var_balanced,totems,3,5,32,2,6,30.800000,"[35.0, 48.0, 50.0, 17.0, 4.0]"
var_balanced,totems,3,5,33,6,6,29.400000,"[37.0, 35.0, 15.0, 21.0, 39.0]"
var_balanced,totems,3,5,34,2,6,12.400000,"[12.0, 14.0, 14.0, 16.0, 6.0]"
var_balanced,totems,3,5,35,2,6,18.600000,"[22.0, 28.0, 14.0, 23.0, 6.0]"
var_balanced,totems,3,5,36,4,6,24.400000,"[8.0, 39.0, 23.0, 20.0, 32.0]"
var_balanced,totems,3,5,37,4,6,17.800000,"[2.0, 6.0, 28.0, 27.0, 26.0]"
var_balanced,totems,3,5,38,2,6,18.000000,"[28.0, 17.0, 10.0, 14.0, 21.0]"
var_balanced,totems,3,5,39,3,6,35.200000,"[47.0, 48.0, 17.0, 46.0, 18.0]"
var_balanced,totems,3,5,40,2,6,11.600000,"[12.0, 4.0, 10.0, 18.0, 14.0]"
var_balanced,totems,3,5,41,5,6,24.200000,"[38.0, 17.0, 23.0, 20.0, 23.0]"
var_balanced,totems,3,5,42,3,6,18.600000,"[24.0, 19.0, 12.0, 12.0, 26.0]"
var_balanced,totems,3,5,43,1,6,35.600000,"[31.0, 33.0, 48.0, 49.0, 17.0]"
var_balanced,totems,3,5,44,4,6,24.200000,"[4.0, 37.0, 24.0, 19.0, 37.0]"
var_balanced,totems,3,5,45,1,6,25.200000,"[25.0, 37.0, 20.0, 38.0, 6.0]"
var_balanced,totems,3,5,46,5,6,24.400000,"[25.0, 21.0, 35.0, 19.0, 22.0]"
var_balanced,totems,3,5,47,4,6,18.600000,"[28.0, 12.0, 4.0, 25.0, 24.0]"
var_balanced,totems,3,5,48,1,6,12.400000,"[12.0, 14.0, 12.0, 14.0, 10.0]"
var_balanced,totems,3,5,49,1,6,18.800000,"[10.0, 8.0, 28.0, 25.0, 23.0]"
var_balanced,totems,3,5,50,1,6,31.000000,"[36.0, 19.0, 17.0, 35.0, 48.0]"
var_balanced,totems,3,5,51,4,6,22.800000,"[24.0, 26.0, 22.0, 25.0, 17.0]"
var_balanced,totems,3,5,52,1,6,23.400000,"[19.0, 27.0, 25.0, 29.0, 17.0]"
var_balanced,totems,3,5,53,3,6,29.800000,"[32.0, 23.0, 37.0, 34.0, 23.0]"
var_balanced,totems,3,5,54,4,6,30.000000,"[38.0, 25.0, 36.0, 17.0, 34.0]"
var_balanced,totems,3,5,55,3,6,35.400000,"[17.0, 33.0, 46.0, 33.0, 48.0]"
var_balanced,totems,3,5,56,6,6,23.800000,"[19.0, 22.0, 34.0, 24.0, 20.0]"
var_balanced,totems,3,5,57,1,6,30.600000,"[33.0, 34.0, 20.0, 35.0, 31.0]"
var_balanced,totems,3,5,58,1,6,30.000000,"[25.0, 19.0, 34.0, 32.0, 40.0]"
var_balanced,totems,3,5,59,5,6,29.200000,"[21.0, 20.0, 31.0, 38.0, 36.0]"
var_balanced,totems,3,5,60,4,6,12.400000,"[6.0, 16.0, 14.0, 16.0, 10.0]"
var_balanced,totems,3,5,61,5,6,24.400000,"[32.0, 8.0, 37.0, 39.0, 6.0]"
var_balanced,totems,3,5,62,4,6,24.400000,"[23.0, 19.0, 34.0, 23.0, 23.0]"
var_balanced,totems,3,5,63,6,6,30.400000,"[49.0, 19.0, 34.0, 31.0, 19.0]"
var_balanced,totems,3,5,64,3,6,24.200000,"[23.0, 20.0, 36.0, 8.0, 34.0]"
var_balanced,totems,3,5,65,1,6,25.200000,"[22.0, 25.0, 23.0, 22.0, 34.0]"
var_balanced,totems,3,5,66,6,6,29.800000,"[34.0, 32.0, 34.0, 31.0, 18.0]"
var_balanced,totems,3,5,67,5,6,31.200000,"[32.0, 21.0, 34.0, 19.0, 50.0]"
var_balanced,totems,3,5,68,6,6,19.000000,"[27.0, 8.0, 10.0, 21.0, 29.0]"
var_balanced,totems,3,5,69,2,6,19.000000,"[25.0, 8.0, 25.0, 27.0, 10.0]"
var_balanced,totems,3,5,70,5,6,23.800000,"[36.0, 24.0, 19.0, 22.0, 18.0]"
var_balanced,totems,3,5,71,3,6,30.000000,"[6.0, 32.0, 18.0, 47.0, 47.0]"
var_balanced,totems,3,5,72,3,6,30.600000,"[34.0, 48.0, 20.0, 32.0, 19.0]"
var_balanced,totems,3,5,73,4,6,25.000000,"[22.0, 24.0, 35.0, 36.0, 8.0]"
var_balanced,totems,3,5,74,1,6,29.200000,"[37.0, 33.0, 22.0, 33.0, 21.0]"
var_balanced,totems,3,5,75,1,6,19.000000,"[29.0, 14.0, 23.0, 23.0, 6.0]"
var_balanced,totems,3,5,76,6,6,29.400000,"[35.0, 22.0, 34.0, 20.0, 36.0]"
var_balanced,totems,3,5,77,3,6,30.000000,"[6.0, 31.0, 48.0, 18.0, 47.0]"
var_balanced,totems,3,5,78,4,6,18.600000,"[24.0, 14.0, 8.0, 27.0, 20.0]"
var_balanced,totems,3,5,79,4,6,24.800000,"[22.0, 20.0, 23.0, 36.0, 23.0]"
var_balanced,totems,3,5,80,6,6,30.200000,"[4.0, 47.0, 33.0, 34.0, 33.0]"
var_balanced,totems,3,5,81,2,6,24.000000,"[6.0, 23.0, 32.0, 22.0, 37.0]"
var_balanced,totems,3,5,82,2,6,24.000000,"[23.0, 36.0, 17.0, 20.0, 24.0]"
var_balanced,totems,3,5,83,1,6,36.000000,"[34.0, 16.0, 50.0, 33.0, 47.0]"
var_balanced,totems,3,5,84,5,6,29.400000,"[21.0, 32.0, 35.0, 39.0, 20.0]"
var_balanced,totems,3,5,85,2,6,17.600000,"[8.0, 24.0, 10.0, 20.0, 26.0]"
var_balanced,totems,3,5,86,5,6,17.800000,"[21.0, 8.0, 8.0, 24.0, 28.0]"
var_balanced,totems,3,5,87,2,6,17.800000,"[12.0, 20.0, 12.0, 23.0, 22.0]"
var_balanced,totems,3,5,88,6,6,17.600000,"[20.0, 28.0, 10.0, 6.0, 24.0]"
var_balanced,totems,3,5,89,2,6,12.400000,"[16.0, 12.0, 6.0, 14.0, 14.0]"
var_balanced,totems,3,5,90,4,6,18.200000,"[27.0, 25.0, 23.0, 8.0, 8.0]"
var_balanced,totems,3,5,91,4,6,24.000000,"[23.0, 18.0, 37.0, 24.0, 18.0]"
var_balanced,totems,3,5,92,3,6,30.800000,"[35.0, 32.0, 20.0, 48.0, 19.0]"
var_balanced,totems,3,5,93,6,6,24.200000,"[19.0, 39.0, 20.0, 18.0, 25.0]"
var_balanced,totems,3,5,94,3,6,24.800000,"[38.0, 10.0, 20.0, 20.0, 36.0]"
var_balanced,totems,3,5,95,3,6,30.800000,"[34.0, 35.0, 31.0, 33.0, 21.0]"
var_balanced,totems,3,5,96,1,6,31.000000,"[34.0, 34.0, 33.0, 35.0, 19.0]"
var_balanced,totems,3,5,97,6,6,24.200000,"[6.0, 21.0, 35.0, 20.0, 39.0]"
var_balanced,totems,3,5,98,1,6,35.600000,"[33.0, 48.0, 33.0, 33.0, 31.0]"
var_balanced,totems,3,5,99,4,6,17.600000,"[24.0, 10.0, 8.0, 26.0, 20.0]"
var_balanced,totems,3,5,100,4,6,24.800000,"[37.0, 38.0, 24.0, 6.0, 19.0]"
var_balanced,totems,3,5,101,1,6,23.800000,"[4.0, 33.0, 24.0, 36.0, 22.0]"
var_balanced,totems,3,5,102,4,6,18.600000,"[10.0, 24.0, 12.0, 22.0, 25.0]"
var_balanced,totems,3,5,103,2,6,24.200000,"[8.0, 23.0, 33.0, 38.0, 19.0]"
var_balanced,totems,3,5,104,3,6,17.600000,"[6.0, 10.0, 22.0, 22.0, 28.0]"
var_balanced,totems,3,5,105,4,6,31.000000,"[34.0, 17.0, 35.0, 19.0, 50.0]"
var_balanced,totems,3,5,106,6,6,35.600000,"[34.0, 19.0, 49.0, 45.0, 31.0]"
var_balanced,totems,3,5,107,6,6,24.400000,"[23.0, 19.0, 20.0, 37.0, 23.0]"
var_balanced,totems,3,5,108,4,6,24.000000,"[19.0, 22.0, 24.0, 22.0, 33.0]"
var_balanced,totems,3,5,109,4,6,35.400000,"[47.0, 31.0, 35.0, 33.0, 31.0]"
var_balanced,totems,3,5,110,3,6,18.800000,"[6.0, 25.0, 14.0, 23.0, 26.0]"
var_balanced,totems,3,5,111,1,6,29.000000,"[21.0, 22.0, 32.0, 36.0, 34.0]"
var_balanced,totems,3,5,112,2,6,31.400000,"[51.0, 32.0, 19.0, 34.0, 21.0]"
var_balanced,totems,3,5,113,6,6,30.600000,"[33.0, 21.0, 19.0, 48.0, 32.0]"
var_balanced,totems,3,5,114,6,6,30.200000,"[34.0, 31.0, 20.0, 32.0, 34.0]"
var_balanced,totems,3,5,115,6,6,12.400000,"[12.0, 12.0, 16.0, 10.0, 12.0]"
var_balanced,totems,3,5,116,4,6,30.600000,"[34.0, 49.0, 18.0, 19.0, 33.0]"
var_balanced,totems,3,5,117,4,6,30.000000,"[34.0, 34.0, 33.0, 33.0, 16.0]"
var_balanced,totems,3,5,118,6,6,30.000000,"[38.0, 32.0, 23.0, 19.0, 38.0]"
var_balanced,totems,3,5,119,6,6,17.800000,"[10.0, 24.0, 12.0, 21.0, 22.0]"
var_balanced,totems,3,5,120,2,6,36.200000,"[48.0, 21.0, 30.0, 48.0, 34.0]"
var_balanced,totems,3,5,121,4,6,30.600000,"[21.0, 18.0, 33.0, 47.0, 34.0]"
var_balanced,totems,3,5,122,1,6,23.800000,"[22.0, 19.0, 24.0, 18.0, 36.0]"
var_balanced,totems,3,5,123,4,6,29.400000,"[19.0, 31.0, 24.0, 39.0, 34.0]"
var_balanced,totems,3,5,124,4,6,24.000000,"[38.0, 19.0, 22.0, 4.0, 37.0]"
